date,league,match,home,away,bet_name,prob,odds,ev,star,ev_tier,stake_factor,result,ret,pnl,status,src,veto,risk_tags,divergence_pp,placed_odds,bookmaker,verified,kickoff,data_src,snap_age_h,upset_level,data_note,scan_ts,coach_atk_mod,coach_def_mod,coach_sample_size
08/22/2026,瑞超,IK Sirius vs BK Häcken,IK Sirius,BK Häcken,让球主(-0.5),0.65,1.91,0.19168248868117432,,,,lose,0.0,-1.0,已结算,scan24h对账,1,纯数据无伤病情报;伤停>2人(主3/客5);λ过高(4.19);模型与市场分歧>20pp(模型79% vs 市场48%)->否决,,,,,2026-08-22T01:00:00+08:00,,-0.6,,,2026-08-23T17:18:33.440757+08:00,,,
08/22/2026,瑞超,IK Sirius vs BK Häcken,IK Sirius,BK Häcken,让球客(+0.5),0.3153,1.93,-0.4157,,,,win,1.93,0.9299999999999999,已结算,scan24h对账,1,纯数据无伤病情报;伤停>2人(主3/客5);λ过高(4.19);模型与市场分歧>20pp(模型79% vs 市场48%)->否决,,,,,2026-08-22T01:00:00+08:00,,-0.6,,,2026-08-23T17:18:33.440757+08:00,,,
08/22/2026,瑞超,IK Sirius vs BK Häcken,IK Sirius,BK Häcken,小2.50,0.212,1.84,-0.627,,,,lose,0.0,-1.0,已结算,scan24h对账,1,纯数据无伤病情报;伤停>2人(主3/客5);λ过高(4.19);模型与市场分歧>20pp(模型79% vs 市场48%)->否决,,,,,2026-08-22T01:00:00+08:00,,-0.6,,,2026-08-23T17:18:33.440757+08:00,,,
08/22/2026,瑞超,IK Sirius vs BK Häcken,IK Sirius,BK Häcken,大2.50,0.65,1.99,0.2365672588832486,,,,win,1.99,0.99,已结算,scan24h对账,1,纯数据无伤病情报;伤停>2人(主3/客5);λ过高(4.19);模型与市场分歧>20pp(模型79% vs 市场48%)->否决,,,,,2026-08-22T01:00:00+08:00,,-0.6,,,2026-08-23T17:18:33.440757+08:00,,,
08/22/2026,瑞超,IK Sirius vs BK Häcken,IK Sirius,BK Häcken,1X2主胜,0.6181,1.97,0.2137,,,,lose,0.0,-1.0,已结算,scan24h对账,1,纯数据无伤病情报;伤停>2人(主3/客5);λ过高(4.19);模型与市场分歧>20pp(模型79% vs 市场48%)->否决,,,,,2026-08-22T01:00:00+08:00,,-0.6,,,2026-08-23T17:18:33.440757+08:00,,,
08/22/2026,瑞超,IK Sirius vs BK Häcken,IK Sirius,BK Häcken,1X2平局,0.196,4.3,-0.1598,,,,lose,0.0,-1.0,已结算,scan24h对账,1,纯数据无伤病情报;伤停>2人(主3/客5);λ过高(4.19);模型与市场分歧>20pp(模型79% vs 市场48%)->否决,,,,,2026-08-22T01:00:00+08:00,,-0.6,,,2026-08-23T17:18:33.440757+08:00,,,
08/22/2026,瑞超,IK Sirius vs BK Häcken,IK Sirius,BK Häcken,1X2客胜,0.1858,3.8,-0.2962,,,,win,3.8,2.8,已结算,scan24h对账,1,纯数据无伤病情报;伤停>2人(主3/客5);λ过高(4.19);模型与市场分歧>20pp(模型79% vs 市场48%)->否决,,,,,2026-08-22T01:00:00+08:00,,-0.6,,,2026-08-23T17:18:33.440757+08:00,,,
08/22/2026,阿甲,Aldosivi vs Club Atlético Unión de Santa Fe,Aldosivi,Club Atlético Unión de Santa Fe,让球主(+0.2),0.65,1.94,0.21995563714242028,,,,lose,0.0,-1.0,已结算,scan24h对账,0,纯数据无伤病情报;伤停>2人(主0/客3);平局预警-强(市场去水平局>=30%),,,,,2026-08-22T01:30:00+08:00,,24.1,,,2026-08-23T17:18:33.440757+08:00,,,
08/22/2026,阿甲,Aldosivi vs Club Atlético Unión de Santa Fe,Aldosivi,Club Atlético Unión de Santa Fe,让球客(-0.2),0.3463,1.93,-0.3533,,,,win,1.93,0.9299999999999999,已结算,scan24h对账,0,纯数据无伤病情报;伤停>2人(主0/客3);平局预警-强(市场去水平局>=30%),,,,,2026-08-22T01:30:00+08:00,,24.1,,,2026-08-23T17:18:33.440757+08:00,,,
08/22/2026,阿甲,Aldosivi vs Club Atlético Unión de Santa Fe,Aldosivi,Club Atlético Unión de Santa Fe,小2.50,0.65,1.45,-0.12507211839959864,,,,lose,0.0,-1.0,已结算,scan24h对账,0,纯数据无伤病情报;伤停>2人(主0/客3);平局预警-强(市场去水平局>=30%),,,,,2026-08-22T01:30:00+08:00,,24.1,,,2026-08-23T17:18:33.440757+08:00,,,
08/22/2026,阿甲,Aldosivi vs Club Atlético Unión de Santa Fe,Aldosivi,Club Atlético Unión de Santa Fe,大2.50,0.2027,2.58,-0.5145,,,,win,2.58,1.58,已结算,scan24h对账,0,纯数据无伤病情报;伤停>2人(主0/客3);平局预警-强(市场去水平局>=30%),,,,,2026-08-22T01:30:00+08:00,,24.1,,,2026-08-23T17:18:33.440757+08:00,,,
08/22/2026,阿甲,Aldosivi vs Club Atlético Unión de Santa Fe,Aldosivi,Club Atlético Unión de Santa Fe,1X2主胜,0.2932,3.42,-0.0683,,,,lose,0.0,-1.0,已结算,scan24h对账,0,纯数据无伤病情报;伤停>2人(主0/客3);平局预警-强(市场去水平局>=30%),,,,,2026-08-22T01:30:00+08:00,,24.1,,,2026-08-23T17:18:33.440757+08:00,,,
08/22/2026,阿甲,Aldosivi vs Club Atlético Unión de Santa Fe,Aldosivi,Club Atlético Unión de Santa Fe,1X2平局,0.3628,2.93,-0.0122,,,,lose,0.0,-1.0,已结算,scan24h对账,0,纯数据无伤病情报;伤停>2人(主0/客3);平局预警-强(市场去水平局>=30%),,,,,2026-08-22T01:30:00+08:00,,24.1,,,2026-08-23T17:18:33.440757+08:00,,,
08/22/2026,阿甲,Aldosivi vs Club Atlético Unión de Santa Fe,Aldosivi,Club Atlético Unión de Santa Fe,1X2客胜,0.344,2.26,-0.2775,,,,win,2.26,1.2599999999999998,已结算,scan24h对账,0,纯数据无伤病情报;伤停>2人(主0/客3);平局预警-强(市场去水平局>=30%),,,,,2026-08-22T01:30:00+08:00,,24.1,,,2026-08-23T17:18:33.440757+08:00,,,
08/22/2026,丹超,FC Petrolul Ploiești vs FC Rapid București,FC Petrolul Ploiești,FC Rapid București,让球主(+0.2),0.6293,2.0,0.2096,,,,lose,0.0,-1.0,已结算,scan24h对账,1,纯数据无伤病情报;平局预警(市场去水平局>=26%);盘口过期(距开赛24h>阈值12h)->否决,,,,,2026-08-22T01:30:00+08:00,,24.1,,,2026-08-23T17:18:33.440757+08:00,,,
08/22/2026,丹超,FC Petrolul Ploiești vs FC Rapid București,FC Petrolul Ploiești,FC Rapid București,让球客(-0.2),0.3707,1.85,-0.3409,,,,win,1.85,0.8500000000000001,已结算,scan24h对账,1,纯数据无伤病情报;平局预警(市场去水平局>=26%);盘口过期(距开赛24h>阈值12h)->否决,,,,,2026-08-22T01:30:00+08:00,,24.1,,,2026-08-23T17:18:33.440757+08:00,,,
08/22/2026,丹超,FC Petrolul Ploiești vs FC Rapid București,FC Petrolul Ploiești,FC Rapid București,小2.50,0.6197,1.65,-0.0493,,,,win,1.65,0.6499999999999999,已结算,scan24h对账,1,纯数据无伤病情报;平局预警(市场去水平局>=26%);盘口过期(距开赛24h>阈值12h)->否决,,,,,2026-08-22T01:30:00+08:00,,24.1,,,2026-08-23T17:18:33.440757+08:00,,,
08/22/2026,丹超,FC Petrolul Ploiești vs FC Rapid București,FC Petrolul Ploiești,FC Rapid București,大2.50,0.3803,2.13,-0.2469,,,,lose,0.0,-1.0,已结算,scan24h对账,1,纯数据无伤病情报;平局预警(市场去水平局>=26%);盘口过期(距开赛24h>阈值12h)->否决,,,,,2026-08-22T01:30:00+08:00,,24.1,,,2026-08-23T17:18:33.440757+08:00,,,
08/22/2026,丹超,FC Petrolul Ploiești vs FC Rapid București,FC Petrolul Ploiești,FC Rapid București,1X2主胜,0.3391,3.37,0.0495,,,,lose,0.0,-1.0,已结算,scan24h对账,1,纯数据无伤病情报;平局预警(市场去水平局>=26%);盘口过期(距开赛24h>阈值12h)->否决,,,,,2026-08-22T01:30:00+08:00,,24.1,,,2026-08-23T17:18:33.440757+08:00,,,
08/22/2026,丹超,FC Petrolul Ploiești vs FC Rapid București,FC Petrolul Ploiești,FC Rapid București,1X2平局,0.2902,3.19,-0.1495,,,,lose,0.0,-1.0,已结算,scan24h对账,1,纯数据无伤病情报;平局预警(市场去水平局>=26%);盘口过期(距开赛24h>阈值12h)->否决,,,,,2026-08-22T01:30:00+08:00,,24.1,,,2026-08-23T17:18:33.440757+08:00,,,
08/22/2026,丹超,FC Petrolul Ploiești vs FC Rapid București,FC Petrolul Ploiești,FC Rapid București,1X2客胜,0.3707,2.09,-0.2884,,,,win,2.09,1.0899999999999999,已结算,scan24h对账,1,纯数据无伤病情报;平局预警(市场去水平局>=26%);盘口过期(距开赛24h>阈值12h)->否决,,,,,2026-08-22T01:30:00+08:00,,24.1,,,2026-08-23T17:18:33.440757+08:00,,,
08/22/2026,法乙,USL Dunkerque vs Montpellier,USL Dunkerque,Montpellier,让球主(+0.0),0.3789,1.82,-0.3461,,,,lose,0.0,-1.0,已结算,scan24h对账,1,纯数据无伤病情报;平局预警(市场去水平局>=26%);模型与市场分歧>20pp(模型83% vs 市场45%)->否决,,,,,2026-08-22T02:00:00+08:00,,0.4,,,2026-08-23T17:18:33.440757+08:00,,,
08/22/2026,法乙,USL Dunkerque vs Montpellier,USL Dunkerque,Montpellier,让球客(-0.0),0.6211,1.98,0.1663,,,,win,1.98,0.98,已结算,scan24h对账,1,纯数据无伤病情报;平局预警(市场去水平局>=26%);模型与市场分歧>20pp(模型83% vs 市场45%)->否决,,,,,2026-08-22T02:00:00+08:00,,0.4,,,2026-08-23T17:18:33.440757+08:00,,,
08/22/2026,法乙,USL Dunkerque vs Montpellier,USL Dunkerque,Montpellier,小2.50,0.65,2.22,0.4342988172821627,,,,win,2.22,1.2200000000000002,已结算,scan24h对账,1,纯数据无伤病情报;平局预警(市场去水平局>=26%);模型与市场分歧>20pp(模型83% vs 市场45%)->否决,,,,,2026-08-22T02:00:00+08:00,,0.4,,,2026-08-23T17:18:33.440757+08:00,,,
08/22/2026,法乙,USL Dunkerque vs Montpellier,USL Dunkerque,Montpellier,大2.50,0.1714,1.8,-0.6933,,,,lose,0.0,-1.0,已结算,scan24h对账,1,纯数据无伤病情报;平局预警(市场去水平局>=26%);模型与市场分歧>20pp(模型83% vs 市场45%)->否决,,,,,2026-08-22T02:00:00+08:00,,0.4,,,2026-08-23T17:18:33.440757+08:00,,,
08/22/2026,法乙,USL Dunkerque vs Montpellier,USL Dunkerque,Montpellier,1X2主胜,0.2152,2.3,-0.5072,,,,lose,0.0,-1.0,已结算,scan24h对账,1,纯数据无伤病情报;平局预警(市场去水平局>=26%);模型与市场分歧>20pp(模型83% vs 市场45%)->否决,,,,,2026-08-22T02:00:00+08:00,,0.4,,,2026-08-23T17:18:33.440757+08:00,,,
08/22/2026,法乙,USL Dunkerque vs Montpellier,USL Dunkerque,Montpellier,1X2平局,0.3702,3.75,0.382,,,,lose,0.0,-1.0,已结算,scan24h对账,1,纯数据无伤病情报;平局预警(市场去水平局>=26%);模型与市场分歧>20pp(模型83% vs 市场45%)->否决,,,,,2026-08-22T02:00:00+08:00,,0.4,,,2026-08-23T17:18:33.440757+08:00,,,
08/22/2026,法乙,USL Dunkerque vs Montpellier,USL Dunkerque,Montpellier,1X2客胜,0.4146,3.3,0.362,,,,win,3.3,2.3,已结算,scan24h对账,1,纯数据无伤病情报;平局预警(市场去水平局>=26%);模型与市场分歧>20pp(模型83% vs 市场45%)->否决,,,,,2026-08-22T02:00:00+08:00,,0.4,,,2026-08-23T17:18:33.440757+08:00,,,
08/22/2026,法乙,US Boulogne Côte-d'Opale vs Red Star FC,US Boulogne Côte-d'Opale,Red Star FC,让球主(+0.2),0.523,1.85,-0.068,,,,half,1.425,0.42500000000000004,已结算,scan24h对账,0,纯数据无伤病情报;平局预警-强(市场去水平局>=30%),,,,,2026-08-22T02:00:00+08:00,,24.6,,,2026-08-23T17:18:33.440757+08:00,,,
08/22/2026,法乙,US Boulogne Côte-d'Opale vs Red Star FC,US Boulogne Côte-d'Opale,Red Star FC,让球客(-0.2),0.477,2.01,-0.0763,,,,lose,0.0,-1.0,已结算,scan24h对账,0,纯数据无伤病情报;平局预警-强(市场去水平局>=30%),,,,,2026-08-22T02:00:00+08:00,,24.6,,,2026-08-23T17:18:33.440757+08:00,,,
08/22/2026,法乙,US Boulogne Côte-d'Opale vs Red Star FC,US Boulogne Côte-d'Opale,Red Star FC,小2.50,0.5986,1.63,-0.0917,,,,win,1.63,0.6299999999999999,已结算,scan24h对账,0,纯数据无伤病情报;平局预警-强(市场去水平局>=30%),,,,,2026-08-22T02:00:00+08:00,,24.6,,,2026-08-23T17:18:33.440757+08:00,,,
08/22/2026,法乙,US Boulogne Côte-d'Opale vs Red Star FC,US Boulogne Côte-d'Opale,Red Star FC,大2.50,0.4014,2.17,-0.1893,,,,lose,0.0,-1.0,已结算,scan24h对账,0,纯数据无伤病情报;平局预警-强(市场去水平局>=30%),,,,,2026-08-22T02:00:00+08:00,,24.6,,,2026-08-23T17:18:33.440757+08:00,,,
08/22/2026,法乙,US Boulogne Côte-d'Opale vs Red Star FC,US Boulogne Côte-d'Opale,Red Star FC,1X2主胜,0.2574,3.12,-0.2578,,,,lose,0.0,-1.0,已结算,scan24h对账,0,纯数据无伤病情报;平局预警-强(市场去水平局>=30%),,,,,2026-08-22T02:00:00+08:00,,24.6,,,2026-08-23T17:18:33.440757+08:00,,,
08/22/2026,法乙,US Boulogne Côte-d'Opale vs Red Star FC,US Boulogne Côte-d'Opale,Red Star FC,1X2平局,0.2953,3.06,-0.165,,,,win,3.06,2.06,已结算,scan24h对账,0,纯数据无伤病情报;平局预警-强(市场去水平局>=30%),,,,,2026-08-22T02:00:00+08:00,,24.6,,,2026-08-23T17:18:33.440757+08:00,,,
08/22/2026,法乙,US Boulogne Côte-d'Opale vs Red Star FC,US Boulogne Côte-d'Opale,Red Star FC,1X2客胜,0.4473,2.3,-0.0492,,,,lose,0.0,-1.0,已结算,scan24h对账,0,纯数据无伤病情报;平局预警-强(市场去水平局>=30%),,,,,2026-08-22T02:00:00+08:00,,24.6,,,2026-08-23T17:18:33.440757+08:00,,,
08/22/2026,法乙,Sochaux vs Guingamp,Sochaux,Guingamp,让球主(+0.2),0.65,1.79,0.11936842105263157,,,,win,1.79,0.79,已结算,scan24h对账,1,纯数据无伤病情报;平局预警(市场去水平局>=26%);模型与市场分歧>20pp(模型76% vs 市场54%)->否决,,,,,2026-08-22T02:00:00+08:00,,0.4,,,2026-08-23T17:18:33.440757+08:00,,,
08/22/2026,法乙,Sochaux vs Guingamp,Sochaux,Guingamp,让球客(-0.2),0.24,2.08,-0.5198,,,,lose,0.0,-1.0,已结算,scan24h对账,1,纯数据无伤病情报;平局预警(市场去水平局>=26%);模型与市场分歧>20pp(模型76% vs 市场54%)->否决,,,,,2026-08-22T02:00:00+08:00,,0.4,,,2026-08-23T17:18:33.440757+08:00,,,
08/22/2026,法乙,Sochaux vs Guingamp,Sochaux,Guingamp,小2.50,0.5026,1.8,-0.1639,,,,win,1.8,0.8,已结算,scan24h对账,1,纯数据无伤病情报;平局预警(市场去水平局>=26%);模型与市场分歧>20pp(模型76% vs 市场54%)->否决,,,,,2026-08-22T02:00:00+08:00,,0.4,,,2026-08-23T17:18:33.440757+08:00,,,
08/22/2026,法乙,Sochaux vs Guingamp,Sochaux,Guingamp,大2.50,0.4974,1.9,-0.1264,,,,lose,0.0,-1.0,已结算,scan24h对账,1,纯数据无伤病情报;平局预警(市场去水平局>=26%);模型与市场分歧>20pp(模型76% vs 市场54%)->否决,,,,,2026-08-22T02:00:00+08:00,,0.4,,,2026-08-23T17:18:33.440757+08:00,,,
08/22/2026,法乙,Sochaux vs Guingamp,Sochaux,Guingamp,1X2主胜,0.4676,2.88,0.3348,,,,win,2.88,1.88,已结算,scan24h对账,1,纯数据无伤病情报;平局预警(市场去水平局>=26%);模型与市场分歧>20pp(模型76% vs 市场54%)->否决,,,,,2026-08-22T02:00:00+08:00,,0.4,,,2026-08-23T17:18:33.440757+08:00,,,
08/22/2026,法乙,Sochaux vs Guingamp,Sochaux,Guingamp,1X2平局,0.2736,3.4,-0.0781,,,,lose,0.0,-1.0,已结算,scan24h对账,1,纯数据无伤病情报;平局预警(市场去水平局>=26%);模型与市场分歧>20pp(模型76% vs 市场54%)->否决,,,,,2026-08-22T02:00:00+08:00,,0.4,,,2026-08-23T17:18:33.440757+08:00,,,
08/22/2026,法乙,Sochaux vs Guingamp,Sochaux,Guingamp,1X2客胜,0.2588,2.72,-0.3024,,,,lose,0.0,-1.0,已结算,scan24h对账,1,纯数据无伤病情报;平局预警(市场去水平局>=26%);模型与市场分歧>20pp(模型76% vs 市场54%)->否决,,,,,2026-08-22T02:00:00+08:00,,0.4,,,2026-08-23T17:18:33.440757+08:00,,,
08/22/2026,法乙,Pau FC vs Nancy,Pau FC,Nancy,让球主(-0.2),0.2173,1.93,-0.5952,,,,lose,0.0,-1.0,已结算,scan24h对账,1,纯数据无伤病情报;平局预警-强(市场去水平局>=30%);模型与市场分歧>20pp(模型78% vs 市场50%)->否决,,,,,2026-08-22T02:00:00+08:00,,0.4,,,2026-08-23T17:18:33.440757+08:00,,,
08/22/2026,法乙,Pau FC vs Nancy,Pau FC,Nancy,让球客(+0.2),0.65,1.93,0.2105596013798392,,,,win,1.93,0.9299999999999999,已结算,scan24h对账,1,纯数据无伤病情报;平局预警-强(市场去水平局>=30%);模型与市场分歧>20pp(模型78% vs 市场50%)->否决,,,,,2026-08-22T02:00:00+08:00,,0.4,,,2026-08-23T17:18:33.440757+08:00,,,
08/22/2026,法乙,Pau FC vs Nancy,Pau FC,Nancy,小2.50,0.4674,1.82,-0.1598,,,,win,1.82,0.8200000000000001,已结算,scan24h对账,1,纯数据无伤病情报;平局预警-强(市场去水平局>=30%);模型与市场分歧>20pp(模型78% vs 市场50%)->否决,,,,,2026-08-22T02:00:00+08:00,,0.4,,,2026-08-23T17:18:33.440757+08:00,,,
08/22/2026,法乙,Pau FC vs Nancy,Pau FC,Nancy,大2.50,0.5326,2.16,0.1364,,,,lose,0.0,-1.0,已结算,scan24h对账,1,纯数据无伤病情报;平局预警-强(市场去水平局>=30%);模型与市场分歧>20pp(模型78% vs 市场50%)->否决,,,,,2026-08-22T02:00:00+08:00,,0.4,,,2026-08-23T17:18:33.440757+08:00,,,
08/22/2026,法乙,Pau FC vs Nancy,Pau FC,Nancy,1X2主胜,0.2402,2.72,-0.3508,,,,lose,0.0,-1.0,已结算,scan24h对账,1,纯数据无伤病情报;平局预警-强(市场去水平局>=30%);模型与市场分歧>20pp(模型78% vs 市场50%)->否决,,,,,2026-08-22T02:00:00+08:00,,0.4,,,2026-08-23T17:18:33.440757+08:00,,,
08/22/2026,法乙,Pau FC vs Nancy,Pau FC,Nancy,1X2平局,0.2625,3.3,-0.1393,,,,lose,0.0,-1.0,已结算,scan24h对账,1,纯数据无伤病情报;平局预警-强(市场去水平局>=30%);模型与市场分歧>20pp(模型78% vs 市场50%)->否决,,,,,2026-08-22T02:00:00+08:00,,0.4,,,2026-08-23T17:18:33.440757+08:00,,,
08/22/2026,法乙,Pau FC vs Nancy,Pau FC,Nancy,1X2客胜,0.4974,2.98,0.4729,,,,win,2.98,1.98,已结算,scan24h对账,1,纯数据无伤病情报;平局预警-强(市场去水平局>=30%);模型与市场分歧>20pp(模型78% vs 市场50%)->否决,,,,,2026-08-22T02:00:00+08:00,,0.4,,,2026-08-23T17:18:33.440757+08:00,,,
08/22/2026,法乙,Clermont Foot vs Dijon,Clermont Foot,Dijon,让球主(+0.0),0.4961,1.9,-0.1045,,,,push,1.0,0.0,已结算,scan24h对账,0,纯数据无伤病情报;平局预警(市场去水平局>=26%),,,,,2026-08-22T02:00:00+08:00,,24.6,,,2026-08-23T17:18:33.440757+08:00,,,
08/22/2026,法乙,Clermont Foot vs Dijon,Clermont Foot,Dijon,让球客(-0.0),0.5039,1.9,-0.0905,,,,push,1.0,0.0,已结算,scan24h对账,0,纯数据无伤病情报;平局预警(市场去水平局>=26%),,,,,2026-08-22T02:00:00+08:00,,24.6,,,2026-08-23T17:18:33.440757+08:00,,,
08/22/2026,法乙,Clermont Foot vs Dijon,Clermont Foot,Dijon,小2.50,0.5057,1.72,-0.1901,,,,win,1.72,0.72,已结算,scan24h对账,0,纯数据无伤病情报;平局预警(市场去水平局>=26%),,,,,2026-08-22T02:00:00+08:00,,24.6,,,2026-08-23T17:18:33.440757+08:00,,,
08/22/2026,法乙,Clermont Foot vs Dijon,Clermont Foot,Dijon,大2.50,0.4943,2.03,-0.0658,,,,lose,0.0,-1.0,已结算,scan24h对账,0,纯数据无伤病情报;平局预警(市场去水平局>=26%),,,,,2026-08-22T02:00:00+08:00,,24.6,,,2026-08-23T17:18:33.440757+08:00,,,
08/22/2026,法乙,Clermont Foot vs Dijon,Clermont Foot,Dijon,1X2主胜,0.3556,2.51,-0.1742,,,,lose,0.0,-1.0,已结算,scan24h对账,0,纯数据无伤病情报;平局预警(市场去水平局>=26%),,,,,2026-08-22T02:00:00+08:00,,24.6,,,2026-08-23T17:18:33.440757+08:00,,,
08/22/2026,法乙,Clermont Foot vs Dijon,Clermont Foot,Dijon,1X2平局,0.2828,3.31,-0.134,,,,win,3.31,2.31,已结算,scan24h对账,0,纯数据无伤病情报;平局预警(市场去水平局>=26%),,,,,2026-08-22T02:00:00+08:00,,24.6,,,2026-08-23T17:18:33.440757+08:00,,,
08/22/2026,法乙,Clermont Foot vs Dijon,Clermont Foot,Dijon,1X2客胜,0.3617,2.63,-0.1199,,,,lose,0.0,-1.0,已结算,scan24h对账,0,纯数据无伤病情报;平局预警(市场去水平局>=26%),,,,,2026-08-22T02:00:00+08:00,,24.6,,,2026-08-23T17:18:33.440757+08:00,,,
08/22/2026,土超,Erzurumspor FK vs Galatasaray,Erzurumspor FK,Galatasaray,让球主(+1.2),0.65,1.94,0.22317515963440604,,,,lose,0.0,-1.0,已结算,scan24h对账,1,纯数据无伤病情报;伤停>2人(主0/客4);盘口过期(距开赛25h>阈值12h)->否决,,,,,2026-08-22T02:30:00+08:00,,25.0,,,2026-08-23T17:18:33.440757+08:00,,,
08/22/2026,土超,Erzurumspor FK vs Galatasaray,Erzurumspor FK,Galatasaray,让球客(-1.2),0.2013,1.94,-0.6212,,,,win,1.94,0.94,已结算,scan24h对账,1,纯数据无伤病情报;伤停>2人(主0/客4);盘口过期(距开赛25h>阈值12h)->否决,,,,,2026-08-22T02:30:00+08:00,,25.0,,,2026-08-23T17:18:33.440757+08:00,,,
08/22/2026,土超,Erzurumspor FK vs Galatasaray,Erzurumspor FK,Galatasaray,小2.50,0.4557,2.05,-0.1262,,,,lose,0.0,-1.0,已结算,scan24h对账,1,纯数据无伤病情报;伤停>2人(主0/客4);盘口过期(距开赛25h>阈值12h)->否决,,,,,2026-08-22T02:30:00+08:00,,25.0,,,2026-08-23T17:18:33.440757+08:00,,,
08/22/2026,土超,Erzurumspor FK vs Galatasaray,Erzurumspor FK,Galatasaray,大2.50,0.5443,1.72,-0.1244,,,,win,1.72,0.72,已结算,scan24h对账,1,纯数据无伤病情报;伤停>2人(主0/客4);盘口过期(距开赛25h>阈值12h)->否决,,,,,2026-08-22T02:30:00+08:00,,25.0,,,2026-08-23T17:18:33.440757+08:00,,,
08/22/2026,土超,Erzurumspor FK vs Galatasaray,Erzurumspor FK,Galatasaray,1X2主胜,0.3354,7.5,1.3401,,,,lose,0.0,-1.0,已结算,scan24h对账,1,纯数据无伤病情报;伤停>2人(主0/客4);盘口过期(距开赛25h>阈值12h)->否决,,,,,2026-08-22T02:30:00+08:00,,25.0,,,2026-08-23T17:18:33.440757+08:00,,,
08/22/2026,土超,Erzurumspor FK vs Galatasaray,Erzurumspor FK,Galatasaray,1X2平局,0.2725,4.4,0.1156,,,,lose,0.0,-1.0,已结算,scan24h对账,1,纯数据无伤病情报;伤停>2人(主0/客4);盘口过期(距开赛25h>阈值12h)->否决,,,,,2026-08-22T02:30:00+08:00,,25.0,,,2026-08-23T17:18:33.440757+08:00,,,
08/22/2026,土超,Erzurumspor FK vs Galatasaray,Erzurumspor FK,Galatasaray,1X2客胜,0.3921,1.4,-0.4893,,,,win,1.4,0.3999999999999999,已结算,scan24h对账,1,纯数据无伤病情报;伤停>2人(主0/客4);盘口过期(距开赛25h>阈值12h)->否决,,,,,2026-08-22T02:30:00+08:00,,25.0,,,2026-08-23T17:18:33.440757+08:00,,,
08/22/2026,比甲,Standard Liège vs RAAL La Louvière,Standard Liège,RAAL La Louvière,让球主(-0.5),0.3784,1.88,-0.3123,,,,win,1.88,0.8799999999999999,已结算,scan24h对账,0,纯数据无伤病情报;平局预警(市场去水平局>=26%);让球客标准档降星,,,,,2026-08-22T02:45:00+08:00,,1.2,,,2026-08-23T17:18:33.440757+08:00,,,
08/22/2026,比甲,Standard Liège vs RAAL La Louvière,Standard Liège,RAAL La Louvière,让球客(+0.5),0.6216,1.99,0.1958,1,标准,,lose,0.0,-1.0,已结算,scan24h对账,0,纯数据无伤病情报;平局预警(市场去水平局>=26%);让球客标准档降星,,,,,2026-08-22T02:45:00+08:00,,1.2,,,2026-08-23T17:18:33.440757+08:00,,,
08/22/2026,比甲,Standard Liège vs RAAL La Louvière,Standard Liège,RAAL La Louvière,小2.50,0.65,1.87,0.20239676580999144,,,,win,1.87,0.8700000000000001,已结算,scan24h对账,0,纯数据无伤病情报;平局预警(市场去水平局>=26%);让球客标准档降星,,,,,2026-08-22T02:45:00+08:00,,1.2,,,2026-08-23T17:18:33.440757+08:00,,,
08/22/2026,比甲,Standard Liège vs RAAL La Louvière,Standard Liège,RAAL La Louvière,大2.50,0.3074,2.1,-0.3615,,,,lose,0.0,-1.0,已结算,scan24h对账,0,纯数据无伤病情报;平局预警(市场去水平局>=26%);让球客标准档降星,,,,,2026-08-22T02:45:00+08:00,,1.2,,,2026-08-23T17:18:33.440757+08:00,,,
08/22/2026,比甲,Standard Liège vs RAAL La Louvière,Standard Liège,RAAL La Louvière,1X2主胜,0.3692,2.02,-0.2572,,,,win,2.02,1.02,已结算,scan24h对账,0,纯数据无伤病情报;平局预警(市场去水平局>=26%);让球客标准档降星,,,,,2026-08-22T02:45:00+08:00,,1.2,,,2026-08-23T17:18:33.440757+08:00,,,
08/22/2026,比甲,Standard Liège vs RAAL La Louvière,Standard Liège,RAAL La Louvière,1X2平局,0.3279,3.55,0.1594,,,,lose,0.0,-1.0,已结算,scan24h对账,0,纯数据无伤病情报;平局预警(市场去水平局>=26%);让球客标准档降星,,,,,2026-08-22T02:45:00+08:00,,1.2,,,2026-08-23T17:18:33.440757+08:00,,,
08/22/2026,比甲,Standard Liège vs RAAL La Louvière,Standard Liège,RAAL La Louvière,1X2客胜,0.3029,4.4,0.3273,,,,lose,0.0,-1.0,已结算,scan24h对账,0,纯数据无伤病情报;平局预警(市场去水平局>=26%);让球客标准档降星,,,,,2026-08-22T02:45:00+08:00,,1.2,,,2026-08-23T17:18:33.440757+08:00,,,
08/22/2026,法甲,Olympique de Marseille vs RC Strasbourg,Olympique de Marseille,RC Strasbourg,让球主(-0.8),0.65,1.95,0.235879153190238,,,,win,1.95,0.95,已结算,scan24h对账,0,纯数据无伤病情报,,,,,2026-08-22T02:45:00+08:00,,25.3,,,2026-08-23T17:18:33.440757+08:00,,,
08/22/2026,法甲,Olympique de Marseille vs RC Strasbourg,Olympique de Marseille,RC Strasbourg,让球客(+0.8),0.3198,1.95,-0.392,,,,lose,0.0,-1.0,已结算,scan24h对账,0,纯数据无伤病情报,,,,,2026-08-22T02:45:00+08:00,,25.3,,,2026-08-23T17:18:33.440757+08:00,,,
08/22/2026,法甲,Olympique de Marseille vs RC Strasbourg,Olympique de Marseille,RC Strasbourg,小2.50,0.3383,2.45,-0.2258,,,,lose,0.0,-1.0,已结算,scan24h对账,0,纯数据无伤病情报,,,,,2026-08-22T02:45:00+08:00,,25.3,,,2026-08-23T17:18:33.440757+08:00,,,
08/22/2026,法甲,Olympique de Marseille vs RC Strasbourg,Olympique de Marseille,RC Strasbourg,大2.50,0.65,1.51,-0.08300589390962665,,,,win,1.51,0.51,已结算,scan24h对账,0,纯数据无伤病情报,,,,,2026-08-22T02:45:00+08:00,,25.3,,,2026-08-23T17:18:33.440757+08:00,,,
08/22/2026,法甲,Olympique de Marseille vs RC Strasbourg,Olympique de Marseille,RC Strasbourg,1X2主胜,0.6147,1.71,-0.0093,,,,win,1.71,0.71,已结算,scan24h对账,0,纯数据无伤病情报,,,,,2026-08-22T02:45:00+08:00,,25.3,,,2026-08-23T17:18:33.440757+08:00,,,
08/22/2026,法甲,Olympique de Marseille vs RC Strasbourg,Olympique de Marseille,RC Strasbourg,1X2平局,0.2159,4.06,-0.1738,,,,lose,0.0,-1.0,已结算,scan24h对账,0,纯数据无伤病情报,,,,,2026-08-22T02:45:00+08:00,,25.3,,,2026-08-23T17:18:33.440757+08:00,,,
08/22/2026,法甲,Olympique de Marseille vs RC Strasbourg,Olympique de Marseille,RC Strasbourg,1X2客胜,0.1694,4.35,-0.3054,,,,lose,0.0,-1.0,已结算,scan24h对账,0,纯数据无伤病情报,,,,,2026-08-22T02:45:00+08:00,,25.3,,,2026-08-23T17:18:33.440757+08:00,,,
08/22/2026,西乙,Córdoba vs Girona FC,Córdoba,Girona FC,让球主(+0.2),0.65,1.88,0.18133469700843774,,,,win,1.88,0.8799999999999999,已结算,scan24h对账,1,纯数据无伤病情报;平局预警(市场去水平局>=26%);模型与市场分歧>20pp(模型78% vs 市场51%)->否决,,,,,2026-08-22T03:00:00+08:00,,1.4,,,2026-08-23T17:18:33.440757+08:00,,,
08/22/2026,西乙,Córdoba vs Girona FC,Córdoba,Girona FC,让球客(-0.2),0.2178,1.99,-0.581,,,,lose,0.0,-1.0,已结算,scan24h对账,1,纯数据无伤病情报;平局预警(市场去水平局>=26%);模型与市场分歧>20pp(模型78% vs 市场51%)->否决,,,,,2026-08-22T03:00:00+08:00,,1.4,,,2026-08-23T17:18:33.440757+08:00,,,
08/22/2026,西乙,Córdoba vs Girona FC,Córdoba,Girona FC,小2.50,0.4822,2.2,0.0534,,,,lose,0.0,-1.0,已结算,scan24h对账,1,纯数据无伤病情报;平局预警(市场去水平局>=26%);模型与市场分歧>20pp(模型78% vs 市场51%)->否决,,,,,2026-08-22T03:00:00+08:00,,1.4,,,2026-08-23T17:18:33.440757+08:00,,,
08/22/2026,西乙,Córdoba vs Girona FC,Córdoba,Girona FC,大2.50,0.5178,1.81,-0.0693,,,,win,1.81,0.81,已结算,scan24h对账,1,纯数据无伤病情报;平局预警(市场去水平局>=26%);模型与市场分歧>20pp(模型78% vs 市场51%)->否决,,,,,2026-08-22T03:00:00+08:00,,1.4,,,2026-08-23T17:18:33.440757+08:00,,,
08/22/2026,西乙,Córdoba vs Girona FC,Córdoba,Girona FC,1X2主胜,0.4939,2.72,0.3331,,,,win,2.72,1.7200000000000002,已结算,scan24h对账,1,纯数据无伤病情报;平局预警(市场去水平局>=26%);模型与市场分歧>20pp(模型78% vs 市场51%)->否决,,,,,2026-08-22T03:00:00+08:00,,1.4,,,2026-08-23T17:18:33.440757+08:00,,,
08/22/2026,西乙,Córdoba vs Girona FC,Córdoba,Girona FC,1X2平局,0.2656,3.6,-0.0511,,,,lose,0.0,-1.0,已结算,scan24h对账,1,纯数据无伤病情报;平局预警(市场去水平局>=26%);模型与市场分歧>20pp(模型78% vs 市场51%)->否决,,,,,2026-08-22T03:00:00+08:00,,1.4,,,2026-08-23T17:18:33.440757+08:00,,,
08/22/2026,西乙,Córdoba vs Girona FC,Córdoba,Girona FC,1X2客胜,0.2405,2.76,-0.3414,,,,lose,0.0,-1.0,已结算,scan24h对账,1,纯数据无伤病情报;平局预警(市场去水平局>=26%);模型与市场分歧>20pp(模型78% vs 市场51%)->否决,,,,,2026-08-22T03:00:00+08:00,,1.4,,,2026-08-23T17:18:33.440757+08:00,,,
08/22/2026,西甲,Real Betis vs Real Sociedad,Real Betis,Real Sociedad,让球主(-0.2),0.6447,1.85,0.173,,,,win,1.85,0.8500000000000001,已结算,scan24h对账,0,纯数据无伤病情报;伤停>2人(主5/客4);平局预警(市场去水平局>=26%),,,,,2026-08-22T03:00:00+08:00,,1.4,,,2026-08-23T17:18:33.440757+08:00,,,
08/22/2026,西甲,Real Betis vs Real Sociedad,Real Betis,Real Sociedad,让球客(+0.2),0.3553,2.1,-0.2661,,,,lose,0.0,-1.0,已结算,scan24h对账,0,纯数据无伤病情报;伤停>2人(主5/客4);平局预警(市场去水平局>=26%),,,,,2026-08-22T03:00:00+08:00,,1.4,,,2026-08-23T17:18:33.440757+08:00,,,
08/22/2026,西甲,Real Betis vs Real Sociedad,Real Betis,Real Sociedad,小2.50,0.3526,2.08,-0.2717,,,,win,2.08,1.08,已结算,scan24h对账,0,纯数据无伤病情报;伤停>2人(主5/客4);平局预警(市场去水平局>=26%),,,,,2026-08-22T03:00:00+08:00,,1.4,,,2026-08-23T17:18:33.440757+08:00,,,
08/22/2026,西甲,Real Betis vs Real Sociedad,Real Betis,Real Sociedad,大2.50,0.6474,1.9,0.2213,2,高价值,,lose,0.0,-1.0,已结算,scan24h对账,0,纯数据无伤病情报;伤停>2人(主5/客4);平局预警(市场去水平局>=26%),,,,,2026-08-22T03:00:00+08:00,,1.4,,,2026-08-23T17:18:33.440757+08:00,,,
08/22/2026,西甲,Real Betis vs Real Sociedad,Real Betis,Real Sociedad,1X2主胜,0.5838,2.14,0.2433,,,,win,2.14,1.1400000000000001,已结算,scan24h对账,0,纯数据无伤病情报;伤停>2人(主5/客4);平局预警(市场去水平局>=26%),,,,,2026-08-22T03:00:00+08:00,,1.4,,,2026-08-23T17:18:33.440757+08:00,,,
08/22/2026,西甲,Real Betis vs Real Sociedad,Real Betis,Real Sociedad,1X2平局,0.2198,3.6,-0.2125,,,,lose,0.0,-1.0,已结算,scan24h对账,0,纯数据无伤病情报;伤停>2人(主5/客4);平局预警(市场去水平局>=26%),,,,,2026-08-22T03:00:00+08:00,,1.4,,,2026-08-23T17:18:33.440757+08:00,,,
08/22/2026,西甲,Real Betis vs Real Sociedad,Real Betis,Real Sociedad,1X2客胜,0.1964,3.85,-0.2474,,,,lose,0.0,-1.0,已结算,scan24h对账,0,纯数据无伤病情报;伤停>2人(主5/客4);平局预警(市场去水平局>=26%),,,,,2026-08-22T03:00:00+08:00,,1.4,,,2026-08-23T17:18:33.440757+08:00,,,
08/22/2026,英超,Arsenal vs Coventry City,Arsenal,Coventry City,让球主(-2.0),0.219,1.94,-0.5879,,,,win,1.94,0.94,已结算,scan24h对账,1,纯数据无伤病情报;模型与市场分歧>20pp(模型78% vs 市场50%)->否决,,,,,2026-08-22T03:00:00+08:00,,1.4,,,2026-08-23T17:18:33.440757+08:00,,,
08/22/2026,英超,Arsenal vs Coventry City,Arsenal,Coventry City,让球客(+2.0),0.65,1.94,0.22318181818181815,,,,lose,0.0,-1.0,已结算,scan24h对账,1,纯数据无伤病情报;模型与市场分歧>20pp(模型78% vs 市场50%)->否决,,,,,2026-08-22T03:00:00+08:00,,1.4,,,2026-08-23T17:18:33.440757+08:00,,,
08/22/2026,英超,Arsenal vs Coventry City,Arsenal,Coventry City,小2.50,0.579,2.58,0.4866,,,,lose,0.0,-1.0,已结算,scan24h对账,1,纯数据无伤病情报;模型与市场分歧>20pp(模型78% vs 市场50%)->否决,,,,,2026-08-22T03:00:00+08:00,,1.4,,,2026-08-23T17:18:33.440757+08:00,,,
08/22/2026,英超,Arsenal vs Coventry City,Arsenal,Coventry City,大2.50,0.421,1.62,-0.3213,,,,win,1.62,0.6200000000000001,已结算,scan24h对账,1,纯数据无伤病情报;模型与市场分歧>20pp(模型78% vs 市场50%)->否决,,,,,2026-08-22T03:00:00+08:00,,1.4,,,2026-08-23T17:18:33.440757+08:00,,,
08/22/2026,英超,Arsenal vs Coventry City,Arsenal,Coventry City,1X2主胜,0.5222,1.23,-0.3621,,,,win,1.23,0.22999999999999998,已结算,scan24h对账,1,纯数据无伤病情报;模型与市场分歧>20pp(模型78% vs 市场50%)->否决,,,,,2026-08-22T03:00:00+08:00,,1.4,,,2026-08-23T17:18:33.440757+08:00,,,
08/22/2026,英超,Arsenal vs Coventry City,Arsenal,Coventry City,1X2平局,0.2702,7.4,0.9856,,,,lose,0.0,-1.0,已结算,scan24h对账,1,纯数据无伤病情报;模型与市场分歧>20pp(模型78% vs 市场50%)->否决,,,,,2026-08-22T03:00:00+08:00,,1.4,,,2026-08-23T17:18:33.440757+08:00,,,
08/22/2026,英超,Arsenal vs Coventry City,Arsenal,Coventry City,1X2客胜,0.2076,17.0,2.5049,,,,lose,0.0,-1.0,已结算,scan24h对账,1,纯数据无伤病情报;模型与市场分歧>20pp(模型78% vs 市场50%)->否决,,,,,2026-08-22T03:00:00+08:00,,1.4,,,2026-08-23T17:18:33.440757+08:00,,,
08/22/2026,阿甲,Estudiantes de Río Cuarto vs San Lorenzo,Estudiantes de Río Cuarto,San Lorenzo,让球主(+0.0),0.4623,1.95,-0.1563,,,,push,1.0,0.0,已结算,scan24h对账,0,纯数据无伤病情报;伤停>2人(主0/客8);平局预警-强(市场去水平局>=30%),,,,,2026-08-22T07:00:00+08:00,,5.4,,,2026-08-23T17:18:33.440757+08:00,,,
08/22/2026,阿甲,Estudiantes de Río Cuarto vs San Lorenzo,Estudiantes de Río Cuarto,San Lorenzo,让球客(-0.0),0.5377,1.8,-0.094,,,,push,1.0,0.0,已结算,scan24h对账,0,纯数据无伤病情报;伤停>2人(主0/客8);平局预警-强(市场去水平局>=30%),,,,,2026-08-22T07:00:00+08:00,,5.4,,,2026-08-23T17:18:33.440757+08:00,,,
08/22/2026,阿甲,Estudiantes de Río Cuarto vs San Lorenzo,Estudiantes de Río Cuarto,San Lorenzo,小2.50,0.65,1.31,-0.19813209494324036,,,,win,1.31,0.31000000000000005,已结算,scan24h对账,0,纯数据无伤病情报;伤停>2人(主0/客8);平局预警-强(市场去水平局>=30%),,,,,2026-08-22T07:00:00+08:00,,5.4,,,2026-08-23T17:18:33.440757+08:00,,,
08/22/2026,阿甲,Estudiantes de Río Cuarto vs San Lorenzo,Estudiantes de Río Cuarto,San Lorenzo,大2.50,0.031,3.35,-0.9022,,,,lose,0.0,-1.0,已结算,scan24h对账,0,纯数据无伤病情报;伤停>2人(主0/客8);平局预警-强(市场去水平局>=30%),,,,,2026-08-22T07:00:00+08:00,,5.4,,,2026-08-23T17:18:33.440757+08:00,,,
08/22/2026,阿甲,Estudiantes de Río Cuarto vs San Lorenzo,Estudiantes de Río Cuarto,San Lorenzo,1X2主胜,0.2041,3.7,-0.2564,,,,lose,0.0,-1.0,已结算,scan24h对账,0,纯数据无伤病情报;伤停>2人(主0/客8);平局预警-强(市场去水平局>=30%),,,,,2026-08-22T07:00:00+08:00,,5.4,,,2026-08-23T17:18:33.440757+08:00,,,
08/22/2026,阿甲,Estudiantes de Río Cuarto vs San Lorenzo,Estudiantes de Río Cuarto,San Lorenzo,1X2平局,0.5244,2.82,0.4562,,,,win,2.82,1.8199999999999998,已结算,scan24h对账,0,纯数据无伤病情报;伤停>2人(主0/客8);平局预警-强(市场去水平局>=30%),,,,,2026-08-22T07:00:00+08:00,,5.4,,,2026-08-23T17:18:33.440757+08:00,,,
08/22/2026,阿甲,Estudiantes de Río Cuarto vs San Lorenzo,Estudiantes de Río Cuarto,San Lorenzo,1X2客胜,0.2715,2.56,-0.3155,,,,lose,0.0,-1.0,已结算,scan24h对账,0,纯数据无伤病情报;伤停>2人(主0/客8);平局预警-强(市场去水平局>=30%),,,,,2026-08-22T07:00:00+08:00,,5.4,,,2026-08-23T17:18:33.440757+08:00,,,
08/22/2026,墨超,Tigres UANL vs Atlante FC,Tigres UANL,Atlante FC,让球主(-1.0),0.65,1.98,0.27408094838941466,,,,win,1.98,0.98,已结算,scan24h对账,1,纯数据无伤病情报;λ过高(5.03);盘口为隔日快照(2026-08-21)->否决,,,,,2026-08-22T09:00:00+08:00,,7.4,,,2026-08-23T17:18:33.440757+08:00,,,
08/22/2026,墨超,Tigres UANL vs Atlante FC,Tigres UANL,Atlante FC,让球客(+1.0),0.1649,1.98,-0.6767,,,,lose,0.0,-1.0,已结算,scan24h对账,1,纯数据无伤病情报;λ过高(5.03);盘口为隔日快照(2026-08-21)->否决,,,,,2026-08-22T09:00:00+08:00,,7.4,,,2026-08-23T17:18:33.440757+08:00,,,
08/22/2026,墨超,Tigres UANL vs Atlante FC,Tigres UANL,Atlante FC,小2.50,0.1254,2.24,-0.7231,,,,win,2.24,1.2400000000000002,已结算,scan24h对账,1,纯数据无伤病情报;λ过高(5.03);盘口为隔日快照(2026-08-21)->否决,,,,,2026-08-22T09:00:00+08:00,,7.4,,,2026-08-23T17:18:33.440757+08:00,,,
08/22/2026,墨超,Tigres UANL vs Atlante FC,Tigres UANL,Atlante FC,大2.50,0.65,1.76,0.1275040018294078,,,,lose,0.0,-1.0,已结算,scan24h对账,1,纯数据无伤病情报;λ过高(5.03);盘口为隔日快照(2026-08-21)->否决,,,,,2026-08-22T09:00:00+08:00,,7.4,,,2026-08-23T17:18:33.440757+08:00,,,
08/22/2026,墨超,Tigres UANL vs Atlante FC,Tigres UANL,Atlante FC,1X2主胜,0.65,1.59,0.022020943668753068,,,,win,1.59,0.5900000000000001,已结算,scan24h对账,1,纯数据无伤病情报;λ过高(5.03);盘口为隔日快照(2026-08-21)->否决,,,,,2026-08-22T09:00:00+08:00,,7.4,,,2026-08-23T17:18:33.440757+08:00,,,
08/22/2026,墨超,Tigres UANL vs Atlante FC,Tigres UANL,Atlante FC,1X2平局,0.1061,4.7,-0.5067,,,,lose,0.0,-1.0,已结算,scan24h对账,1,纯数据无伤病情报;λ过高(5.03);盘口为隔日快照(2026-08-21)->否决,,,,,2026-08-22T09:00:00+08:00,,7.4,,,2026-08-23T17:18:33.440757+08:00,,,
08/22/2026,墨超,Tigres UANL vs Atlante FC,Tigres UANL,Atlante FC,1X2客胜,0.0631,5.9,-0.6317,,,,lose,0.0,-1.0,已结算,scan24h对账,1,纯数据无伤病情报;λ过高(5.03);盘口为隔日快照(2026-08-21)->否决,,,,,2026-08-22T09:00:00+08:00,,7.4,,,2026-08-23T17:18:33.440757+08:00,,,
08/22/2026,墨超,FC Juárez vs Club América,FC Juárez,Club América,让球主(+0.8),0.4658,1.94,-0.1058,,,,lose,0.0,-1.0,已结算,scan24h对账,1,纯数据无伤病情报;盘口为隔日快照(2026-08-21)->否决,,,,,2026-08-22T11:10:00+08:00,,9.4,,,2026-08-23T17:18:33.440757+08:00,,,
08/22/2026,墨超,FC Juárez vs Club América,FC Juárez,Club América,让球客(-0.8),0.5342,2.02,0.0679,,,,half,1.51,0.51,已结算,scan24h对账,1,纯数据无伤病情报;盘口为隔日快照(2026-08-21)->否决,,,,,2026-08-22T11:10:00+08:00,,9.4,,,2026-08-23T17:18:33.440757+08:00,,,
08/22/2026,墨超,FC Juárez vs Club América,FC Juárez,Club América,小2.50,0.3772,2.18,-0.1868,,,,lose,0.0,-1.0,已结算,scan24h对账,1,纯数据无伤病情报;盘口为隔日快照(2026-08-21)->否决,,,,,2026-08-22T11:10:00+08:00,,9.4,,,2026-08-23T17:18:33.440757+08:00,,,
08/22/2026,墨超,FC Juárez vs Club América,FC Juárez,Club América,大2.50,0.6228,1.81,0.1148,,,,win,1.81,0.81,已结算,scan24h对账,1,纯数据无伤病情报;盘口为隔日快照(2026-08-21)->否决,,,,,2026-08-22T11:10:00+08:00,,9.4,,,2026-08-23T17:18:33.440757+08:00,,,
08/22/2026,墨超,FC Juárez vs Club América,FC Juárez,Club América,1X2主胜,0.2587,4.7,0.2049,,,,lose,0.0,-1.0,已结算,scan24h对账,1,纯数据无伤病情报;盘口为隔日快照(2026-08-21)->否决,,,,,2026-08-22T11:10:00+08:00,,9.4,,,2026-08-23T17:18:33.440757+08:00,,,
08/22/2026,墨超,FC Juárez vs Club América,FC Juárez,Club América,1X2平局,0.2485,4.1,0.0097,,,,lose,0.0,-1.0,已结算,scan24h对账,1,纯数据无伤病情报;盘口为隔日快照(2026-08-21)->否决,,,,,2026-08-22T11:10:00+08:00,,9.4,,,2026-08-23T17:18:33.440757+08:00,,,
08/22/2026,墨超,FC Juárez vs Club América,FC Juárez,Club América,1X2客胜,0.4928,1.81,-0.1162,,,,win,1.81,0.81,已结算,scan24h对账,1,纯数据无伤病情报;盘口为隔日快照(2026-08-21)->否决,,,,,2026-08-22T11:10:00+08:00,,9.4,,,2026-08-23T17:18:33.440757+08:00,,,
08/22/2026,J1,Kashima Antlers vs Avispa Fukuoka,Kashima Antlers,Avispa Fukuoka,让球主(-0.8),0.3788,2.01,-0.2603,,,,half,1.505,0.5049999999999999,已结算,scan24h对账,1,纯数据无伤病情报;平局预警(市场去水平局>=26%);盘口过期(距开赛15h>阈值12h)->否决,,,,,2026-08-22T17:00:00+08:00,,15.4,,,2026-08-23T17:18:33.440757+08:00,,,
08/22/2026,J1,Kashima Antlers vs Avispa Fukuoka,Kashima Antlers,Avispa Fukuoka,让球客(+0.8),0.6212,1.88,0.1344,,,,lose,0.0,-1.0,已结算,scan24h对账,1,纯数据无伤病情报;平局预警(市场去水平局>=26%);盘口过期(距开赛15h>阈值12h)->否决,,,,,2026-08-22T17:00:00+08:00,,15.4,,,2026-08-23T17:18:33.440757+08:00,,,
08/22/2026,J1,Kashima Antlers vs Avispa Fukuoka,Kashima Antlers,Avispa Fukuoka,小2.50,0.4199,1.6,-0.353,,,,lose,0.0,-1.0,已结算,scan24h对账,1,纯数据无伤病情报;平局预警(市场去水平局>=26%);盘口过期(距开赛15h>阈值12h)->否决,,,,,2026-08-22T17:00:00+08:00,,15.4,,,2026-08-23T17:18:33.440757+08:00,,,
08/22/2026,J1,Kashima Antlers vs Avispa Fukuoka,Kashima Antlers,Avispa Fukuoka,大2.50,0.5801,2.42,0.3522,,,,win,2.42,1.42,已结算,scan24h对账,1,纯数据无伤病情报;平局预警(市场去水平局>=26%);盘口过期(距开赛15h>阈值12h)->否决,,,,,2026-08-22T17:00:00+08:00,,15.4,,,2026-08-23T17:18:33.440757+08:00,,,
08/22/2026,J1,Kashima Antlers vs Avispa Fukuoka,Kashima Antlers,Avispa Fukuoka,1X2主胜,0.3704,1.79,-0.3427,,,,win,1.79,0.79,已结算,scan24h对账,1,纯数据无伤病情报;平局预警(市场去水平局>=26%);盘口过期(距开赛15h>阈值12h)->否决,,,,,2026-08-22T17:00:00+08:00,,15.4,,,2026-08-23T17:18:33.440757+08:00,,,
08/22/2026,J1,Kashima Antlers vs Avispa Fukuoka,Kashima Antlers,Avispa Fukuoka,1X2平局,0.2591,3.6,-0.0754,,,,lose,0.0,-1.0,已结算,scan24h对账,1,纯数据无伤病情报;平局预警(市场去水平局>=26%);盘口过期(距开赛15h>阈值12h)->否决,,,,,2026-08-22T17:00:00+08:00,,15.4,,,2026-08-23T17:18:33.440757+08:00,,,
08/22/2026,J1,Kashima Antlers vs Avispa Fukuoka,Kashima Antlers,Avispa Fukuoka,1X2客胜,0.3704,5.8,1.1297,,,,lose,0.0,-1.0,已结算,scan24h对账,1,纯数据无伤病情报;平局预警(市场去水平局>=26%);盘口过期(距开赛15h>阈值12h)->否决,,,,,2026-08-22T17:00:00+08:00,,15.4,,,2026-08-23T17:18:33.440757+08:00,,,
08/22/2026,J1,Fagiano Okayama vs Tokyo Verdy,Fagiano Okayama,Tokyo Verdy,让球主(-0.2),0.3788,1.88,-0.3217,,,,lose,0.0,-1.0,已结算,scan24h对账,1,纯数据无伤病情报;平局预警-强(市场去水平局>=30%);盘口过期(距开赛16h>阈值12h)->否决,,,,,2026-08-22T17:30:00+08:00,,15.9,,,2026-08-23T17:18:33.440757+08:00,,,
08/22/2026,J1,Fagiano Okayama vs Tokyo Verdy,Fagiano Okayama,Tokyo Verdy,让球客(+0.2),0.6212,1.93,0.1417,,,,half,1.4649999999999999,0.46499999999999997,已结算,scan24h对账,1,纯数据无伤病情报;平局预警-强(市场去水平局>=30%);盘口过期(距开赛16h>阈值12h)->否决,,,,,2026-08-22T17:30:00+08:00,,15.9,,,2026-08-23T17:18:33.440757+08:00,,,
08/22/2026,J1,Fagiano Okayama vs Tokyo Verdy,Fagiano Okayama,Tokyo Verdy,小2.50,0.4199,1.54,-0.382,,,,win,1.54,0.54,已结算,scan24h对账,1,纯数据无伤病情报;平局预警-强(市场去水平局>=30%);盘口过期(距开赛16h>阈值12h)->否决,,,,,2026-08-22T17:30:00+08:00,,15.9,,,2026-08-23T17:18:33.440757+08:00,,,
08/22/2026,J1,Fagiano Okayama vs Tokyo Verdy,Fagiano Okayama,Tokyo Verdy,大2.50,0.5801,2.52,0.3974,,,,lose,0.0,-1.0,已结算,scan24h对账,1,纯数据无伤病情报;平局预警-强(市场去水平局>=30%);盘口过期(距开赛16h>阈值12h)->否决,,,,,2026-08-22T17:30:00+08:00,,15.9,,,2026-08-23T17:18:33.440757+08:00,,,
08/22/2026,J1,Fagiano Okayama vs Tokyo Verdy,Fagiano Okayama,Tokyo Verdy,1X2主胜,0.3704,2.22,-0.1961,,,,lose,0.0,-1.0,已结算,scan24h对账,1,纯数据无伤病情报;平局预警-强(市场去水平局>=30%);盘口过期(距开赛16h>阈值12h)->否决,,,,,2026-08-22T17:30:00+08:00,,15.9,,,2026-08-23T17:18:33.440757+08:00,,,
08/22/2026,J1,Fagiano Okayama vs Tokyo Verdy,Fagiano Okayama,Tokyo Verdy,1X2平局,0.2591,3.1,-0.2148,,,,win,3.1,2.1,已结算,scan24h对账,1,纯数据无伤病情报;平局预警-强(市场去水平局>=30%);盘口过期(距开赛16h>阈值12h)->否决,,,,,2026-08-22T17:30:00+08:00,,15.9,,,2026-08-23T17:18:33.440757+08:00,,,
08/22/2026,J1,Fagiano Okayama vs Tokyo Verdy,Fagiano Okayama,Tokyo Verdy,1X2客胜,0.3704,4.0,0.4484,,,,lose,0.0,-1.0,已结算,scan24h对账,1,纯数据无伤病情报;平局预警-强(市场去水平局>=30%);盘口过期(距开赛16h>阈值12h)->否决,,,,,2026-08-22T17:30:00+08:00,,15.9,,,2026-08-23T17:18:33.440757+08:00,,,
08/22/2026,J1,Nagoya Grampus vs Gamba Osaka,Nagoya Grampus,Gamba Osaka,让球主(-0.2),0.3788,2.0,-0.2718,,,,win,2.0,1.0,已结算,scan24h对账,1,纯数据无伤病情报;平局预警(市场去水平局>=26%);盘口过期(距开赛16h>阈值12h)->否决,,,,,2026-08-22T18:00:00+08:00,,16.4,,,2026-08-23T17:18:33.440757+08:00,,,
08/22/2026,J1,Nagoya Grampus vs Gamba Osaka,Nagoya Grampus,Gamba Osaka,让球客(+0.2),0.6212,1.85,0.1044,,,,lose,0.0,-1.0,已结算,scan24h对账,1,纯数据无伤病情报;平局预警(市场去水平局>=26%);盘口过期(距开赛16h>阈值12h)->否决,,,,,2026-08-22T18:00:00+08:00,,16.4,,,2026-08-23T17:18:33.440757+08:00,,,
08/22/2026,J1,Nagoya Grampus vs Gamba Osaka,Nagoya Grampus,Gamba Osaka,小2.50,0.4199,2.02,-0.1787,,,,lose,0.0,-1.0,已结算,scan24h对账,1,纯数据无伤病情报;平局预警(市场去水平局>=26%);盘口过期(距开赛16h>阈值12h)->否决,,,,,2026-08-22T18:00:00+08:00,,16.4,,,2026-08-23T17:18:33.440757+08:00,,,
08/22/2026,J1,Nagoya Grampus vs Gamba Osaka,Nagoya Grampus,Gamba Osaka,大2.50,0.5801,1.86,0.0449,,,,win,1.86,0.8600000000000001,已结算,scan24h对账,1,纯数据无伤病情报;平局预警(市场去水平局>=26%);盘口过期(距开赛16h>阈值12h)->否决,,,,,2026-08-22T18:00:00+08:00,,16.4,,,2026-08-23T17:18:33.440757+08:00,,,
08/22/2026,J1,Nagoya Grampus vs Gamba Osaka,Nagoya Grampus,Gamba Osaka,1X2主胜,0.3704,2.46,-0.1118,,,,win,2.46,1.46,已结算,scan24h对账,1,纯数据无伤病情报;平局预警(市场去水平局>=26%);盘口过期(距开赛16h>阈值12h)->否决,,,,,2026-08-22T18:00:00+08:00,,16.4,,,2026-08-23T17:18:33.440757+08:00,,,
08/22/2026,J1,Nagoya Grampus vs Gamba Osaka,Nagoya Grampus,Gamba Osaka,1X2平局,0.2591,3.55,-0.1035,,,,lose,0.0,-1.0,已结算,scan24h对账,1,纯数据无伤病情报;平局预警(市场去水平局>=26%);盘口过期(距开赛16h>阈值12h)->否决,,,,,2026-08-22T18:00:00+08:00,,16.4,,,2026-08-23T17:18:33.440757+08:00,,,
08/22/2026,J1,Nagoya Grampus vs Gamba Osaka,Nagoya Grampus,Gamba Osaka,1X2客胜,0.3704,2.96,0.0687,,,,lose,0.0,-1.0,已结算,scan24h对账,1,纯数据无伤病情报;平局预警(市场去水平局>=26%);盘口过期(距开赛16h>阈值12h)->否决,,,,,2026-08-22T18:00:00+08:00,,16.4,,,2026-08-23T17:18:33.440757+08:00,,,
08/22/2026,J1,Kyoto Sanga FC vs Mito Hollyhock,Kyoto Sanga FC,Mito Hollyhock,让球主(-0.2),0.3788,1.84,-0.3225,,,,lose,0.0,-1.0,已结算,scan24h对账,1,纯数据无伤病情报;平局预警(市场去水平局>=26%);盘口过期(距开赛16h>阈值12h)->否决,,,,,2026-08-22T18:00:00+08:00,,16.4,,,2026-08-23T17:18:33.440757+08:00,,,
08/22/2026,J1,Kyoto Sanga FC vs Mito Hollyhock,Kyoto Sanga FC,Mito Hollyhock,让球客(+0.2),0.6212,2.06,0.2436,,,,win,2.06,1.06,已结算,scan24h对账,1,纯数据无伤病情报;平局预警(市场去水平局>=26%);盘口过期(距开赛16h>阈值12h)->否决,,,,,2026-08-22T18:00:00+08:00,,16.4,,,2026-08-23T17:18:33.440757+08:00,,,
08/22/2026,J1,Kyoto Sanga FC vs Mito Hollyhock,Kyoto Sanga FC,Mito Hollyhock,小2.50,0.4199,1.74,-0.2846,,,,lose,0.0,-1.0,已结算,scan24h对账,1,纯数据无伤病情报;平局预警(市场去水平局>=26%);盘口过期(距开赛16h>阈值12h)->否决,,,,,2026-08-22T18:00:00+08:00,,16.4,,,2026-08-23T17:18:33.440757+08:00,,,
08/22/2026,J1,Kyoto Sanga FC vs Mito Hollyhock,Kyoto Sanga FC,Mito Hollyhock,大2.50,0.5801,2.24,0.2726,,,,win,2.24,1.2400000000000002,已结算,scan24h对账,1,纯数据无伤病情报;平局预警(市场去水平局>=26%);盘口过期(距开赛16h>阈值12h)->否决,,,,,2026-08-22T18:00:00+08:00,,16.4,,,2026-08-23T17:18:33.440757+08:00,,,
08/22/2026,J1,Kyoto Sanga FC vs Mito Hollyhock,Kyoto Sanga FC,Mito Hollyhock,1X2主胜,0.3704,2.16,-0.2184,,,,lose,0.0,-1.0,已结算,scan24h对账,1,纯数据无伤病情报;平局预警(市场去水平局>=26%);盘口过期(距开赛16h>阈值12h)->否决,,,,,2026-08-22T18:00:00+08:00,,16.4,,,2026-08-23T17:18:33.440757+08:00,,,
08/22/2026,J1,Kyoto Sanga FC vs Mito Hollyhock,Kyoto Sanga FC,Mito Hollyhock,1X2平局,0.2591,3.4,-0.1395,,,,lose,0.0,-1.0,已结算,scan24h对账,1,纯数据无伤病情报;平局预警(市场去水平局>=26%);盘口过期(距开赛16h>阈值12h)->否决,,,,,2026-08-22T18:00:00+08:00,,16.4,,,2026-08-23T17:18:33.440757+08:00,,,
08/22/2026,J1,Kyoto Sanga FC vs Mito Hollyhock,Kyoto Sanga FC,Mito Hollyhock,1X2客胜,0.3704,3.75,0.3569,,,,win,3.75,2.75,已结算,scan24h对账,1,纯数据无伤病情报;平局预警(市场去水平局>=26%);盘口过期(距开赛16h>阈值12h)->否决,,,,,2026-08-22T18:00:00+08:00,,16.4,,,2026-08-23T17:18:33.440757+08:00,,,
08/22/2026,J1,Cerezo Osaka vs Shimizu S-Pulse,Cerezo Osaka,Shimizu S-Pulse,让球主(-0.2),0.3788,2.01,-0.2603,,,,win,2.01,1.0099999999999998,已结算,scan24h对账,1,纯数据无伤病情报;平局预警(市场去水平局>=26%);盘口过期(距开赛16h>阈值12h)->否决,,,,,2026-08-22T18:00:00+08:00,,16.4,,,2026-08-23T17:18:33.440757+08:00,,,
08/22/2026,J1,Cerezo Osaka vs Shimizu S-Pulse,Cerezo Osaka,Shimizu S-Pulse,让球客(+0.2),0.6212,1.88,0.1344,,,,lose,0.0,-1.0,已结算,scan24h对账,1,纯数据无伤病情报;平局预警(市场去水平局>=26%);盘口过期(距开赛16h>阈值12h)->否决,,,,,2026-08-22T18:00:00+08:00,,16.4,,,2026-08-23T17:18:33.440757+08:00,,,
08/22/2026,J1,Cerezo Osaka vs Shimizu S-Pulse,Cerezo Osaka,Shimizu S-Pulse,小2.50,0.4199,2.0,-0.1862,,,,win,2.0,1.0,已结算,scan24h对账,1,纯数据无伤病情报;平局预警(市场去水平局>=26%);盘口过期(距开赛16h>阈值12h)->否决,,,,,2026-08-22T18:00:00+08:00,,16.4,,,2026-08-23T17:18:33.440757+08:00,,,
08/22/2026,J1,Cerezo Osaka vs Shimizu S-Pulse,Cerezo Osaka,Shimizu S-Pulse,大2.50,0.5801,1.88,0.0569,,,,lose,0.0,-1.0,已结算,scan24h对账,1,纯数据无伤病情报;平局预警(市场去水平局>=26%);盘口过期(距开赛16h>阈值12h)->否决,,,,,2026-08-22T18:00:00+08:00,,16.4,,,2026-08-23T17:18:33.440757+08:00,,,
08/22/2026,J1,Cerezo Osaka vs Shimizu S-Pulse,Cerezo Osaka,Shimizu S-Pulse,1X2主胜,0.3704,2.32,-0.1723,,,,win,2.32,1.3199999999999998,已结算,scan24h对账,1,纯数据无伤病情报;平局预警(市场去水平局>=26%);盘口过期(距开赛16h>阈值12h)->否决,,,,,2026-08-22T18:00:00+08:00,,16.4,,,2026-08-23T17:18:33.440757+08:00,,,
08/22/2026,J1,Cerezo Osaka vs Shimizu S-Pulse,Cerezo Osaka,Shimizu S-Pulse,1X2平局,0.2591,3.5,-0.1266,,,,lose,0.0,-1.0,已结算,scan24h对账,1,纯数据无伤病情报;平局预警(市场去水平局>=26%);盘口过期(距开赛16h>阈值12h)->否决,,,,,2026-08-22T18:00:00+08:00,,16.4,,,2026-08-23T17:18:33.440757+08:00,,,
08/22/2026,J1,Cerezo Osaka vs Shimizu S-Pulse,Cerezo Osaka,Shimizu S-Pulse,1X2客胜,0.3704,3.11,0.1096,,,,lose,0.0,-1.0,已结算,scan24h对账,1,纯数据无伤病情报;平局预警(市场去水平局>=26%);盘口过期(距开赛16h>阈值12h)->否决,,,,,2026-08-22T18:00:00+08:00,,16.4,,,2026-08-23T17:18:33.440757+08:00,,,
08/22/2026,J1,Sanfrecce Hiroshima vs Kawasaki Frontale,Sanfrecce Hiroshima,Kawasaki Frontale,让球主(-0.8),0.3788,1.83,-0.3266,,,,lose,0.0,-1.0,已结算,scan24h对账,1,纯数据无伤病情报;盘口过期(距开赛17h>阈值12h)->否决,,,,,2026-08-22T18:15:00+08:00,,16.7,,,2026-08-23T17:18:33.440757+08:00,,,
08/22/2026,J1,Sanfrecce Hiroshima vs Kawasaki Frontale,Sanfrecce Hiroshima,Kawasaki Frontale,让球客(+0.8),0.6212,2.07,0.2489,,,,win,2.07,1.0699999999999998,已结算,scan24h对账,1,纯数据无伤病情报;盘口过期(距开赛17h>阈值12h)->否决,,,,,2026-08-22T18:15:00+08:00,,16.7,,,2026-08-23T17:18:33.440757+08:00,,,
08/22/2026,J1,Sanfrecce Hiroshima vs Kawasaki Frontale,Sanfrecce Hiroshima,Kawasaki Frontale,小2.50,0.4199,2.36,-0.0552,,,,win,2.36,1.3599999999999999,已结算,scan24h对账,1,纯数据无伤病情报;盘口过期(距开赛17h>阈值12h)->否决,,,,,2026-08-22T18:15:00+08:00,,16.7,,,2026-08-23T17:18:33.440757+08:00,,,
08/22/2026,J1,Sanfrecce Hiroshima vs Kawasaki Frontale,Sanfrecce Hiroshima,Kawasaki Frontale,大2.50,0.5801,1.6,-0.1149,,,,lose,0.0,-1.0,已结算,scan24h对账,1,纯数据无伤病情报;盘口过期(距开赛17h>阈值12h)->否决,,,,,2026-08-22T18:15:00+08:00,,16.7,,,2026-08-23T17:18:33.440757+08:00,,,
08/22/2026,J1,Sanfrecce Hiroshima vs Kawasaki Frontale,Sanfrecce Hiroshima,Kawasaki Frontale,1X2主胜,0.3704,1.68,-0.389,,,,lose,0.0,-1.0,已结算,scan24h对账,1,纯数据无伤病情报;盘口过期(距开赛17h>阈值12h)->否决,,,,,2026-08-22T18:15:00+08:00,,16.7,,,2026-08-23T17:18:33.440757+08:00,,,
08/22/2026,J1,Sanfrecce Hiroshima vs Kawasaki Frontale,Sanfrecce Hiroshima,Kawasaki Frontale,1X2平局,0.2591,4.4,0.1193,,,,win,4.4,3.4000000000000004,已结算,scan24h对账,1,纯数据无伤病情报;盘口过期(距开赛17h>阈值12h)->否决,,,,,2026-08-22T18:15:00+08:00,,16.7,,,2026-08-23T17:18:33.440757+08:00,,,
08/22/2026,J1,Sanfrecce Hiroshima vs Kawasaki Frontale,Sanfrecce Hiroshima,Kawasaki Frontale,1X2客胜,0.3704,5.1,0.8548,,,,lose,0.0,-1.0,已结算,scan24h对账,1,纯数据无伤病情报;盘口过期(距开赛17h>阈值12h)->否决,,,,,2026-08-22T18:15:00+08:00,,16.7,,,2026-08-23T17:18:33.440757+08:00,,,
08/22/2026,J1,Yokohama F. Marinos vs Vissel Kobe,Yokohama F. Marinos,Vissel Kobe,让球主(+0.2),0.6212,1.99,0.1982,,,,win,1.99,0.99,已结算,scan24h对账,1,纯数据无伤病情报;平局预警(市场去水平局>=26%);盘口过期(距开赛17h>阈值12h)->否决,,,,,2026-08-22T18:30:00+08:00,,16.9,,,2026-08-23T17:18:33.440757+08:00,,,
08/22/2026,J1,Yokohama F. Marinos vs Vissel Kobe,Yokohama F. Marinos,Vissel Kobe,让球客(-0.2),0.3788,1.89,-0.3059,,,,lose,0.0,-1.0,已结算,scan24h对账,1,纯数据无伤病情报;平局预警(市场去水平局>=26%);盘口过期(距开赛17h>阈值12h)->否决,,,,,2026-08-22T18:30:00+08:00,,16.9,,,2026-08-23T17:18:33.440757+08:00,,,
08/22/2026,J1,Yokohama F. Marinos vs Vissel Kobe,Yokohama F. Marinos,Vissel Kobe,小2.50,0.4199,1.77,-0.2801,,,,win,1.77,0.77,已结算,scan24h对账,1,纯数据无伤病情报;平局预警(市场去水平局>=26%);盘口过期(距开赛17h>阈值12h)->否决,,,,,2026-08-22T18:30:00+08:00,,16.9,,,2026-08-23T17:18:33.440757+08:00,,,
08/22/2026,J1,Yokohama F. Marinos vs Vissel Kobe,Yokohama F. Marinos,Vissel Kobe,大2.50,0.5801,2.14,0.2027,,,,lose,0.0,-1.0,已结算,scan24h对账,1,纯数据无伤病情报;平局预警(市场去水平局>=26%);盘口过期(距开赛17h>阈值12h)->否决,,,,,2026-08-22T18:30:00+08:00,,16.9,,,2026-08-23T17:18:33.440757+08:00,,,
08/22/2026,J1,Yokohama F. Marinos vs Vissel Kobe,Yokohama F. Marinos,Vissel Kobe,1X2主胜,0.3704,3.5,0.2687,,,,win,3.5,2.5,已结算,scan24h对账,1,纯数据无伤病情报;平局预警(市场去水平局>=26%);盘口过期(距开赛17h>阈值12h)->否决,,,,,2026-08-22T18:30:00+08:00,,16.9,,,2026-08-23T17:18:33.440757+08:00,,,
08/22/2026,J1,Yokohama F. Marinos vs Vissel Kobe,Yokohama F. Marinos,Vissel Kobe,1X2平局,0.2591,3.45,-0.1253,,,,lose,0.0,-1.0,已结算,scan24h对账,1,纯数据无伤病情报;平局预警(市场去水平局>=26%);盘口过期(距开赛17h>阈值12h)->否决,,,,,2026-08-22T18:30:00+08:00,,16.9,,,2026-08-23T17:18:33.440757+08:00,,,
08/22/2026,J1,Yokohama F. Marinos vs Vissel Kobe,Yokohama F. Marinos,Vissel Kobe,1X2客胜,0.3704,2.24,-0.1881,,,,lose,0.0,-1.0,已结算,scan24h对账,1,纯数据无伤病情报;平局预警(市场去水平局>=26%);盘口过期(距开赛17h>阈值12h)->否决,,,,,2026-08-22T18:30:00+08:00,,16.9,,,2026-08-23T17:18:33.440757+08:00,,,
08/22/2026,中超,Wuhan Three Towns vs Tianjin Jinmen Tiger,Wuhan Three Towns,Tianjin Jinmen Tiger,让球主(-0.2),0.412,1.95,-0.233,,,,lose,0.0,-1.0,已结算,scan24h对账,0,纯数据无伤病情报;联赛基准偏差(λ已平移);平局预警(市场去水平局>=26%),,,,,2026-08-22T19:00:00+08:00,,17.4,,,2026-08-23T17:18:33.440757+08:00,,,
08/22/2026,中超,Wuhan Three Towns vs Tianjin Jinmen Tiger,Wuhan Three Towns,Tianjin Jinmen Tiger,让球客(+0.2),0.588,1.87,0.0496,,,,half,1.435,0.43500000000000005,已结算,scan24h对账,0,纯数据无伤病情报;联赛基准偏差(λ已平移);平局预警(市场去水平局>=26%),,,,,2026-08-22T19:00:00+08:00,,17.4,,,2026-08-23T17:18:33.440757+08:00,,,
08/22/2026,中超,Wuhan Three Towns vs Tianjin Jinmen Tiger,Wuhan Three Towns,Tianjin Jinmen Tiger,小2.50,0.65,2.1,0.3070587335576629,,,,win,2.1,1.1,已结算,scan24h对账,0,纯数据无伤病情报;联赛基准偏差(λ已平移);平局预警(市场去水平局>=26%),,,,,2026-08-22T19:00:00+08:00,,17.4,,,2026-08-23T17:18:33.440757+08:00,,,
08/22/2026,中超,Wuhan Three Towns vs Tianjin Jinmen Tiger,Wuhan Three Towns,Tianjin Jinmen Tiger,大2.50,0.3462,1.76,-0.4167,,,,lose,0.0,-1.0,已结算,scan24h对账,0,纯数据无伤病情报;联赛基准偏差(λ已平移);平局预警(市场去水平局>=26%),,,,,2026-08-22T19:00:00+08:00,,17.4,,,2026-08-23T17:18:33.440757+08:00,,,
08/22/2026,中超,Wuhan Three Towns vs Tianjin Jinmen Tiger,Wuhan Three Towns,Tianjin Jinmen Tiger,1X2主胜,0.3958,2.4,-0.0792,,,,lose,0.0,-1.0,已结算,scan24h对账,0,纯数据无伤病情报;联赛基准偏差(λ已平移);平局预警(市场去水平局>=26%),,,,,2026-08-22T19:00:00+08:00,,17.4,,,2026-08-23T17:18:33.440757+08:00,,,
08/22/2026,中超,Wuhan Three Towns vs Tianjin Jinmen Tiger,Wuhan Three Towns,Tianjin Jinmen Tiger,1X2平局,0.3137,3.55,0.0796,,,,win,3.55,2.55,已结算,scan24h对账,0,纯数据无伤病情报;联赛基准偏差(λ已平移);平局预警(市场去水平局>=26%),,,,,2026-08-22T19:00:00+08:00,,17.4,,,2026-08-23T17:18:33.440757+08:00,,,
08/22/2026,中超,Wuhan Three Towns vs Tianjin Jinmen Tiger,Wuhan Three Towns,Tianjin Jinmen Tiger,1X2客胜,0.2904,3.0,-0.1555,,,,lose,0.0,-1.0,已结算,scan24h对账,0,纯数据无伤病情报;联赛基准偏差(λ已平移);平局预警(市场去水平局>=26%),,,,,2026-08-22T19:00:00+08:00,,17.4,,,2026-08-23T17:18:33.440757+08:00,,,
08/22/2026,英乙,Walsall vs Grimsby Town,Walsall,Grimsby Town,让球主(+0.0),0.1981,2.1,-0.5957,,,,push,1.0,0.0,已结算,scan24h对账,1,纯数据无伤病情报;平局预警-强(市场去水平局>=30%);模型与市场分歧>20pp(模型80% vs 市场54%)->否决,,,,,2026-08-22T19:30:00+08:00,,-1.1,,,2026-08-23T17:18:33.440757+08:00,,,
08/22/2026,英乙,Walsall vs Grimsby Town,Walsall,Grimsby Town,让球客(-0.0),0.65,1.81,0.14380221972814566,,,,push,1.0,0.0,已结算,scan24h对账,1,纯数据无伤病情报;平局预警-强(市场去水平局>=30%);模型与市场分歧>20pp(模型80% vs 市场54%)->否决,,,,,2026-08-22T19:30:00+08:00,,-1.1,,,2026-08-23T17:18:33.440757+08:00,,,
08/22/2026,英乙,Walsall vs Grimsby Town,Walsall,Grimsby Town,小2.50,0.65,1.75,0.09043767152968352,,,,win,1.75,0.75,已结算,scan24h对账,1,纯数据无伤病情报;平局预警-强(市场去水平局>=30%);模型与市场分歧>20pp(模型80% vs 市场54%)->否决,,,,,2026-08-22T19:30:00+08:00,,-1.1,,,2026-08-23T17:18:33.440757+08:00,,,
08/22/2026,英乙,Walsall vs Grimsby Town,Walsall,Grimsby Town,大2.50,0.3077,2.12,-0.3746,,,,lose,0.0,-1.0,已结算,scan24h对账,1,纯数据无伤病情报;平局预警-强(市场去水平局>=30%);模型与市场分歧>20pp(模型80% vs 市场54%)->否决,,,,,2026-08-22T19:30:00+08:00,,-1.1,,,2026-08-23T17:18:33.440757+08:00,,,
08/22/2026,英乙,Walsall vs Grimsby Town,Walsall,Grimsby Town,1X2主胜,0.1078,3.55,-0.624,,,,lose,0.0,-1.0,已结算,scan24h对账,1,纯数据无伤病情报;平局预警-强(市场去水平局>=30%);模型与市场分歧>20pp(模型80% vs 市场54%)->否决,,,,,2026-08-22T19:30:00+08:00,,-1.1,,,2026-08-23T17:18:33.440757+08:00,,,
08/22/2026,英乙,Walsall vs Grimsby Town,Walsall,Grimsby Town,1X2平局,0.2724,2.42,-0.3522,,,,win,2.42,1.42,已结算,scan24h对账,1,纯数据无伤病情报;平局预警-强(市场去水平局>=30%);模型与市场分歧>20pp(模型80% vs 市场54%)->否决,,,,,2026-08-22T19:30:00+08:00,,-1.1,,,2026-08-23T17:18:33.440757+08:00,,,
08/22/2026,英乙,Walsall vs Grimsby Town,Walsall,Grimsby Town,1X2客胜,0.6199,3.1,0.8885,,,,lose,0.0,-1.0,已结算,scan24h对账,1,纯数据无伤病情报;平局预警-强(市场去水平局>=30%);模型与市场分歧>20pp(模型80% vs 市场54%)->否决,,,,,2026-08-22T19:30:00+08:00,,-1.1,,,2026-08-23T17:18:33.440757+08:00,,,
08/22/2026,英乙,Salford City vs Chesterfield,Salford City,Chesterfield,让球主(-0.2),0.4397,1.97,-0.1736,,,,lose,0.0,-1.0,已结算,scan24h对账,0,纯数据无伤病情报;平局预警(市场去水平局>=26%),,,,,2026-08-22T19:30:00+08:00,,-1.1,,,2026-08-23T17:18:33.440757+08:00,,,
08/22/2026,英乙,Salford City vs Chesterfield,Salford City,Chesterfield,让球客(+0.2),0.5603,1.85,-0.0111,,,,win,1.85,0.8500000000000001,已结算,scan24h对账,0,纯数据无伤病情报;平局预警(市场去水平局>=26%),,,,,2026-08-22T19:30:00+08:00,,-1.1,,,2026-08-23T17:18:33.440757+08:00,,,
08/22/2026,英乙,Salford City vs Chesterfield,Salford City,Chesterfield,小2.50,0.65,1.68,0.07543151447661489,1,观察,,win,1.68,0.6799999999999999,已结算,scan24h对账,0,纯数据无伤病情报;平局预警(市场去水平局>=26%),,,,,2026-08-22T19:30:00+08:00,,-1.1,,,2026-08-23T17:18:33.440757+08:00,,,
08/22/2026,英乙,Salford City vs Chesterfield,Salford City,Chesterfield,大2.50,0.2816,2.38,-0.34,,,,lose,0.0,-1.0,已结算,scan24h对账,0,纯数据无伤病情报;平局预警(市场去水平局>=26%),,,,,2026-08-22T19:30:00+08:00,,-1.1,,,2026-08-23T17:18:33.440757+08:00,,,
08/22/2026,英乙,Salford City vs Chesterfield,Salford City,Chesterfield,1X2主胜,0.4182,6.8,1.8174,,,,lose,0.0,-1.0,已结算,scan24h对账,0,纯数据无伤病情报;平局预警(市场去水平局>=26%),,,,,2026-08-22T19:30:00+08:00,,-1.1,,,2026-08-23T17:18:33.440757+08:00,,,
08/22/2026,英乙,Salford City vs Chesterfield,Salford City,Chesterfield,1X2平局,0.3289,3.65,0.1894,,,,lose,0.0,-1.0,已结算,scan24h对账,0,纯数据无伤病情报;平局预警(市场去水平局>=26%),,,,,2026-08-22T19:30:00+08:00,,-1.1,,,2026-08-23T17:18:33.440757+08:00,,,
08/22/2026,英乙,Salford City vs Chesterfield,Salford City,Chesterfield,1X2客胜,0.2529,1.7,-0.5739,,,,win,1.7,0.7,已结算,scan24h对账,0,纯数据无伤病情报;平局预警(市场去水平局>=26%),,,,,2026-08-22T19:30:00+08:00,,-1.1,,,2026-08-23T17:18:33.440757+08:00,,,
08/22/2026,英乙,Bristol Rovers vs Newport County,Bristol Rovers,Newport County,让球主(-0.5),0.65,1.88,0.19555568299116866,,,,win,1.88,0.8799999999999999,已结算,scan24h对账,1,纯数据无伤病情报;平局预警-强(市场去水平局>=30%);模型与市场分歧>20pp(模型87% vs 市场52%)->否决,,,,,2026-08-22T19:30:00+08:00,,-1.1,,,2026-08-23T17:18:33.440757+08:00,,,
08/22/2026,英乙,Bristol Rovers vs Newport County,Bristol Rovers,Newport County,让球客(+0.5),0.1281,2.04,-0.7444,,,,lose,0.0,-1.0,已结算,scan24h对账,1,纯数据无伤病情报;平局预警-强(市场去水平局>=30%);模型与市场分歧>20pp(模型87% vs 市场52%)->否决,,,,,2026-08-22T19:30:00+08:00,,-1.1,,,2026-08-23T17:18:33.440757+08:00,,,
08/22/2026,英乙,Bristol Rovers vs Newport County,Bristol Rovers,Newport County,小2.50,0.315,1.98,-0.4001,,,,lose,0.0,-1.0,已结算,scan24h对账,1,纯数据无伤病情报;平局预警-强(市场去水平局>=30%);模型与市场分歧>20pp(模型87% vs 市场52%)->否决,,,,,2026-08-22T19:30:00+08:00,,-1.1,,,2026-08-23T17:18:33.440757+08:00,,,
08/22/2026,英乙,Bristol Rovers vs Newport County,Bristol Rovers,Newport County,大2.50,0.65,1.87,0.16886131386861303,,,,win,1.87,0.8700000000000001,已结算,scan24h对账,1,纯数据无伤病情报;平局预警-强(市场去水平局>=30%);模型与市场分歧>20pp(模型87% vs 市场52%)->否决,,,,,2026-08-22T19:30:00+08:00,,-1.1,,,2026-08-23T17:18:33.440757+08:00,,,
08/22/2026,英乙,Bristol Rovers vs Newport County,Bristol Rovers,Newport County,1X2主胜,0.65,1.96,0.2626863817097418,,,,win,1.96,0.96,已结算,scan24h对账,1,纯数据无伤病情报;平局预警-强(市场去水平局>=30%);模型与市场分歧>20pp(模型87% vs 市场52%)->否决,,,,,2026-08-22T19:30:00+08:00,,-1.1,,,2026-08-23T17:18:33.440757+08:00,,,
08/22/2026,英乙,Bristol Rovers vs Newport County,Bristol Rovers,Newport County,1X2平局,0.137,2.92,-0.6034,,,,lose,0.0,-1.0,已结算,scan24h对账,1,纯数据无伤病情报;平局预警-强(市场去水平局>=30%);模型与市场分歧>20pp(模型87% vs 市场52%)->否决,,,,,2026-08-22T19:30:00+08:00,,-1.1,,,2026-08-23T17:18:33.440757+08:00,,,
08/22/2026,英乙,Bristol Rovers vs Newport County,Bristol Rovers,Newport County,1X2客胜,0.0582,6.4,-0.6308,,,,lose,0.0,-1.0,已结算,scan24h对账,1,纯数据无伤病情报;平局预警-强(市场去水平局>=30%);模型与市场分歧>20pp(模型87% vs 市场52%)->否决,,,,,2026-08-22T19:30:00+08:00,,-1.1,,,2026-08-23T17:18:33.440757+08:00,,,
08/22/2026,英冠,Millwall vs Norwich City,Millwall,Norwich City,让球主(-0.2),0.2712,2.0,-0.4644,,,,win,2.0,1.0,已结算,scan24h对账,1,纯数据无伤病情报;伤停>2人(主4/客2);模型与市场分歧>20pp(模型73% vs 市场51%)->否决,,,,,2026-08-22T19:30:00+08:00,,-1.2,,,2026-08-23T17:18:33.440757+08:00,,,
08/22/2026,英冠,Millwall vs Norwich City,Millwall,Norwich City,让球客(+0.2),0.65,1.95,0.2513927003293086,,,,lose,0.0,-1.0,已结算,scan24h对账,1,纯数据无伤病情报;伤停>2人(主4/客2);模型与市场分歧>20pp(模型73% vs 市场51%)->否决,,,,,2026-08-22T19:30:00+08:00,,-1.2,,,2026-08-23T17:18:33.440757+08:00,,,
08/22/2026,英冠,Millwall vs Norwich City,Millwall,Norwich City,小2.50,0.65,1.74,0.12452248458414794,,,,lose,0.0,-1.0,已结算,scan24h对账,1,纯数据无伤病情报;伤停>2人(主4/客2);模型与市场分歧>20pp(模型73% vs 市场51%)->否决,,,,,2026-08-22T19:30:00+08:00,,-1.2,,,2026-08-23T17:18:33.440757+08:00,,,
08/22/2026,英冠,Millwall vs Norwich City,Millwall,Norwich City,大2.50,0.3351,2.32,-0.227,,,,win,2.32,1.3199999999999998,已结算,scan24h对账,1,纯数据无伤病情报;伤停>2人(主4/客2);模型与市场分歧>20pp(模型73% vs 市场51%)->否决,,,,,2026-08-22T19:30:00+08:00,,-1.2,,,2026-08-23T17:18:33.440757+08:00,,,
08/22/2026,英冠,Millwall vs Norwich City,Millwall,Norwich City,1X2主胜,0.2834,1.44,-0.5954,,,,win,1.44,0.43999999999999995,已结算,scan24h对账,1,纯数据无伤病情报;伤停>2人(主4/客2);模型与市场分歧>20pp(模型73% vs 市场51%)->否决,,,,,2026-08-22T19:30:00+08:00,,-1.2,,,2026-08-23T17:18:33.440757+08:00,,,
08/22/2026,英冠,Millwall vs Norwich City,Millwall,Norwich City,1X2平局,0.3184,4.4,0.3889,,,,lose,0.0,-1.0,已结算,scan24h对账,1,纯数据无伤病情报;伤停>2人(主4/客2);模型与市场分歧>20pp(模型73% vs 市场51%)->否决,,,,,2026-08-22T19:30:00+08:00,,-1.2,,,2026-08-23T17:18:33.440757+08:00,,,
08/22/2026,英冠,Millwall vs Norwich City,Millwall,Norwich City,1X2客胜,0.3982,11.5,3.5403,,,,lose,0.0,-1.0,已结算,scan24h对账,1,纯数据无伤病情报;伤停>2人(主4/客2);模型与市场分歧>20pp(模型73% vs 市场51%)->否决,,,,,2026-08-22T19:30:00+08:00,,-1.2,,,2026-08-23T17:18:33.440757+08:00,,,
08/22/2026,英冠,Lincoln City vs Portsmouth,Lincoln City,Portsmouth,让球主(-0.2),0.6158,1.96,0.1737,1,标准,,lose,0.0,-1.0,已结算,scan24h对账,0,纯数据无伤病情报;伤停>2人(主0/客7);平局预警(市场去水平局>=26%),,,,,2026-08-22T19:30:00+08:00,,-2.1,,,2026-08-23T17:18:33.440757+08:00,,,
08/22/2026,英冠,Lincoln City vs Portsmouth,Lincoln City,Portsmouth,让球客(+0.2),0.3842,1.93,-0.2789,,,,win,1.93,0.9299999999999999,已结算,scan24h对账,0,纯数据无伤病情报;伤停>2人(主0/客7);平局预警(市场去水平局>=26%),,,,,2026-08-22T19:30:00+08:00,,-2.1,,,2026-08-23T17:18:33.440757+08:00,,,
08/22/2026,英冠,Lincoln City vs Portsmouth,Lincoln City,Portsmouth,小2.50,0.4706,1.88,-0.1303,,,,lose,0.0,-1.0,已结算,scan24h对账,0,纯数据无伤病情报;伤停>2人(主0/客7);平局预警(市场去水平局>=26%),,,,,2026-08-22T19:30:00+08:00,,-2.1,,,2026-08-23T17:18:33.440757+08:00,,,
08/22/2026,英冠,Lincoln City vs Portsmouth,Lincoln City,Portsmouth,大2.50,0.5294,2.06,0.0719,,,,win,2.06,1.06,已结算,scan24h对账,0,纯数据无伤病情报;伤停>2人(主0/客7);平局预警(市场去水平局>=26%),,,,,2026-08-22T19:30:00+08:00,,-2.1,,,2026-08-23T17:18:33.440757+08:00,,,
08/22/2026,英冠,Lincoln City vs Portsmouth,Lincoln City,Portsmouth,1X2主胜,0.56,8.2,3.583,,,,lose,0.0,-1.0,已结算,scan24h对账,0,纯数据无伤病情报;伤停>2人(主0/客7);平局预警(市场去水平局>=26%),,,,,2026-08-22T19:30:00+08:00,,-2.1,,,2026-08-23T17:18:33.440757+08:00,,,
08/22/2026,英冠,Lincoln City vs Portsmouth,Lincoln City,Portsmouth,1X2平局,0.2507,3.7,-0.0741,,,,lose,0.0,-1.0,已结算,scan24h对账,0,纯数据无伤病情报;伤停>2人(主0/客7);平局预警(市场去水平局>=26%),,,,,2026-08-22T19:30:00+08:00,,-2.1,,,2026-08-23T17:18:33.440757+08:00,,,
08/22/2026,英冠,Lincoln City vs Portsmouth,Lincoln City,Portsmouth,1X2客胜,0.1892,1.64,-0.6902,,,,win,1.64,0.6399999999999999,已结算,scan24h对账,0,纯数据无伤病情报;伤停>2人(主0/客7);平局预警(市场去水平局>=26%),,,,,2026-08-22T19:30:00+08:00,,-2.1,,,2026-08-23T17:18:33.440757+08:00,,,
08/22/2026,英冠,Birmingham City vs Bristol City,Birmingham City,Bristol City,让球主(-0.8),0.5109,2.02,0.005,,,,lose,0.0,-1.0,已结算,scan24h对账,1,纯数据无伤病情报;平局预警-强(市场去水平局>=30%);模型与市场分歧>20pp(模型64% vs 市场30%)->否决,,,,,2026-08-22T19:30:00+08:00,,-1.2,,,2026-08-23T17:18:33.440757+08:00,,,
08/22/2026,英冠,Birmingham City vs Bristol City,Birmingham City,Bristol City,让球客(+0.8),0.4891,1.88,-0.1047,,,,win,1.88,0.8799999999999999,已结算,scan24h对账,1,纯数据无伤病情报;平局预警-强(市场去水平局>=30%);模型与市场分歧>20pp(模型64% vs 市场30%)->否决,,,,,2026-08-22T19:30:00+08:00,,-1.2,,,2026-08-23T17:18:33.440757+08:00,,,
08/22/2026,英冠,Birmingham City vs Bristol City,Birmingham City,Bristol City,小2.50,0.645,3.35,1.1441,,,,lose,0.0,-1.0,已结算,scan24h对账,1,纯数据无伤病情报;平局预警-强(市场去水平局>=30%);模型与市场分歧>20pp(模型64% vs 市场30%)->否决,,,,,2026-08-22T19:30:00+08:00,,-1.2,,,2026-08-23T17:18:33.440757+08:00,,,
08/22/2026,英冠,Birmingham City vs Bristol City,Birmingham City,Bristol City,大2.50,0.355,1.41,-0.5032,,,,win,1.41,0.4099999999999999,已结算,scan24h对账,1,纯数据无伤病情报;平局预警-强(市场去水平局>=30%);模型与市场分歧>20pp(模型64% vs 市场30%)->否决,,,,,2026-08-22T19:30:00+08:00,,-1.2,,,2026-08-23T17:18:33.440757+08:00,,,
08/22/2026,英冠,Birmingham City vs Bristol City,Birmingham City,Bristol City,1X2主胜,0.4749,2.52,0.1847,,,,lose,0.0,-1.0,已结算,scan24h对账,1,纯数据无伤病情报;平局预警-强(市场去水平局>=30%);模型与市场分歧>20pp(模型64% vs 市场30%)->否决,,,,,2026-08-22T19:30:00+08:00,,-1.2,,,2026-08-23T17:18:33.440757+08:00,,,
08/22/2026,英冠,Birmingham City vs Bristol City,Birmingham City,Bristol City,1X2平局,0.3029,2.42,-0.2744,,,,win,2.42,1.42,已结算,scan24h对账,1,纯数据无伤病情报;平局预警-强(市场去水平局>=30%);模型与市场分歧>20pp(模型64% vs 市场30%)->否决,,,,,2026-08-22T19:30:00+08:00,,-1.2,,,2026-08-23T17:18:33.440757+08:00,,,
08/22/2026,英冠,Birmingham City vs Bristol City,Birmingham City,Bristol City,1X2客胜,0.2223,5.0,0.1004,,,,lose,0.0,-1.0,已结算,scan24h对账,1,纯数据无伤病情报;平局预警-强(市场去水平局>=30%);模型与市场分歧>20pp(模型64% vs 市场30%)->否决,,,,,2026-08-22T19:30:00+08:00,,-1.2,,,2026-08-23T17:18:33.440757+08:00,,,
08/22/2026,英超,Hull City vs Manchester United,Hull City,Manchester United,让球主(+1.5),0.65,1.91,0.236132031066133,,,,win,1.91,0.9099999999999999,已结算,scan24h对账,1,纯数据无伤病情报;伤停>2人(主8/客3);模型与市场分歧>20pp(模型85% vs 市场52%)->否决,,,,,2026-08-22T19:30:00+08:00,,-1.2,,,2026-08-23T17:18:33.440757+08:00,,,
08/22/2026,英超,Hull City vs Manchester United,Hull City,Manchester United,让球客(-1.5),0.1502,2.08,-0.6889,,,,lose,0.0,-1.0,已结算,scan24h对账,1,纯数据无伤病情报;伤停>2人(主8/客3);模型与市场分歧>20pp(模型85% vs 市场52%)->否决,,,,,2026-08-22T19:30:00+08:00,,-1.2,,,2026-08-23T17:18:33.440757+08:00,,,
08/22/2026,英超,Hull City vs Manchester United,Hull City,Manchester United,小2.50,0.6493,2.32,0.4928,,,,win,2.32,1.3199999999999998,已结算,scan24h对账,1,纯数据无伤病情报;伤停>2人(主8/客3);模型与市场分歧>20pp(模型85% vs 市场52%)->否决,,,,,2026-08-22T19:30:00+08:00,,-1.2,,,2026-08-23T17:18:33.440757+08:00,,,
08/22/2026,英超,Hull City vs Manchester United,Hull City,Manchester United,大2.50,0.3507,1.73,-0.3987,,,,lose,0.0,-1.0,已结算,scan24h对账,1,纯数据无伤病情报;伤停>2人(主8/客3);模型与市场分歧>20pp(模型85% vs 市场52%)->否决,,,,,2026-08-22T19:30:00+08:00,,-1.2,,,2026-08-23T17:18:33.440757+08:00,,,
08/22/2026,英超,Hull City vs Manchester United,Hull City,Manchester United,1X2主胜,0.3296,9.8,2.2184,,,,win,9.8,8.8,已结算,scan24h对账,1,纯数据无伤病情报;伤停>2人(主8/客3);模型与市场分歧>20pp(模型85% vs 市场52%)->否决,,,,,2026-08-22T19:30:00+08:00,,-1.2,,,2026-08-23T17:18:33.440757+08:00,,,
08/22/2026,英超,Hull City vs Manchester United,Hull City,Manchester United,1X2平局,0.3058,5.2,0.5847,,,,lose,0.0,-1.0,已结算,scan24h对账,1,纯数据无伤病情报;伤停>2人(主8/客3);模型与市场分歧>20pp(模型85% vs 市场52%)->否决,,,,,2026-08-22T19:30:00+08:00,,-1.2,,,2026-08-23T17:18:33.440757+08:00,,,
08/22/2026,英超,Hull City vs Manchester United,Hull City,Manchester United,1X2客胜,0.3646,1.41,-0.4878,,,,lose,0.0,-1.0,已结算,scan24h对账,1,纯数据无伤病情报;伤停>2人(主8/客3);模型与市场分歧>20pp(模型85% vs 市场52%)->否决,,,,,2026-08-22T19:30:00+08:00,,-1.2,,,2026-08-23T17:18:33.440757+08:00,,,
08/22/2026,中超,Shenzhen Peng City vs Zhejiang,Shenzhen Peng City,Zhejiang,让球主(+0.0),0.65,1.81,0.13613515958134115,,,,push,1.0,0.0,已结算,scan24h对账,1,纯数据无伤病情报;联赛基准偏差(λ已平移);盘口过期(距开赛18h>阈值12h)->否决,,,,,2026-08-22T19:35:00+08:00,,18.0,,,2026-08-23T17:18:33.440757+08:00,,,
08/22/2026,中超,Shenzhen Peng City vs Zhejiang,Shenzhen Peng City,Zhejiang,让球客(-0.0),0.2261,2.07,-0.5481,,,,push,1.0,0.0,已结算,scan24h对账,1,纯数据无伤病情报;联赛基准偏差(λ已平移);盘口过期(距开赛18h>阈值12h)->否决,,,,,2026-08-22T19:35:00+08:00,,18.0,,,2026-08-23T17:18:33.440757+08:00,,,
08/22/2026,中超,Shenzhen Peng City vs Zhejiang,Shenzhen Peng City,Zhejiang,小2.50,0.2779,2.4,-0.3768,,,,win,2.4,1.4,已结算,scan24h对账,1,纯数据无伤病情报;联赛基准偏差(λ已平移);盘口过期(距开赛18h>阈值12h)->否决,,,,,2026-08-22T19:35:00+08:00,,18.0,,,2026-08-23T17:18:33.440757+08:00,,,
08/22/2026,中超,Shenzhen Peng City vs Zhejiang,Shenzhen Peng City,Zhejiang,大2.50,0.65,1.53,-0.07077274615704199,,,,lose,0.0,-1.0,已结算,scan24h对账,1,纯数据无伤病情报;联赛基准偏差(λ已平移);盘口过期(距开赛18h>阈值12h)->否决,,,,,2026-08-22T19:35:00+08:00,,18.0,,,2026-08-23T17:18:33.440757+08:00,,,
08/22/2026,中超,Shenzhen Peng City vs Zhejiang,Shenzhen Peng City,Zhejiang,1X2主胜,0.6214,2.48,0.5095,,,,lose,0.0,-1.0,已结算,scan24h对账,1,纯数据无伤病情报;联赛基准偏差(λ已平移);盘口过期(距开赛18h>阈值12h)->否决,,,,,2026-08-22T19:35:00+08:00,,18.0,,,2026-08-23T17:18:33.440757+08:00,,,
08/22/2026,中超,Shenzhen Peng City vs Zhejiang,Shenzhen Peng City,Zhejiang,1X2平局,0.2044,3.8,-0.2393,,,,win,3.8,2.8,已结算,scan24h对账,1,纯数据无伤病情报;联赛基准偏差(λ已平移);盘口过期(距开赛18h>阈值12h)->否决,,,,,2026-08-22T19:35:00+08:00,,18.0,,,2026-08-23T17:18:33.440757+08:00,,,
08/22/2026,中超,Shenzhen Peng City vs Zhejiang,Shenzhen Peng City,Zhejiang,1X2客胜,0.1742,2.82,-0.5189,,,,lose,0.0,-1.0,已结算,scan24h对账,1,纯数据无伤病情报;联赛基准偏差(λ已平移);盘口过期(距开赛18h>阈值12h)->否决,,,,,2026-08-22T19:35:00+08:00,,18.0,,,2026-08-23T17:18:33.440757+08:00,,,
08/22/2026,中超,Chengdu Rongcheng vs Shanghai Shenhua,Chengdu Rongcheng,Shanghai Shenhua,让球主(-0.5),0.5935,1.91,0.0882,,,,lose,0.0,-1.0,已结算,scan24h对账,1,纯数据无伤病情报;联赛基准偏差(λ已平移);盘口过期(距开赛18h>阈值12h)->否决,,,,,2026-08-22T19:35:00+08:00,,18.0,,,2026-08-23T17:18:33.440757+08:00,,,
08/22/2026,中超,Chengdu Rongcheng vs Shanghai Shenhua,Chengdu Rongcheng,Shanghai Shenhua,让球客(+0.5),0.4065,1.93,-0.2469,,,,win,1.93,0.9299999999999999,已结算,scan24h对账,1,纯数据无伤病情报;联赛基准偏差(λ已平移);盘口过期(距开赛18h>阈值12h)->否决,,,,,2026-08-22T19:35:00+08:00,,18.0,,,2026-08-23T17:18:33.440757+08:00,,,
08/22/2026,中超,Chengdu Rongcheng vs Shanghai Shenhua,Chengdu Rongcheng,Shanghai Shenhua,小2.50,0.4533,2.8,0.1847,,,,lose,0.0,-1.0,已结算,scan24h对账,1,纯数据无伤病情报;联赛基准偏差(λ已平移);盘口过期(距开赛18h>阈值12h)->否决,,,,,2026-08-22T19:35:00+08:00,,18.0,,,2026-08-23T17:18:33.440757+08:00,,,
08/22/2026,中超,Chengdu Rongcheng vs Shanghai Shenhua,Chengdu Rongcheng,Shanghai Shenhua,大2.50,0.5467,1.4,-0.2857,,,,win,1.4,0.3999999999999999,已结算,scan24h对账,1,纯数据无伤病情报;联赛基准偏差(λ已平移);盘口过期(距开赛18h>阈值12h)->否决,,,,,2026-08-22T19:35:00+08:00,,18.0,,,2026-08-23T17:18:33.440757+08:00,,,
08/22/2026,中超,Chengdu Rongcheng vs Shanghai Shenhua,Chengdu Rongcheng,Shanghai Shenhua,1X2主胜,0.5412,1.85,-0.0224,,,,lose,0.0,-1.0,已结算,scan24h对账,1,纯数据无伤病情报;联赛基准偏差(λ已平移);盘口过期(距开赛18h>阈值12h)->否决,,,,,2026-08-22T19:35:00+08:00,,18.0,,,2026-08-23T17:18:33.440757+08:00,,,
08/22/2026,中超,Chengdu Rongcheng vs Shanghai Shenhua,Chengdu Rongcheng,Shanghai Shenhua,1X2平局,0.251,4.4,0.0783,,,,lose,0.0,-1.0,已结算,scan24h对账,1,纯数据无伤病情报;联赛基准偏差(λ已平移);盘口过期(距开赛18h>阈值12h)->否决,,,,,2026-08-22T19:35:00+08:00,,18.0,,,2026-08-23T17:18:33.440757+08:00,,,
08/22/2026,中超,Chengdu Rongcheng vs Shanghai Shenhua,Chengdu Rongcheng,Shanghai Shenhua,1X2客胜,0.2078,3.9,-0.2089,,,,win,3.9,2.9,已结算,scan24h对账,1,纯数据无伤病情报;联赛基准偏差(λ已平移);盘口过期(距开赛18h>阈值12h)->否决,,,,,2026-08-22T19:35:00+08:00,,18.0,,,2026-08-23T17:18:33.440757+08:00,,,
08/22/2026,法乙,Nantes vs Rodez AF,Nantes,Rodez AF,让球主(-1.5),0.215,1.93,-0.5975,,,,lose,0.0,-1.0,已结算,scan24h对账,1,纯数据无伤病情报;伤停>2人(主4/客0);模型与市场分歧>20pp(模型78% vs 市场50%)->否决,,,,,2026-08-22T20:00:00+08:00,,-0.7,,,2026-08-23T17:18:33.440757+08:00,,,
08/22/2026,法乙,Nantes vs Rodez AF,Nantes,Rodez AF,让球客(+1.5),0.65,1.95,0.22945222929936304,,,,win,1.95,0.95,已结算,scan24h对账,1,纯数据无伤病情报;伤停>2人(主4/客0);模型与市场分歧>20pp(模型78% vs 市场50%)->否决,,,,,2026-08-22T20:00:00+08:00,,-0.7,,,2026-08-23T17:18:33.440757+08:00,,,
08/22/2026,法乙,Nantes vs Rodez AF,Nantes,Rodez AF,小2.50,0.3963,1.96,-0.2526,,,,lose,0.0,-1.0,已结算,scan24h对账,1,纯数据无伤病情报;伤停>2人(主4/客0);模型与市场分歧>20pp(模型78% vs 市场50%)->否决,,,,,2026-08-22T20:00:00+08:00,,-0.7,,,2026-08-23T17:18:33.440757+08:00,,,
08/22/2026,法乙,Nantes vs Rodez AF,Nantes,Rodez AF,大2.50,0.6037,1.89,0.0978,,,,win,1.89,0.8899999999999999,已结算,scan24h对账,1,纯数据无伤病情报;伤停>2人(主4/客0);模型与市场分歧>20pp(模型78% vs 市场50%)->否决,,,,,2026-08-22T20:00:00+08:00,,-0.7,,,2026-08-23T17:18:33.440757+08:00,,,
08/22/2026,法乙,Nantes vs Rodez AF,Nantes,Rodez AF,1X2主胜,0.3991,1.22,-0.5193,,,,lose,0.0,-1.0,已结算,scan24h对账,1,纯数据无伤病情报;伤停>2人(主4/客0);模型与市场分歧>20pp(模型78% vs 市场50%)->否决,,,,,2026-08-22T20:00:00+08:00,,-0.7,,,2026-08-23T17:18:33.440757+08:00,,,
08/22/2026,法乙,Nantes vs Rodez AF,Nantes,Rodez AF,1X2平局,0.2616,6.6,0.7047,,,,lose,0.0,-1.0,已结算,scan24h对账,1,纯数据无伤病情报;伤停>2人(主4/客0);模型与市场分歧>20pp(模型78% vs 市场50%)->否决,,,,,2026-08-22T20:00:00+08:00,,-0.7,,,2026-08-23T17:18:33.440757+08:00,,,
08/22/2026,法乙,Nantes vs Rodez AF,Nantes,Rodez AF,1X2客胜,0.3393,24.0,7.0391,,,,win,24.0,23.0,已结算,scan24h对账,1,纯数据无伤病情报;伤停>2人(主4/客0);模型与市场分歧>20pp(模型78% vs 市场50%)->否决,,,,,2026-08-22T20:00:00+08:00,,-0.7,,,2026-08-23T17:18:33.440757+08:00,,,
08/22/2026,法乙,Metz vs Stade Lavallois,Metz,Stade Lavallois,让球主(-0.5),0.517,1.93,-0.0346,,,,lose,0.0,-1.0,已结算,scan24h对账,0,纯数据无伤病情报;平局预警-强(市场去水平局>=30%),,,,,2026-08-22T20:00:00+08:00,,-0.7,,,2026-08-23T17:18:33.440757+08:00,,,
08/22/2026,法乙,Metz vs Stade Lavallois,Metz,Stade Lavallois,让球客(+0.5),0.483,1.94,-0.0935,,,,win,1.94,0.94,已结算,scan24h对账,0,纯数据无伤病情报;平局预警-强(市场去水平局>=30%),,,,,2026-08-22T20:00:00+08:00,,-0.7,,,2026-08-23T17:18:33.440757+08:00,,,
08/22/2026,法乙,Metz vs Stade Lavallois,Metz,Stade Lavallois,小2.50,0.5774,1.88,0.0468,,,,win,1.88,0.8799999999999999,已结算,scan24h对账,0,纯数据无伤病情报;平局预警-强(市场去水平局>=30%),,,,,2026-08-22T20:00:00+08:00,,-0.7,,,2026-08-23T17:18:33.440757+08:00,,,
08/22/2026,法乙,Metz vs Stade Lavallois,Metz,Stade Lavallois,大2.50,0.4226,1.98,-0.193,,,,lose,0.0,-1.0,已结算,scan24h对账,0,纯数据无伤病情报;平局预警-强(市场去水平局>=30%),,,,,2026-08-22T20:00:00+08:00,,-0.7,,,2026-08-23T17:18:33.440757+08:00,,,
08/22/2026,法乙,Metz vs Stade Lavallois,Metz,Stade Lavallois,1X2主胜,0.4793,2.06,-0.0235,,,,lose,0.0,-1.0,已结算,scan24h对账,0,纯数据无伤病情报;平局预警-强(市场去水平局>=30%),,,,,2026-08-22T20:00:00+08:00,,-0.7,,,2026-08-23T17:18:33.440757+08:00,,,
08/22/2026,法乙,Metz vs Stade Lavallois,Metz,Stade Lavallois,1X2平局,0.2858,3.0,-0.1521,,,,win,3.0,2.0,已结算,scan24h对账,0,纯数据无伤病情报;平局预警-强(市场去水平局>=30%),,,,,2026-08-22T20:00:00+08:00,,-0.7,,,2026-08-23T17:18:33.440757+08:00,,,
08/22/2026,法乙,Metz vs Stade Lavallois,Metz,Stade Lavallois,1X2客胜,0.235,5.2,0.2084,,,,lose,0.0,-1.0,已结算,scan24h对账,0,纯数据无伤病情报;平局预警-强(市场去水平局>=30%),,,,,2026-08-22T20:00:00+08:00,,-0.7,,,2026-08-23T17:18:33.440757+08:00,,,
08/22/2026,中超,Qingdao West Coast vs Shandong Taishan,Qingdao West Coast,Shandong Taishan,让球主(+0.0),0.65,1.88,0.1726962457337886,,,,win,1.88,0.8799999999999999,已结算,scan24h对账,1,纯数据无伤病情报;联赛基准偏差(λ已平移);平局预警(市场去水平局>=26%);盘口过期(距开赛18h>阈值12h)->否决,,,,,2026-08-22T20:00:00+08:00,,18.4,,,2026-08-23T17:18:33.440757+08:00,,,
08/22/2026,中超,Qingdao West Coast vs Shandong Taishan,Qingdao West Coast,Shandong Taishan,让球客(-0.0),0.2382,1.96,-0.5521,,,,lose,0.0,-1.0,已结算,scan24h对账,1,纯数据无伤病情报;联赛基准偏差(λ已平移);平局预警(市场去水平局>=26%);盘口过期(距开赛18h>阈值12h)->否决,,,,,2026-08-22T20:00:00+08:00,,18.4,,,2026-08-23T17:18:33.440757+08:00,,,
08/22/2026,中超,Qingdao West Coast vs Shandong Taishan,Qingdao West Coast,Shandong Taishan,小2.50,0.6317,2.28,0.3932,,,,win,2.28,1.2799999999999998,已结算,scan24h对账,1,纯数据无伤病情报;联赛基准偏差(λ已平移);平局预警(市场去水平局>=26%);盘口过期(距开赛18h>阈值12h)->否决,,,,,2026-08-22T20:00:00+08:00,,18.4,,,2026-08-23T17:18:33.440757+08:00,,,
08/22/2026,中超,Qingdao West Coast vs Shandong Taishan,Qingdao West Coast,Shandong Taishan,大2.50,0.3683,1.68,-0.4016,,,,lose,0.0,-1.0,已结算,scan24h对账,1,纯数据无伤病情报;联赛基准偏差(λ已平移);平局预警(市场去水平局>=26%);盘口过期(距开赛18h>阈值12h)->否决,,,,,2026-08-22T20:00:00+08:00,,18.4,,,2026-08-23T17:18:33.440757+08:00,,,
08/22/2026,中超,Qingdao West Coast vs Shandong Taishan,Qingdao West Coast,Shandong Taishan,1X2主胜,0.581,2.58,0.4603,,,,win,2.58,1.58,已结算,scan24h对账,1,纯数据无伤病情报;联赛基准偏差(λ已平移);平局预警(市场去水平局>=26%);盘口过期(距开赛18h>阈值12h)->否决,,,,,2026-08-22T20:00:00+08:00,,18.4,,,2026-08-23T17:18:33.440757+08:00,,,
08/22/2026,中超,Qingdao West Coast vs Shandong Taishan,Qingdao West Coast,Shandong Taishan,1X2平局,0.2718,3.65,-0.0334,,,,lose,0.0,-1.0,已结算,scan24h对账,1,纯数据无伤病情报;联赛基准偏差(λ已平移);平局预警(市场去水平局>=26%);盘口过期(距开赛18h>阈值12h)->否决,,,,,2026-08-22T20:00:00+08:00,,18.4,,,2026-08-23T17:18:33.440757+08:00,,,
08/22/2026,中超,Qingdao West Coast vs Shandong Taishan,Qingdao West Coast,Shandong Taishan,1X2客胜,0.1471,2.74,-0.6073,,,,lose,0.0,-1.0,已结算,scan24h对账,1,纯数据无伤病情报;联赛基准偏差(λ已平移);平局预警(市场去水平局>=26%);盘口过期(距开赛18h>阈值12h)->否决,,,,,2026-08-22T20:00:00+08:00,,18.4,,,2026-08-23T17:18:33.440757+08:00,,,
08/22/2026,中超,Beijing Guoan vs Yunnan Yukun,Beijing Guoan,Yunnan Yukun,让球主(-1.2),0.5576,1.98,0.0676,,,,lose,0.0,-1.0,已结算,scan24h对账,1,纯数据无伤病情报;λ过高(4.32);联赛基准偏差(λ已平移);盘口过期(距开赛18h>阈值12h)->否决,,,,,2026-08-22T20:00:00+08:00,,18.4,,,2026-08-23T17:18:33.440757+08:00,,,
08/22/2026,中超,Beijing Guoan vs Yunnan Yukun,Beijing Guoan,Yunnan Yukun,让球客(+1.2),0.4424,1.89,-0.1915,,,,win,1.89,0.8899999999999999,已结算,scan24h对账,1,纯数据无伤病情报;λ过高(4.32);联赛基准偏差(λ已平移);盘口过期(距开赛18h>阈值12h)->否决,,,,,2026-08-22T20:00:00+08:00,,18.4,,,2026-08-23T17:18:33.440757+08:00,,,
08/22/2026,中超,Beijing Guoan vs Yunnan Yukun,Beijing Guoan,Yunnan Yukun,小2.50,0.196,3.35,-0.3919,,,,lose,0.0,-1.0,已结算,scan24h对账,1,纯数据无伤病情报;λ过高(4.32);联赛基准偏差(λ已平移);盘口过期(距开赛18h>阈值12h)->否决,,,,,2026-08-22T20:00:00+08:00,,18.4,,,2026-08-23T17:18:33.440757+08:00,,,
08/22/2026,中超,Beijing Guoan vs Yunnan Yukun,Beijing Guoan,Yunnan Yukun,大2.50,0.65,1.28,-0.2294589552238806,,,,win,1.28,0.28,已结算,scan24h对账,1,纯数据无伤病情报;λ过高(4.32);联赛基准偏差(λ已平移);盘口过期(距开赛18h>阈值12h)->否决,,,,,2026-08-22T20:00:00+08:00,,18.4,,,2026-08-23T17:18:33.440757+08:00,,,
08/22/2026,中超,Beijing Guoan vs Yunnan Yukun,Beijing Guoan,Yunnan Yukun,1X2主胜,0.65,1.54,-0.018900804289544104,,,,lose,0.0,-1.0,已结算,scan24h对账,1,纯数据无伤病情报;λ过高(4.32);联赛基准偏差(λ已平移);盘口过期(距开赛18h>阈值12h)->否决,,,,,2026-08-22T20:00:00+08:00,,18.4,,,2026-08-23T17:18:33.440757+08:00,,,
08/22/2026,中超,Beijing Guoan vs Yunnan Yukun,Beijing Guoan,Yunnan Yukun,1X2平局,0.1779,5.2,-0.0933,,,,win,5.2,4.2,已结算,scan24h对账,1,纯数据无伤病情报;λ过高(4.32);联赛基准偏差(λ已平移);盘口过期(距开赛18h>阈值12h)->否决,,,,,2026-08-22T20:00:00+08:00,,18.4,,,2026-08-23T17:18:33.440757+08:00,,,
08/22/2026,中超,Beijing Guoan vs Yunnan Yukun,Beijing Guoan,Yunnan Yukun,1X2客胜,0.1507,5.6,-0.1726,,,,lose,0.0,-1.0,已结算,scan24h对账,1,纯数据无伤病情报;λ过高(4.32);联赛基准偏差(λ已平移);盘口过期(距开赛18h>阈值12h)->否决,,,,,2026-08-22T20:00:00+08:00,,18.4,,,2026-08-23T17:18:33.440757+08:00,,,
08/22/2026,瑞超,Örgryte IS vs Halmstads BK,Örgryte IS,Halmstads BK,让球主(-0.5),0.5999,1.97,0.1787,1,标准,,lose,0.0,-1.0,已结算,scan24h对账,0,纯数据无伤病情报;伤停>2人(主5/客0),,,,,2026-08-22T21:00:00+08:00,,0.4,,,2026-08-23T17:18:33.440757+08:00,,,
08/22/2026,瑞超,Örgryte IS vs Halmstads BK,Örgryte IS,Halmstads BK,让球客(+0.5),0.4001,2.02,-0.194,,,,win,2.02,1.02,已结算,scan24h对账,0,纯数据无伤病情报;伤停>2人(主5/客0),,,,,2026-08-22T21:00:00+08:00,,0.4,,,2026-08-23T17:18:33.440757+08:00,,,
08/22/2026,瑞超,Örgryte IS vs Halmstads BK,Örgryte IS,Halmstads BK,小2.50,0.4044,2.26,-0.1045,,,,win,2.26,1.2599999999999998,已结算,scan24h对账,0,纯数据无伤病情报;伤停>2人(主5/客0),,,,,2026-08-22T21:00:00+08:00,,0.4,,,2026-08-23T17:18:33.440757+08:00,,,
08/22/2026,瑞超,Örgryte IS vs Halmstads BK,Örgryte IS,Halmstads BK,大2.50,0.5956,1.73,0.0098,,,,lose,0.0,-1.0,已结算,scan24h对账,0,纯数据无伤病情报;伤停>2人(主5/客0),,,,,2026-08-22T21:00:00+08:00,,0.4,,,2026-08-23T17:18:33.440757+08:00,,,
08/22/2026,瑞超,Örgryte IS vs Halmstads BK,Örgryte IS,Halmstads BK,1X2主胜,0.5464,1.97,0.0649,,,,lose,0.0,-1.0,已结算,scan24h对账,0,纯数据无伤病情报;伤停>2人(主5/客0),,,,,2026-08-22T21:00:00+08:00,,0.4,,,2026-08-23T17:18:33.440757+08:00,,,
08/22/2026,瑞超,Örgryte IS vs Halmstads BK,Örgryte IS,Halmstads BK,1X2平局,0.2422,3.95,-0.0536,,,,win,3.95,2.95,已结算,scan24h对账,0,纯数据无伤病情报;伤停>2人(主5/客0),,,,,2026-08-22T21:00:00+08:00,,0.4,,,2026-08-23T17:18:33.440757+08:00,,,
08/22/2026,瑞超,Örgryte IS vs Halmstads BK,Örgryte IS,Halmstads BK,1X2客胜,0.2114,4.0,-0.1633,,,,lose,0.0,-1.0,已结算,scan24h对账,0,纯数据无伤病情报;伤停>2人(主5/客0),,,,,2026-08-22T21:00:00+08:00,,0.4,,,2026-08-23T17:18:33.440757+08:00,,,
08/22/2026,英乙,Swindon Town vs Cheltenham Town,Swindon Town,Cheltenham Town,让球主(-0.5),0.65,1.98,0.26110957579107374,,,,win,1.98,0.98,已结算,scan24h对账,1,纯数据无伤病情报;λ过高(4.14);平局预警(市场去水平局>=26%);模型与市场分歧>20pp(模型72% vs 市场49%)->否决,,,,,2026-08-22T22:00:00+08:00,,1.4,,,2026-08-23T17:18:33.440757+08:00,,,
08/22/2026,英乙,Swindon Town vs Cheltenham Town,Swindon Town,Cheltenham Town,让球客(+0.5),0.2763,1.94,-0.4747,,,,lose,0.0,-1.0,已结算,scan24h对账,1,纯数据无伤病情报;λ过高(4.14);平局预警(市场去水平局>=26%);模型与市场分歧>20pp(模型72% vs 市场49%)->否决,,,,,2026-08-22T22:00:00+08:00,,1.4,,,2026-08-23T17:18:33.440757+08:00,,,
08/22/2026,英乙,Swindon Town vs Cheltenham Town,Swindon Town,Cheltenham Town,小2.50,0.2194,1.98,-0.571,,,,lose,0.0,-1.0,已结算,scan24h对账,1,纯数据无伤病情报;λ过高(4.14);平局预警(市场去水平局>=26%);模型与市场分歧>20pp(模型72% vs 市场49%)->否决,,,,,2026-08-22T22:00:00+08:00,,1.4,,,2026-08-23T17:18:33.440757+08:00,,,
08/22/2026,英乙,Swindon Town vs Cheltenham Town,Swindon Town,Cheltenham Town,大2.50,0.65,1.97,0.26452728670253656,,,,win,1.97,0.97,已结算,scan24h对账,1,纯数据无伤病情报;λ过高(4.14);平局预警(市场去水平局>=26%);模型与市场分歧>20pp(模型72% vs 市场49%)->否决,,,,,2026-08-22T22:00:00+08:00,,1.4,,,2026-08-23T17:18:33.440757+08:00,,,
08/22/2026,英乙,Swindon Town vs Cheltenham Town,Swindon Town,Cheltenham Town,1X2主胜,0.65,2.0,0.28676110260336896,,,,win,2.0,1.0,已结算,scan24h对账,1,纯数据无伤病情报;λ过高(4.14);平局预警(市场去水平局>=26%);模型与市场分歧>20pp(模型72% vs 市场49%)->否决,,,,,2026-08-22T22:00:00+08:00,,1.4,,,2026-08-23T17:18:33.440757+08:00,,,
08/22/2026,英乙,Swindon Town vs Cheltenham Town,Swindon Town,Cheltenham Town,1X2平局,0.1869,3.6,-0.3341,,,,lose,0.0,-1.0,已结算,scan24h对账,1,纯数据无伤病情报;λ过高(4.14);平局预警(市场去水平局>=26%);模型与市场分歧>20pp(模型72% vs 市场49%)->否决,,,,,2026-08-22T22:00:00+08:00,,1.4,,,2026-08-23T17:18:33.440757+08:00,,,
08/22/2026,英乙,Swindon Town vs Cheltenham Town,Swindon Town,Cheltenham Town,1X2客胜,0.1601,4.3,-0.3187,,,,lose,0.0,-1.0,已结算,scan24h对账,1,纯数据无伤病情报;λ过高(4.14);平局预警(市场去水平局>=26%);模型与市场分歧>20pp(模型72% vs 市场49%)->否决,,,,,2026-08-22T22:00:00+08:00,,1.4,,,2026-08-23T17:18:33.440757+08:00,,,
08/22/2026,英乙,Shrewsbury Town vs Barnet,Shrewsbury Town,Barnet,让球主(+0.5),0.525,1.87,-0.0333,,,,lose,0.0,-1.0,已结算,scan24h对账,0,纯数据无伤病情报;平局预警(市场去水平局>=26%),,,,,2026-08-22T22:00:00+08:00,,1.4,,,2026-08-23T17:18:33.440757+08:00,,,
08/22/2026,英乙,Shrewsbury Town vs Barnet,Shrewsbury Town,Barnet,让球客(-0.5),0.475,2.08,-0.0271,,,,win,2.08,1.08,已结算,scan24h对账,0,纯数据无伤病情报;平局预警(市场去水平局>=26%),,,,,2026-08-22T22:00:00+08:00,,1.4,,,2026-08-23T17:18:33.440757+08:00,,,
08/22/2026,英乙,Shrewsbury Town vs Barnet,Shrewsbury Town,Barnet,小2.50,0.4967,1.93,-0.0538,,,,lose,0.0,-1.0,已结算,scan24h对账,0,纯数据无伤病情报;平局预警(市场去水平局>=26%),,,,,2026-08-22T22:00:00+08:00,,1.4,,,2026-08-23T17:18:33.440757+08:00,,,
08/22/2026,英乙,Shrewsbury Town vs Barnet,Shrewsbury Town,Barnet,大2.50,0.5033,2.02,0.0034,,,,win,2.02,1.02,已结算,scan24h对账,0,纯数据无伤病情报;平局预警(市场去水平局>=26%),,,,,2026-08-22T22:00:00+08:00,,1.4,,,2026-08-23T17:18:33.440757+08:00,,,
08/22/2026,英乙,Shrewsbury Town vs Barnet,Shrewsbury Town,Barnet,1X2主胜,0.2789,3.95,0.0896,,,,lose,0.0,-1.0,已结算,scan24h对账,0,纯数据无伤病情报;平局预警(市场去水平局>=26%),,,,,2026-08-22T22:00:00+08:00,,1.4,,,2026-08-23T17:18:33.440757+08:00,,,
08/22/2026,英乙,Shrewsbury Town vs Barnet,Shrewsbury Town,Barnet,1X2平局,0.2756,3.55,-0.0324,,,,lose,0.0,-1.0,已结算,scan24h对账,0,纯数据无伤病情报;平局预警(市场去水平局>=26%),,,,,2026-08-22T22:00:00+08:00,,1.4,,,2026-08-23T17:18:33.440757+08:00,,,
08/22/2026,英乙,Shrewsbury Town vs Barnet,Shrewsbury Town,Barnet,1X2客胜,0.4456,2.1,-0.0746,,,,win,2.1,1.1,已结算,scan24h对账,0,纯数据无伤病情报;平局预警(市场去水平局>=26%),,,,,2026-08-22T22:00:00+08:00,,1.4,,,2026-08-23T17:18:33.440757+08:00,,,
08/22/2026,英乙,Rotherham United vs York City,Rotherham United,York City,让球主(+0.0),0.5382,1.91,-0.0007,,,,push,1.0,0.0,已结算,scan24h对账,0,纯数据无伤病情报;平局预警(市场去水平局>=26%),,,,,2026-08-22T22:00:00+08:00,,1.4,,,2026-08-23T17:18:33.440757+08:00,,,
08/22/2026,英乙,Rotherham United vs York City,Rotherham United,York City,让球客(-0.0),0.4618,1.98,-0.111,,,,push,1.0,0.0,已结算,scan24h对账,0,纯数据无伤病情报;平局预警(市场去水平局>=26%),,,,,2026-08-22T22:00:00+08:00,,1.4,,,2026-08-23T17:18:33.440757+08:00,,,
08/22/2026,英乙,Rotherham United vs York City,Rotherham United,York City,小2.50,0.5428,2.0,0.0801,1,标准,,win,2.0,1.0,已结算,scan24h对账,0,纯数据无伤病情报;平局预警(市场去水平局>=26%),,,,,2026-08-22T22:00:00+08:00,,1.4,,,2026-08-23T17:18:33.440757+08:00,,,
08/22/2026,英乙,Rotherham United vs York City,Rotherham United,York City,大2.50,0.4572,1.98,-0.0993,,,,lose,0.0,-1.0,已结算,scan24h对账,0,纯数据无伤病情报;平局预警(市场去水平局>=26%),,,,,2026-08-22T22:00:00+08:00,,1.4,,,2026-08-23T17:18:33.440757+08:00,,,
08/22/2026,英乙,Rotherham United vs York City,Rotherham United,York City,1X2主胜,0.3853,2.64,0.0022,,,,lose,0.0,-1.0,已结算,scan24h对账,0,纯数据无伤病情报;平局预警(市场去水平局>=26%),,,,,2026-08-22T22:00:00+08:00,,1.4,,,2026-08-23T17:18:33.440757+08:00,,,
08/22/2026,英乙,Rotherham United vs York City,Rotherham United,York City,1X2平局,0.2896,3.65,0.0412,,,,win,3.65,2.65,已结算,scan24h对账,0,纯数据无伤病情报;平局预警(市场去水平局>=26%),,,,,2026-08-22T22:00:00+08:00,,1.4,,,2026-08-23T17:18:33.440757+08:00,,,
08/22/2026,英乙,Rotherham United vs York City,Rotherham United,York City,1X2客胜,0.3251,2.76,-0.116,,,,lose,0.0,-1.0,已结算,scan24h对账,0,纯数据无伤病情报;平局预警(市场去水平局>=26%),,,,,2026-08-22T22:00:00+08:00,,1.4,,,2026-08-23T17:18:33.440757+08:00,,,
08/22/2026,英乙,Rochdale vs Crawley Town,Rochdale,Crawley Town,让球主(-0.5),0.5622,1.9,0.0356,,,,lose,0.0,-1.0,已结算,scan24h对账,0,纯数据无伤病情报,,,,,2026-08-22T22:00:00+08:00,,1.4,,,2026-08-23T17:18:33.440757+08:00,,,
08/22/2026,英乙,Rochdale vs Crawley Town,Rochdale,Crawley Town,让球客(+0.5),0.4378,1.98,-0.1594,,,,win,1.98,0.98,已结算,scan24h对账,0,纯数据无伤病情报,,,,,2026-08-22T22:00:00+08:00,,1.4,,,2026-08-23T17:18:33.440757+08:00,,,
08/22/2026,英乙,Rochdale vs Crawley Town,Rochdale,Crawley Town,小2.50,0.65,2.24,0.44402678435550147,,,,lose,0.0,-1.0,已结算,scan24h对账,0,纯数据无伤病情报,,,,,2026-08-22T22:00:00+08:00,,1.4,,,2026-08-23T17:18:33.440757+08:00,,,
08/22/2026,英乙,Rochdale vs Crawley Town,Rochdale,Crawley Town,大2.50,0.3429,1.78,-0.3946,,,,win,1.78,0.78,已结算,scan24h对账,0,纯数据无伤病情报,,,,,2026-08-22T22:00:00+08:00,,1.4,,,2026-08-23T17:18:33.440757+08:00,,,
08/22/2026,英乙,Rochdale vs Crawley Town,Rochdale,Crawley Town,1X2主胜,0.5168,1.94,-0.0072,,,,lose,0.0,-1.0,已结算,scan24h对账,0,纯数据无伤病情报,,,,,2026-08-22T22:00:00+08:00,,1.4,,,2026-08-23T17:18:33.440757+08:00,,,
08/22/2026,英乙,Rochdale vs Crawley Town,Rochdale,Crawley Town,1X2平局,0.2949,3.9,0.1386,,,,lose,0.0,-1.0,已结算,scan24h对账,0,纯数据无伤病情报,,,,,2026-08-22T22:00:00+08:00,,1.4,,,2026-08-23T17:18:33.440757+08:00,,,
08/22/2026,英乙,Rochdale vs Crawley Town,Rochdale,Crawley Town,1X2客胜,0.1883,4.2,-0.217,,,,win,4.2,3.2,已结算,scan24h对账,0,纯数据无伤病情报,,,,,2026-08-22T22:00:00+08:00,,1.4,,,2026-08-23T17:18:33.440757+08:00,,,
08/22/2026,英乙,Port Vale vs Tranmere Rovers,Port Vale,Tranmere Rovers,让球主(-0.5),0.6472,2.0,0.2612,1,高价值,,lose,0.0,-1.0,已结算,scan24h对账,0,纯数据无伤病情报;平局预警(市场去水平局>=26%),,,,,2026-08-22T22:00:00+08:00,,1.4,,,2026-08-23T17:18:33.440757+08:00,,,
08/22/2026,英乙,Port Vale vs Tranmere Rovers,Port Vale,Tranmere Rovers,让球客(+0.5),0.3528,1.9,-0.3469,,,,win,1.9,0.8999999999999999,已结算,scan24h对账,0,纯数据无伤病情报;平局预警(市场去水平局>=26%),,,,,2026-08-22T22:00:00+08:00,,1.4,,,2026-08-23T17:18:33.440757+08:00,,,
08/22/2026,英乙,Port Vale vs Tranmere Rovers,Port Vale,Tranmere Rovers,小2.50,0.4368,1.76,-0.2422,,,,win,1.76,0.76,已结算,scan24h对账,0,纯数据无伤病情报;平局预警(市场去水平局>=26%),,,,,2026-08-22T22:00:00+08:00,,1.4,,,2026-08-23T17:18:33.440757+08:00,,,
08/22/2026,英乙,Port Vale vs Tranmere Rovers,Port Vale,Tranmere Rovers,大2.50,0.5632,2.24,0.2433,,,,lose,0.0,-1.0,已结算,scan24h对账,0,纯数据无伤病情报;平局预警(市场去水平局>=26%),,,,,2026-08-22T22:00:00+08:00,,1.4,,,2026-08-23T17:18:33.440757+08:00,,,
08/22/2026,英乙,Port Vale vs Tranmere Rovers,Port Vale,Tranmere Rovers,1X2主胜,0.5865,2.04,0.1815,,,,lose,0.0,-1.0,已结算,scan24h对账,0,纯数据无伤病情报;平局预警(市场去水平局>=26%),,,,,2026-08-22T22:00:00+08:00,,1.4,,,2026-08-23T17:18:33.440757+08:00,,,
08/22/2026,英乙,Port Vale vs Tranmere Rovers,Port Vale,Tranmere Rovers,1X2平局,0.2368,3.45,-0.1932,,,,win,3.45,2.45,已结算,scan24h对账,0,纯数据无伤病情报;平局预警(市场去水平局>=26%),,,,,2026-08-22T22:00:00+08:00,,1.4,,,2026-08-23T17:18:33.440757+08:00,,,
08/22/2026,英乙,Port Vale vs Tranmere Rovers,Port Vale,Tranmere Rovers,1X2客胜,0.1767,4.3,-0.2497,,,,lose,0.0,-1.0,已结算,scan24h对账,0,纯数据无伤病情报;平局预警(市场去水平局>=26%),,,,,2026-08-22T22:00:00+08:00,,1.4,,,2026-08-23T17:18:33.440757+08:00,,,
08/22/2026,英乙,Fleetwood Town vs Gillingham,Fleetwood Town,Gillingham,让球主(-0.5),0.5755,1.94,0.0913,1,标准,,lose,0.0,-1.0,已结算,scan24h对账,0,纯数据无伤病情报;平局预警(市场去水平局>=26%),,,,,2026-08-22T22:00:00+08:00,,1.4,,,2026-08-23T17:18:33.440757+08:00,,,
08/22/2026,英乙,Fleetwood Town vs Gillingham,Fleetwood Town,Gillingham,让球客(+0.5),0.4245,1.97,-0.1826,,,,win,1.97,0.97,已结算,scan24h对账,0,纯数据无伤病情报;平局预警(市场去水平局>=26%),,,,,2026-08-22T22:00:00+08:00,,1.4,,,2026-08-23T17:18:33.440757+08:00,,,
08/22/2026,英乙,Fleetwood Town vs Gillingham,Fleetwood Town,Gillingham,小2.50,0.5179,1.96,0.0048,,,,win,1.96,0.96,已结算,scan24h对账,0,纯数据无伤病情报;平局预警(市场去水平局>=26%),,,,,2026-08-22T22:00:00+08:00,,1.4,,,2026-08-23T17:18:33.440757+08:00,,,
08/22/2026,英乙,Fleetwood Town vs Gillingham,Fleetwood Town,Gillingham,大2.50,0.4821,2.0,-0.0455,,,,lose,0.0,-1.0,已结算,scan24h对账,0,纯数据无伤病情报;平局预警(市场去水平局>=26%),,,,,2026-08-22T22:00:00+08:00,,1.4,,,2026-08-23T17:18:33.440757+08:00,,,
08/22/2026,英乙,Fleetwood Town vs Gillingham,Fleetwood Town,Gillingham,1X2主胜,0.5266,1.98,0.0267,,,,lose,0.0,-1.0,已结算,scan24h对账,0,纯数据无伤病情报;平局预警(市场去水平局>=26%),,,,,2026-08-22T22:00:00+08:00,,1.4,,,2026-08-23T17:18:33.440757+08:00,,,
08/22/2026,英乙,Fleetwood Town vs Gillingham,Fleetwood Town,Gillingham,1X2平局,0.2651,3.75,-0.0212,,,,win,3.75,2.75,已结算,scan24h对账,0,纯数据无伤病情报;平局预警(市场去水平局>=26%),,,,,2026-08-22T22:00:00+08:00,,1.4,,,2026-08-23T17:18:33.440757+08:00,,,
08/22/2026,英乙,Fleetwood Town vs Gillingham,Fleetwood Town,Gillingham,1X2客胜,0.2083,4.1,-0.1592,,,,lose,0.0,-1.0,已结算,scan24h对账,0,纯数据无伤病情报;平局预警(市场去水平局>=26%),,,,,2026-08-22T22:00:00+08:00,,1.4,,,2026-08-23T17:18:33.440757+08:00,,,
08/22/2026,英乙,Exeter City vs Accrington Stanley,Exeter City,Accrington Stanley,让球主(-0.5),0.4947,2.04,-0.021,,,,win,2.04,1.04,已结算,scan24h对账,0,纯数据无伤病情报;平局预警(市场去水平局>=26%),,,,,2026-08-22T22:00:00+08:00,,1.4,,,2026-08-23T17:18:33.440757+08:00,,,
08/22/2026,英乙,Exeter City vs Accrington Stanley,Exeter City,Accrington Stanley,让球客(+0.5),0.5053,1.85,-0.093,,,,lose,0.0,-1.0,已结算,scan24h对账,0,纯数据无伤病情报;平局预警(市场去水平局>=26%),,,,,2026-08-22T22:00:00+08:00,,1.4,,,2026-08-23T17:18:33.440757+08:00,,,
08/22/2026,英乙,Exeter City vs Accrington Stanley,Exeter City,Accrington Stanley,小2.50,0.6387,1.91,0.2091,2,高价值,,win,1.91,0.9099999999999999,已结算,scan24h对账,0,纯数据无伤病情报;平局预警(市场去水平局>=26%),,,,,2026-08-22T22:00:00+08:00,,1.4,,,2026-08-23T17:18:33.440757+08:00,,,
08/22/2026,英乙,Exeter City vs Accrington Stanley,Exeter City,Accrington Stanley,大2.50,0.3613,2.06,-0.2624,,,,lose,0.0,-1.0,已结算,scan24h对账,0,纯数据无伤病情报;平局预警(市场去水平局>=26%),,,,,2026-08-22T22:00:00+08:00,,1.4,,,2026-08-23T17:18:33.440757+08:00,,,
08/22/2026,英乙,Exeter City vs Accrington Stanley,Exeter City,Accrington Stanley,1X2主胜,0.4616,2.08,-0.048,,,,win,2.08,1.08,已结算,scan24h对账,0,纯数据无伤病情报;平局预警(市场去水平局>=26%),,,,,2026-08-22T22:00:00+08:00,,1.4,,,2026-08-23T17:18:33.440757+08:00,,,
08/22/2026,英乙,Exeter City vs Accrington Stanley,Exeter City,Accrington Stanley,1X2平局,0.3019,3.6,0.0776,,,,lose,0.0,-1.0,已结算,scan24h对账,0,纯数据无伤病情报;平局预警(市场去水平局>=26%),,,,,2026-08-22T22:00:00+08:00,,1.4,,,2026-08-23T17:18:33.440757+08:00,,,
08/22/2026,英乙,Exeter City vs Accrington Stanley,Exeter City,Accrington Stanley,1X2客胜,0.2365,4.0,-0.062,,,,lose,0.0,-1.0,已结算,scan24h对账,0,纯数据无伤病情报;平局预警(市场去水平局>=26%),,,,,2026-08-22T22:00:00+08:00,,1.4,,,2026-08-23T17:18:33.440757+08:00,,,
08/22/2026,英乙,Crewe Alexandra vs Northampton Town,Crewe Alexandra,Northampton Town,让球主(-0.2),0.4792,1.91,-0.1147,,,,win,1.91,0.9099999999999999,已结算,scan24h对账,0,纯数据无伤病情报;平局预警(市场去水平局>=26%),,,,,2026-08-22T22:00:00+08:00,,1.4,,,2026-08-23T17:18:33.440757+08:00,,,
08/22/2026,英乙,Crewe Alexandra vs Northampton Town,Crewe Alexandra,Northampton Town,让球客(+0.2),0.5208,1.96,-0.0125,,,,lose,0.0,-1.0,已结算,scan24h对账,0,纯数据无伤病情报;平局预警(市场去水平局>=26%),,,,,2026-08-22T22:00:00+08:00,,1.4,,,2026-08-23T17:18:33.440757+08:00,,,
08/22/2026,英乙,Crewe Alexandra vs Northampton Town,Crewe Alexandra,Northampton Town,小2.50,0.5727,1.92,0.0875,1,标准,,win,1.92,0.9199999999999999,已结算,scan24h对账,0,纯数据无伤病情报;平局预警(市场去水平局>=26%),,,,,2026-08-22T22:00:00+08:00,,1.4,,,2026-08-23T17:18:33.440757+08:00,,,
08/22/2026,英乙,Crewe Alexandra vs Northampton Town,Crewe Alexandra,Northampton Town,大2.50,0.4273,2.04,-0.1378,,,,lose,0.0,-1.0,已结算,scan24h对账,0,纯数据无伤病情报;平局预警(市场去水平局>=26%),,,,,2026-08-22T22:00:00+08:00,,1.4,,,2026-08-23T17:18:33.440757+08:00,,,
08/22/2026,英乙,Crewe Alexandra vs Northampton Town,Crewe Alexandra,Northampton Town,1X2主胜,0.4489,2.26,0.0082,,,,win,2.26,1.2599999999999998,已结算,scan24h对账,0,纯数据无伤病情报;平局预警(市场去水平局>=26%),,,,,2026-08-22T22:00:00+08:00,,1.4,,,2026-08-23T17:18:33.440757+08:00,,,
08/22/2026,英乙,Crewe Alexandra vs Northampton Town,Crewe Alexandra,Northampton Town,1X2平局,0.2897,3.65,0.0506,,,,lose,0.0,-1.0,已结算,scan24h对账,0,纯数据无伤病情报;平局预警(市场去水平局>=26%),,,,,2026-08-22T22:00:00+08:00,,1.4,,,2026-08-23T17:18:33.440757+08:00,,,
08/22/2026,英乙,Crewe Alexandra vs Northampton Town,Crewe Alexandra,Northampton Town,1X2客胜,0.2614,3.45,-0.1037,,,,lose,0.0,-1.0,已结算,scan24h对账,0,纯数据无伤病情报;平局预警(市场去水平局>=26%),,,,,2026-08-22T22:00:00+08:00,,1.4,,,2026-08-23T17:18:33.440757+08:00,,,
08/22/2026,英乙,Colchester United vs Oldham Athletic,Colchester United,Oldham Athletic,让球主(+0.0),0.65,1.97,0.23847982819450841,,,,win,1.97,0.97,已结算,scan24h对账,0,纯数据无伤病情报;平局预警(市场去水平局>=26%),,,,,2026-08-22T22:00:00+08:00,,1.4,,,2026-08-23T17:18:33.440757+08:00,,,
08/22/2026,英乙,Colchester United vs Oldham Athletic,Colchester United,Oldham Athletic,让球客(-0.0),0.3481,1.9,-0.3603,,,,lose,0.0,-1.0,已结算,scan24h对账,0,纯数据无伤病情报;平局预警(市场去水平局>=26%),,,,,2026-08-22T22:00:00+08:00,,1.4,,,2026-08-23T17:18:33.440757+08:00,,,
08/22/2026,英乙,Colchester United vs Oldham Athletic,Colchester United,Oldham Athletic,小2.50,0.444,1.96,-0.1407,,,,lose,0.0,-1.0,已结算,scan24h对账,0,纯数据无伤病情报;平局预警(市场去水平局>=26%),,,,,2026-08-22T22:00:00+08:00,,1.4,,,2026-08-23T17:18:33.440757+08:00,,,
08/22/2026,英乙,Colchester United vs Oldham Athletic,Colchester United,Oldham Athletic,大2.50,0.556,1.99,0.0926,1,标准,,win,1.99,0.99,已结算,scan24h对账,0,纯数据无伤病情报;平局预警(市场去水平局>=26%),,,,,2026-08-22T22:00:00+08:00,,1.4,,,2026-08-23T17:18:33.440757+08:00,,,
08/22/2026,英乙,Colchester United vs Oldham Athletic,Colchester United,Oldham Athletic,1X2主胜,0.4909,2.82,0.3623,,,,win,2.82,1.8199999999999998,已结算,scan24h对账,0,纯数据无伤病情报;平局预警(市场去水平局>=26%),,,,,2026-08-22T22:00:00+08:00,,1.4,,,2026-08-23T17:18:33.440757+08:00,,,
08/22/2026,英乙,Colchester United vs Oldham Athletic,Colchester United,Oldham Athletic,1X2平局,0.2597,3.5,-0.1056,,,,lose,0.0,-1.0,已结算,scan24h对账,0,纯数据无伤病情报;平局预警(市场去水平局>=26%),,,,,2026-08-22T22:00:00+08:00,,1.4,,,2026-08-23T17:18:33.440757+08:00,,,
08/22/2026,英乙,Colchester United vs Oldham Athletic,Colchester United,Oldham Athletic,1X2客胜,0.2494,2.66,-0.3473,,,,lose,0.0,-1.0,已结算,scan24h对账,0,纯数据无伤病情报;平局预警(市场去水平局>=26%),,,,,2026-08-22T22:00:00+08:00,,1.4,,,2026-08-23T17:18:33.440757+08:00,,,
08/22/2026,英冠,Wrexham vs Watford,Wrexham,Watford,让球主(-0.5),0.6069,1.91,0.1541,,,,lose,0.0,-1.0,已结算,scan24h对账,0,纯数据无伤病情报;伤停>2人(主1/客3),,,,,2026-08-22T22:00:00+08:00,,0.4,,,2026-08-23T17:18:33.440757+08:00,,,
08/22/2026,英冠,Wrexham vs Watford,Wrexham,Watford,让球客(+0.5),0.3931,2.08,-0.1858,,,,win,2.08,1.08,已结算,scan24h对账,0,纯数据无伤病情报;伤停>2人(主1/客3),,,,,2026-08-22T22:00:00+08:00,,0.4,,,2026-08-23T17:18:33.440757+08:00,,,
08/22/2026,英冠,Wrexham vs Watford,Wrexham,Watford,小2.50,0.3901,2.06,-0.1992,,,,win,2.06,1.06,已结算,scan24h对账,0,纯数据无伤病情报;伤停>2人(主1/客3),,,,,2026-08-22T22:00:00+08:00,,0.4,,,2026-08-23T17:18:33.440757+08:00,,,
08/22/2026,英冠,Wrexham vs Watford,Wrexham,Watford,大2.50,0.6099,1.93,0.1728,1,标准,,lose,0.0,-1.0,已结算,scan24h对账,0,纯数据无伤病情报;伤停>2人(主1/客3),,,,,2026-08-22T22:00:00+08:00,,0.4,,,2026-08-23T17:18:33.440757+08:00,,,
08/22/2026,英冠,Wrexham vs Watford,Wrexham,Watford,1X2主胜,0.5522,1.9,0.0439,,,,lose,0.0,-1.0,已结算,scan24h对账,0,纯数据无伤病情报;伤停>2人(主1/客3),,,,,2026-08-22T22:00:00+08:00,,0.4,,,2026-08-23T17:18:33.440757+08:00,,,
08/22/2026,英冠,Wrexham vs Watford,Wrexham,Watford,1X2平局,0.2402,3.9,-0.0679,,,,win,3.9,2.9,已结算,scan24h对账,0,纯数据无伤病情报;伤停>2人(主1/客3),,,,,2026-08-22T22:00:00+08:00,,0.4,,,2026-08-23T17:18:33.440757+08:00,,,
08/22/2026,英冠,Wrexham vs Watford,Wrexham,Watford,1X2客胜,0.2077,4.5,-0.0701,,,,lose,0.0,-1.0,已结算,scan24h对账,0,纯数据无伤病情报;伤停>2人(主1/客3),,,,,2026-08-22T22:00:00+08:00,,0.4,,,2026-08-23T17:18:33.440757+08:00,,,
08/22/2026,英冠,West Ham United vs Charlton Athletic,West Ham United,Charlton Athletic,让球主(-1.2),0.3522,2.06,-0.2809,,,,lose,0.0,-1.0,已结算,scan24h对账,0,"纯数据无伤病情报;伤停>2人(主4/客0);联赛英冠历史负ROI(观察期, 300场后定禁入)",,,,,2026-08-22T22:00:00+08:00,,0.4,,,2026-08-23T17:18:33.440757+08:00,,,
08/22/2026,英冠,West Ham United vs Charlton Athletic,West Ham United,Charlton Athletic,让球客(+1.2),0.6478,1.91,0.2262,2,高价值,,win,1.91,0.9099999999999999,已结算,scan24h对账,0,"纯数据无伤病情报;伤停>2人(主4/客0);联赛英冠历史负ROI(观察期, 300场后定禁入)",,,,,2026-08-22T22:00:00+08:00,,0.4,,,2026-08-23T17:18:33.440757+08:00,,,
08/22/2026,英冠,West Ham United vs Charlton Athletic,West Ham United,Charlton Athletic,小2.50,0.6203,2.27,0.3501,,,,lose,0.0,-1.0,已结算,scan24h对账,0,"纯数据无伤病情报;伤停>2人(主4/客0);联赛英冠历史负ROI(观察期, 300场后定禁入)",,,,,2026-08-22T22:00:00+08:00,,0.4,,,2026-08-23T17:18:33.440757+08:00,,,
08/22/2026,英冠,West Ham United vs Charlton Athletic,West Ham United,Charlton Athletic,大2.50,0.3797,1.66,-0.3956,,,,win,1.66,0.6599999999999999,已结算,scan24h对账,0,"纯数据无伤病情报;伤停>2人(主4/客0);联赛英冠历史负ROI(观察期, 300场后定禁入)",,,,,2026-08-22T22:00:00+08:00,,0.4,,,2026-08-23T17:18:33.440757+08:00,,,
08/22/2026,英冠,West Ham United vs Charlton Athletic,West Ham United,Charlton Athletic,1X2主胜,0.5693,1.46,-0.1738,,,,lose,0.0,-1.0,已结算,scan24h对账,0,"纯数据无伤病情报;伤停>2人(主4/客0);联赛英冠历史负ROI(观察期, 300场后定禁入)",,,,,2026-08-22T22:00:00+08:00,,0.4,,,2026-08-23T17:18:33.440757+08:00,,,
08/22/2026,英冠,West Ham United vs Charlton Athletic,West Ham United,Charlton Athletic,1X2平局,0.2746,5.1,0.3922,,,,lose,0.0,-1.0,已结算,scan24h对账,0,"纯数据无伤病情报;伤停>2人(主4/客0);联赛英冠历史负ROI(观察期, 300场后定禁入)",,,,,2026-08-22T22:00:00+08:00,,0.4,,,2026-08-23T17:18:33.440757+08:00,,,
08/22/2026,英冠,West Ham United vs Charlton Athletic,West Ham United,Charlton Athletic,1X2客胜,0.1561,8.0,0.2414,,,,win,8.0,7.0,已结算,scan24h对账,0,"纯数据无伤病情报;伤停>2人(主4/客0);联赛英冠历史负ROI(观察期, 300场后定禁入)",,,,,2026-08-22T22:00:00+08:00,,0.4,,,2026-08-23T17:18:33.440757+08:00,,,
08/22/2026,英冠,Swansea City vs Sheffield United,Swansea City,Sheffield United,让球主(+0.0),0.6138,2.0,0.2215,,,,push,1.0,0.0,已结算,scan24h对账,0,纯数据无伤病情报;伤停>2人(主3/客0);平局预警(市场去水平局>=26%),,,,,2026-08-22T22:00:00+08:00,,0.4,,,2026-08-23T17:18:33.440757+08:00,,,
08/22/2026,英冠,Swansea City vs Sheffield United,Swansea City,Sheffield United,让球客(-0.0),0.3862,1.98,-0.2392,,,,push,1.0,0.0,已结算,scan24h对账,0,纯数据无伤病情报;伤停>2人(主3/客0);平局预警(市场去水平局>=26%),,,,,2026-08-22T22:00:00+08:00,,0.4,,,2026-08-23T17:18:33.440757+08:00,,,
08/22/2026,英冠,Swansea City vs Sheffield United,Swansea City,Sheffield United,小2.50,0.6268,1.91,0.1866,1,标准,,win,1.91,0.9099999999999999,已结算,scan24h对账,0,纯数据无伤病情报;伤停>2人(主3/客0);平局预警(市场去水平局>=26%),,,,,2026-08-22T22:00:00+08:00,,0.4,,,2026-08-23T17:18:33.440757+08:00,,,
08/22/2026,英冠,Swansea City vs Sheffield United,Swansea City,Sheffield United,大2.50,0.3732,2.06,-0.2381,,,,lose,0.0,-1.0,已结算,scan24h对账,0,纯数据无伤病情报;伤停>2人(主3/客0);平局预警(市场去水平局>=26%),,,,,2026-08-22T22:00:00+08:00,,0.4,,,2026-08-23T17:18:33.440757+08:00,,,
08/22/2026,英冠,Swansea City vs Sheffield United,Swansea City,Sheffield United,1X2主胜,0.4387,2.82,0.2372,,,,lose,0.0,-1.0,已结算,scan24h对账,0,纯数据无伤病情报;伤停>2人(主3/客0);平局预警(市场去水平局>=26%),,,,,2026-08-22T22:00:00+08:00,,0.4,,,2026-08-23T17:18:33.440757+08:00,,,
08/22/2026,英冠,Swansea City vs Sheffield United,Swansea City,Sheffield United,1X2平局,0.3046,3.5,0.0661,,,,win,3.5,2.5,已结算,scan24h对账,0,纯数据无伤病情报;伤停>2人(主3/客0);平局预警(市场去水平局>=26%),,,,,2026-08-22T22:00:00+08:00,,0.4,,,2026-08-23T17:18:33.440757+08:00,,,
08/22/2026,英冠,Swansea City vs Sheffield United,Swansea City,Sheffield United,1X2客胜,0.2567,2.78,-0.2865,,,,lose,0.0,-1.0,已结算,scan24h对账,0,纯数据无伤病情报;伤停>2人(主3/客0);平局预警(市场去水平局>=26%),,,,,2026-08-22T22:00:00+08:00,,0.4,,,2026-08-23T17:18:33.440757+08:00,,,
08/22/2026,英冠,Southampton vs Stoke City,Southampton,Stoke City,让球主(-0.8),0.65,1.875,0.17230834272829765,1,标准,,win,1.875,0.875,已结算,scan24h对账,0,纯数据无伤病情报;伤停>2人(主0/客4),,,,,2026-08-22T22:00:00+08:00,,0.4,,,2026-08-23T17:18:33.440757+08:00,,,
08/22/2026,英冠,Southampton vs Stoke City,Southampton,Stoke City,让球客(+0.8),0.2904,1.975,-0.4484,,,,lose,0.0,-1.0,已结算,scan24h对账,0,纯数据无伤病情报;伤停>2人(主0/客4),,,,,2026-08-22T22:00:00+08:00,,0.4,,,2026-08-23T17:18:33.440757+08:00,,,
08/22/2026,英冠,Southampton vs Stoke City,Southampton,Stoke City,小2.50,0.5948,2.32,0.372,,,,lose,0.0,-1.0,已结算,scan24h对账,0,纯数据无伤病情报;伤停>2人(主0/客4),,,,,2026-08-22T22:00:00+08:00,,0.4,,,2026-08-23T17:18:33.440757+08:00,,,
08/22/2026,英冠,Southampton vs Stoke City,Southampton,Stoke City,大2.50,0.4052,1.74,-0.299,,,,win,1.74,0.74,已结算,scan24h对账,0,纯数据无伤病情报;伤停>2人(主0/客4),,,,,2026-08-22T22:00:00+08:00,,0.4,,,2026-08-23T17:18:33.440757+08:00,,,
08/22/2026,英冠,Southampton vs Stoke City,Southampton,Stoke City,1X2主胜,0.6443,1.68,0.081,,,,win,1.68,0.6799999999999999,已结算,scan24h对账,0,纯数据无伤病情报;伤停>2人(主0/客4),,,,,2026-08-22T22:00:00+08:00,,0.4,,,2026-08-23T17:18:33.440757+08:00,,,
08/22/2026,英冠,Southampton vs Stoke City,Southampton,Stoke City,1X2平局,0.2446,4.6,0.1239,,,,lose,0.0,-1.0,已结算,scan24h对账,0,纯数据无伤病情报;伤停>2人(主0/客4),,,,,2026-08-22T22:00:00+08:00,,0.4,,,2026-08-23T17:18:33.440757+08:00,,,
08/22/2026,英冠,Southampton vs Stoke City,Southampton,Stoke City,1X2客胜,0.1111,5.3,-0.4121,,,,lose,0.0,-1.0,已结算,scan24h对账,0,纯数据无伤病情报;伤停>2人(主0/客4),,,,,2026-08-22T22:00:00+08:00,,0.4,,,2026-08-23T17:18:33.440757+08:00,,,
08/22/2026,英冠,Queens Park Rangers vs Bolton Wanderers,Queens Park Rangers,Bolton Wanderers,让球主(-0.5),0.3826,1.94,-0.2585,,,,lose,0.0,-1.0,已结算,scan24h对账,0,"纯数据无伤病情报;伤停>2人(主4/客2);联赛英冠历史负ROI(观察期, 300场后定禁入)",,,,,2026-08-22T22:00:00+08:00,,0.4,,,2026-08-23T17:18:33.440757+08:00,,,
08/22/2026,英冠,Queens Park Rangers vs Bolton Wanderers,Queens Park Rangers,Bolton Wanderers,让球客(+0.5),0.6174,2.06,0.2708,2,高价值,,win,2.06,1.06,已结算,scan24h对账,0,"纯数据无伤病情报;伤停>2人(主4/客2);联赛英冠历史负ROI(观察期, 300场后定禁入)",,,,,2026-08-22T22:00:00+08:00,,0.4,,,2026-08-23T17:18:33.440757+08:00,,,
08/22/2026,英冠,Queens Park Rangers vs Bolton Wanderers,Queens Park Rangers,Bolton Wanderers,小2.50,0.4378,2.06,-0.1037,,,,win,2.06,1.06,已结算,scan24h对账,0,"纯数据无伤病情报;伤停>2人(主4/客2);联赛英冠历史负ROI(观察期, 300场后定禁入)",,,,,2026-08-22T22:00:00+08:00,,0.4,,,2026-08-23T17:18:33.440757+08:00,,,
08/22/2026,英冠,Queens Park Rangers vs Bolton Wanderers,Queens Park Rangers,Bolton Wanderers,大2.50,0.5622,1.92,0.0727,,,,lose,0.0,-1.0,已结算,scan24h对账,0,"纯数据无伤病情报;伤停>2人(主4/客2);联赛英冠历史负ROI(观察期, 300场后定禁入)",,,,,2026-08-22T22:00:00+08:00,,0.4,,,2026-08-23T17:18:33.440757+08:00,,,
08/22/2026,英冠,Queens Park Rangers vs Bolton Wanderers,Queens Park Rangers,Bolton Wanderers,1X2主胜,0.373,1.94,-0.2796,,,,lose,0.0,-1.0,已结算,scan24h对账,0,"纯数据无伤病情报;伤停>2人(主4/客2);联赛英冠历史负ROI(观察期, 300场后定禁入)",,,,,2026-08-22T22:00:00+08:00,,0.4,,,2026-08-23T17:18:33.440757+08:00,,,
08/22/2026,英冠,Queens Park Rangers vs Bolton Wanderers,Queens Park Rangers,Bolton Wanderers,1X2平局,0.2717,3.9,0.0548,,,,win,3.9,2.9,已结算,scan24h对账,0,"纯数据无伤病情报;伤停>2人(主4/客2);联赛英冠历史负ROI(观察期, 300场后定禁入)",,,,,2026-08-22T22:00:00+08:00,,0.4,,,2026-08-23T17:18:33.440757+08:00,,,
08/22/2026,英冠,Queens Park Rangers vs Bolton Wanderers,Queens Park Rangers,Bolton Wanderers,1X2客胜,0.3553,4.3,0.5212,,,,lose,0.0,-1.0,已结算,scan24h对账,0,"纯数据无伤病情报;伤停>2人(主4/客2);联赛英冠历史负ROI(观察期, 300场后定禁入)",,,,,2026-08-22T22:00:00+08:00,,0.4,,,2026-08-23T17:18:33.440757+08:00,,,
08/22/2026,英冠,Preston North End vs Wolverhampton,Preston North End,Wolverhampton,让球主(+0.5),0.6011,1.89,0.1301,1,标准,,lose,0.0,-1.0,已结算,scan24h对账,0,纯数据无伤病情报;平局预警(市场去水平局>=26%),,,,,2026-08-22T22:00:00+08:00,,0.4,,,2026-08-23T17:18:33.440757+08:00,,,
08/22/2026,英冠,Preston North End vs Wolverhampton,Preston North End,Wolverhampton,让球客(-0.5),0.3989,2.1,-0.1667,,,,win,2.1,1.1,已结算,scan24h对账,0,纯数据无伤病情报;平局预警(市场去水平局>=26%),,,,,2026-08-22T22:00:00+08:00,,0.4,,,2026-08-23T17:18:33.440757+08:00,,,
08/22/2026,英冠,Preston North End vs Wolverhampton,Preston North End,Wolverhampton,小2.50,0.549,2.02,0.1033,,,,lose,0.0,-1.0,已结算,scan24h对账,0,纯数据无伤病情报;平局预警(市场去水平局>=26%),,,,,2026-08-22T22:00:00+08:00,,0.4,,,2026-08-23T17:18:33.440757+08:00,,,
08/22/2026,英冠,Preston North End vs Wolverhampton,Preston North End,Wolverhampton,大2.50,0.451,1.96,-0.1207,,,,win,1.96,0.96,已结算,scan24h对账,0,纯数据无伤病情报;平局预警(市场去水平局>=26%),,,,,2026-08-22T22:00:00+08:00,,0.4,,,2026-08-23T17:18:33.440757+08:00,,,
08/22/2026,英冠,Preston North End vs Wolverhampton,Preston North End,Wolverhampton,1X2主胜,0.3216,3.9,0.2462,,,,lose,0.0,-1.0,已结算,scan24h对账,0,纯数据无伤病情报;平局预警(市场去水平局>=26%),,,,,2026-08-22T22:00:00+08:00,,0.4,,,2026-08-23T17:18:33.440757+08:00,,,
08/22/2026,英冠,Preston North End vs Wolverhampton,Preston North End,Wolverhampton,1X2平局,0.2929,3.65,0.062,,,,lose,0.0,-1.0,已结算,scan24h对账,0,纯数据无伤病情报;平局预警(市场去水平局>=26%),,,,,2026-08-22T22:00:00+08:00,,0.4,,,2026-08-23T17:18:33.440757+08:00,,,
08/22/2026,英冠,Preston North End vs Wolverhampton,Preston North End,Wolverhampton,1X2客胜,0.3855,2.1,-0.1958,,,,win,2.1,1.1,已结算,scan24h对账,0,纯数据无伤病情报;平局预警(市场去水平局>=26%),,,,,2026-08-22T22:00:00+08:00,,0.4,,,2026-08-23T17:18:33.440757+08:00,,,
08/22/2026,英冠,Derby County vs Cardiff City,Derby County,Cardiff City,让球主(-0.2),0.3707,1.92,-0.2927,,,,lose,0.0,-1.0,已结算,scan24h对账,0,"纯数据无伤病情报;伤停>2人(主2/客4);平局预警(市场去水平局>=26%);联赛英冠历史负ROI(观察期, 300场后定禁入)",,,,,2026-08-22T22:00:00+08:00,,0.4,,,2026-08-23T17:18:33.440757+08:00,,,
08/22/2026,英冠,Derby County vs Cardiff City,Derby County,Cardiff City,让球客(+0.2),0.6293,2.06,0.2883,2,高价值,,half,1.53,0.53,已结算,scan24h对账,0,"纯数据无伤病情报;伤停>2人(主2/客4);平局预警(市场去水平局>=26%);联赛英冠历史负ROI(观察期, 300场后定禁入)",,,,,2026-08-22T22:00:00+08:00,,0.4,,,2026-08-23T17:18:33.440757+08:00,,,
08/22/2026,英冠,Derby County vs Cardiff City,Derby County,Cardiff City,小2.50,0.401,2.08,-0.1717,,,,lose,0.0,-1.0,已结算,scan24h对账,0,"纯数据无伤病情报;伤停>2人(主2/客4);平局预警(市场去水平局>=26%);联赛英冠历史负ROI(观察期, 300场后定禁入)",,,,,2026-08-22T22:00:00+08:00,,0.4,,,2026-08-23T17:18:33.440757+08:00,,,
08/22/2026,英冠,Derby County vs Cardiff City,Derby County,Cardiff City,大2.50,0.599,1.9,0.13,,,,win,1.9,0.8999999999999999,已结算,scan24h对账,0,"纯数据无伤病情报;伤停>2人(主2/客4);平局预警(市场去水平局>=26%);联赛英冠历史负ROI(观察期, 300场后定禁入)",,,,,2026-08-22T22:00:00+08:00,,0.4,,,2026-08-23T17:18:33.440757+08:00,,,
08/22/2026,英冠,Derby County vs Cardiff City,Derby County,Cardiff City,1X2主胜,0.3639,2.06,-0.2529,,,,lose,0.0,-1.0,已结算,scan24h对账,0,"纯数据无伤病情报;伤停>2人(主2/客4);平局预警(市场去水平局>=26%);联赛英冠历史负ROI(观察期, 300场后定禁入)",,,,,2026-08-22T22:00:00+08:00,,0.4,,,2026-08-23T17:18:33.440757+08:00,,,
08/22/2026,英冠,Derby County vs Cardiff City,Derby County,Cardiff City,1X2平局,0.2649,3.65,-0.0362,,,,win,3.65,2.65,已结算,scan24h对账,0,"纯数据无伤病情报;伤停>2人(主2/客4);平局预警(市场去水平局>=26%);联赛英冠历史负ROI(观察期, 300场后定禁入)",,,,,2026-08-22T22:00:00+08:00,,0.4,,,2026-08-23T17:18:33.440757+08:00,,,
08/22/2026,英冠,Derby County vs Cardiff City,Derby County,Cardiff City,1X2客胜,0.3712,4.1,0.5168,,,,lose,0.0,-1.0,已结算,scan24h对账,0,"纯数据无伤病情报;伤停>2人(主2/客4);平局预警(市场去水平局>=26%);联赛英冠历史负ROI(观察期, 300场后定禁入)",,,,,2026-08-22T22:00:00+08:00,,0.4,,,2026-08-23T17:18:33.440757+08:00,,,
08/22/2026,英冠,Blackburn Rovers vs Middlesbrough,Blackburn Rovers,Middlesbrough,让球主(+0.5),0.6196,1.95,0.1988,1,标准,,win,1.95,0.95,已结算,scan24h对账,0,纯数据无伤病情报;平局预警(市场去水平局>=26%),,,,,2026-08-22T22:00:00+08:00,,0.4,,,2026-08-23T17:18:33.440757+08:00,,,
08/22/2026,英冠,Blackburn Rovers vs Middlesbrough,Blackburn Rovers,Middlesbrough,让球客(-0.5),0.3804,2.02,-0.2376,,,,lose,0.0,-1.0,已结算,scan24h对账,0,纯数据无伤病情报;平局预警(市场去水平局>=26%),,,,,2026-08-22T22:00:00+08:00,,0.4,,,2026-08-23T17:18:33.440757+08:00,,,
08/22/2026,英冠,Blackburn Rovers vs Middlesbrough,Blackburn Rovers,Middlesbrough,小2.50,0.65,2.08,0.3461599652878218,,,,lose,0.0,-1.0,已结算,scan24h对账,0,纯数据无伤病情报;平局预警(市场去水平局>=26%),,,,,2026-08-22T22:00:00+08:00,,0.4,,,2026-08-23T17:18:33.440757+08:00,,,
08/22/2026,英冠,Blackburn Rovers vs Middlesbrough,Blackburn Rovers,Middlesbrough,大2.50,0.3086,1.91,-0.4131,,,,win,1.91,0.9099999999999999,已结算,scan24h对账,0,纯数据无伤病情报;平局预警(市场去水平局>=26%),,,,,2026-08-22T22:00:00+08:00,,0.4,,,2026-08-23T17:18:33.440757+08:00,,,
08/22/2026,英冠,Blackburn Rovers vs Middlesbrough,Blackburn Rovers,Middlesbrough,1X2主胜,0.3017,4.0,0.1944,,,,win,4.0,3.0,已结算,scan24h对账,0,纯数据无伤病情报;平局预警(市场去水平局>=26%),,,,,2026-08-22T22:00:00+08:00,,0.4,,,2026-08-23T17:18:33.440757+08:00,,,
08/22/2026,英冠,Blackburn Rovers vs Middlesbrough,Blackburn Rovers,Middlesbrough,1X2平局,0.3275,3.7,0.1991,,,,lose,0.0,-1.0,已结算,scan24h对账,0,纯数据无伤病情报;平局预警(市场去水平局>=26%),,,,,2026-08-22T22:00:00+08:00,,0.4,,,2026-08-23T17:18:33.440757+08:00,,,
08/22/2026,英冠,Blackburn Rovers vs Middlesbrough,Blackburn Rovers,Middlesbrough,1X2客胜,0.3708,2.04,-0.2514,,,,lose,0.0,-1.0,已结算,scan24h对账,0,纯数据无伤病情报;平局预警(市场去水平局>=26%),,,,,2026-08-22T22:00:00+08:00,,0.4,,,2026-08-23T17:18:33.440757+08:00,,,
08/22/2026,比甲,SV Zulte Waregem vs SK Beveren,SV Zulte Waregem,SK Beveren,让球主(-0.5),0.65,2.08,0.327565445026178,,,,win,2.08,1.08,已结算,scan24h对账,1,纯数据无伤病情报;λ过高(5.40);平局预警(市场去水平局>=26%);模型与市场分歧>20pp(模型76% vs 市场47%)->否决,,,,,2026-08-22T22:00:00+08:00,,1.3,,,2026-08-23T17:18:33.440757+08:00,,,
08/22/2026,比甲,SV Zulte Waregem vs SK Beveren,SV Zulte Waregem,SK Beveren,让球客(+0.5),0.236,1.86,-0.569,,,,lose,0.0,-1.0,已结算,scan24h对账,1,纯数据无伤病情报;λ过高(5.40);平局预警(市场去水平局>=26%);模型与市场分歧>20pp(模型76% vs 市场47%)->否决,,,,,2026-08-22T22:00:00+08:00,,1.3,,,2026-08-23T17:18:33.440757+08:00,,,
08/22/2026,比甲,SV Zulte Waregem vs SK Beveren,SV Zulte Waregem,SK Beveren,小2.50,0.0962,2.2,-0.7917,,,,lose,0.0,-1.0,已结算,scan24h对账,1,纯数据无伤病情报;λ过高(5.40);平局预警(市场去水平局>=26%);模型与市场分歧>20pp(模型76% vs 市场47%)->否决,,,,,2026-08-22T22:00:00+08:00,,1.3,,,2026-08-23T17:18:33.440757+08:00,,,
08/22/2026,比甲,SV Zulte Waregem vs SK Beveren,SV Zulte Waregem,SK Beveren,大2.50,0.65,1.78,0.13839898207568035,,,,win,1.78,0.78,已结算,scan24h对账,1,纯数据无伤病情报;λ过高(5.40);平局预警(市场去水平局>=26%);模型与市场分歧>20pp(模型76% vs 市场47%)->否决,,,,,2026-08-22T22:00:00+08:00,,1.3,,,2026-08-23T17:18:33.440757+08:00,,,
08/22/2026,比甲,SV Zulte Waregem vs SK Beveren,SV Zulte Waregem,SK Beveren,1X2主胜,0.65,2.1,0.3424731961750218,,,,win,2.1,1.1,已结算,scan24h对账,1,纯数据无伤病情报;λ过高(5.40);平局预警(市场去水平局>=26%);模型与市场分歧>20pp(模型76% vs 市场47%)->否决,,,,,2026-08-22T22:00:00+08:00,,1.3,,,2026-08-23T17:18:33.440757+08:00,,,
08/22/2026,比甲,SV Zulte Waregem vs SK Beveren,SV Zulte Waregem,SK Beveren,1X2平局,0.1575,3.65,-0.4348,,,,lose,0.0,-1.0,已结算,scan24h对账,1,纯数据无伤病情报;λ过高(5.40);平局预警(市场去水平局>=26%);模型与市场分歧>20pp(模型76% vs 市场47%)->否决,,,,,2026-08-22T22:00:00+08:00,,1.3,,,2026-08-23T17:18:33.440757+08:00,,,
08/22/2026,比甲,SV Zulte Waregem vs SK Beveren,SV Zulte Waregem,SK Beveren,1X2客胜,0.1523,3.75,-0.4383,,,,lose,0.0,-1.0,已结算,scan24h对账,1,纯数据无伤病情报;λ过高(5.40);平局预警(市场去水平局>=26%);模型与市场分歧>20pp(模型76% vs 市场47%)->否决,,,,,2026-08-22T22:00:00+08:00,,1.3,,,2026-08-23T17:18:33.440757+08:00,,,
08/22/2026,英超,Nottingham Forest vs Leeds United,Nottingham Forest,Leeds United,让球主(-0.2),0.4533,2.08,-0.0611,,,,lose,0.0,-1.0,已结算,scan24h对账,1,纯数据无伤病情报;伤停>2人(主0/客3);平局预警(市场去水平局>=26%);模型与市场分歧>20pp(模型75% vs 市场54%)->否决,,,,,2026-08-22T22:00:00+08:00,,1.3,,,2026-08-23T17:18:33.440757+08:00,,,
08/22/2026,英超,Nottingham Forest vs Leeds United,Nottingham Forest,Leeds United,让球客(+0.2),0.5467,1.91,0.0396,,,,win,1.91,0.9099999999999999,已结算,scan24h对账,1,纯数据无伤病情报;伤停>2人(主0/客3);平局预警(市场去水平局>=26%);模型与市场分歧>20pp(模型75% vs 市场54%)->否决,,,,,2026-08-22T22:00:00+08:00,,1.3,,,2026-08-23T17:18:33.440757+08:00,,,
08/22/2026,英超,Nottingham Forest vs Leeds United,Nottingham Forest,Leeds United,小2.50,0.65,1.83,0.18341778903853845,,,,win,1.83,0.8300000000000001,已结算,scan24h对账,1,纯数据无伤病情报;伤停>2人(主0/客3);平局预警(市场去水平局>=26%);模型与市场分歧>20pp(模型75% vs 市场54%)->否决,,,,,2026-08-22T22:00:00+08:00,,1.3,,,2026-08-23T17:18:33.440757+08:00,,,
08/22/2026,英超,Nottingham Forest vs Leeds United,Nottingham Forest,Leeds United,大2.50,0.2501,2.18,-0.4576,,,,lose,0.0,-1.0,已结算,scan24h对账,1,纯数据无伤病情报;伤停>2人(主0/客3);平局预警(市场去水平局>=26%);模型与市场分歧>20pp(模型75% vs 市场54%)->否决,,,,,2026-08-22T22:00:00+08:00,,1.3,,,2026-08-23T17:18:33.440757+08:00,,,
08/22/2026,英超,Nottingham Forest vs Leeds United,Nottingham Forest,Leeds United,1X2主胜,0.4291,2.4,0.0244,,,,lose,0.0,-1.0,已结算,scan24h对账,1,纯数据无伤病情报;伤停>2人(主0/客3);平局预警(市场去水平局>=26%);模型与市场分歧>20pp(模型75% vs 市场54%)->否决,,,,,2026-08-22T22:00:00+08:00,,1.3,,,2026-08-23T17:18:33.440757+08:00,,,
08/22/2026,英超,Nottingham Forest vs Leeds United,Nottingham Forest,Leeds United,1X2平局,0.3296,3.5,0.1475,,,,lose,0.0,-1.0,已结算,scan24h对账,1,纯数据无伤病情报;伤停>2人(主0/客3);平局预警(市场去水平局>=26%);模型与市场分歧>20pp(模型75% vs 市场54%)->否决,,,,,2026-08-22T22:00:00+08:00,,1.3,,,2026-08-23T17:18:33.440757+08:00,,,
08/22/2026,英超,Nottingham Forest vs Leeds United,Nottingham Forest,Leeds United,1X2客胜,0.2412,3.3,-0.2082,,,,win,3.3,2.3,已结算,scan24h对账,1,纯数据无伤病情报;伤停>2人(主0/客3);平局预警(市场去水平局>=26%);模型与市场分歧>20pp(模型75% vs 市场54%)->否决,,,,,2026-08-22T22:00:00+08:00,,1.3,,,2026-08-23T17:18:33.440757+08:00,,,
08/22/2026,英超,Ipswich Town vs Sunderland,Ipswich Town,Sunderland,让球主(+0.0),0.65,2.02,0.3060559006211181,,,,win,2.02,1.02,已结算,scan24h对账,1,纯数据无伤病情报;平局预警(市场去水平局>=26%);模型与市场分歧>20pp(模型80% vs 市场49%)->否决,,,,,2026-08-22T22:00:00+08:00,,1.3,,,2026-08-23T17:18:33.440757+08:00,,,
08/22/2026,英超,Ipswich Town vs Sunderland,Ipswich Town,Sunderland,让球客(-0.0),0.195,1.96,-0.6197,,,,lose,0.0,-1.0,已结算,scan24h对账,1,纯数据无伤病情报;平局预警(市场去水平局>=26%);模型与市场分歧>20pp(模型80% vs 市场49%)->否决,,,,,2026-08-22T22:00:00+08:00,,1.3,,,2026-08-23T17:18:33.440757+08:00,,,
08/22/2026,英超,Ipswich Town vs Sunderland,Ipswich Town,Sunderland,小2.50,0.6061,1.79,0.0794,,,,lose,0.0,-1.0,已结算,scan24h对账,1,纯数据无伤病情报;平局预警(市场去水平局>=26%);模型与市场分歧>20pp(模型80% vs 市场49%)->否决,,,,,2026-08-22T22:00:00+08:00,,1.3,,,2026-08-23T17:18:33.440757+08:00,,,
08/22/2026,英超,Ipswich Town vs Sunderland,Ipswich Town,Sunderland,大2.50,0.3939,2.24,-0.1221,,,,win,2.24,1.2400000000000002,已结算,scan24h对账,1,纯数据无伤病情报;平局预警(市场去水平局>=26%);模型与市场分歧>20pp(模型80% vs 市场49%)->否决,,,,,2026-08-22T22:00:00+08:00,,1.3,,,2026-08-23T17:18:33.440757+08:00,,,
08/22/2026,英超,Ipswich Town vs Sunderland,Ipswich Town,Sunderland,1X2主胜,0.6342,2.88,0.8245,,,,win,2.88,1.88,已结算,scan24h对账,1,纯数据无伤病情报;平局预警(市场去水平局>=26%);模型与市场分歧>20pp(模型80% vs 市场49%)->否决,,,,,2026-08-22T22:00:00+08:00,,1.3,,,2026-08-23T17:18:33.440757+08:00,,,
08/22/2026,英超,Ipswich Town vs Sunderland,Ipswich Town,Sunderland,1X2平局,0.2436,3.4,-0.1727,,,,lose,0.0,-1.0,已结算,scan24h对账,1,纯数据无伤病情报;平局预警(市场去水平局>=26%);模型与市场分歧>20pp(模型80% vs 市场49%)->否决,,,,,2026-08-22T22:00:00+08:00,,1.3,,,2026-08-23T17:18:33.440757+08:00,,,
08/22/2026,英超,Ipswich Town vs Sunderland,Ipswich Town,Sunderland,1X2客胜,0.1222,2.78,-0.6605,,,,lose,0.0,-1.0,已结算,scan24h对账,1,纯数据无伤病情报;平局预警(市场去水平局>=26%);模型与市场分歧>20pp(模型80% vs 市场49%)->否决,,,,,2026-08-22T22:00:00+08:00,,1.3,,,2026-08-23T17:18:33.440757+08:00,,,
08/22/2026,英超,Everton vs Crystal Palace,Everton,Crystal Palace,让球主(-0.2),0.4384,2.02,-0.1214,,,,win,2.02,1.02,已结算,scan24h对账,0,纯数据无伤病情报;伤停>2人(主3/客1);平局预警(市场去水平局>=26%),,,,,2026-08-22T22:00:00+08:00,,1.3,,,2026-08-23T17:18:33.440757+08:00,,,
08/22/2026,英超,Everton vs Crystal Palace,Everton,Crystal Palace,让球客(+0.2),0.5616,1.95,0.0866,,,,lose,0.0,-1.0,已结算,scan24h对账,0,纯数据无伤病情报;伤停>2人(主3/客1);平局预警(市场去水平局>=26%),,,,,2026-08-22T22:00:00+08:00,,1.3,,,2026-08-23T17:18:33.440757+08:00,,,
08/22/2026,英超,Everton vs Crystal Palace,Everton,Crystal Palace,小2.50,0.6331,1.92,0.208,2,高价值,,win,1.92,0.9199999999999999,已结算,scan24h对账,0,纯数据无伤病情报;伤停>2人(主3/客1);平局预警(市场去水平局>=26%),,,,,2026-08-22T22:00:00+08:00,,1.3,,,2026-08-23T17:18:33.440757+08:00,,,
08/22/2026,英超,Everton vs Crystal Palace,Everton,Crystal Palace,大2.50,0.3669,2.06,-0.2489,,,,lose,0.0,-1.0,已结算,scan24h对账,0,纯数据无伤病情报;伤停>2人(主3/客1);平局预警(市场去水平局>=26%),,,,,2026-08-22T22:00:00+08:00,,1.3,,,2026-08-23T17:18:33.440757+08:00,,,
08/22/2026,英超,Everton vs Crystal Palace,Everton,Crystal Palace,1X2主胜,0.4166,2.26,-0.0603,,,,win,2.26,1.2599999999999998,已结算,scan24h对账,0,纯数据无伤病情报;伤停>2人(主3/客1);平局预警(市场去水平局>=26%),,,,,2026-08-22T22:00:00+08:00,,1.3,,,2026-08-23T17:18:33.440757+08:00,,,
08/22/2026,英超,Everton vs Crystal Palace,Everton,Crystal Palace,1X2平局,0.2986,3.55,0.058,,,,lose,0.0,-1.0,已结算,scan24h对账,0,纯数据无伤病情报;伤停>2人(主3/客1);平局预警(市场去水平局>=26%),,,,,2026-08-22T22:00:00+08:00,,1.3,,,2026-08-23T17:18:33.440757+08:00,,,
08/22/2026,英超,Everton vs Crystal Palace,Everton,Crystal Palace,1X2客胜,0.2848,3.6,0.0232,,,,lose,0.0,-1.0,已结算,scan24h对账,0,纯数据无伤病情报;伤停>2人(主3/客1);平局预警(市场去水平局>=26%),,,,,2026-08-22T22:00:00+08:00,,1.3,,,2026-08-23T17:18:33.440757+08:00,,,
08/22/2026,葡超,CS Marítimo vs Académico Viseu FC,CS Marítimo,Académico Viseu FC,让球主(-0.5),0.4901,2.1,0.0181,,,,lose,0.0,-1.0,已结算,scan24h对账,0,纯数据无伤病情报;平局预警(市场去水平局>=26%),,,,,2026-08-22T22:30:00+08:00,,1.8,,,2026-08-23T17:18:33.440757+08:00,,,
08/22/2026,葡超,CS Marítimo vs Académico Viseu FC,CS Marítimo,Académico Viseu FC,让球客(+0.5),0.5099,1.87,-0.0568,,,,win,1.87,0.8700000000000001,已结算,scan24h对账,0,纯数据无伤病情报;平局预警(市场去水平局>=26%),,,,,2026-08-22T22:30:00+08:00,,1.8,,,2026-08-23T17:18:33.440757+08:00,,,
08/22/2026,葡超,CS Marítimo vs Académico Viseu FC,CS Marítimo,Académico Viseu FC,小2.50,0.5182,1.71,-0.1182,,,,lose,0.0,-1.0,已结算,scan24h对账,0,纯数据无伤病情报;平局预警(市场去水平局>=26%),,,,,2026-08-22T22:30:00+08:00,,1.8,,,2026-08-23T17:18:33.440757+08:00,,,
08/22/2026,葡超,CS Marítimo vs Académico Viseu FC,CS Marítimo,Académico Viseu FC,大2.50,0.4818,2.38,0.1409,1,标准,,win,2.38,1.38,已结算,scan24h对账,0,纯数据无伤病情报;平局预警(市场去水平局>=26%),,,,,2026-08-22T22:30:00+08:00,,1.8,,,2026-08-23T17:18:33.440757+08:00,,,
08/22/2026,葡超,CS Marítimo vs Académico Viseu FC,CS Marítimo,Académico Viseu FC,1X2主胜,0.4576,2.12,-0.0393,,,,lose,0.0,-1.0,已结算,scan24h对账,0,纯数据无伤病情报;平局预警(市场去水平局>=26%),,,,,2026-08-22T22:30:00+08:00,,1.8,,,2026-08-23T17:18:33.440757+08:00,,,
08/22/2026,葡超,CS Marítimo vs Académico Viseu FC,CS Marítimo,Académico Viseu FC,1X2平局,0.2798,3.4,-0.0579,,,,win,3.4,2.4,已结算,scan24h对账,0,纯数据无伤病情报;平局预警(市场去水平局>=26%),,,,,2026-08-22T22:30:00+08:00,,1.8,,,2026-08-23T17:18:33.440757+08:00,,,
08/22/2026,葡超,CS Marítimo vs Académico Viseu FC,CS Marítimo,Académico Viseu FC,1X2客胜,0.2626,4.1,0.0665,,,,lose,0.0,-1.0,已结算,scan24h对账,0,纯数据无伤病情报;平局预警(市场去水平局>=26%),,,,,2026-08-22T22:30:00+08:00,,1.8,,,2026-08-23T17:18:33.440757+08:00,,,
08/22/2026,荷甲,Fortuna Sittard vs AZ Alkmaar,Fortuna Sittard,AZ Alkmaar,让球主(+1.0),0.65,1.87,0.18029367366543148,,,,lose,0.0,-1.0,已结算,scan24h对账,1,纯数据无伤病情报;伤停>2人(主1/客3);模型与市场分歧>20pp(模型73% vs 市场52%)->否决,,,,,2026-08-22T22:30:00+08:00,,1.8,,,2026-08-23T17:18:33.440757+08:00,,,
08/22/2026,荷甲,Fortuna Sittard vs AZ Alkmaar,Fortuna Sittard,AZ Alkmaar,让球客(-1.0),0.2713,2.02,-0.4678,,,,win,2.02,1.02,已结算,scan24h对账,1,纯数据无伤病情报;伤停>2人(主1/客3);模型与市场分歧>20pp(模型73% vs 市场52%)->否决,,,,,2026-08-22T22:30:00+08:00,,1.8,,,2026-08-23T17:18:33.440757+08:00,,,
08/22/2026,荷甲,Fortuna Sittard vs AZ Alkmaar,Fortuna Sittard,AZ Alkmaar,小2.50,0.65,2.62,0.6036447638603699,,,,win,2.62,1.62,已结算,scan24h对账,1,纯数据无伤病情报;伤停>2人(主1/客3);模型与市场分歧>20pp(模型73% vs 市场52%)->否决,,,,,2026-08-22T22:30:00+08:00,,1.8,,,2026-08-23T17:18:33.440757+08:00,,,
08/22/2026,荷甲,Fortuna Sittard vs AZ Alkmaar,Fortuna Sittard,AZ Alkmaar,大2.50,0.3182,1.47,-0.5595,,,,lose,0.0,-1.0,已结算,scan24h对账,1,纯数据无伤病情报;伤停>2人(主1/客3);模型与市场分歧>20pp(模型73% vs 市场52%)->否决,,,,,2026-08-22T22:30:00+08:00,,1.8,,,2026-08-23T17:18:33.440757+08:00,,,
08/22/2026,荷甲,Fortuna Sittard vs AZ Alkmaar,Fortuna Sittard,AZ Alkmaar,1X2主胜,0.3097,5.2,0.6004,,,,lose,0.0,-1.0,已结算,scan24h对账,1,纯数据无伤病情报;伤停>2人(主1/客3);模型与市场分歧>20pp(模型73% vs 市场52%)->否决,,,,,2026-08-22T22:30:00+08:00,,1.8,,,2026-08-23T17:18:33.440757+08:00,,,
08/22/2026,荷甲,Fortuna Sittard vs AZ Alkmaar,Fortuna Sittard,AZ Alkmaar,1X2平局,0.314,4.3,0.3416,,,,lose,0.0,-1.0,已结算,scan24h对账,1,纯数据无伤病情报;伤停>2人(主1/客3);模型与市场分歧>20pp(模型73% vs 市场52%)->否决,,,,,2026-08-22T22:30:00+08:00,,1.8,,,2026-08-23T17:18:33.440757+08:00,,,
08/22/2026,荷甲,Fortuna Sittard vs AZ Alkmaar,Fortuna Sittard,AZ Alkmaar,1X2客胜,0.3763,1.72,-0.3567,,,,win,1.72,0.72,已结算,scan24h对账,1,纯数据无伤病情报;伤停>2人(主1/客3);模型与市场分歧>20pp(模型73% vs 市场52%)->否决,,,,,2026-08-22T22:30:00+08:00,,1.8,,,2026-08-23T17:18:33.440757+08:00,,,
08/22/2026,西乙,Real Oviedo vs Leganés,Real Oviedo,Leganés,让球主(-0.5),0.4447,1.88,-0.167,,,,lose,0.0,-1.0,已结算,scan24h对账,0,纯数据无伤病情报;平局预警(市场去水平局>=26%);让球客标准档降星,,,,,2026-08-22T23:00:00+08:00,,2.3,,,2026-08-23T17:18:33.440757+08:00,,,
08/22/2026,西乙,Real Oviedo vs Leganés,Real Oviedo,Leganés,让球客(+0.5),0.5553,2.12,0.173,1,标准,,win,2.12,1.12,已结算,scan24h对账,0,纯数据无伤病情报;平局预警(市场去水平局>=26%);让球客标准档降星,,,,,2026-08-22T23:00:00+08:00,,2.3,,,2026-08-23T17:18:33.440757+08:00,,,
08/22/2026,西乙,Real Oviedo vs Leganés,Real Oviedo,Leganés,小2.50,0.65,1.63,0.016141640415354264,,,,win,1.63,0.6299999999999999,已结算,scan24h对账,0,纯数据无伤病情报;平局预警(市场去水平局>=26%);让球客标准档降星,,,,,2026-08-22T23:00:00+08:00,,2.3,,,2026-08-23T17:18:33.440757+08:00,,,
08/22/2026,西乙,Real Oviedo vs Leganés,Real Oviedo,Leganés,大2.50,0.1429,2.33,-0.6808,,,,lose,0.0,-1.0,已结算,scan24h对账,0,纯数据无伤病情报;平局预警(市场去水平局>=26%);让球客标准档降星,,,,,2026-08-22T23:00:00+08:00,,2.3,,,2026-08-23T17:18:33.440757+08:00,,,
08/22/2026,西乙,Real Oviedo vs Leganés,Real Oviedo,Leganés,1X2主胜,0.425,1.88,-0.2072,,,,lose,0.0,-1.0,已结算,scan24h对账,0,纯数据无伤病情报;平局预警(市场去水平局>=26%);让球客标准档降星,,,,,2026-08-22T23:00:00+08:00,,2.3,,,2026-08-23T17:18:33.440757+08:00,,,
08/22/2026,西乙,Real Oviedo vs Leganés,Real Oviedo,Leganés,1X2平局,0.3835,3.4,0.2936,,,,lose,0.0,-1.0,已结算,scan24h对账,0,纯数据无伤病情报;平局预警(市场去水平局>=26%);让球客标准档降星,,,,,2026-08-22T23:00:00+08:00,,2.3,,,2026-08-23T17:18:33.440757+08:00,,,
08/22/2026,西乙,Real Oviedo vs Leganés,Real Oviedo,Leganés,1X2客胜,0.1916,5.5,0.0454,,,,win,5.5,4.5,已结算,scan24h对账,0,纯数据无伤病情报;平局预警(市场去水平局>=26%);让球客标准档降星,,,,,2026-08-22T23:00:00+08:00,,2.3,,,2026-08-23T17:18:33.440757+08:00,,,
08/22/2026,西甲,Athletic Club vs Sevilla,Athletic Club,Sevilla,让球主(-0.8),0.4891,2.02,-0.0197,,,,lose,0.0,-1.0,已结算,scan24h对账,0,纯数据无伤病情报;平局预警(市场去水平局>=26%),,,,,2026-08-22T23:00:00+08:00,,2.3,,,2026-08-23T17:18:33.440757+08:00,,,
08/22/2026,西甲,Athletic Club vs Sevilla,Athletic Club,Sevilla,让球客(+0.8),0.5109,1.95,-0.0116,,,,win,1.95,0.95,已结算,scan24h对账,0,纯数据无伤病情报;平局预警(市场去水平局>=26%),,,,,2026-08-22T23:00:00+08:00,,2.3,,,2026-08-23T17:18:33.440757+08:00,,,
08/22/2026,西甲,Athletic Club vs Sevilla,Athletic Club,Sevilla,小2.50,0.5246,1.73,-0.1072,,,,lose,0.0,-1.0,已结算,scan24h对账,0,纯数据无伤病情报;平局预警(市场去水平局>=26%),,,,,2026-08-22T23:00:00+08:00,,2.3,,,2026-08-23T17:18:33.440757+08:00,,,
08/22/2026,西甲,Athletic Club vs Sevilla,Athletic Club,Sevilla,大2.50,0.4754,2.28,0.0661,1,观察,,win,2.28,1.2799999999999998,已结算,scan24h对账,0,纯数据无伤病情报;平局预警(市场去水平局>=26%),,,,,2026-08-22T23:00:00+08:00,,2.3,,,2026-08-23T17:18:33.440757+08:00,,,
08/22/2026,西甲,Athletic Club vs Sevilla,Athletic Club,Sevilla,1X2主胜,0.4568,1.78,-0.1877,,,,lose,0.0,-1.0,已结算,scan24h对账,0,纯数据无伤病情报;平局预警(市场去水平局>=26%),,,,,2026-08-22T23:00:00+08:00,,2.3,,,2026-08-23T17:18:33.440757+08:00,,,
08/22/2026,西甲,Athletic Club vs Sevilla,Athletic Club,Sevilla,1X2平局,0.2717,3.75,0.0178,,,,lose,0.0,-1.0,已结算,scan24h对账,0,纯数据无伤病情报;平局预警(市场去水平局>=26%),,,,,2026-08-22T23:00:00+08:00,,2.3,,,2026-08-23T17:18:33.440757+08:00,,,
08/22/2026,西甲,Athletic Club vs Sevilla,Athletic Club,Sevilla,1X2客胜,0.2716,5.8,0.5738,,,,win,5.8,4.8,已结算,scan24h对账,0,纯数据无伤病情报;平局预警(市场去水平局>=26%),,,,,2026-08-22T23:00:00+08:00,,2.3,,,2026-08-23T17:18:33.440757+08:00,,,
08/22/2026,法甲,RC Lens vs Auxerre,RC Lens,Auxerre,让球主(-1.0),0.65,1.94,0.22954636692091523,,,,win,1.94,0.94,已结算,scan24h对账,1,纯数据无伤病情报;伤停>2人(主5/客7);模型与市场分歧>20pp(模型75% vs 市场50%)->否决,,,,,2026-08-22T23:15:00+08:00,,2.5,,,2026-08-23T17:18:33.440757+08:00,,,
08/22/2026,法甲,RC Lens vs Auxerre,RC Lens,Auxerre,让球客(+1.0),0.2527,1.96,-0.5172,,,,lose,0.0,-1.0,已结算,scan24h对账,1,纯数据无伤病情报;伤停>2人(主5/客7);模型与市场分歧>20pp(模型75% vs 市场50%)->否决,,,,,2026-08-22T23:15:00+08:00,,2.5,,,2026-08-23T17:18:33.440757+08:00,,,
08/22/2026,法甲,RC Lens vs Auxerre,RC Lens,Auxerre,小2.50,0.2738,2.38,-0.3583,,,,lose,0.0,-1.0,已结算,scan24h对账,1,纯数据无伤病情报;伤停>2人(主5/客7);模型与市场分歧>20pp(模型75% vs 市场50%)->否决,,,,,2026-08-22T23:15:00+08:00,,2.5,,,2026-08-23T17:18:33.440757+08:00,,,
08/22/2026,法甲,RC Lens vs Auxerre,RC Lens,Auxerre,大2.50,0.65,1.68,0.07542687964748018,,,,win,1.68,0.6799999999999999,已结算,scan24h对账,1,纯数据无伤病情报;伤停>2人(主5/客7);模型与市场分歧>20pp(模型75% vs 市场50%)->否决,,,,,2026-08-22T23:15:00+08:00,,2.5,,,2026-08-23T17:18:33.440757+08:00,,,
08/22/2026,法甲,RC Lens vs Auxerre,RC Lens,Auxerre,1X2主胜,0.65,1.54,-0.003991101805809971,,,,win,1.54,0.54,已结算,scan24h对账,1,纯数据无伤病情报;伤停>2人(主5/客7);模型与市场分歧>20pp(模型75% vs 市场50%)->否决,,,,,2026-08-22T23:15:00+08:00,,2.5,,,2026-08-23T17:18:33.440757+08:00,,,
08/22/2026,法甲,RC Lens vs Auxerre,RC Lens,Auxerre,1X2平局,0.1527,4.7,-0.2858,,,,lose,0.0,-1.0,已结算,scan24h对账,1,纯数据无伤病情报;伤停>2人(主5/客7);模型与市场分歧>20pp(模型75% vs 市场50%)->否决,,,,,2026-08-22T23:15:00+08:00,,2.5,,,2026-08-23T17:18:33.440757+08:00,,,
08/22/2026,法甲,RC Lens vs Auxerre,RC Lens,Auxerre,1X2客胜,0.0831,7.0,-0.4211,,,,lose,0.0,-1.0,已结算,scan24h对账,1,纯数据无伤病情报;伤停>2人(主5/客7);模型与市场分歧>20pp(模型75% vs 市场50%)->否决,,,,,2026-08-22T23:15:00+08:00,,2.5,,,2026-08-23T17:18:33.440757+08:00,,,
08/23/2026,土超,Çorum FK vs Kasımpaşa,Çorum FK,Kasımpaşa,让球主(-0.2),0.5289,1.99,0.0203,,,,lose,0.0,-1.0,已结算,scan24h对账,0,纯数据无伤病情报;平局预警(市场去水平局>=26%),,,,,2026-08-23T00:00:00+08:00,,3.3,,,2026-08-23T17:18:33.440757+08:00,,,
08/23/2026,土超,Çorum FK vs Kasımpaşa,Çorum FK,Kasımpaşa,让球客(+0.2),0.4711,1.89,-0.1369,,,,win,1.89,0.8899999999999999,已结算,scan24h对账,0,纯数据无伤病情报;平局预警(市场去水平局>=26%),,,,,2026-08-23T00:00:00+08:00,,3.3,,,2026-08-23T17:18:33.440757+08:00,,,
08/23/2026,土超,Çorum FK vs Kasımpaşa,Çorum FK,Kasımpaşa,小2.50,0.4535,2.02,-0.0934,,,,win,2.02,1.02,已结算,scan24h对账,0,纯数据无伤病情报;平局预警(市场去水平局>=26%),,,,,2026-08-23T00:00:00+08:00,,3.3,,,2026-08-23T17:18:33.440757+08:00,,,
08/23/2026,土超,Çorum FK vs Kasımpaşa,Çorum FK,Kasımpaşa,大2.50,0.5465,1.94,0.0491,,,,lose,0.0,-1.0,已结算,scan24h对账,0,纯数据无伤病情报;平局预警(市场去水平局>=26%),,,,,2026-08-23T00:00:00+08:00,,3.3,,,2026-08-23T17:18:33.440757+08:00,,,
08/23/2026,土超,Çorum FK vs Kasımpaşa,Çorum FK,Kasımpaşa,1X2主胜,0.4885,2.1,0.0158,,,,lose,0.0,-1.0,已结算,scan24h对账,0,纯数据无伤病情报;平局预警(市场去水平局>=26%),,,,,2026-08-23T00:00:00+08:00,,3.3,,,2026-08-23T17:18:33.440757+08:00,,,
08/23/2026,土超,Çorum FK vs Kasımpaşa,Çorum FK,Kasımpaşa,1X2平局,0.2617,3.65,-0.0542,,,,lose,0.0,-1.0,已结算,scan24h对账,0,纯数据无伤病情报;平局预警(市场去水平局>=26%),,,,,2026-08-23T00:00:00+08:00,,3.3,,,2026-08-23T17:18:33.440757+08:00,,,
08/23/2026,土超,Çorum FK vs Kasımpaşa,Çorum FK,Kasımpaşa,1X2客胜,0.2498,3.85,-0.0477,,,,win,3.85,2.85,已结算,scan24h对账,0,纯数据无伤病情报;平局预警(市场去水平局>=26%),,,,,2026-08-23T00:00:00+08:00,,3.3,,,2026-08-23T17:18:33.440757+08:00,,,
08/23/2026,土超,Çaykur Rizespor vs Samsunspor,Çaykur Rizespor,Samsunspor,让球主(-0.2),0.65,1.87,0.18301366263794017,,,,lose,0.0,-1.0,已结算,scan24h对账,1,纯数据无伤病情报;伤停>2人(主1/客6);λ过高(4.14);平局预警(市场去水平局>=26%);模型与市场分歧>20pp(模型76% vs 市场52%)->否决,,,,,2026-08-23T00:00:00+08:00,,3.3,,,2026-08-23T17:18:33.440757+08:00,,,
08/23/2026,土超,Çaykur Rizespor vs Samsunspor,Çaykur Rizespor,Samsunspor,让球客(+0.2),0.2388,2.03,-0.5281,,,,win,2.03,1.0299999999999998,已结算,scan24h对账,1,纯数据无伤病情报;伤停>2人(主1/客6);λ过高(4.14);平局预警(市场去水平局>=26%);模型与市场分歧>20pp(模型76% vs 市场52%)->否决,,,,,2026-08-23T00:00:00+08:00,,3.3,,,2026-08-23T17:18:33.440757+08:00,,,
08/23/2026,土超,Çaykur Rizespor vs Samsunspor,Çaykur Rizespor,Samsunspor,小2.50,0.2196,2.1,-0.5425,,,,win,2.1,1.1,已结算,scan24h对账,1,纯数据无伤病情报;伤停>2人(主1/客6);λ过高(4.14);平局预警(市场去水平局>=26%);模型与市场分歧>20pp(模型76% vs 市场52%)->否决,,,,,2026-08-23T00:00:00+08:00,,3.3,,,2026-08-23T17:18:33.440757+08:00,,,
08/23/2026,土超,Çaykur Rizespor vs Samsunspor,Çaykur Rizespor,Samsunspor,大2.50,0.65,1.88,0.2121283956945157,,,,lose,0.0,-1.0,已结算,scan24h对账,1,纯数据无伤病情报;伤停>2人(主1/客6);λ过高(4.14);平局预警(市场去水平局>=26%);模型与市场分歧>20pp(模型76% vs 市场52%)->否决,,,,,2026-08-23T00:00:00+08:00,,3.3,,,2026-08-23T17:18:33.440757+08:00,,,
08/23/2026,土超,Çaykur Rizespor vs Samsunspor,Çaykur Rizespor,Samsunspor,1X2主胜,0.65,2.14,0.3836240732664631,,,,lose,0.0,-1.0,已结算,scan24h对账,1,纯数据无伤病情报;伤停>2人(主1/客6);λ过高(4.14);平局预警(市场去水平局>=26%);模型与市场分歧>20pp(模型76% vs 市场52%)->否决,,,,,2026-08-23T00:00:00+08:00,,3.3,,,2026-08-23T17:18:33.440757+08:00,,,
08/23/2026,土超,Çaykur Rizespor vs Samsunspor,Çaykur Rizespor,Samsunspor,1X2平局,0.1754,3.55,-0.3805,,,,lose,0.0,-1.0,已结算,scan24h对账,1,纯数据无伤病情报;伤停>2人(主1/客6);λ过高(4.14);平局预警(市场去水平局>=26%);模型与市场分歧>20pp(模型76% vs 市场52%)->否决,,,,,2026-08-23T00:00:00+08:00,,3.3,,,2026-08-23T17:18:33.440757+08:00,,,
08/23/2026,土超,Çaykur Rizespor vs Samsunspor,Çaykur Rizespor,Samsunspor,1X2客胜,0.1366,3.9,-0.4701,,,,win,3.9,2.9,已结算,scan24h对账,1,纯数据无伤病情报;伤停>2人(主1/客6);λ过高(4.14);平局预警(市场去水平局>=26%);模型与市场分歧>20pp(模型76% vs 市场52%)->否决,,,,,2026-08-23T00:00:00+08:00,,3.3,,,2026-08-23T17:18:33.440757+08:00,,,
08/23/2026,比甲,RC Sporting Charleroi vs KV Mechelen,RC Sporting Charleroi,KV Mechelen,让球主(-0.8),0.6241,1.88,0.1453,1,标准,,win,1.88,0.8799999999999999,已结算,scan24h对账,0,纯数据无伤病情报;伤停>2人(主1/客6),,,,,2026-08-23T00:15:00+08:00,,3.6,,,2026-08-23T17:18:33.440757+08:00,,,
08/23/2026,比甲,RC Sporting Charleroi vs KV Mechelen,RC Sporting Charleroi,KV Mechelen,让球客(+0.8),0.3759,2.03,-0.2552,,,,lose,0.0,-1.0,已结算,scan24h对账,0,纯数据无伤病情报;伤停>2人(主1/客6),,,,,2026-08-23T00:15:00+08:00,,3.6,,,2026-08-23T17:18:33.440757+08:00,,,
08/23/2026,比甲,RC Sporting Charleroi vs KV Mechelen,RC Sporting Charleroi,KV Mechelen,小2.50,0.5282,2.18,0.1353,,,,win,2.18,1.1800000000000002,已结算,scan24h对账,0,纯数据无伤病情报;伤停>2人(主1/客6),,,,,2026-08-23T00:15:00+08:00,,3.6,,,2026-08-23T17:18:33.440757+08:00,,,
08/23/2026,比甲,RC Sporting Charleroi vs KV Mechelen,RC Sporting Charleroi,KV Mechelen,大2.50,0.4718,1.8,-0.1628,,,,lose,0.0,-1.0,已结算,scan24h对账,0,纯数据无伤病情报;伤停>2人(主1/客6),,,,,2026-08-23T00:15:00+08:00,,3.6,,,2026-08-23T17:18:33.440757+08:00,,,
08/23/2026,比甲,RC Sporting Charleroi vs KV Mechelen,RC Sporting Charleroi,KV Mechelen,1X2主胜,0.5675,1.71,-0.0428,,,,win,1.71,0.71,已结算,scan24h对账,0,纯数据无伤病情报;伤停>2人(主1/客6),,,,,2026-08-23T00:15:00+08:00,,3.6,,,2026-08-23T17:18:33.440757+08:00,,,
08/23/2026,比甲,RC Sporting Charleroi vs KV Mechelen,RC Sporting Charleroi,KV Mechelen,1X2平局,0.2582,4.1,0.0441,,,,lose,0.0,-1.0,已结算,scan24h对账,0,纯数据无伤病情报;伤停>2人(主1/客6),,,,,2026-08-23T00:15:00+08:00,,3.6,,,2026-08-23T17:18:33.440757+08:00,,,
08/23/2026,比甲,RC Sporting Charleroi vs KV Mechelen,RC Sporting Charleroi,KV Mechelen,1X2客胜,0.1743,5.4,-0.0717,,,,lose,0.0,-1.0,已结算,scan24h对账,0,纯数据无伤病情报;伤停>2人(主1/客6),,,,,2026-08-23T00:15:00+08:00,,3.6,,,2026-08-23T17:18:33.440757+08:00,,,
08/23/2026,意甲,Udinese vs Como,Udinese,Como,让球主(+0.5),0.5744,2.12,0.2098,,,,win,2.12,1.12,已结算,scan24h对账,0,纯数据无伤病情报;伤停>2人(主3/客1);平局预警(市场去水平局>=26%),,,,,2026-08-23T00:30:00+08:00,,3.8,,,2026-08-23T17:18:33.440757+08:00,,,
08/23/2026,意甲,Udinese vs Como,Udinese,Como,让球客(-0.5),0.4256,1.87,-0.2092,,,,lose,0.0,-1.0,已结算,scan24h对账,0,纯数据无伤病情报;伤停>2人(主3/客1);平局预警(市场去水平局>=26%),,,,,2026-08-23T00:30:00+08:00,,3.8,,,2026-08-23T17:18:33.440757+08:00,,,
08/23/2026,意甲,Udinese vs Como,Udinese,Como,小2.50,0.65,1.79,0.14590876692801147,1,标准,,win,1.79,0.79,已结算,scan24h对账,0,纯数据无伤病情报;伤停>2人(主3/客1);平局预警(市场去水平局>=26%),,,,,2026-08-23T00:30:00+08:00,,3.8,,,2026-08-23T17:18:33.440757+08:00,,,
08/23/2026,意甲,Udinese vs Como,Udinese,Como,大2.50,0.2985,2.19,-0.356,,,,lose,0.0,-1.0,已结算,scan24h对账,0,纯数据无伤病情报;伤停>2人(主3/客1);平局预警(市场去水平局>=26%),,,,,2026-08-23T00:30:00+08:00,,3.8,,,2026-08-23T17:18:33.440757+08:00,,,
08/23/2026,意甲,Udinese vs Como,Udinese,Como,1X2主胜,0.2617,5.1,0.3285,,,,lose,0.0,-1.0,已结算,scan24h对账,0,纯数据无伤病情报;伤停>2人(主3/客1);平局预警(市场去水平局>=26%),,,,,2026-08-23T00:30:00+08:00,,3.8,,,2026-08-23T17:18:33.440757+08:00,,,
08/23/2026,意甲,Udinese vs Como,Udinese,Como,1X2平局,0.3313,3.65,0.2035,,,,win,3.65,2.65,已结算,scan24h对账,0,纯数据无伤病情报;伤停>2人(主3/客1);平局预警(市场去水平局>=26%),,,,,2026-08-23T00:30:00+08:00,,3.8,,,2026-08-23T17:18:33.440757+08:00,,,
08/23/2026,意甲,Udinese vs Como,Udinese,Como,1X2客胜,0.4069,1.87,-0.2427,,,,lose,0.0,-1.0,已结算,scan24h对账,0,纯数据无伤病情报;伤停>2人(主3/客1);平局预警(市场去水平局>=26%),,,,,2026-08-23T00:30:00+08:00,,3.8,,,2026-08-23T17:18:33.440757+08:00,,,
08/23/2026,意甲,Inter vs Monza,Inter,Monza,让球主(-2.0),0.5868,1.93,0.1177,1,标准,,win,1.93,0.9299999999999999,已结算,scan24h对账,0,纯数据无伤病情报;伤停>2人(主1/客5),,,,,2026-08-23T00:30:00+08:00,,3.8,,,2026-08-23T17:18:33.440757+08:00,,,
08/23/2026,意甲,Inter vs Monza,Inter,Monza,让球客(+2.0),0.4132,2.02,-0.1761,,,,lose,0.0,-1.0,已结算,scan24h对账,0,纯数据无伤病情报;伤停>2人(主1/客5),,,,,2026-08-23T00:30:00+08:00,,3.8,,,2026-08-23T17:18:33.440757+08:00,,,
08/23/2026,意甲,Inter vs Monza,Inter,Monza,小2.50,0.3309,2.46,-0.1989,,,,lose,0.0,-1.0,已结算,scan24h对账,0,纯数据无伤病情报;伤停>2人(主1/客5),,,,,2026-08-23T00:30:00+08:00,,3.8,,,2026-08-23T17:18:33.440757+08:00,,,
08/23/2026,意甲,Inter vs Monza,Inter,Monza,大2.50,0.65,1.64,0.04887909131669388,,,,win,1.64,0.6399999999999999,已结算,scan24h对账,0,纯数据无伤病情报;伤停>2人(主1/客5),,,,,2026-08-23T00:30:00+08:00,,3.8,,,2026-08-23T17:18:33.440757+08:00,,,
08/23/2026,意甲,Inter vs Monza,Inter,Monza,1X2主胜,0.65,1.2,-0.2240892701728212,,,,win,1.2,0.19999999999999996,已结算,scan24h对账,0,纯数据无伤病情报;伤停>2人(主1/客5),,,,,2026-08-23T00:30:00+08:00,,3.8,,,2026-08-23T17:18:33.440757+08:00,,,
08/23/2026,意甲,Inter vs Monza,Inter,Monza,1X2平局,0.1412,8.2,0.1521,,,,lose,0.0,-1.0,已结算,scan24h对账,0,纯数据无伤病情报;伤停>2人(主1/客5),,,,,2026-08-23T00:30:00+08:00,,3.8,,,2026-08-23T17:18:33.440757+08:00,,,
08/23/2026,意甲,Inter vs Monza,Inter,Monza,1X2客胜,0.0544,20.0,0.0827,,,,lose,0.0,-1.0,已结算,scan24h对账,0,纯数据无伤病情报;伤停>2人(主1/客5),,,,,2026-08-23T00:30:00+08:00,,3.8,,,2026-08-23T17:18:33.440757+08:00,,,
08/23/2026,英超,Brentford vs Tottenham Hotspur,Brentford,Tottenham Hotspur,让球主(-0.2),0.5592,1.91,0.0586,1,观察,,win,1.91,0.9099999999999999,已结算,scan24h对账,0,纯数据无伤病情报,,,,,2026-08-23T00:30:00+08:00,,3.8,,,2026-08-23T17:18:33.440757+08:00,,,
08/23/2026,英超,Brentford vs Tottenham Hotspur,Brentford,Tottenham Hotspur,让球客(+0.2),0.4408,2.06,-0.1001,,,,lose,0.0,-1.0,已结算,scan24h对账,0,纯数据无伤病情报,,,,,2026-08-23T00:30:00+08:00,,3.8,,,2026-08-23T17:18:33.440757+08:00,,,
08/23/2026,英超,Brentford vs Tottenham Hotspur,Brentford,Tottenham Hotspur,小2.50,0.4932,2.28,0.1168,,,,lose,0.0,-1.0,已结算,scan24h对账,0,纯数据无伤病情报,,,,,2026-08-23T00:30:00+08:00,,3.8,,,2026-08-23T17:18:33.440757+08:00,,,
08/23/2026,英超,Brentford vs Tottenham Hotspur,Brentford,Tottenham Hotspur,大2.50,0.5068,1.76,-0.114,,,,win,1.76,0.76,已结算,scan24h对账,0,纯数据无伤病情报,,,,,2026-08-23T00:30:00+08:00,,3.8,,,2026-08-23T17:18:33.440757+08:00,,,
08/23/2026,英超,Brentford vs Tottenham Hotspur,Brentford,Tottenham Hotspur,1X2主胜,0.513,2.2,0.124,,,,win,2.2,1.2000000000000002,已结算,scan24h对账,0,纯数据无伤病情报,,,,,2026-08-23T00:30:00+08:00,,3.8,,,2026-08-23T17:18:33.440757+08:00,,,
08/23/2026,英超,Brentford vs Tottenham Hotspur,Brentford,Tottenham Hotspur,1X2平局,0.2568,3.85,-0.0153,,,,lose,0.0,-1.0,已结算,scan24h对账,0,纯数据无伤病情报,,,,,2026-08-23T00:30:00+08:00,,3.8,,,2026-08-23T17:18:33.440757+08:00,,,
08/23/2026,英超,Brentford vs Tottenham Hotspur,Brentford,Tottenham Hotspur,1X2客胜,0.2301,3.45,-0.2093,,,,lose,0.0,-1.0,已结算,scan24h对账,0,纯数据无伤病情报,,,,,2026-08-23T00:30:00+08:00,,3.8,,,2026-08-23T17:18:33.440757+08:00,,,
08/23/2026,荷甲,Sparta Rotterdam vs FC Utrecht,Sparta Rotterdam,FC Utrecht,让球主(+0.0),0.5083,1.96,-0.0187,,,,push,1.0,0.0,已结算,scan24h对账,0,"纯数据无伤病情报;伤停>2人(主0/客4);平局预警(市场去水平局>=26%);联赛荷甲历史负ROI(观察期, 300场后定禁入)",,,,,2026-08-23T00:45:00+08:00,,4.1,,,2026-08-23T17:18:33.440757+08:00,,,
08/23/2026,荷甲,Sparta Rotterdam vs FC Utrecht,Sparta Rotterdam,FC Utrecht,让球客(-0.0),0.4917,1.98,-0.0411,,,,push,1.0,0.0,已结算,scan24h对账,0,"纯数据无伤病情报;伤停>2人(主0/客4);平局预警(市场去水平局>=26%);联赛荷甲历史负ROI(观察期, 300场后定禁入)",,,,,2026-08-23T00:45:00+08:00,,4.1,,,2026-08-23T17:18:33.440757+08:00,,,
08/23/2026,荷甲,Sparta Rotterdam vs FC Utrecht,Sparta Rotterdam,FC Utrecht,小2.50,0.5702,2.24,0.2628,2,高价值,,lose,0.0,-1.0,已结算,scan24h对账,0,"纯数据无伤病情报;伤停>2人(主0/客4);平局预警(市场去水平局>=26%);联赛荷甲历史负ROI(观察期, 300场后定禁入)",,,,,2026-08-23T00:45:00+08:00,,4.1,,,2026-08-23T17:18:33.440757+08:00,,,
08/23/2026,荷甲,Sparta Rotterdam vs FC Utrecht,Sparta Rotterdam,FC Utrecht,大2.50,0.4298,1.77,-0.2478,,,,win,1.77,0.77,已结算,scan24h对账,0,"纯数据无伤病情报;伤停>2人(主0/客4);平局预警(市场去水平局>=26%);联赛荷甲历史负ROI(观察期, 300场后定禁入)",,,,,2026-08-23T00:45:00+08:00,,4.1,,,2026-08-23T17:18:33.440757+08:00,,,
08/23/2026,荷甲,Sparta Rotterdam vs FC Utrecht,Sparta Rotterdam,FC Utrecht,1X2主胜,0.3628,2.72,-0.0197,,,,lose,0.0,-1.0,已结算,scan24h对账,0,"纯数据无伤病情报;伤停>2人(主0/客4);平局预警(市场去水平局>=26%);联赛荷甲历史负ROI(观察期, 300场后定禁入)",,,,,2026-08-23T00:45:00+08:00,,4.1,,,2026-08-23T17:18:33.440757+08:00,,,
08/23/2026,荷甲,Sparta Rotterdam vs FC Utrecht,Sparta Rotterdam,FC Utrecht,1X2平局,0.2876,3.65,0.0427,,,,win,3.65,2.65,已结算,scan24h对账,0,"纯数据无伤病情报;伤停>2人(主0/客4);平局预警(市场去水平局>=26%);联赛荷甲历史负ROI(观察期, 300场后定禁入)",,,,,2026-08-23T00:45:00+08:00,,4.1,,,2026-08-23T17:18:33.440757+08:00,,,
08/23/2026,荷甲,Sparta Rotterdam vs FC Utrecht,Sparta Rotterdam,FC Utrecht,1X2客胜,0.3497,2.74,-0.0481,,,,lose,0.0,-1.0,已结算,scan24h对账,0,"纯数据无伤病情报;伤停>2人(主0/客4);平局预警(市场去水平局>=26%);联赛荷甲历史负ROI(观察期, 300场后定禁入)",,,,,2026-08-23T00:45:00+08:00,,4.1,,,2026-08-23T17:18:33.440757+08:00,,,
08/23/2026,葡超,Estoril Praia vs Rio Ave,Estoril Praia,Rio Ave,让球主(-0.5),0.588,1.94,0.0892,1,标准,,lose,0.0,-1.0,已结算,scan24h对账,0,纯数据无伤病情报;伤停>2人(主1/客4);平局预警(市场去水平局>=26%),,,,,2026-08-23T01:00:00+08:00,,4.3,,,2026-08-23T17:18:33.440757+08:00,,,
08/23/2026,葡超,Estoril Praia vs Rio Ave,Estoril Praia,Rio Ave,让球客(+0.5),0.412,1.88,-0.2606,,,,win,1.88,0.8799999999999999,已结算,scan24h对账,0,纯数据无伤病情报;伤停>2人(主1/客4);平局预警(市场去水平局>=26%),,,,,2026-08-23T01:00:00+08:00,,4.3,,,2026-08-23T17:18:33.440757+08:00,,,
08/23/2026,葡超,Estoril Praia vs Rio Ave,Estoril Praia,Rio Ave,小2.50,0.5259,2.04,0.0611,,,,win,2.04,1.04,已结算,scan24h对账,0,纯数据无伤病情报;伤停>2人(主1/客4);平局预警(市场去水平局>=26%),,,,,2026-08-23T01:00:00+08:00,,4.3,,,2026-08-23T17:18:33.440757+08:00,,,
08/23/2026,葡超,Estoril Praia vs Rio Ave,Estoril Praia,Rio Ave,大2.50,0.4741,1.92,-0.0997,,,,lose,0.0,-1.0,已结算,scan24h对账,0,纯数据无伤病情报;伤停>2人(主1/客4);平局预警(市场去水平局>=26%),,,,,2026-08-23T01:00:00+08:00,,4.3,,,2026-08-23T17:18:33.440757+08:00,,,
08/23/2026,葡超,Estoril Praia vs Rio Ave,Estoril Praia,Rio Ave,1X2主胜,0.5371,2.12,0.1364,,,,lose,0.0,-1.0,已结算,scan24h对账,0,纯数据无伤病情报;伤停>2人(主1/客4);平局预警(市场去水平局>=26%),,,,,2026-08-23T01:00:00+08:00,,4.3,,,2026-08-23T17:18:33.440757+08:00,,,
08/23/2026,葡超,Estoril Praia vs Rio Ave,Estoril Praia,Rio Ave,1X2平局,0.2657,3.65,-0.0322,,,,lose,0.0,-1.0,已结算,scan24h对账,0,纯数据无伤病情报;伤停>2人(主1/客4);平局预警(市场去水平局>=26%),,,,,2026-08-23T01:00:00+08:00,,4.3,,,2026-08-23T17:18:33.440757+08:00,,,
08/23/2026,葡超,Estoril Praia vs Rio Ave,Estoril Praia,Rio Ave,1X2客胜,0.1971,3.9,-0.2327,,,,win,3.9,2.9,已结算,scan24h对账,0,纯数据无伤病情报;伤停>2人(主1/客4);平局预警(市场去水平局>=26%),,,,,2026-08-23T01:00:00+08:00,,4.3,,,2026-08-23T17:18:33.440757+08:00,,,
08/23/2026,西乙,Albacete Balompié vs Real Sociedad B,Albacete Balompié,Real Sociedad B,让球主(-0.8),0.5982,2.06,0.2112,3,高价值,,lose,0.0,-1.0,已结算,scan24h对账,0,纯数据无伤病情报,,,,,2026-08-23T01:00:00+08:00,,4.3,,,2026-08-23T17:18:33.440757+08:00,,,
08/23/2026,西乙,Albacete Balompié vs Real Sociedad B,Albacete Balompié,Real Sociedad B,让球客(+0.8),0.4018,1.88,-0.2575,,,,win,1.88,0.8799999999999999,已结算,scan24h对账,0,纯数据无伤病情报,,,,,2026-08-23T01:00:00+08:00,,4.3,,,2026-08-23T17:18:33.440757+08:00,,,
08/23/2026,西乙,Albacete Balompié vs Real Sociedad B,Albacete Balompié,Real Sociedad B,小2.50,0.4537,2.04,-0.0797,,,,lose,0.0,-1.0,已结算,scan24h对账,0,纯数据无伤病情报,,,,,2026-08-23T01:00:00+08:00,,4.3,,,2026-08-23T17:18:33.440757+08:00,,,
08/23/2026,西乙,Albacete Balompié vs Real Sociedad B,Albacete Balompié,Real Sociedad B,大2.50,0.5463,1.94,0.0539,,,,win,1.94,0.94,已结算,scan24h对账,0,纯数据无伤病情报,,,,,2026-08-23T01:00:00+08:00,,4.3,,,2026-08-23T17:18:33.440757+08:00,,,
08/23/2026,西乙,Albacete Balompié vs Real Sociedad B,Albacete Balompié,Real Sociedad B,1X2主胜,0.5451,1.83,-0.0167,,,,lose,0.0,-1.0,已结算,scan24h对账,0,纯数据无伤病情报,,,,,2026-08-23T01:00:00+08:00,,4.3,,,2026-08-23T17:18:33.440757+08:00,,,
08/23/2026,西乙,Albacete Balompié vs Real Sociedad B,Albacete Balompié,Real Sociedad B,1X2平局,0.2502,3.85,-0.0507,,,,lose,0.0,-1.0,已结算,scan24h对账,0,纯数据无伤病情报,,,,,2026-08-23T01:00:00+08:00,,4.3,,,2026-08-23T17:18:33.440757+08:00,,,
08/23/2026,西乙,Albacete Balompié vs Real Sociedad B,Albacete Balompié,Real Sociedad B,1X2客胜,0.2047,4.8,-0.0313,,,,win,4.8,3.8,已结算,scan24h对账,0,纯数据无伤病情报,,,,,2026-08-23T01:00:00+08:00,,4.3,,,2026-08-23T17:18:33.440757+08:00,,,
08/23/2026,西乙,AD Ceuta vs UD Las Palmas,AD Ceuta,UD Las Palmas,让球主(+0.2),0.65,1.93,0.19792551685075033,,,,lose,0.0,-1.0,已结算,scan24h对账,1,纯数据无伤病情报;平局预警(市场去水平局>=26%);模型与市场分歧>20pp(模型71% vs 市场49%)->否决,,,,,2026-08-23T01:00:00+08:00,,4.3,,,2026-08-23T17:18:33.440757+08:00,,,
08/23/2026,西乙,AD Ceuta vs UD Las Palmas,AD Ceuta,UD Las Palmas,让球客(-0.2),0.2938,1.89,-0.4698,,,,win,1.89,0.8899999999999999,已结算,scan24h对账,1,纯数据无伤病情报;平局预警(市场去水平局>=26%);模型与市场分歧>20pp(模型71% vs 市场49%)->否决,,,,,2026-08-23T01:00:00+08:00,,4.3,,,2026-08-23T17:18:33.440757+08:00,,,
08/23/2026,西乙,AD Ceuta vs UD Las Palmas,AD Ceuta,UD Las Palmas,小2.50,0.6206,2.04,0.2588,,,,win,2.04,1.04,已结算,scan24h对账,1,纯数据无伤病情报;平局预警(市场去水平局>=26%);模型与市场分歧>20pp(模型71% vs 市场49%)->否决,,,,,2026-08-23T01:00:00+08:00,,4.3,,,2026-08-23T17:18:33.440757+08:00,,,
08/23/2026,西乙,AD Ceuta vs UD Las Palmas,AD Ceuta,UD Las Palmas,大2.50,0.3794,1.94,-0.2681,,,,lose,0.0,-1.0,已结算,scan24h对账,1,纯数据无伤病情报;平局预警(市场去水平局>=26%);模型与市场分歧>20pp(模型71% vs 市场49%)->否决,,,,,2026-08-23T01:00:00+08:00,,4.3,,,2026-08-23T17:18:33.440757+08:00,,,
08/23/2026,西乙,AD Ceuta vs UD Las Palmas,AD Ceuta,UD Las Palmas,1X2主胜,0.3921,3.0,0.1672,,,,lose,0.0,-1.0,已结算,scan24h对账,1,纯数据无伤病情报;平局预警(市场去水平局>=26%);模型与市场分歧>20pp(模型71% vs 市场49%)->否决,,,,,2026-08-23T01:00:00+08:00,,4.3,,,2026-08-23T17:18:33.440757+08:00,,,
08/23/2026,西乙,AD Ceuta vs UD Las Palmas,AD Ceuta,UD Las Palmas,1X2平局,0.306,3.45,0.0476,,,,lose,0.0,-1.0,已结算,scan24h对账,1,纯数据无伤病情报;平局预警(市场去水平局>=26%);模型与市场分歧>20pp(模型71% vs 市场49%)->否决,,,,,2026-08-23T01:00:00+08:00,,4.3,,,2026-08-23T17:18:33.440757+08:00,,,
08/23/2026,西乙,AD Ceuta vs UD Las Palmas,AD Ceuta,UD Las Palmas,1X2客胜,0.3019,2.6,-0.2212,,,,win,2.6,1.6,已结算,scan24h对账,1,纯数据无伤病情报;平局预警(市场去水平局>=26%);模型与市场分歧>20pp(模型71% vs 市场49%)->否决,,,,,2026-08-23T01:00:00+08:00,,4.3,,,2026-08-23T17:18:33.440757+08:00,,,
08/23/2026,西甲,Valencia vs Celta Vigo,Valencia,Celta Vigo,让球主(-0.2),0.5007,1.85,-0.114,,,,lose,0.0,-1.0,已结算,scan24h对账,0,纯数据无伤病情报;伤停>2人(主3/客2);平局预警-强(市场去水平局>=30%),,,,,2026-08-23T01:30:00+08:00,,4.8,,,2026-08-23T17:18:33.440757+08:00,,,
08/23/2026,西甲,Valencia vs Celta Vigo,Valencia,Celta Vigo,让球客(+0.2),0.4993,1.98,-0.0545,,,,half,1.49,0.49,已结算,scan24h对账,0,纯数据无伤病情报;伤停>2人(主3/客2);平局预警-强(市场去水平局>=30%),,,,,2026-08-23T01:30:00+08:00,,4.8,,,2026-08-23T17:18:33.440757+08:00,,,
08/23/2026,西甲,Valencia vs Celta Vigo,Valencia,Celta Vigo,小2.50,0.5806,1.69,-0.0236,,,,win,1.69,0.69,已结算,scan24h对账,0,纯数据无伤病情报;伤停>2人(主3/客2);平局预警-强(市场去水平局>=30%),,,,,2026-08-23T01:30:00+08:00,,4.8,,,2026-08-23T17:18:33.440757+08:00,,,
08/23/2026,西甲,Valencia vs Celta Vigo,Valencia,Celta Vigo,大2.50,0.4194,2.42,0.0099,,,,lose,0.0,-1.0,已结算,scan24h对账,0,纯数据无伤病情报;伤停>2人(主3/客2);平局预警-强(市场去水平局>=30%),,,,,2026-08-23T01:30:00+08:00,,4.8,,,2026-08-23T17:18:33.440757+08:00,,,
08/23/2026,西甲,Valencia vs Celta Vigo,Valencia,Celta Vigo,1X2主胜,0.4661,2.62,0.213,,,,lose,0.0,-1.0,已结算,scan24h对账,0,纯数据无伤病情报;伤停>2人(主3/客2);平局预警-强(市场去水平局>=30%),,,,,2026-08-23T01:30:00+08:00,,4.8,,,2026-08-23T17:18:33.440757+08:00,,,
08/23/2026,西甲,Valencia vs Celta Vigo,Valencia,Celta Vigo,1X2平局,0.281,3.2,-0.1067,,,,win,3.2,2.2,已结算,scan24h对账,0,纯数据无伤病情报;伤停>2人(主3/客2);平局预警-强(市场去水平局>=30%),,,,,2026-08-23T01:30:00+08:00,,4.8,,,2026-08-23T17:18:33.440757+08:00,,,
08/23/2026,西甲,Valencia vs Celta Vigo,Valencia,Celta Vigo,1X2客胜,0.2529,3.2,-0.1961,,,,lose,0.0,-1.0,已结算,scan24h对账,0,纯数据无伤病情报;伤停>2人(主3/客2);平局预警-强(市场去水平局>=30%),,,,,2026-08-23T01:30:00+08:00,,4.8,,,2026-08-23T17:18:33.440757+08:00,,,
08/23/2026,法乙,Saint-Étienne vs Grenoble Foot 38,Saint-Étienne,Grenoble Foot 38,让球主(-1.2),0.65,1.92,0.21350736278447124,,,,win,1.92,0.9199999999999999,已结算,scan24h对账,1,纯数据无伤病情报;λ过高(4.37);模型与市场分歧>20pp(模型75% vs 市场51%)->否决,,,,,2026-08-23T02:00:00+08:00,,5.3,,,2026-08-23T17:18:33.440757+08:00,,,
08/23/2026,法乙,Saint-Étienne vs Grenoble Foot 38,Saint-Étienne,Grenoble Foot 38,让球客(+1.2),0.253,1.97,-0.5154,,,,lose,0.0,-1.0,已结算,scan24h对账,1,纯数据无伤病情报;λ过高(4.37);模型与市场分歧>20pp(模型75% vs 市场51%)->否决,,,,,2026-08-23T02:00:00+08:00,,5.3,,,2026-08-23T17:18:33.440757+08:00,,,
08/23/2026,法乙,Saint-Étienne vs Grenoble Foot 38,Saint-Étienne,Grenoble Foot 38,小2.50,0.1915,2.08,-0.6055,,,,lose,0.0,-1.0,已结算,scan24h对账,1,纯数据无伤病情报;λ过高(4.37);模型与市场分歧>20pp(模型75% vs 市场51%)->否决,,,,,2026-08-23T02:00:00+08:00,,5.3,,,2026-08-23T17:18:33.440757+08:00,,,
08/23/2026,法乙,Saint-Étienne vs Grenoble Foot 38,Saint-Étienne,Grenoble Foot 38,大2.50,0.65,1.89,0.2164687693259124,,,,win,1.89,0.8899999999999999,已结算,scan24h对账,1,纯数据无伤病情报;λ过高(4.37);模型与市场分歧>20pp(模型75% vs 市场51%)->否决,,,,,2026-08-23T02:00:00+08:00,,5.3,,,2026-08-23T17:18:33.440757+08:00,,,
08/23/2026,法乙,Saint-Étienne vs Grenoble Foot 38,Saint-Étienne,Grenoble Foot 38,1X2主胜,0.65,1.41,-0.09367535949305372,,,,win,1.41,0.4099999999999999,已结算,scan24h对账,1,纯数据无伤病情报;λ过高(4.37);模型与市场分歧>20pp(模型75% vs 市场51%)->否决,,,,,2026-08-23T02:00:00+08:00,,5.3,,,2026-08-23T17:18:33.440757+08:00,,,
08/23/2026,法乙,Saint-Étienne vs Grenoble Foot 38,Saint-Étienne,Grenoble Foot 38,1X2平局,0.1175,5.0,-0.4188,,,,lose,0.0,-1.0,已结算,scan24h对账,1,纯数据无伤病情报;λ过高(4.37);模型与市场分歧>20pp(模型75% vs 市场51%)->否决,,,,,2026-08-23T02:00:00+08:00,,5.3,,,2026-08-23T17:18:33.440757+08:00,,,
08/23/2026,法乙,Saint-Étienne vs Grenoble Foot 38,Saint-Étienne,Grenoble Foot 38,1X2客胜,0.0618,9.8,-0.4006,,,,lose,0.0,-1.0,已结算,scan24h对账,1,纯数据无伤病情报;λ过高(4.37);模型与市场分歧>20pp(模型75% vs 市场51%)->否决,,,,,2026-08-23T02:00:00+08:00,,5.3,,,2026-08-23T17:18:33.440757+08:00,,,
08/23/2026,土超,Fenerbahçe vs Konyaspor,Fenerbahçe,Konyaspor,让球主(-1.5),0.5586,1.94,0.0777,,,,win,1.94,0.94,已结算,scan24h对账,1,纯数据无伤病情报;伤停>2人(主10/客0);λ过高(4.53);模型与市场分歧>20pp(模型83% vs 市场61%)->否决,,,,,2026-08-23T02:30:00+08:00,,5.8,,,2026-08-23T17:18:33.440757+08:00,,,
08/23/2026,土超,Fenerbahçe vs Konyaspor,Fenerbahçe,Konyaspor,让球客(+1.5),0.4414,2.04,-0.1047,,,,lose,0.0,-1.0,已结算,scan24h对账,1,纯数据无伤病情报;伤停>2人(主10/客0);λ过高(4.53);模型与市场分歧>20pp(模型83% vs 市场61%)->否决,,,,,2026-08-23T02:30:00+08:00,,5.8,,,2026-08-23T17:18:33.440757+08:00,,,
08/23/2026,土超,Fenerbahçe vs Konyaspor,Fenerbahçe,Konyaspor,小2.50,0.1709,2.56,-0.5642,,,,lose,0.0,-1.0,已结算,scan24h对账,1,纯数据无伤病情报;伤停>2人(主10/客0);λ过高(4.53);模型与市场分歧>20pp(模型83% vs 市场61%)->否决,,,,,2026-08-23T02:30:00+08:00,,5.8,,,2026-08-23T17:18:33.440757+08:00,,,
08/23/2026,土超,Fenerbahçe vs Konyaspor,Fenerbahçe,Konyaspor,大2.50,0.65,1.63,0.05508382583524307,,,,win,1.63,0.6299999999999999,已结算,scan24h对账,1,纯数据无伤病情报;伤停>2人(主10/客0);λ过高(4.53);模型与市场分歧>20pp(模型83% vs 市场61%)->否决,,,,,2026-08-23T02:30:00+08:00,,5.8,,,2026-08-23T17:18:33.440757+08:00,,,
08/23/2026,土超,Fenerbahçe vs Konyaspor,Fenerbahçe,Konyaspor,1X2主胜,0.65,1.36,-0.12126927106720553,,,,win,1.36,0.3600000000000001,已结算,scan24h对账,1,纯数据无伤病情报;伤停>2人(主10/客0);λ过高(4.53);模型与市场分歧>20pp(模型83% vs 市场61%)->否决,,,,,2026-08-23T02:30:00+08:00,,5.8,,,2026-08-23T17:18:33.440757+08:00,,,
08/23/2026,土超,Fenerbahçe vs Konyaspor,Fenerbahçe,Konyaspor,1X2平局,0.1754,5.7,-0.0059,,,,lose,0.0,-1.0,已结算,scan24h对账,1,纯数据无伤病情报;伤停>2人(主10/客0);λ过高(4.53);模型与市场分歧>20pp(模型83% vs 市场61%)->否决,,,,,2026-08-23T02:30:00+08:00,,5.8,,,2026-08-23T17:18:33.440757+08:00,,,
08/23/2026,土超,Fenerbahçe vs Konyaspor,Fenerbahçe,Konyaspor,1X2客胜,0.1565,10.5,0.6332,,,,lose,0.0,-1.0,已结算,scan24h对账,1,纯数据无伤病情报;伤停>2人(主10/客0);λ过高(4.53);模型与市场分歧>20pp(模型83% vs 市场61%)->否决,,,,,2026-08-23T02:30:00+08:00,,5.8,,,2026-08-23T17:18:33.440757+08:00,,,
08/23/2026,比甲,Royal Antwerp FC vs KRC Genk,Royal Antwerp FC,KRC Genk,让球主(+0.2),0.65,2.03,0.28794788273615635,,,,half,1.515,0.5149999999999999,已结算,scan24h对账,1,纯数据无伤病情报;平局预警(市场去水平局>=26%);模型与市场分歧>20pp(模型80% vs 市场48%)->否决,,,,,2026-08-23T02:45:00+08:00,,6.1,,,2026-08-23T17:18:33.440757+08:00,,,
08/23/2026,比甲,Royal Antwerp FC vs KRC Genk,Royal Antwerp FC,KRC Genk,让球客(-0.2),0.2018,1.88,-0.6297,,,,lose,0.0,-1.0,已结算,scan24h对账,1,纯数据无伤病情报;平局预警(市场去水平局>=26%);模型与市场分歧>20pp(模型80% vs 市场48%)->否决,,,,,2026-08-23T02:45:00+08:00,,6.1,,,2026-08-23T17:18:33.440757+08:00,,,
08/23/2026,比甲,Royal Antwerp FC vs KRC Genk,Royal Antwerp FC,KRC Genk,小2.50,0.4074,2.14,-0.1375,,,,lose,0.0,-1.0,已结算,scan24h对账,1,纯数据无伤病情报;平局预警(市场去水平局>=26%);模型与市场分歧>20pp(模型80% vs 市场48%)->否决,,,,,2026-08-23T02:45:00+08:00,,6.1,,,2026-08-23T17:18:33.440757+08:00,,,
08/23/2026,比甲,Royal Antwerp FC vs KRC Genk,Royal Antwerp FC,KRC Genk,大2.50,0.5926,1.84,0.0788,,,,win,1.84,0.8400000000000001,已结算,scan24h对账,1,纯数据无伤病情报;平局预警(市场去水平局>=26%);模型与市场分歧>20pp(模型80% vs 市场48%)->否决,,,,,2026-08-23T02:45:00+08:00,,6.1,,,2026-08-23T17:18:33.440757+08:00,,,
08/23/2026,比甲,Royal Antwerp FC vs KRC Genk,Royal Antwerp FC,KRC Genk,1X2主胜,0.5233,3.5,0.8133,,,,lose,0.0,-1.0,已结算,scan24h对账,1,纯数据无伤病情报;平局预警(市场去水平局>=26%);模型与市场分歧>20pp(模型80% vs 市场48%)->否决,,,,,2026-08-23T02:45:00+08:00,,6.1,,,2026-08-23T17:18:33.440757+08:00,,,
08/23/2026,比甲,Royal Antwerp FC vs KRC Genk,Royal Antwerp FC,KRC Genk,1X2平局,0.2492,3.65,-0.0994,,,,win,3.65,2.65,已结算,scan24h对账,1,纯数据无伤病情报;平局预警(市场去水平局>=26%);模型与市场分歧>20pp(模型80% vs 市场48%)->否决,,,,,2026-08-23T02:45:00+08:00,,6.1,,,2026-08-23T17:18:33.440757+08:00,,,
08/23/2026,比甲,Royal Antwerp FC vs KRC Genk,Royal Antwerp FC,KRC Genk,1X2客胜,0.2274,2.22,-0.5002,,,,lose,0.0,-1.0,已结算,scan24h对账,1,纯数据无伤病情报;平局预警(市场去水平局>=26%);模型与市场分歧>20pp(模型80% vs 市场48%)->否决,,,,,2026-08-23T02:45:00+08:00,,6.1,,,2026-08-23T17:18:33.440757+08:00,,,
08/23/2026,法甲,Troyes vs Paris FC,Troyes,Paris FC,让球主(+0.2),0.65,2.01,0.282914370982553,,,,half,1.505,0.5049999999999999,已结算,scan24h对账,1,纯数据无伤病情报;平局预警(市场去水平局>=26%);模型与市场分歧>20pp(模型87% vs 市场49%)->否决,,,,,2026-08-23T02:45:00+08:00,,6.0,,,2026-08-23T17:18:33.440757+08:00,,,
08/23/2026,法甲,Troyes vs Paris FC,Troyes,Paris FC,让球客(-0.2),0.1288,1.92,-0.7571,,,,lose,0.0,-1.0,已结算,scan24h对账,1,纯数据无伤病情报;平局预警(市场去水平局>=26%);模型与市场分歧>20pp(模型87% vs 市场49%)->否决,,,,,2026-08-23T02:45:00+08:00,,6.0,,,2026-08-23T17:18:33.440757+08:00,,,
08/23/2026,法甲,Troyes vs Paris FC,Troyes,Paris FC,小2.50,0.4731,2.19,0.0205,,,,win,2.19,1.19,已结算,scan24h对账,1,纯数据无伤病情报;平局预警(市场去水平局>=26%);模型与市场分歧>20pp(模型87% vs 市场49%)->否决,,,,,2026-08-23T02:45:00+08:00,,6.0,,,2026-08-23T17:18:33.440757+08:00,,,
08/23/2026,法甲,Troyes vs Paris FC,Troyes,Paris FC,大2.50,0.5269,1.79,-0.0711,,,,lose,0.0,-1.0,已结算,scan24h对账,1,纯数据无伤病情报;平局预警(市场去水平局>=26%);模型与市场分歧>20pp(模型87% vs 市场49%)->否决,,,,,2026-08-23T02:45:00+08:00,,6.0,,,2026-08-23T17:18:33.440757+08:00,,,
08/23/2026,法甲,Troyes vs Paris FC,Troyes,Paris FC,1X2主胜,0.5976,3.4,1.0181,,,,lose,0.0,-1.0,已结算,scan24h对账,1,纯数据无伤病情报;平局预警(市场去水平局>=26%);模型与市场分歧>20pp(模型87% vs 市场49%)->否决,,,,,2026-08-23T02:45:00+08:00,,6.0,,,2026-08-23T17:18:33.440757+08:00,,,
08/23/2026,法甲,Troyes vs Paris FC,Troyes,Paris FC,1X2平局,0.2406,3.7,-0.116,,,,win,3.7,2.7,已结算,scan24h对账,1,纯数据无伤病情报;平局预警(市场去水平局>=26%);模型与市场分歧>20pp(模型87% vs 市场49%)->否决,,,,,2026-08-23T02:45:00+08:00,,6.0,,,2026-08-23T17:18:33.440757+08:00,,,
08/23/2026,法甲,Troyes vs Paris FC,Troyes,Paris FC,1X2客胜,0.1618,2.26,-0.6368,,,,lose,0.0,-1.0,已结算,scan24h对账,1,纯数据无伤病情报;平局预警(市场去水平局>=26%);模型与市场分歧>20pp(模型87% vs 市场49%)->否决,,,,,2026-08-23T02:45:00+08:00,,6.0,,,2026-08-23T17:18:33.440757+08:00,,,
08/23/2026,法甲,Toulouse vs Olympique Lyonnais,Toulouse,Olympique Lyonnais,让球主(+0.0),0.5325,2.04,0.0599,1,观察,,lose,0.0,-1.0,已结算,scan24h对账,0,纯数据无伤病情报;伤停>2人(主2/客3);平局预警(市场去水平局>=26%),,,,,2026-08-23T02:45:00+08:00,,6.0,,,2026-08-23T17:18:33.440757+08:00,,,
08/23/2026,法甲,Toulouse vs Olympique Lyonnais,Toulouse,Olympique Lyonnais,让球客(-0.0),0.4675,1.87,-0.1471,,,,win,1.87,0.8700000000000001,已结算,scan24h对账,0,纯数据无伤病情报;伤停>2人(主2/客3);平局预警(市场去水平局>=26%),,,,,2026-08-23T02:45:00+08:00,,6.0,,,2026-08-23T17:18:33.440757+08:00,,,
08/23/2026,法甲,Toulouse vs Olympique Lyonnais,Toulouse,Olympique Lyonnais,小2.50,0.5308,2.01,0.0504,,,,win,2.01,1.0099999999999998,已结算,scan24h对账,0,纯数据无伤病情报;伤停>2人(主2/客3);平局预警(市场去水平局>=26%),,,,,2026-08-23T02:45:00+08:00,,6.0,,,2026-08-23T17:18:33.440757+08:00,,,
08/23/2026,法甲,Toulouse vs Olympique Lyonnais,Toulouse,Olympique Lyonnais,大2.50,0.4692,1.93,-0.1083,,,,lose,0.0,-1.0,已结算,scan24h对账,0,纯数据无伤病情报;伤停>2人(主2/客3);平局预警(市场去水平局>=26%),,,,,2026-08-23T02:45:00+08:00,,6.0,,,2026-08-23T17:18:33.440757+08:00,,,
08/23/2026,法甲,Toulouse vs Olympique Lyonnais,Toulouse,Olympique Lyonnais,1X2主胜,0.381,2.5,-0.0516,,,,lose,0.0,-1.0,已结算,scan24h对账,0,纯数据无伤病情报;伤停>2人(主2/客3);平局预警(市场去水平局>=26%),,,,,2026-08-23T02:45:00+08:00,,6.0,,,2026-08-23T17:18:33.440757+08:00,,,
08/23/2026,法甲,Toulouse vs Olympique Lyonnais,Toulouse,Olympique Lyonnais,1X2平局,0.2894,3.55,0.0228,,,,lose,0.0,-1.0,已结算,scan24h对账,0,纯数据无伤病情报;伤停>2人(主2/客3);平局预警(市场去水平局>=26%),,,,,2026-08-23T02:45:00+08:00,,6.0,,,2026-08-23T17:18:33.440757+08:00,,,
08/23/2026,法甲,Toulouse vs Olympique Lyonnais,Toulouse,Olympique Lyonnais,1X2客胜,0.3297,3.1,0.0176,,,,win,3.1,2.1,已结算,scan24h对账,0,纯数据无伤病情报;伤停>2人(主2/客3);平局预警(市场去水平局>=26%),,,,,2026-08-23T02:45:00+08:00,,6.0,,,2026-08-23T17:18:33.440757+08:00,,,
08/23/2026,法甲,Nice vs Lorient,Nice,Lorient,让球主(-0.2),0.6309,1.96,0.2119,1,高价值,,lose,0.0,-1.0,已结算,scan24h对账,0,纯数据无伤病情报;平局预警(市场去水平局>=26%),,,,,2026-08-23T02:45:00+08:00,,6.0,,,2026-08-23T17:18:33.440757+08:00,,,
08/23/2026,法甲,Nice vs Lorient,Nice,Lorient,让球客(+0.2),0.3691,1.96,-0.2911,,,,half,1.48,0.48,已结算,scan24h对账,0,纯数据无伤病情报;平局预警(市场去水平局>=26%),,,,,2026-08-23T02:45:00+08:00,,6.0,,,2026-08-23T17:18:33.440757+08:00,,,
08/23/2026,法甲,Nice vs Lorient,Nice,Lorient,小2.50,0.5252,1.84,-0.0502,,,,win,1.84,0.8400000000000001,已结算,scan24h对账,0,纯数据无伤病情报;平局预警(市场去水平局>=26%),,,,,2026-08-23T02:45:00+08:00,,6.0,,,2026-08-23T17:18:33.440757+08:00,,,
08/23/2026,法甲,Nice vs Lorient,Nice,Lorient,大2.50,0.4748,2.11,-0.0153,,,,lose,0.0,-1.0,已结算,scan24h对账,0,纯数据无伤病情报;平局预警(市场去水平局>=26%),,,,,2026-08-23T02:45:00+08:00,,6.0,,,2026-08-23T17:18:33.440757+08:00,,,
08/23/2026,法甲,Nice vs Lorient,Nice,Lorient,1X2主胜,0.5733,2.34,0.3373,,,,lose,0.0,-1.0,已结算,scan24h对账,0,纯数据无伤病情报;平局预警(市场去水平局>=26%),,,,,2026-08-23T02:45:00+08:00,,6.0,,,2026-08-23T17:18:33.440757+08:00,,,
08/23/2026,法甲,Nice vs Lorient,Nice,Lorient,1X2平局,0.2561,3.4,-0.1321,,,,win,3.4,2.4,已结算,scan24h对账,0,纯数据无伤病情报;平局预警(市场去水平局>=26%),,,,,2026-08-23T02:45:00+08:00,,6.0,,,2026-08-23T17:18:33.440757+08:00,,,
08/23/2026,法甲,Nice vs Lorient,Nice,Lorient,1X2客胜,0.1706,3.55,-0.3961,,,,lose,0.0,-1.0,已结算,scan24h对账,0,纯数据无伤病情报;平局预警(市场去水平局>=26%),,,,,2026-08-23T02:45:00+08:00,,6.0,,,2026-08-23T17:18:33.440757+08:00,,,
08/23/2026,法甲,Le Mans vs Stade Brestois,Le Mans,Stade Brestois,让球主(+0.0),0.65,1.89,0.21083752916615506,,,,push,1.0,0.0,已结算,scan24h对账,1,纯数据无伤病情报;平局预警(市场去水平局>=26%);模型与市场分歧>20pp(模型81% vs 市场52%)->否决,,,,,2026-08-23T02:45:00+08:00,,6.0,,,2026-08-23T17:18:33.440757+08:00,,,
08/23/2026,法甲,Le Mans vs Stade Brestois,Le Mans,Stade Brestois,让球客(-0.0),0.1857,2.06,-0.6229,,,,push,1.0,0.0,已结算,scan24h对账,1,纯数据无伤病情报;平局预警(市场去水平局>=26%);模型与市场分歧>20pp(模型81% vs 市场52%)->否决,,,,,2026-08-23T02:45:00+08:00,,6.0,,,2026-08-23T17:18:33.440757+08:00,,,
08/23/2026,法甲,Le Mans vs Stade Brestois,Le Mans,Stade Brestois,小2.50,0.6397,1.93,0.2156,,,,lose,0.0,-1.0,已结算,scan24h对账,1,纯数据无伤病情报;平局预警(市场去水平局>=26%);模型与市场分歧>20pp(模型81% vs 市场52%)->否决,,,,,2026-08-23T02:45:00+08:00,,6.0,,,2026-08-23T17:18:33.440757+08:00,,,
08/23/2026,法甲,Le Mans vs Stade Brestois,Le Mans,Stade Brestois,大2.50,0.3603,2.01,-0.2869,,,,win,2.01,1.0099999999999998,已结算,scan24h对账,1,纯数据无伤病情报;平局预警(市场去水平局>=26%);模型与市场分歧>20pp(模型81% vs 市场52%)->否决,,,,,2026-08-23T02:45:00+08:00,,6.0,,,2026-08-23T17:18:33.440757+08:00,,,
08/23/2026,法甲,Le Mans vs Stade Brestois,Le Mans,Stade Brestois,1X2主胜,0.6391,2.62,0.6626,,,,lose,0.0,-1.0,已结算,scan24h对账,1,纯数据无伤病情报;平局预警(市场去水平局>=26%);模型与市场分歧>20pp(模型81% vs 市场52%)->否决,,,,,2026-08-23T02:45:00+08:00,,6.0,,,2026-08-23T17:18:33.440757+08:00,,,
08/23/2026,法甲,Le Mans vs Stade Brestois,Le Mans,Stade Brestois,1X2平局,0.2551,3.45,-0.1262,,,,win,3.45,2.45,已结算,scan24h对账,1,纯数据无伤病情报;平局预警(市场去水平局>=26%);模型与市场分歧>20pp(模型81% vs 市场52%)->否决,,,,,2026-08-23T02:45:00+08:00,,6.0,,,2026-08-23T17:18:33.440757+08:00,,,
08/23/2026,法甲,Le Mans vs Stade Brestois,Le Mans,Stade Brestois,1X2客胜,0.1058,2.98,-0.6868,,,,lose,0.0,-1.0,已结算,scan24h对账,1,纯数据无伤病情报;平局预警(市场去水平局>=26%);模型与市场分歧>20pp(模型81% vs 市场52%)->否决,,,,,2026-08-23T02:45:00+08:00,,6.0,,,2026-08-23T17:18:33.440757+08:00,,,
08/23/2026,意甲,Parma vs Cagliari,Parma,Cagliari,让球主(+0.0),0.611,1.85,0.1215,1,标准,,lose,0.0,-1.0,已结算,scan24h对账,0,纯数据无伤病情报;伤停>2人(主5/客2);平局预警-强(市场去水平局>=30%),,,,,2026-08-23T02:45:00+08:00,,6.0,,,2026-08-23T17:18:33.440757+08:00,,,
08/23/2026,意甲,Parma vs Cagliari,Parma,Cagliari,让球客(-0.0),0.389,2.14,-0.1739,,,,win,2.14,1.1400000000000001,已结算,scan24h对账,0,纯数据无伤病情报;伤停>2人(主5/客2);平局预警-强(市场去水平局>=30%),,,,,2026-08-23T02:45:00+08:00,,6.0,,,2026-08-23T17:18:33.440757+08:00,,,
08/23/2026,意甲,Parma vs Cagliari,Parma,Cagliari,小2.50,0.65,1.61,0.04048752343862683,,,,win,1.61,0.6100000000000001,已结算,scan24h对账,0,纯数据无伤病情报;伤停>2人(主5/客2);平局预警-强(市场去水平局>=30%),,,,,2026-08-23T02:45:00+08:00,,6.0,,,2026-08-23T17:18:33.440757+08:00,,,
08/23/2026,意甲,Parma vs Cagliari,Parma,Cagliari,大2.50,0.3067,2.6,-0.207,,,,lose,0.0,-1.0,已结算,scan24h对账,0,纯数据无伤病情报;伤停>2人(主5/客2);平局预警-强(市场去水平局>=30%),,,,,2026-08-23T02:45:00+08:00,,6.0,,,2026-08-23T17:18:33.440757+08:00,,,
08/23/2026,意甲,Parma vs Cagliari,Parma,Cagliari,1X2主胜,0.4261,2.74,0.1617,,,,lose,0.0,-1.0,已结算,scan24h对账,0,纯数据无伤病情报;伤停>2人(主5/客2);平局预警-强(市场去水平局>=30%),,,,,2026-08-23T02:45:00+08:00,,6.0,,,2026-08-23T17:18:33.440757+08:00,,,
08/23/2026,意甲,Parma vs Cagliari,Parma,Cagliari,1X2平局,0.3267,3.1,0.0076,,,,lose,0.0,-1.0,已结算,scan24h对账,0,纯数据无伤病情报;伤停>2人(主5/客2);平局预警-强(市场去水平局>=30%),,,,,2026-08-23T02:45:00+08:00,,6.0,,,2026-08-23T17:18:33.440757+08:00,,,
08/23/2026,意甲,Parma vs Cagliari,Parma,Cagliari,1X2客胜,0.2473,3.15,-0.225,,,,win,3.15,2.15,已结算,scan24h对账,0,纯数据无伤病情报;伤停>2人(主5/客2);平局预警-强(市场去水平局>=30%),,,,,2026-08-23T02:45:00+08:00,,6.0,,,2026-08-23T17:18:33.440757+08:00,,,
08/23/2026,意甲,Genoa vs SSC Napoli,Genoa,SSC Napoli,让球主(+0.5),0.6219,1.9,0.1734,1,标准,,lose,0.0,-1.0,已结算,scan24h对账,0,纯数据无伤病情报;伤停>2人(主2/客3);平局预警-强(市场去水平局>=30%),,,,,2026-08-23T02:45:00+08:00,,6.0,,,2026-08-23T17:18:33.440757+08:00,,,
08/23/2026,意甲,Genoa vs SSC Napoli,Genoa,SSC Napoli,让球客(-0.5),0.3781,2.08,-0.2192,,,,win,2.08,1.08,已结算,scan24h对账,0,纯数据无伤病情报;伤停>2人(主2/客3);平局预警-强(市场去水平局>=30%),,,,,2026-08-23T02:45:00+08:00,,6.0,,,2026-08-23T17:18:33.440757+08:00,,,
08/23/2026,意甲,Genoa vs SSC Napoli,Genoa,SSC Napoli,小2.50,0.65,1.62,0.0350867296573123,,,,win,1.62,0.6200000000000001,已结算,scan24h对账,0,纯数据无伤病情报;伤停>2人(主2/客3);平局预警-强(市场去水平局>=30%),,,,,2026-08-23T02:45:00+08:00,,6.0,,,2026-08-23T17:18:33.440757+08:00,,,
08/23/2026,意甲,Genoa vs SSC Napoli,Genoa,SSC Napoli,大2.50,0.2909,2.5,-0.2851,,,,lose,0.0,-1.0,已结算,scan24h对账,0,纯数据无伤病情报;伤停>2人(主2/客3);平局预警-强(市场去水平局>=30%),,,,,2026-08-23T02:45:00+08:00,,6.0,,,2026-08-23T17:18:33.440757+08:00,,,
08/23/2026,意甲,Genoa vs SSC Napoli,Genoa,SSC Napoli,1X2主胜,0.2941,4.5,0.3156,,,,lose,0.0,-1.0,已结算,scan24h对账,0,纯数据无伤病情报;伤停>2人(主2/客3);平局预警-强(市场去水平局>=30%),,,,,2026-08-23T02:45:00+08:00,,6.0,,,2026-08-23T17:18:33.440757+08:00,,,
08/23/2026,意甲,Genoa vs SSC Napoli,Genoa,SSC Napoli,1X2平局,0.3368,3.3,0.1049,,,,lose,0.0,-1.0,已结算,scan24h对账,0,纯数据无伤病情报;伤停>2人(主2/客3);平局预警-强(市场去水平局>=30%),,,,,2026-08-23T02:45:00+08:00,,6.0,,,2026-08-23T17:18:33.440757+08:00,,,
08/23/2026,意甲,Genoa vs SSC Napoli,Genoa,SSC Napoli,1X2客胜,0.3691,2.08,-0.237,,,,win,2.08,1.08,已结算,scan24h对账,0,纯数据无伤病情报;伤停>2人(主2/客3);平局预警-强(市场去水平局>=30%),,,,,2026-08-23T02:45:00+08:00,,6.0,,,2026-08-23T17:18:33.440757+08:00,,,
08/23/2026,阿甲,Gimnasia y Esgrima vs Gimnasia y Esgrima Mendoza,Gimnasia y Esgrima,Gimnasia y Esgrima Mendoza,让球主(-0.5),0.65,1.83,0.1631261595547311,,,,lose,0.0,-1.0,已结算,scan24h对账,1,纯数据无伤病情报;伤停>2人(主4/客2);平局预警(市场去水平局>=26%);模型与市场分歧>20pp(模型75% vs 市场53%)->否决,,,,,2026-08-23T03:00:00+08:00,,6.3,,,2026-08-23T17:18:33.440757+08:00,,,
08/23/2026,阿甲,Gimnasia y Esgrima vs Gimnasia y Esgrima Mendoza,Gimnasia y Esgrima,Gimnasia y Esgrima Mendoza,让球客(+0.5),0.2454,2.1,-0.4961,,,,win,2.1,1.1,已结算,scan24h对账,1,纯数据无伤病情报;伤停>2人(主4/客2);平局预警(市场去水平局>=26%);模型与市场分歧>20pp(模型75% vs 市场53%)->否决,,,,,2026-08-23T03:00:00+08:00,,6.3,,,2026-08-23T17:18:33.440757+08:00,,,
08/23/2026,阿甲,Gimnasia y Esgrima vs Gimnasia y Esgrima Mendoza,Gimnasia y Esgrima,Gimnasia y Esgrima Mendoza,小2.50,0.5265,1.5,-0.2541,,,,lose,0.0,-1.0,已结算,scan24h对账,1,纯数据无伤病情报;伤停>2人(主4/客2);平局预警(市场去水平局>=26%);模型与市场分歧>20pp(模型75% vs 市场53%)->否决,,,,,2026-08-23T03:00:00+08:00,,6.3,,,2026-08-23T17:18:33.440757+08:00,,,
08/23/2026,阿甲,Gimnasia y Esgrima vs Gimnasia y Esgrima Mendoza,Gimnasia y Esgrima,Gimnasia y Esgrima Mendoza,大2.50,0.4735,2.55,0.1404,,,,win,2.55,1.5499999999999998,已结算,scan24h对账,1,纯数据无伤病情报;伤停>2人(主4/客2);平局预警(市场去水平局>=26%);模型与市场分歧>20pp(模型75% vs 市场53%)->否决,,,,,2026-08-23T03:00:00+08:00,,6.3,,,2026-08-23T17:18:33.440757+08:00,,,
08/23/2026,阿甲,Gimnasia y Esgrima vs Gimnasia y Esgrima Mendoza,Gimnasia y Esgrima,Gimnasia y Esgrima Mendoza,1X2主胜,0.65,1.85,0.18948482194979555,,,,lose,0.0,-1.0,已结算,scan24h对账,1,纯数据无伤病情报;伤停>2人(主4/客2);平局预警(市场去水平局>=26%);模型与市场分歧>20pp(模型75% vs 市场53%)->否决,,,,,2026-08-23T03:00:00+08:00,,6.3,,,2026-08-23T17:18:33.440757+08:00,,,
08/23/2026,阿甲,Gimnasia y Esgrima vs Gimnasia y Esgrima Mendoza,Gimnasia y Esgrima,Gimnasia y Esgrima Mendoza,1X2平局,0.2163,3.55,-0.2404,,,,lose,0.0,-1.0,已结算,scan24h对账,1,纯数据无伤病情报;伤停>2人(主4/客2);平局预警(市场去水平局>=26%);模型与市场分歧>20pp(模型75% vs 市场53%)->否决,,,,,2026-08-23T03:00:00+08:00,,6.3,,,2026-08-23T17:18:33.440757+08:00,,,
08/23/2026,阿甲,Gimnasia y Esgrima vs Gimnasia y Esgrima Mendoza,Gimnasia y Esgrima,Gimnasia y Esgrima Mendoza,1X2客胜,0.0985,5.3,-0.4834,,,,win,5.3,4.3,已结算,scan24h对账,1,纯数据无伤病情报;伤停>2人(主4/客2);平局预警(市场去水平局>=26%);模型与市场分歧>20pp(模型75% vs 市场53%)->否决,,,,,2026-08-23T03:00:00+08:00,,6.3,,,2026-08-23T17:18:33.440757+08:00,,,
08/23/2026,阿甲,Atlético Tucumán vs Instituto De Córdoba,Atlético Tucumán,Instituto De Córdoba,让球主(+0.0),0.5393,1.98,0.0436,,,,push,1.0,0.0,已结算,scan24h对账,0,纯数据无伤病情报;伤停>2人(主4/客1);平局预警-强(市场去水平局>=30%),,,,,2026-08-23T03:00:00+08:00,,6.3,,,2026-08-23T17:18:33.440757+08:00,,,
08/23/2026,阿甲,Atlético Tucumán vs Instituto De Córdoba,Atlético Tucumán,Instituto De Córdoba,让球客(-0.0),0.4607,1.93,-0.131,,,,push,1.0,0.0,已结算,scan24h对账,0,纯数据无伤病情报;伤停>2人(主4/客1);平局预警-强(市场去水平局>=30%),,,,,2026-08-23T03:00:00+08:00,,6.3,,,2026-08-23T17:18:33.440757+08:00,,,
08/23/2026,阿甲,Atlético Tucumán vs Instituto De Córdoba,Atlético Tucumán,Instituto De Córdoba,小2.50,0.65,1.47,-0.10024326569360387,,,,win,1.47,0.47,已结算,scan24h对账,0,纯数据无伤病情报;伤停>2人(主4/客1);平局预警-强(市场去水平局>=30%),,,,,2026-08-23T03:00:00+08:00,,6.3,,,2026-08-23T17:18:33.440757+08:00,,,
08/23/2026,阿甲,Atlético Tucumán vs Instituto De Córdoba,Atlético Tucumán,Instituto De Córdoba,大2.50,0.1573,2.62,-0.6119,,,,lose,0.0,-1.0,已结算,scan24h对账,0,纯数据无伤病情报;伤停>2人(主4/客1);平局预警-强(市场去水平局>=30%),,,,,2026-08-23T03:00:00+08:00,,6.3,,,2026-08-23T17:18:33.440757+08:00,,,
08/23/2026,阿甲,Atlético Tucumán vs Instituto De Córdoba,Atlético Tucumán,Instituto De Córdoba,1X2主胜,0.3398,3.0,0.0007,,,,lose,0.0,-1.0,已结算,scan24h对账,0,纯数据无伤病情报;伤停>2人(主4/客1);平局预警-强(市场去水平局>=30%),,,,,2026-08-23T03:00:00+08:00,,6.3,,,2026-08-23T17:18:33.440757+08:00,,,
08/23/2026,阿甲,Atlético Tucumán vs Instituto De Córdoba,Atlético Tucumán,Instituto De Córdoba,1X2平局,0.3847,3.0,0.1328,,,,win,3.0,2.0,已结算,scan24h对账,0,纯数据无伤病情报;伤停>2人(主4/客1);平局预警-强(市场去水平局>=30%),,,,,2026-08-23T03:00:00+08:00,,6.3,,,2026-08-23T17:18:33.440757+08:00,,,
08/23/2026,阿甲,Atlético Tucumán vs Instituto De Córdoba,Atlético Tucumán,Instituto De Córdoba,1X2客胜,0.2755,2.84,-0.232,,,,lose,0.0,-1.0,已结算,scan24h对账,0,纯数据无伤病情报;伤停>2人(主4/客1);平局预警-强(市场去水平局>=30%),,,,,2026-08-23T03:00:00+08:00,,6.3,,,2026-08-23T17:18:33.440757+08:00,,,
08/23/2026,荷甲,SC Heerenveen vs PEC Zwolle,SC Heerenveen,PEC Zwolle,让球主(-1.0),0.3206,1.94,-0.3937,,,,lose,0.0,-1.0,已结算,scan24h对账,0,"纯数据无伤病情报;联赛荷甲历史负ROI(观察期, 300场后定禁入)",,,,,2026-08-23T03:00:00+08:00,,6.3,,,2026-08-23T17:18:33.440757+08:00,,,
08/23/2026,荷甲,SC Heerenveen vs PEC Zwolle,SC Heerenveen,PEC Zwolle,让球客(+1.0),0.65,1.96,0.24221371798645874,3,高价值,,win,1.96,0.96,已结算,scan24h对账,0,"纯数据无伤病情报;联赛荷甲历史负ROI(观察期, 300场后定禁入)",,,,,2026-08-23T03:00:00+08:00,,6.3,,,2026-08-23T17:18:33.440757+08:00,,,
08/23/2026,荷甲,SC Heerenveen vs PEC Zwolle,SC Heerenveen,PEC Zwolle,小2.50,0.3556,2.75,-0.0799,,,,win,2.75,1.75,已结算,scan24h对账,0,"纯数据无伤病情报;联赛荷甲历史负ROI(观察期, 300场后定禁入)",,,,,2026-08-23T03:00:00+08:00,,6.3,,,2026-08-23T17:18:33.440757+08:00,,,
08/23/2026,荷甲,SC Heerenveen vs PEC Zwolle,SC Heerenveen,PEC Zwolle,大2.50,0.6444,1.43,-0.1331,,,,lose,0.0,-1.0,已结算,scan24h对账,0,"纯数据无伤病情报;联赛荷甲历史负ROI(观察期, 300场后定禁入)",,,,,2026-08-23T03:00:00+08:00,,6.3,,,2026-08-23T17:18:33.440757+08:00,,,
08/23/2026,荷甲,SC Heerenveen vs PEC Zwolle,SC Heerenveen,PEC Zwolle,1X2主胜,0.4033,1.62,-0.3522,,,,lose,0.0,-1.0,已结算,scan24h对账,0,"纯数据无伤病情报;联赛荷甲历史负ROI(观察期, 300场后定禁入)",,,,,2026-08-23T03:00:00+08:00,,6.3,,,2026-08-23T17:18:33.440757+08:00,,,
08/23/2026,荷甲,SC Heerenveen vs PEC Zwolle,SC Heerenveen,PEC Zwolle,1X2平局,0.2478,4.7,0.1547,,,,lose,0.0,-1.0,已结算,scan24h对账,0,"纯数据无伤病情报;联赛荷甲历史负ROI(观察期, 300场后定禁入)",,,,,2026-08-23T03:00:00+08:00,,6.3,,,2026-08-23T17:18:33.440757+08:00,,,
08/23/2026,荷甲,SC Heerenveen vs PEC Zwolle,SC Heerenveen,PEC Zwolle,1X2客胜,0.3489,5.6,0.9371,,,,win,5.6,4.6,已结算,scan24h对账,0,"纯数据无伤病情报;联赛荷甲历史负ROI(观察期, 300场后定禁入)",,,,,2026-08-23T03:00:00+08:00,,6.3,,,2026-08-23T17:18:33.440757+08:00,,,
08/23/2026,巴甲,Fluminense vs Remo,Fluminense,Remo,让球主(-1.0),0.65,1.9,0.22065171688857754,2,高价值,,push,1.0,0.0,已结算,scan24h对账,0,纯数据无伤病情报;伤停>2人(主8/客3),,,,,2026-08-23T03:00:00+08:00,,6.2,,,2026-08-23T17:18:33.440757+08:00,,,
08/23/2026,巴甲,Fluminense vs Remo,Fluminense,Remo,让球客(+1.0),0.2865,2.06,-0.4166,,,,push,1.0,0.0,已结算,scan24h对账,0,纯数据无伤病情报;伤停>2人(主8/客3),,,,,2026-08-23T03:00:00+08:00,,6.2,,,2026-08-23T17:18:33.440757+08:00,,,
08/23/2026,巴甲,Fluminense vs Remo,Fluminense,Remo,小2.50,0.2901,1.91,-0.4509,,,,lose,0.0,-1.0,已结算,scan24h对账,0,纯数据无伤病情报;伤停>2人(主8/客3),,,,,2026-08-23T03:00:00+08:00,,6.2,,,2026-08-23T17:18:33.440757+08:00,,,
08/23/2026,巴甲,Fluminense vs Remo,Fluminense,Remo,大2.50,0.65,2.06,0.32710240878997054,,,,win,2.06,1.06,已结算,scan24h对账,0,纯数据无伤病情报;伤停>2人(主8/客3),,,,,2026-08-23T03:00:00+08:00,,6.2,,,2026-08-23T17:18:33.440757+08:00,,,
08/23/2026,巴甲,Fluminense vs Remo,Fluminense,Remo,1X2主胜,0.65,1.54,-0.005856346075363783,,,,win,1.54,0.54,已结算,scan24h对账,0,纯数据无伤病情报;伤停>2人(主8/客3),,,,,2026-08-23T03:00:00+08:00,,6.2,,,2026-08-23T17:18:33.440757+08:00,,,
08/23/2026,巴甲,Fluminense vs Remo,Fluminense,Remo,1X2平局,0.167,4.3,-0.287,,,,lose,0.0,-1.0,已结算,scan24h对账,0,纯数据无伤病情报;伤停>2人(主8/客3),,,,,2026-08-23T03:00:00+08:00,,6.2,,,2026-08-23T17:18:33.440757+08:00,,,
08/23/2026,巴甲,Fluminense vs Remo,Fluminense,Remo,1X2客胜,0.0979,8.0,-0.222,,,,lose,0.0,-1.0,已结算,scan24h对账,0,纯数据无伤病情报;伤停>2人(主8/客3),,,,,2026-08-23T03:00:00+08:00,,6.2,,,2026-08-23T17:18:33.440757+08:00,,,
08/23/2026,葡超,Sporting CP vs FC Alverca,Sporting CP,FC Alverca,让球主(-1.8),0.2124,1.89,-0.6062,,,,half,1.4449999999999998,0.44499999999999995,已结算,scan24h对账,1,纯数据无伤病情报;模型与市场分歧>20pp(模型79% vs 市场48%)->否决,,,,,2026-08-23T03:30:00+08:00,,6.8,,,2026-08-23T17:18:33.440757+08:00,,,
08/23/2026,葡超,Sporting CP vs FC Alverca,Sporting CP,FC Alverca,让球客(+1.8),0.65,2.04,0.3009903504316913,,,,lose,0.0,-1.0,已结算,scan24h对账,1,纯数据无伤病情报;模型与市场分歧>20pp(模型79% vs 市场48%)->否决,,,,,2026-08-23T03:30:00+08:00,,6.8,,,2026-08-23T17:18:33.440757+08:00,,,
08/23/2026,葡超,Sporting CP vs FC Alverca,Sporting CP,FC Alverca,小2.50,0.4434,2.48,0.0279,,,,lose,0.0,-1.0,已结算,scan24h对账,1,纯数据无伤病情报;模型与市场分歧>20pp(模型79% vs 市场48%)->否决,,,,,2026-08-23T03:30:00+08:00,,6.8,,,2026-08-23T17:18:33.440757+08:00,,,
08/23/2026,葡超,Sporting CP vs FC Alverca,Sporting CP,FC Alverca,大2.50,0.5566,1.5,-0.2197,,,,win,1.5,0.5,已结算,scan24h对账,1,纯数据无伤病情报;模型与市场分歧>20pp(模型79% vs 市场48%)->否决,,,,,2026-08-23T03:30:00+08:00,,6.8,,,2026-08-23T17:18:33.440757+08:00,,,
08/23/2026,葡超,Sporting CP vs FC Alverca,Sporting CP,FC Alverca,1X2主胜,0.4014,1.23,-0.5108,,,,win,1.23,0.22999999999999998,已结算,scan24h对账,1,纯数据无伤病情报;模型与市场分歧>20pp(模型79% vs 市场48%)->否决,,,,,2026-08-23T03:30:00+08:00,,6.8,,,2026-08-23T17:18:33.440757+08:00,,,
08/23/2026,葡超,Sporting CP vs FC Alverca,Sporting CP,FC Alverca,1X2平局,0.2717,7.6,1.0464,,,,lose,0.0,-1.0,已结算,scan24h对账,1,纯数据无伤病情报;模型与市场分歧>20pp(模型79% vs 市场48%)->否决,,,,,2026-08-23T03:30:00+08:00,,6.8,,,2026-08-23T17:18:33.440757+08:00,,,
08/23/2026,葡超,Sporting CP vs FC Alverca,Sporting CP,FC Alverca,1X2客胜,0.3269,15.5,4.0214,,,,lose,0.0,-1.0,已结算,scan24h对账,1,纯数据无伤病情报;模型与市场分歧>20pp(模型79% vs 市场48%)->否决,,,,,2026-08-23T03:30:00+08:00,,6.8,,,2026-08-23T17:18:33.440757+08:00,,,
08/23/2026,西乙,CD Eldense vs Cádiz,CD Eldense,Cádiz,让球主(-0.2),0.5226,1.98,0.0244,,,,lose,0.0,-1.0,已结算,scan24h对账,0,纯数据无伤病情报;平局预警-强(市场去水平局>=30%),,,,,2026-08-23T03:30:00+08:00,,6.8,,,2026-08-23T17:18:33.440757+08:00,,,
08/23/2026,西乙,CD Eldense vs Cádiz,CD Eldense,Cádiz,让球客(+0.2),0.4774,1.98,-0.0642,,,,half,1.49,0.49,已结算,scan24h对账,0,纯数据无伤病情报;平局预警-强(市场去水平局>=30%),,,,,2026-08-23T03:30:00+08:00,,6.8,,,2026-08-23T17:18:33.440757+08:00,,,
08/23/2026,西乙,CD Eldense vs Cádiz,CD Eldense,Cádiz,小2.50,0.4201,1.75,-0.2721,,,,lose,0.0,-1.0,已结算,scan24h对账,0,纯数据无伤病情报;平局预警-强(市场去水平局>=30%),,,,,2026-08-23T03:30:00+08:00,,6.8,,,2026-08-23T17:18:33.440757+08:00,,,
08/23/2026,西乙,CD Eldense vs Cádiz,CD Eldense,Cádiz,大2.50,0.5799,2.28,0.309,2,高价值,,win,2.28,1.2799999999999998,已结算,scan24h对账,0,纯数据无伤病情报;平局预警-强(市场去水平局>=30%),,,,,2026-08-23T03:30:00+08:00,,6.8,,,2026-08-23T17:18:33.440757+08:00,,,
08/23/2026,西乙,CD Eldense vs Cádiz,CD Eldense,Cádiz,1X2主胜,0.4834,2.34,0.1158,,,,lose,0.0,-1.0,已结算,scan24h对账,0,纯数据无伤病情报;平局预警-强(市场去水平局>=30%),,,,,2026-08-23T03:30:00+08:00,,6.8,,,2026-08-23T17:18:33.440757+08:00,,,
08/23/2026,西乙,CD Eldense vs Cádiz,CD Eldense,Cádiz,1X2平局,0.257,3.2,-0.1889,,,,win,3.2,2.2,已结算,scan24h对账,0,纯数据无伤病情报;平局预警-强(市场去水平局>=30%),,,,,2026-08-23T03:30:00+08:00,,6.8,,,2026-08-23T17:18:33.440757+08:00,,,
08/23/2026,西乙,CD Eldense vs Cádiz,CD Eldense,Cádiz,1X2客胜,0.2596,3.65,-0.0655,,,,lose,0.0,-1.0,已结算,scan24h对账,0,纯数据无伤病情报;平局预警-强(市场去水平局>=30%),,,,,2026-08-23T03:30:00+08:00,,6.8,,,2026-08-23T17:18:33.440757+08:00,,,
08/23/2026,西甲,Espanyol vs Real Madrid,Espanyol,Real Madrid,让球主(+1.2),0.65,1.94,0.2538650148406245,,,,half,1.47,0.47,已结算,scan24h对账,1,纯数据无伤病情报;伤停>2人(主3/客5);模型与市场分歧>20pp(模型77% vs 市场51%)->否决,,,,,2026-08-23T03:30:00+08:00,,6.8,,,2026-08-23T17:18:33.440757+08:00,,,
08/23/2026,西甲,Espanyol vs Real Madrid,Espanyol,Real Madrid,让球客(-1.2),0.2251,2.04,-0.5433,,,,lose,0.0,-1.0,已结算,scan24h对账,1,纯数据无伤病情报;伤停>2人(主3/客5);模型与市场分歧>20pp(模型77% vs 市场51%)->否决,,,,,2026-08-23T03:30:00+08:00,,6.8,,,2026-08-23T17:18:33.440757+08:00,,,
08/23/2026,西甲,Espanyol vs Real Madrid,Espanyol,Real Madrid,小2.50,0.6111,2.2,0.327,,,,lose,0.0,-1.0,已结算,scan24h对账,1,纯数据无伤病情报;伤停>2人(主3/客5);模型与市场分歧>20pp(模型77% vs 市场51%)->否决,,,,,2026-08-23T03:30:00+08:00,,6.8,,,2026-08-23T17:18:33.440757+08:00,,,
08/23/2026,西甲,Espanyol vs Real Madrid,Espanyol,Real Madrid,大2.50,0.3889,1.79,-0.313,,,,win,1.79,0.79,已结算,scan24h对账,1,纯数据无伤病情报;伤停>2人(主3/客5);模型与市场分歧>20pp(模型77% vs 市场51%)->否决,,,,,2026-08-23T03:30:00+08:00,,6.8,,,2026-08-23T17:18:33.440757+08:00,,,
08/23/2026,西甲,Espanyol vs Real Madrid,Espanyol,Real Madrid,1X2主胜,0.2647,7.8,1.058,,,,lose,0.0,-1.0,已结算,scan24h对账,1,纯数据无伤病情报;伤停>2人(主3/客5);模型与市场分歧>20pp(模型77% vs 市场51%)->否决,,,,,2026-08-23T03:30:00+08:00,,6.8,,,2026-08-23T17:18:33.440757+08:00,,,
08/23/2026,西甲,Espanyol vs Real Madrid,Espanyol,Real Madrid,1X2平局,0.2904,4.9,0.4182,,,,lose,0.0,-1.0,已结算,scan24h对账,1,纯数据无伤病情报;伤停>2人(主3/客5);模型与市场分歧>20pp(模型77% vs 市场51%)->否决,,,,,2026-08-23T03:30:00+08:00,,6.8,,,2026-08-23T17:18:33.440757+08:00,,,
08/23/2026,西甲,Espanyol vs Real Madrid,Espanyol,Real Madrid,1X2客胜,0.4448,1.49,-0.3395,,,,win,1.49,0.49,已结算,scan24h对账,1,纯数据无伤病情报;伤停>2人(主3/客5);模型与市场分歧>20pp(模型77% vs 市场51%)->否决,,,,,2026-08-23T03:30:00+08:00,,6.8,,,2026-08-23T17:18:33.440757+08:00,,,
08/23/2026,阿甲,CA Independiente vs Independiente Rivadavia,CA Independiente,Independiente Rivadavia,让球主(-0.5),0.4292,2.11,-0.1151,,,,lose,0.0,-1.0,已结算,scan24h对账,0,纯数据无伤病情报;伤停>2人(主4/客1);平局预警(市场去水平局>=26%),,,,,2026-08-23T05:30:00+08:00,,8.8,,,2026-08-23T17:18:33.440757+08:00,,,
08/23/2026,阿甲,CA Independiente vs Independiente Rivadavia,CA Independiente,Independiente Rivadavia,让球客(+0.5),0.5708,1.82,0.0151,,,,win,1.82,0.8200000000000001,已结算,scan24h对账,0,纯数据无伤病情报;伤停>2人(主4/客1);平局预警(市场去水平局>=26%),,,,,2026-08-23T05:30:00+08:00,,8.8,,,2026-08-23T17:18:33.440757+08:00,,,
08/23/2026,阿甲,CA Independiente vs Independiente Rivadavia,CA Independiente,Independiente Rivadavia,小2.50,0.6162,1.56,-0.0882,,,,win,1.56,0.56,已结算,scan24h对账,0,纯数据无伤病情报;伤停>2人(主4/客1);平局预警(市场去水平局>=26%),,,,,2026-08-23T05:30:00+08:00,,8.8,,,2026-08-23T17:18:33.440757+08:00,,,
08/23/2026,阿甲,CA Independiente vs Independiente Rivadavia,CA Independiente,Independiente Rivadavia,大2.50,0.3838,2.42,-0.119,,,,lose,0.0,-1.0,已结算,scan24h对账,0,纯数据无伤病情报;伤停>2人(主4/客1);平局预警(市场去水平局>=26%),,,,,2026-08-23T05:30:00+08:00,,8.8,,,2026-08-23T17:18:33.440757+08:00,,,
08/23/2026,阿甲,CA Independiente vs Independiente Rivadavia,CA Independiente,Independiente Rivadavia,1X2主胜,0.4094,2.14,-0.1363,,,,lose,0.0,-1.0,已结算,scan24h对账,0,纯数据无伤病情报;伤停>2人(主4/客1);平局预警(市场去水平局>=26%),,,,,2026-08-23T05:30:00+08:00,,8.8,,,2026-08-23T17:18:33.440757+08:00,,,
08/23/2026,阿甲,CA Independiente vs Independiente Rivadavia,CA Independiente,Independiente Rivadavia,1X2平局,0.3036,3.3,-0.0121,,,,win,3.3,2.3,已结算,scan24h对账,0,纯数据无伤病情报;伤停>2人(主4/客1);平局预警(市场去水平局>=26%),,,,,2026-08-23T05:30:00+08:00,,8.8,,,2026-08-23T17:18:33.440757+08:00,,,
08/23/2026,阿甲,CA Independiente vs Independiente Rivadavia,CA Independiente,Independiente Rivadavia,1X2客胜,0.287,4.1,0.1604,,,,lose,0.0,-1.0,已结算,scan24h对账,0,纯数据无伤病情报;伤停>2人(主4/客1);平局预警(市场去水平局>=26%),,,,,2026-08-23T05:30:00+08:00,,8.8,,,2026-08-23T17:18:33.440757+08:00,,,
08/23/2026,巴甲,Internacional vs Atlético Mineiro,Internacional,Atlético Mineiro,让球主(-0.5),0.3825,2.08,-0.2144,,,,lose,0.0,-1.0,已结算,scan24h对账,0,纯数据无伤病情报;伤停>2人(主7/客5);平局预警(市场去水平局>=26%),,,,,2026-08-23T05:30:00+08:00,,8.7,,,2026-08-23T17:18:33.440757+08:00,,,
08/23/2026,巴甲,Internacional vs Atlético Mineiro,Internacional,Atlético Mineiro,让球客(+0.5),0.6175,1.88,0.1464,,,,win,1.88,0.8799999999999999,已结算,scan24h对账,0,纯数据无伤病情报;伤停>2人(主7/客5);平局预警(市场去水平局>=26%),,,,,2026-08-23T05:30:00+08:00,,8.7,,,2026-08-23T17:18:33.440757+08:00,,,
08/23/2026,巴甲,Internacional vs Atlético Mineiro,Internacional,Atlético Mineiro,小2.50,0.65,1.87,0.207620172270075,2,高价值,,win,1.87,0.8700000000000001,已结算,scan24h对账,0,纯数据无伤病情报;伤停>2人(主7/客5);平局预警(市场去水平局>=26%),,,,,2026-08-23T05:30:00+08:00,,8.7,,,2026-08-23T17:18:33.440757+08:00,,,
08/23/2026,巴甲,Internacional vs Atlético Mineiro,Internacional,Atlético Mineiro,大2.50,0.2802,2.12,-0.4097,,,,lose,0.0,-1.0,已结算,scan24h对账,0,纯数据无伤病情报;伤停>2人(主7/客5);平局预警(市场去水平局>=26%),,,,,2026-08-23T05:30:00+08:00,,8.7,,,2026-08-23T17:18:33.440757+08:00,,,
08/23/2026,巴甲,Internacional vs Atlético Mineiro,Internacional,Atlético Mineiro,1X2主胜,0.3725,2.12,-0.2167,,,,lose,0.0,-1.0,已结算,scan24h对账,0,纯数据无伤病情报;伤停>2人(主7/客5);平局预警(市场去水平局>=26%),,,,,2026-08-23T05:30:00+08:00,,8.7,,,2026-08-23T17:18:33.440757+08:00,,,
08/23/2026,巴甲,Internacional vs Atlético Mineiro,Internacional,Atlético Mineiro,1X2平局,0.3357,3.35,0.1152,,,,win,3.35,2.35,已结算,scan24h对账,0,纯数据无伤病情报;伤停>2人(主7/客5);平局预警(市场去水平局>=26%),,,,,2026-08-23T05:30:00+08:00,,8.7,,,2026-08-23T17:18:33.440757+08:00,,,
08/23/2026,巴甲,Internacional vs Atlético Mineiro,Internacional,Atlético Mineiro,1X2客胜,0.2918,4.2,0.2155,,,,lose,0.0,-1.0,已结算,scan24h对账,0,纯数据无伤病情报;伤停>2人(主7/客5);平局预警(市场去水平局>=26%),,,,,2026-08-23T05:30:00+08:00,,8.7,,,2026-08-23T17:18:33.440757+08:00,,,
08/23/2026,墨超,CD Guadalajara vs Club Tijuana,CD Guadalajara,Club Tijuana,让球主(-1.2),0.3433,2.06,-0.3128,,,,win,2.06,1.06,已结算,scan24h对账,0,纯数据无伤病情报;让球客标准档降星,,,,,2026-08-23T07:07:00+08:00,,10.4,,,2026-08-23T17:18:33.440757+08:00,,,
08/23/2026,墨超,CD Guadalajara vs Club Tijuana,CD Guadalajara,Club Tijuana,让球客(+1.2),0.65,1.84,0.16251713111009614,1,标准,,lose,0.0,-1.0,已结算,scan24h对账,0,纯数据无伤病情报;让球客标准档降星,,,,,2026-08-23T07:07:00+08:00,,10.4,,,2026-08-23T17:18:33.440757+08:00,,,
08/23/2026,墨超,CD Guadalajara vs Club Tijuana,CD Guadalajara,Club Tijuana,小2.50,0.6274,2.28,0.4117,,,,lose,0.0,-1.0,已结算,scan24h对账,0,纯数据无伤病情报;让球客标准档降星,,,,,2026-08-23T07:07:00+08:00,,10.4,,,2026-08-23T17:18:33.440757+08:00,,,
08/23/2026,墨超,CD Guadalajara vs Club Tijuana,CD Guadalajara,Club Tijuana,大2.50,0.3726,1.74,-0.3602,,,,win,1.74,0.74,已结算,scan24h对账,0,纯数据无伤病情报;让球客标准档降星,,,,,2026-08-23T07:07:00+08:00,,10.4,,,2026-08-23T17:18:33.440757+08:00,,,
08/23/2026,墨超,CD Guadalajara vs Club Tijuana,CD Guadalajara,Club Tijuana,1X2主胜,0.5631,1.53,-0.1429,,,,win,1.53,0.53,已结算,scan24h对账,0,纯数据无伤病情报;让球客标准档降星,,,,,2026-08-23T07:07:00+08:00,,10.4,,,2026-08-23T17:18:33.440757+08:00,,,
08/23/2026,墨超,CD Guadalajara vs Club Tijuana,CD Guadalajara,Club Tijuana,1X2平局,0.2763,5.0,0.3744,,,,lose,0.0,-1.0,已结算,scan24h对账,0,纯数据无伤病情报;让球客标准档降星,,,,,2026-08-23T07:07:00+08:00,,10.4,,,2026-08-23T17:18:33.440757+08:00,,,
08/23/2026,墨超,CD Guadalajara vs Club Tijuana,CD Guadalajara,Club Tijuana,1X2客胜,0.1606,6.6,0.0548,,,,lose,0.0,-1.0,已结算,scan24h对账,0,纯数据无伤病情报;让球客标准档降星,,,,,2026-08-23T07:07:00+08:00,,10.4,,,2026-08-23T17:18:33.440757+08:00,,,
08/23/2026,巴甲,Cruzeiro vs Flamengo,Cruzeiro,Flamengo,让球主(+0.2),0.5004,1.95,-0.0366,,,,win,1.95,0.95,已结算,scan24h对账,0,纯数据无伤病情报;伤停>2人(主4/客4);平局预警(市场去水平局>=26%),,,,,2026-08-23T07:30:00+08:00,,10.7,,,2026-08-23T17:18:33.440757+08:00,,,
08/23/2026,巴甲,Cruzeiro vs Flamengo,Cruzeiro,Flamengo,让球客(-0.2),0.4996,2.0,-0.0135,,,,lose,0.0,-1.0,已结算,scan24h对账,0,纯数据无伤病情报;伤停>2人(主4/客4);平局预警(市场去水平局>=26%),,,,,2026-08-23T07:30:00+08:00,,10.7,,,2026-08-23T17:18:33.440757+08:00,,,
08/23/2026,巴甲,Cruzeiro vs Flamengo,Cruzeiro,Flamengo,小2.50,0.4033,1.92,-0.2306,,,,lose,0.0,-1.0,已结算,scan24h对账,0,纯数据无伤病情报;伤停>2人(主4/客4);平局预警(市场去水平局>=26%),,,,,2026-08-23T07:30:00+08:00,,10.7,,,2026-08-23T17:18:33.440757+08:00,,,
08/23/2026,巴甲,Cruzeiro vs Flamengo,Cruzeiro,Flamengo,大2.50,0.5967,2.06,0.2216,2,高价值,,win,2.06,1.06,已结算,scan24h对账,0,纯数据无伤病情报;伤停>2人(主4/客4);平局预警(市场去水平局>=26%),,,,,2026-08-23T07:30:00+08:00,,10.7,,,2026-08-23T17:18:33.440757+08:00,,,
08/23/2026,巴甲,Cruzeiro vs Flamengo,Cruzeiro,Flamengo,1X2主胜,0.2763,3.4,-0.0671,,,,win,3.4,2.4,已结算,scan24h对账,0,纯数据无伤病情报;伤停>2人(主4/客4);平局预警(市场去水平局>=26%),,,,,2026-08-23T07:30:00+08:00,,10.7,,,2026-08-23T17:18:33.440757+08:00,,,
08/23/2026,巴甲,Cruzeiro vs Flamengo,Cruzeiro,Flamengo,1X2平局,0.2585,3.5,-0.1015,,,,lose,0.0,-1.0,已结算,scan24h对账,0,纯数据无伤病情报;伤停>2人(主4/客4);平局预警(市场去水平局>=26%),,,,,2026-08-23T07:30:00+08:00,,10.7,,,2026-08-23T17:18:33.440757+08:00,,,
08/23/2026,巴甲,Cruzeiro vs Flamengo,Cruzeiro,Flamengo,1X2客胜,0.4651,2.34,0.0806,,,,lose,0.0,-1.0,已结算,scan24h对账,0,纯数据无伤病情报;伤停>2人(主4/客4);平局预警(市场去水平局>=26%),,,,,2026-08-23T07:30:00+08:00,,10.7,,,2026-08-23T17:18:33.440757+08:00,,,
08/23/2026,美职,Charlotte FC vs DC United,Charlotte FC,DC United,让球主(-0.8),0.6452,2.06,0.3137,2,高价值,,win,2.06,1.06,已结算,scan24h对账,0,纯数据无伤病情报;伤停>2人(主3/客2),,,,,2026-08-23T07:30:00+08:00,,10.7,,,2026-08-23T17:18:33.440757+08:00,,,
08/23/2026,美职,Charlotte FC vs DC United,Charlotte FC,DC United,让球客(+0.8),0.3548,1.9,-0.3337,,,,lose,0.0,-1.0,已结算,scan24h对账,0,纯数据无伤病情报;伤停>2人(主3/客2),,,,,2026-08-23T07:30:00+08:00,,10.7,,,2026-08-23T17:18:33.440757+08:00,,,
08/23/2026,美职,Charlotte FC vs DC United,Charlotte FC,DC United,小2.50,0.4645,2.34,0.081,,,,lose,0.0,-1.0,已结算,scan24h对账,0,纯数据无伤病情报;伤停>2人(主3/客2),,,,,2026-08-23T07:30:00+08:00,,10.7,,,2026-08-23T17:18:33.440757+08:00,,,
08/23/2026,美职,Charlotte FC vs DC United,Charlotte FC,DC United,大2.50,0.5355,1.73,-0.0785,,,,win,1.73,0.73,已结算,scan24h对账,0,纯数据无伤病情报;伤停>2人(主3/客2),,,,,2026-08-23T07:30:00+08:00,,10.7,,,2026-08-23T17:18:33.440757+08:00,,,
08/23/2026,美职,Charlotte FC vs DC United,Charlotte FC,DC United,1X2主胜,0.5849,1.84,0.0597,,,,win,1.84,0.8400000000000001,已结算,scan24h对账,0,纯数据无伤病情报;伤停>2人(主3/客2),,,,,2026-08-23T07:30:00+08:00,,10.7,,,2026-08-23T17:18:33.440757+08:00,,,
08/23/2026,美职,Charlotte FC vs DC United,Charlotte FC,DC United,1X2平局,0.2414,4.0,-0.0492,,,,lose,0.0,-1.0,已结算,scan24h对账,0,纯数据无伤病情报;伤停>2人(主3/客2),,,,,2026-08-23T07:30:00+08:00,,10.7,,,2026-08-23T17:18:33.440757+08:00,,,
08/23/2026,美职,Charlotte FC vs DC United,Charlotte FC,DC United,1X2客胜,0.1736,4.5,-0.2307,,,,lose,0.0,-1.0,已结算,scan24h对账,0,纯数据无伤病情报;伤停>2人(主3/客2),,,,,2026-08-23T07:30:00+08:00,,10.7,,,2026-08-23T17:18:33.440757+08:00,,,
08/23/2026,美职,Orlando City SC vs Real Salt Lake,Orlando City SC,Real Salt Lake,让球主(-0.5),0.6376,2.08,0.3169,2,高价值,,win,2.08,1.08,已结算,scan24h对账,0,纯数据无伤病情报;伤停>2人(主5/客5),,,,,2026-08-23T07:30:00+08:00,,10.7,,,2026-08-23T17:18:33.440757+08:00,,,
08/23/2026,美职,Orlando City SC vs Real Salt Lake,Orlando City SC,Real Salt Lake,让球客(+0.5),0.3624,1.9,-0.3163,,,,lose,0.0,-1.0,已结算,scan24h对账,0,纯数据无伤病情报;伤停>2人(主5/客5),,,,,2026-08-23T07:30:00+08:00,,10.7,,,2026-08-23T17:18:33.440757+08:00,,,
08/23/2026,美职,Orlando City SC vs Real Salt Lake,Orlando City SC,Real Salt Lake,小2.50,0.3208,2.85,-0.1377,,,,lose,0.0,-1.0,已结算,scan24h对账,0,纯数据无伤病情报;伤停>2人(主5/客5),,,,,2026-08-23T07:30:00+08:00,,10.7,,,2026-08-23T17:18:33.440757+08:00,,,
08/23/2026,美职,Orlando City SC vs Real Salt Lake,Orlando City SC,Real Salt Lake,大2.50,0.65,1.41,-0.13543875147232032,,,,win,1.41,0.4099999999999999,已结算,scan24h对账,0,纯数据无伤病情报;伤停>2人(主5/客5),,,,,2026-08-23T07:30:00+08:00,,10.7,,,2026-08-23T17:18:33.440757+08:00,,,
08/23/2026,美职,Orlando City SC vs Real Salt Lake,Orlando City SC,Real Salt Lake,1X2主胜,0.5778,2.08,0.1929,,,,win,2.08,1.08,已结算,scan24h对账,0,纯数据无伤病情报;伤停>2人(主5/客5),,,,,2026-08-23T07:30:00+08:00,,10.7,,,2026-08-23T17:18:33.440757+08:00,,,
08/23/2026,美职,Orlando City SC vs Real Salt Lake,Orlando City SC,Real Salt Lake,1X2平局,0.2222,4.3,-0.0514,,,,lose,0.0,-1.0,已结算,scan24h对账,0,纯数据无伤病情报;伤停>2人(主5/客5),,,,,2026-08-23T07:30:00+08:00,,10.7,,,2026-08-23T17:18:33.440757+08:00,,,
08/23/2026,美职,Orlando City SC vs Real Salt Lake,Orlando City SC,Real Salt Lake,1X2客胜,0.2,3.4,-0.3251,,,,lose,0.0,-1.0,已结算,scan24h对账,0,纯数据无伤病情报;伤停>2人(主5/客5),,,,,2026-08-23T07:30:00+08:00,,10.7,,,2026-08-23T17:18:33.440757+08:00,,,
08/23/2026,美职,New York Red Bulls vs Chicago Fire,New York Red Bulls,Chicago Fire,让球主(+0.0),0.4976,2.12,0.0482,,,,push,1.0,0.0,已结算,scan24h对账,0,纯数据无伤病情报;λ过高(4.33),,,,,2026-08-23T07:30:00+08:00,,10.7,,,2026-08-23T17:18:33.440757+08:00,,,
08/23/2026,美职,New York Red Bulls vs Chicago Fire,New York Red Bulls,Chicago Fire,让球客(-0.0),0.5024,1.87,-0.0666,,,,push,1.0,0.0,已结算,scan24h对账,0,纯数据无伤病情报;λ过高(4.33),,,,,2026-08-23T07:30:00+08:00,,10.7,,,2026-08-23T17:18:33.440757+08:00,,,
08/23/2026,美职,New York Red Bulls vs Chicago Fire,New York Red Bulls,Chicago Fire,小2.50,0.1942,2.95,-0.4586,,,,win,2.95,1.9500000000000002,已结算,scan24h对账,0,纯数据无伤病情报;λ过高(4.33),,,,,2026-08-23T07:30:00+08:00,,10.7,,,2026-08-23T17:18:33.440757+08:00,,,
08/23/2026,美职,New York Red Bulls vs Chicago Fire,New York Red Bulls,Chicago Fire,大2.50,0.65,1.39,-0.14640109208240248,,,,lose,0.0,-1.0,已结算,scan24h对账,0,纯数据无伤病情报;λ过高(4.33),,,,,2026-08-23T07:30:00+08:00,,10.7,,,2026-08-23T17:18:33.440757+08:00,,,
08/23/2026,美职,New York Red Bulls vs Chicago Fire,New York Red Bulls,Chicago Fire,1X2主胜,0.3851,2.82,0.0775,,,,lose,0.0,-1.0,已结算,scan24h对账,0,纯数据无伤病情报;λ过高(4.33),,,,,2026-08-23T07:30:00+08:00,,10.7,,,2026-08-23T17:18:33.440757+08:00,,,
08/23/2026,美职,New York Red Bulls vs Chicago Fire,New York Red Bulls,Chicago Fire,1X2平局,0.2261,4.0,-0.1026,,,,win,4.0,3.0,已结算,scan24h对账,0,纯数据无伤病情报;λ过高(4.33),,,,,2026-08-23T07:30:00+08:00,,10.7,,,2026-08-23T17:18:33.440757+08:00,,,
08/23/2026,美职,New York Red Bulls vs Chicago Fire,New York Red Bulls,Chicago Fire,1X2客胜,0.3888,2.48,-0.0433,,,,lose,0.0,-1.0,已结算,scan24h对账,0,纯数据无伤病情报;λ过高(4.33),,,,,2026-08-23T07:30:00+08:00,,10.7,,,2026-08-23T17:18:33.440757+08:00,,,
08/23/2026,美职,CF Montréal vs LA Galaxy,CF Montréal,LA Galaxy,让球主(-0.5),0.5051,2.12,0.0608,,,,lose,0.0,-1.0,已结算,scan24h对账,0,纯数据无伤病情报;伤停>2人(主6/客5),,,,,2026-08-23T07:30:00+08:00,,10.7,,,2026-08-23T17:18:33.440757+08:00,,,
08/23/2026,美职,CF Montréal vs LA Galaxy,CF Montréal,LA Galaxy,让球客(+0.5),0.4949,1.86,-0.0879,,,,win,1.86,0.8600000000000001,已结算,scan24h对账,0,纯数据无伤病情报;伤停>2人(主6/客5),,,,,2026-08-23T07:30:00+08:00,,10.7,,,2026-08-23T17:18:33.440757+08:00,,,
08/23/2026,美职,CF Montréal vs LA Galaxy,CF Montréal,LA Galaxy,小2.50,0.5904,2.46,0.4395,2,高价值,,lose,0.0,-1.0,已结算,scan24h对账,0,纯数据无伤病情报;伤停>2人(主6/客5),,,,,2026-08-23T07:30:00+08:00,,10.7,,,2026-08-23T17:18:33.440757+08:00,,,
08/23/2026,美职,CF Montréal vs LA Galaxy,CF Montréal,LA Galaxy,大2.50,0.4096,1.66,-0.326,,,,win,1.66,0.6599999999999999,已结算,scan24h对账,0,纯数据无伤病情报;伤停>2人(主6/客5),,,,,2026-08-23T07:30:00+08:00,,10.7,,,2026-08-23T17:18:33.440757+08:00,,,
08/23/2026,美职,CF Montréal vs LA Galaxy,CF Montréal,LA Galaxy,1X2主胜,0.4697,2.12,-0.0178,,,,lose,0.0,-1.0,已结算,scan24h对账,0,纯数据无伤病情报;伤停>2人(主6/客5),,,,,2026-08-23T07:30:00+08:00,,10.7,,,2026-08-23T17:18:33.440757+08:00,,,
08/23/2026,美职,CF Montréal vs LA Galaxy,CF Montréal,LA Galaxy,1X2平局,0.2901,3.9,0.1158,,,,win,3.9,2.9,已结算,scan24h对账,0,纯数据无伤病情报;伤停>2人(主6/客5),,,,,2026-08-23T07:30:00+08:00,,10.7,,,2026-08-23T17:18:33.440757+08:00,,,
08/23/2026,美职,CF Montréal vs LA Galaxy,CF Montréal,LA Galaxy,1X2客胜,0.2402,3.5,-0.1706,,,,lose,0.0,-1.0,已结算,scan24h对账,0,纯数据无伤病情报;伤停>2人(主6/客5),,,,,2026-08-23T07:30:00+08:00,,10.7,,,2026-08-23T17:18:33.440757+08:00,,,
08/23/2026,美职,FC Cincinnati vs Seattle Sounders FC,FC Cincinnati,Seattle Sounders FC,让球主(-1.0),0.5658,2.08,0.1589,1,标准,,lose,0.0,-1.0,已结算,scan24h对账,0,纯数据无伤病情报;伤停>2人(主0/客9),,,,,2026-08-23T07:30:00+08:00,,10.7,,,2026-08-23T17:18:33.440757+08:00,,,
08/23/2026,美职,FC Cincinnati vs Seattle Sounders FC,FC Cincinnati,Seattle Sounders FC,让球客(+1.0),0.4342,1.87,-0.2005,,,,win,1.87,0.8700000000000001,已结算,scan24h对账,0,纯数据无伤病情报;伤停>2人(主0/客9),,,,,2026-08-23T07:30:00+08:00,,10.7,,,2026-08-23T17:18:33.440757+08:00,,,
08/23/2026,美职,FC Cincinnati vs Seattle Sounders FC,FC Cincinnati,Seattle Sounders FC,小2.50,0.3879,3.05,0.1185,,,,win,3.05,2.05,已结算,scan24h对账,0,纯数据无伤病情报;伤停>2人(主0/客9),,,,,2026-08-23T07:30:00+08:00,,10.7,,,2026-08-23T17:18:33.440757+08:00,,,
08/23/2026,美职,FC Cincinnati vs Seattle Sounders FC,FC Cincinnati,Seattle Sounders FC,大2.50,0.6121,1.37,-0.2072,,,,lose,0.0,-1.0,已结算,scan24h对账,0,纯数据无伤病情报;伤停>2人(主0/客9),,,,,2026-08-23T07:30:00+08:00,,10.7,,,2026-08-23T17:18:33.440757+08:00,,,
08/23/2026,美职,FC Cincinnati vs Seattle Sounders FC,FC Cincinnati,Seattle Sounders FC,1X2主胜,0.615,1.69,0.0262,,,,lose,0.0,-1.0,已结算,scan24h对账,0,纯数据无伤病情报;伤停>2人(主0/客9),,,,,2026-08-23T07:30:00+08:00,,10.7,,,2026-08-23T17:18:33.440757+08:00,,,
08/23/2026,美职,FC Cincinnati vs Seattle Sounders FC,FC Cincinnati,Seattle Sounders FC,1X2平局,0.2214,4.8,0.0492,,,,win,4.8,3.8,已结算,scan24h对账,0,纯数据无伤病情报;伤停>2人(主0/客9),,,,,2026-08-23T07:30:00+08:00,,10.7,,,2026-08-23T17:18:33.440757+08:00,,,
08/23/2026,美职,FC Cincinnati vs Seattle Sounders FC,FC Cincinnati,Seattle Sounders FC,1X2客胜,0.1636,4.7,-0.2409,,,,lose,0.0,-1.0,已结算,scan24h对账,0,纯数据无伤病情报;伤停>2人(主0/客9),,,,,2026-08-23T07:30:00+08:00,,10.7,,,2026-08-23T17:18:33.440757+08:00,,,
08/23/2026,美职,Inter Miami CF vs Toronto FC,Inter Miami CF,Toronto FC,让球主(-1.5),0.556,1.9,0.0343,,,,lose,0.0,-1.0,已结算,scan24h对账,0,纯数据无伤病情报;伤停>2人(主9/客9),,,,,2026-08-23T07:30:00+08:00,,10.7,,,2026-08-23T17:18:33.440757+08:00,,,
08/23/2026,美职,Inter Miami CF vs Toronto FC,Inter Miami CF,Toronto FC,让球客(+1.5),0.444,2.02,-0.1219,,,,win,2.02,1.02,已结算,scan24h对账,0,纯数据无伤病情报;伤停>2人(主9/客9),,,,,2026-08-23T07:30:00+08:00,,10.7,,,2026-08-23T17:18:33.440757+08:00,,,
08/23/2026,美职,Inter Miami CF vs Toronto FC,Inter Miami CF,Toronto FC,小2.50,0.2601,3.95,-0.0305,,,,lose,0.0,-1.0,已结算,scan24h对账,0,纯数据无伤病情报;伤停>2人(主9/客9),,,,,2026-08-23T07:30:00+08:00,,10.7,,,2026-08-23T17:18:33.440757+08:00,,,
08/23/2026,美职,Inter Miami CF vs Toronto FC,Inter Miami CF,Toronto FC,大2.50,0.65,1.24,-0.2393093661305581,,,,win,1.24,0.24,已结算,scan24h对账,0,纯数据无伤病情报;伤停>2人(主9/客9),,,,,2026-08-23T07:30:00+08:00,,10.7,,,2026-08-23T17:18:33.440757+08:00,,,
08/23/2026,美职,Inter Miami CF vs Toronto FC,Inter Miami CF,Toronto FC,1X2主胜,0.65,1.38,-0.11546884185773076,,,,lose,0.0,-1.0,已结算,scan24h对账,0,纯数据无伤病情报;伤停>2人(主9/客9),,,,,2026-08-23T07:30:00+08:00,,10.7,,,2026-08-23T17:18:33.440757+08:00,,,
08/23/2026,美职,Inter Miami CF vs Toronto FC,Inter Miami CF,Toronto FC,1X2平局,0.1832,6.2,0.1201,,,,lose,0.0,-1.0,已结算,scan24h对账,0,纯数据无伤病情报;伤停>2人(主9/客9),,,,,2026-08-23T07:30:00+08:00,,10.7,,,2026-08-23T17:18:33.440757+08:00,,,
08/23/2026,美职,Inter Miami CF vs Toronto FC,Inter Miami CF,Toronto FC,1X2客胜,0.1364,7.8,0.0491,,,,win,7.8,6.8,已结算,scan24h对账,0,纯数据无伤病情报;伤停>2人(主9/客9),,,,,2026-08-23T07:30:00+08:00,,10.7,,,2026-08-23T17:18:33.440757+08:00,,,
