date,league,match,home,away,bet_name,prob,odds,ev,star,ev_tier,stake_factor,result,ret,pnl,status,src,veto,risk_tags,divergence_pp,placed_odds,bookmaker,verified,kickoff,data_src,snap_age_h,upset_level,data_note,scan_ts,coach_atk_mod,coach_def_mod,coach_sample_size,home_score,away_score,score,is_draw
2026-08-15,德乙,Hertha Berlin vs 1. FC Heidenheim,Hertha Berlin,1. FC Heidenheim,小2.50,0.5514,2.2,0.1437,1,标准,0.35,lose,0.0,0.0,已结算,paper_settle恢复,1,纯数据无伤病情报;盘口过期(距开赛51h>阈值12h)->否决,,,,,2026-08-15T11:00:00+00:00,home=cur/away=cur,51.3,低风险,无伤病情报,,,,,,,,
2026-08-15,德乙,Greuther Fürth vs 1. FC Nürnberg,Greuther Fürth,1. FC Nürnberg,让球主(+0.2),0.7456,1.88,0.3518,2,高价值,0.5,lose,0.0,0.0,已结算,paper_settle恢复,1,纯数据无伤病情报;盘口过期(距开赛51h>阈值12h)->否决,,,,,2026-08-15T11:00:00+00:00,home=cur/away=cur,51.3,低风险,无伤病情报,,,,,,,,
2026-08-15,中超,Liaoning Tieren FC vs Shenzhen Peng City FC,Liaoning Tieren FC,Shenzhen Peng City FC,让球主(-0.5),0.7786,2.3,1.1271,2,高价值,0.5,lose,0.0,-1.0,无效(snap<0赛后盘),scan,1,纯数据无伤病情报;模型与市场分歧>20pp(模型78% vs 市场35%)->否决,,,,,2026-08-15T11:00:00+00:00,home=cur/away=cur,-0.8,低风险,无伤病情报;2026-08-26审计:赛后盘作废,,,,,,,,
2026-08-15,英冠,Bolton Wanderers vs Preston North End,Bolton Wanderers,Preston North End,让球主(-0.5),0.6004,2.24,0.3171,3,高价值,1.0,win,2.24,1.2400000000000002,已结算,paper_settle恢复,0,纯数据无伤病情报,,,,,2026-08-15T11:30:00+00:00,home=cur/away=cur,0.2,低风险,无伤病情报,,,,,,,,
2026-08-15,英乙,Oldham Athletic vs Port Vale,Oldham Athletic,Port Vale,让球主(+0.0),0.6822,2.0,0.3038,2,高价值,0.5,win,2.0,1.0,无效(snap<0赛后盘),paper_settle恢复,1,纯数据无伤病情报;模型与市场分歧>20pp(模型71% vs 市场48%)->否决,,,,,2026-08-15T11:30:00+00:00,home=cur/away=cur,-1.8,轻度风险,无伤病情报;2026-08-26审计:赛后盘作废,,,,,,,,
2026-08-15,中超,Yunnan Yukun vs Dalian Yingbo,Yunnan Yukun,Dalian Yingbo,让球主(-0.5),0.7875,2.07,0.5411,2,高价值,0.5,win,2.07,1.0699999999999998,已结算,scan,1,纯数据无伤病情报;λ过高(4.63);模型与市场分歧>20pp(模型79% vs 市场46%)->否决,,,,,2026-08-15T12:00:00+00:00,home=cur/away=cur,0.2,低风险,无伤病情报,,,,,,,,
2026-08-15,中超,Shanghai Shenhua FC vs Henan FC,Shanghai Shenhua FC,Henan FC,让球主(-0.5),0.5745,1.98,0.0752,1,观察,0.3,win,1.98,0.98,已结算,scan,0,纯数据无伤病情报,,,,,2026-08-15T12:00:00+00:00,home=cur/away=cur,0.2,低风险,无伤病情报,,,,,,,,
2026-08-15,瑞超,Mjällby AIF vs IK Sirius,Mjällby AIF,IK Sirius,小3.00,0.59,2.2,0.2364,3,高价值,1.0,lose,0.0,0.0,无效(snap<0赛后盘),paper_settle恢复,1,纯数据无伤病情报;模型与市场分歧>20pp(模型66% vs 市场43%)->否决,,,,,2026-08-15T13:00:00+00:00,home=cur/away=cur,-0.3,轻度风险,无伤病情报;2026-08-26审计:赛后盘作废,,,,,,,,
2026-08-15,英冠,Bristol City vs Millwall,Bristol City,Millwall,小2.50,0.6564,1.94,0.2601,3,高价值,1.0,win,1.94,0.94,已结算,paper_settle恢复,0,纯数据无伤病情报,,,,,2026-08-15T14:00:00+00:00,home=cur/away=cur,2.7,轻度风险,无伤病情报;无比分源(未开赛/比分未出);比分源:the-odds-api,,,,,,,,
2026-08-15,英冠,Charlton Athletic vs Derby County,Charlton Athletic,Derby County,小2.50,0.6515,1.76,0.139,2,标准,0.7,lose,0.0,-1.0,已结算,paper_settle恢复,0,纯数据无伤病情报,,,,,2026-08-15T14:00:00+00:00,home=cur/away=cur,2.7,中度风险,无伤病情报;无比分源(未开赛/比分未出);比分源:the-odds-api,,,,,,,,
2026-08-15,英冠,Middlesbrough vs Lincoln City,Middlesbrough,Lincoln City,小2.50,0.6456,2.12,0.3161,3,高价值,1.0,lose,0.0,-1.0,已结算,paper_settle恢复,0,纯数据无伤病情报,,,,,2026-08-15T14:00:00+00:00,home=cur/away=cur,2.7,轻度风险,无伤病情报;无比分源(未开赛/比分未出);比分源:the-odds-api,,,,,,,,
2026-08-15,英冠,Norwich City vs West Bromwich Albion,Norwich City,West Bromwich Albion,让球主(-0.5),0.5566,2.02,0.1185,2,标准,0.7,lose,0.0,-1.0,已结算,paper_settle恢复,0,纯数据无伤病情报,,,,,2026-08-15T14:00:00+00:00,home=cur/away=cur,2.7,低风险,无伤病情报;无比分源(未开赛/比分未出);比分源:the-odds-api,,,,,,,,
2026-08-15,英冠,Portsmouth vs Queens Park Rangers,Portsmouth,Queens Park Rangers,小2.50,0.7036,1.78,0.2471,3,高价值,1.0,lose,0.0,-1.0,已结算,paper_settle恢复,0,纯数据无伤病情报,,,,,2026-08-15T14:00:00+00:00,home=cur/away=cur,2.7,低风险,无伤病情报;无比分源(未开赛/比分未出);比分源:the-odds-api,,,,,,,,
2026-08-15,英冠,Stoke City vs Swansea City,Stoke City,Swansea City,小2.50,0.6164,1.85,0.1315,2,标准,0.7,lose,0.0,-1.0,已结算,paper_settle恢复,0,纯数据无伤病情报,,,,,2026-08-15T14:00:00+00:00,home=cur/away=cur,2.7,低风险,无伤病情报;无比分源(未开赛/比分未出);比分源:the-odds-api,,,,,,,,
2026-08-15,英乙,Accrington Stanley vs Colchester United,Accrington Stanley,Colchester United,小2.50,0.7463,1.79,0.3184,3,高价值,1.0,lose,0.0,-1.0,已结算,paper_settle恢复,0,纯数据无伤病情报,,,,,2026-08-15T14:00:00+00:00,home=cur/away=cur,0.7,低风险,无伤病情报;无比分源(未开赛/比分未出);比分源:the-odds-api,,,,,,,,
2026-08-15,英乙,Barnet vs Salford City,Barnet,Salford City,让球主(-0.5),0.5344,2.18,0.1201,2,标准,0.7,win,2.18,1.1800000000000002,已结算,paper_settle恢复,0,纯数据无伤病情报,,,,,2026-08-15T14:00:00+00:00,home=cur/away=cur,0.7,低风险,无伤病情报;无比分源(未开赛/比分未出);比分源:the-odds-api,,,,,,,,
2026-08-15,英乙,Crawley Town vs Crewe Alexandra,Crawley Town,Crewe Alexandra,小2.50,0.6759,1.97,0.315,3,高价值,1.0,win,1.97,0.97,已结算,paper_settle恢复,0,纯数据无伤病情报,,,,,2026-08-15T14:00:00+00:00,cur;cur,0.7,轻度风险,无伤病情报,20260816_002116,,,,,,,
2026-08-15,英乙,Gillingham vs Walsall,Gillingham,Walsall,让球客(+0.2),0.8065,1.78,0.4008,2,高价值,0.5,win,1.78,0.78,已结算,paper_settle恢复,1,纯数据无伤病情报;模型与市场分歧>20pp(模型77% vs 市场55%)->否决,,,,,2026-08-15T14:00:00+00:00,home=cur/away=cur,0.7,低风险,无伤病情报;无比分源(未开赛/比分未出);比分源:the-odds-api,,,,,,,,
2026-08-15,英乙,Tranmere Rovers vs Shrewsbury Town,Tranmere Rovers,Shrewsbury Town,让球客(+0.2),0.795,1.9,0.486,2,高价值,0.5,lose,0.0,0.0,已结算,paper_settle恢复,1,纯数据无伤病情报;模型与市场分歧>20pp(模型77% vs 市场52%)->否决,,,,,2026-08-15T14:00:00+00:00,home=cur/away=cur,0.7,低风险,无伤病情报;无比分源(未开赛/比分未出);比分源:the-odds-api,,,,,,,,
2026-08-15,荷甲,Willem II vs NEC Nijmegen,Willem II,NEC Nijmegen,小2.50,0.586,2.62,0.4458,2,高价值,0.5,lose,0.0,-1.0,已结算,paper_settle恢复,1,纯数据无伤病情报;模型与市场分歧>20pp(模型59% vs 市场36%)->否决,,,,,2026-08-15T14:30:00+00:00,home=prev/away=cur,4.3,中度风险,非实时数据;无伤病情报;无比分源(未开赛/比分未出),,,,,,,,
2026-08-15,英冠,Sheffield United vs Birmingham City,Sheffield United,Birmingham City,让球主(-0.5),0.6847,2.3,0.4639,2,高价值,0.5,lose,0.0,-1.0,已结算,paper_settle恢复,1,纯数据无伤病情报;模型与市场分歧>20pp(模型68% vs 市场40%)->否决,,,,,2026-08-15T16:30:00+00:00,home=cur/away=cur,5.2,低风险,无伤病情报;无比分源(未开赛/比分未出),,,,,,,,
2026-08-15,荷甲,FC Utrecht vs AZ Alkmaar,FC Utrecht,AZ Alkmaar,小2.50,0.5522,2.44,0.3264,3,高价值,1.0,lose,0.0,-1.0,已结算,paper_settle恢复,0,纯数据无伤病情报,,,,,2026-08-15T16:45:00+00:00,cur;cur,6.6,轻度风险,无伤病情报,20260816_002116,,,,,,,
2026-08-15,西乙,Cádiz CF vs Celta Vigo,Cádiz CF,Celta Vigo,小2.50,0.6119,2.0,0.2207,3,高价值,1.0,win,2.0,1.0,已结算,scan,0,纯数据无伤病情报,,,,,2026-08-15T17:00:00+00:00,cur;cur,6.8,轻度风险,无伤病情报; 实为Celta Fortuna(二队) 0-0,20260816_002116,,,,,,,
2026-08-15,西乙,Oviedo vs Granada CF,Oviedo,Granada CF,让球主(-0.5),0.6307,2.06,0.2912,3,高价值,1.0,lose,0.0,-1.0,已结算,paper_settle恢复,0,纯数据无伤病情报,,,,,2026-08-15T17:00:00+00:00,prev;cur,6.8,低风险,无伤病情报,20260816_002116,,,,,,,
2026-08-15,阿甲,San Lorenzo vs Union Santa Fe,San Lorenzo,Union Santa Fe,大2.50,0.5696,2.58,0.388,2,高价值,0.5,lose,0.0,-1.0,已结算,paper_settle恢复,1,纯数据无伤病情报;队名模糊匹配;模型与市场分歧>20pp(模型73% vs 市场37%)->否决,,,,,2026-08-15T17:30:00+00:00,home=cur/away=cur,4.2,低风险,无伤病情报;队名模糊;无比分源(未开赛/比分未出),,,,,,,,
2026-08-15,荷甲,PSV vs Ajax,PSV,Ajax,大2.50,0.5634,1.97,0.0876,1,标准,0.35,VOID,0.0,0.0,无效场次,scan,0,纯数据无伤病情报;缺亚盘,,,,,2026-08-15T18:00:00+00:00,cur;cur,9.0,轻度风险,"无伤病情报; 26/27荷甲无此赛程(扫描脏数据), 该时段实为Excelsior 1-2 PSV",20260816_002116,,,,,,,
2026-08-15,荷甲,Excelsior vs PSV Eindhoven,Excelsior,PSV Eindhoven,小2.50,0.4446,3.04,0.2699,3,高价值,1.0,lose,0.0,-1.0,已结算,paper_settle恢复,0,纯数据无伤病情报,,,,,2026-08-15T18:00:00+00:00,cur;cur,7.8,轻度风险,无伤病情报,20260816_002116,,,,,,,
2026-08-15,德乙,1. FC Kaiserslautern vs Karlsruher SC,1. FC Kaiserslautern,Karlsruher SC,让球主(-0.5),0.676,1.87,0.2157,2,高价值,0.5,lose,0.0,-1.0,已结算,paper_settle恢复,1,纯数据无伤病情报;盘口过期(距开赛59h>阈值12h)->否决,,,,,2026-08-15T18:30:00+00:00,home=cur/away=cur,58.8,低风险,无伤病情报;无比分源(未开赛/比分未出),,,,,,,,
2026-08-15,土超,Gazişehir Gaziantep vs Alanyaspor,Gazişehir Gaziantep,Alanyaspor,让球主(+0.0),0.6537,1.8,0.1429,2,标准,0.7,push,1.0,0.0,已结算,paper_settle恢复,0,纯数据无伤病情报,,,,,2026-08-15T18:30:00+00:00,cur;cur,5.2,低风险,无伤病情报,20260816_002116,,,,,,,
2026-08-15,土超,Genclerbirligi SK vs Fenerbahce,Genclerbirligi SK,Fenerbahce,大2.50,0.6244,1.89,0.174,1,标准,0.35,win,1.89,0.8899999999999999,已结算,paper_settle恢复,0,纯数据无伤病情报;队名模糊匹配,,,,,2026-08-15T18:30:00+00:00,cur;cur,5.2,轻度风险,无伤病情报,20260816_002116,,,,,,,
2026-08-15,比甲,Genk vs Westerlo,Genk,Westerlo,让球客(+1.2),0.5977,2.01,0.1733,2,标准,0.7,half,1.505,0.5049999999999999,已结算,paper_settle恢复,0,纯数据无伤病情报,,,,,2026-08-15T18:45:00+00:00,cur;cur,5.7,轻度风险,无伤病情报,20260816_002116,,,,,,,
2026-08-15,荷甲,Fortuna Sittard vs SC Cambuur,Fortuna Sittard,SC Cambuur,让球客(+0.5),0.7237,2.23,0.5568,2,高价值,0.5,lose,0.0,-1.0,已结算,paper_settle恢复,1,纯数据无伤病情报;模型与市场分歧>20pp(模型72% vs 市场43%)->否决,,,,,2026-08-15T19:00:00+00:00,home=cur/away=prev,8.8,轻度风险,非实时数据;无伤病情报;无比分源(未开赛/比分未出),,,,,,,,
2026-08-15,西乙,Mallorca vs Real Valladolid CF,Mallorca,Real Valladolid CF,小2.50,0.6199,1.93,0.1808,2,标准,0.7,win,1.93,0.9299999999999999,已结算,paper_settle恢复,0,纯数据无伤病情报,,,,,2026-08-15T19:30:00+00:00,cur;cur,9.3,轻度风险,无伤病情报,20260816_002116,,,,,,,
2026-08-15,葡超,Rio Ave FC vs FC Porto,Rio Ave FC,FC Porto,让球主(+1.2),0.6439,2.04,0.2957,2,高价值,0.5,lose,0.0,-1.0,已结算,paper_settle恢复,0,纯数据无伤病情报;队名模糊匹配,,,,,2026-08-15T19:30:00+00:00,cur;cur,6.4,轻度风险,无伤病情报,20260816_002116,,,,,,,
2026-08-15,巴甲,Atletico Paranaense vs Bragantino-SP,Atletico Paranaense,Bragantino-SP,小2.50,0.6772,1.77,0.1945,2,标准,0.7,win,1.77,0.77,已结算,paper_settle恢复,0,纯数据无伤病情报,,,,,2026-08-15T21:30:00+00:00,cur;cur,8.2,低风险,无伤病情报,20260816_002116,,,,,,,
2026-08-15,智利甲,Deportes Limache vs Universidad de Chile,Deportes Limache,Universidad de Chile,让球主(+0.5),0.8061,1.89,0.5086,2,高价值,0.5,lose,0.0,-1.0,已结算,paper_settle恢复,1,纯数据无伤病情报;模型与市场分歧>20pp(模型83% vs 市场52%)->否决,,,,,2026-08-15T21:30:00+00:00,home=cur/away=cur,8.1,低风险,无伤病情报;无比分源(未开赛/比分未出),,,,,,,,
2026-08-15,阿甲,Newells Old Boys vs Deportivo Riestra,Newells Old Boys,Deportivo Riestra,让球主(+0.0),0.7394,1.76,0.2725,2,高价值,0.5,win,1.76,0.76,已结算,paper_settle恢复,0,纯数据无伤病情报;队名模糊匹配,,,,,2026-08-15T22:00:00+00:00,cur;cur,8.7,低风险,无伤病情报,20260816_002116,,,,,,,
2026-08-15,美职,CF Montreal vs D.C. United,CF Montreal,D.C. United,小2.50,0.6271,2.28,0.4157,3,高价值,1.0,win,2.28,1.2799999999999998,已结算,paper_settle恢复,1,纯数据无伤病情报;模型与市场分歧>20pp(模型73% vs 市场43%)->否决,,,,,2026-08-15T23:30:00+00:00,home=cur/away=cur,10.2,低风险,无伤病情报;无比分源(未开赛/比分未出),,,,,,,,
2026-08-15,美职,Charlotte FC vs Columbus Crew SC,Charlotte FC,Columbus Crew SC,大2.50,0.8325,1.78,0.4639,1,高价值,0.25,win,1.78,0.78,已结算,paper_settle恢复,1,纯数据无伤病情报;队名模糊匹配;模型与市场分歧>20pp(模型75% vs 市场42%)->否决,,,,,2026-08-15T23:30:00+00:00,home=cur/away=cur,10.2,低风险,无伤病情报;队名模糊;无比分源(未开赛/比分未出),,,,,,,,
2026-08-15,美职,Orlando City SC vs FC Cincinnati,Orlando City SC,FC Cincinnati,让球主(-0.5),0.6673,2.25,0.449,2,高价值,0.5,lose,0.0,-1.0,已结算,paper_settle恢复,1,纯数据无伤病情报;λ过高(5.35);模型与市场分歧>20pp(模型70% vs 市场43%)->否决,,,,,2026-08-15T23:30:00+00:00,home=cur/away=cur,10.2,低风险,无伤病情报;无比分源(未开赛/比分未出),,,,,,,,
2026-08-15,美职,Toronto FC vs New England Revolution,Toronto FC,New England Revolution,大2.50,0.7122,1.72,0.2188,3,高价值,1.0,win,1.72,0.72,已结算,paper_settle恢复,0,纯数据无伤病情报,,,,,2026-08-15T23:30:00+00:00,cur;cur,10.2,低风险,无伤病情报,20260816_002116,,,,,,,
2026-08-16,巴甲,Sao Paulo vs Coritiba,Sao Paulo,Coritiba,大2.50,0.5152,2.12,0.082,2,标准,0.7,lose,0.0,-1.0,已结算,scan,1,纯数据无伤病情报;盘口为隔日快照(2026-08-15)->否决,,,,,2026-08-16T00:00:00+00:00,home=cur/away=cur,10.7,轻度风险,无伤病情报;无比分源(未开赛/比分未出),,,,,,,,
2026-08-16,阿甲,Platense vs Boca Juniors,Platense,Boca Juniors,让球客(-0.5),0.6721,2.09,0.3705,2,高价值,0.5,lose,0.0,-1.0,已结算,scan,1,纯数据无伤病情报;盘口为隔日快照(2026-08-15)->否决,,,,,2026-08-16T00:15:00+00:00,home=cur/away=cur,10.9,低风险,无伤病情报;无比分源(未开赛/比分未出),,,,,,,,
2026-08-16,美职,Houston Dynamo vs LA Galaxy,Houston Dynamo,LA Galaxy,小2.50,0.5251,2.42,0.2646,2,高价值,0.5,win,2.42,1.42,已结算,scan,1,纯数据无伤病情报;队名模糊匹配;盘口为隔日快照(2026-08-15)->否决,,,,,2026-08-16T00:30:00+00:00,home=cur/away=cur,11.2,轻度风险,无伤病情报;队名模糊;无比分源(未开赛/比分未出),,,,,,,,
2026-08-16,美职,Nashville SC vs Inter Miami CF,Nashville SC,Inter Miami CF,大2.50,0.8789,1.46,0.2128,2,高价值,0.5,win,1.46,0.45999999999999996,已结算,scan,1,纯数据无伤病情报;λ过高(4.25);盘口为隔日快照(2026-08-15)->否决,,,,,2026-08-16T00:30:00+00:00,home=cur/away=cur,11.2,低风险,无伤病情报;无比分源(未开赛/比分未出),,,,,,,,
2026-08-16,墨超,Monterrey vs FC Juárez,Monterrey,FC Juárez,大2.50,0.7334,1.52,0.0505,1,观察,0.3,win,1.52,0.52,已结算,scan,0,纯数据无伤病情报,,,,,2026-08-16T01:10:00+00:00,home=cur/away=cur,11.8,轻度风险,无伤病情报;无比分源(未开赛/比分未出),,,,,,,,
2026-08-16,美职,Colorado Rapids vs Sporting Kansas City,Colorado Rapids,Sporting Kansas City,让球主(-1.0),0.8926,1.76,0.5107,2,高价值,0.5,win,1.76,0.76,已结算,scan,1,纯数据无伤病情报;λ过高(5.01);盘口过期(距开赛12h>阈值12h)->否决,,,,,2026-08-16T01:30:00+00:00,home=cur/away=cur,12.2,轻度风险,无伤病情报;无比分源(未开赛/比分未出),,,,,,,,
2026-08-16,美职,Real Salt Lake vs Minnesota United FC,Real Salt Lake,Minnesota United FC,大2.50,0.8522,1.65,0.3932,2,高价值,0.5,lose,0.0,-1.0,已结算,scan,1,纯数据无伤病情报;λ过高(4.08);盘口过期(距开赛12h>阈值12h)->否决,,,,,2026-08-16T01:30:00+00:00,home=cur/away=cur,12.2,低风险,无伤病情报;无比分源(未开赛/比分未出),,,,,,,,
2026-08-16,美职,Los Angeles FC vs San Diego FC,Los Angeles FC,San Diego FC,让球主(-0.5),0.8279,1.6,0.2317,2,高价值,0.5,lose,0.0,-1.0,已结算,scan,1,纯数据无伤病情报;盘口过期(距开赛13h>阈值12h)->否决,,,,,2026-08-16T02:30:00+00:00,home=cur/away=cur,13.2,轻度风险,无伤病情报;无比分源(未开赛/比分未出),,,,,,,,
2026-08-16,美职,San Jose Earthquakes vs St. Louis City SC,San Jose Earthquakes,St. Louis City SC,让球主(-0.5),0.6958,2.18,0.4584,2,高价值,0.5,lose,0.0,-1.0,已结算,scan,1,纯数据无伤病情报;盘口过期(距开赛13h>阈值12h)->否决,,,,,2026-08-16T02:30:00+00:00,home=cur/away=cur,13.2,低风险,无伤病情报;无比分源(未开赛/比分未出),,,,,,,,
2026-08-16,墨超,Atlas vs Tigres,Atlas,Tigres,小2.50,0.7384,1.79,0.3046,2,高价值,0.5,lose,0.0,-1.0,已结算,scan,1,纯数据无伤病情报;队名模糊匹配;盘口过期(距开赛14h>阈值12h)->否决,,,,,2026-08-16T03:10:00+00:00,home=cur/away=cur,13.8,低风险,无伤病情报;队名模糊;无比分源(未开赛/比分未出),,,,,,,,
2026-08-16,荷甲,ADO Den Haag vs Groningen,ADO Den Haag,Groningen,让球主(+0.0),0.7072,2.08,0.4236,2,高价值,0.5,lose,0.0,-1.0,已结算,scan,1,纯数据无伤病情报;盘口过期(距开赛24h>阈值12h)->否决,,,,,2026-08-16T10:15:00+00:00,home=prev/away=cur,24.1,轻度风险,非实时数据;无伤病情报;无比分源(未开赛/比分未出),,,,,,,,
2026-08-16,德乙,Dynamo Dresden vs SV Darmstadt 98,Dynamo Dresden,SV Darmstadt 98,让球主(-0.5),0.5609,2.05,0.1086,1,标准,0.35,win,2.05,1.0499999999999998,已结算,scan,1,纯数据无伤病情报;盘口过期(距开赛76h>阈值12h)->否决,,,,,2026-08-16T11:30:00+00:00,home=cur/away=cur,75.8,低风险,无伤病情报;无比分源(未开赛/比分未出),,,,,,,,
2026-08-16,瑞超,Djurgardens IF vs AIK,Djurgardens IF,AIK,大2.50,0.7974,1.52,0.1422,1,标准,0.35,win,1.52,0.52,已结算,scan,0,纯数据无伤病情报,,,,,2026-08-16T12:00:00+00:00,home=cur/away=cur,22.7,轻度风险,无伤病情报;无比分源(未开赛/比分未出),,,,,,,,
2026-08-16,瑞超,Degerfors IF vs IFK Goteborg,Degerfors IF,IFK Goteborg,大2.50,0.694,1.9,0.2688,3,高价值,1.0,win,1.9,0.8999999999999999,已结算,scan,1,纯数据无伤病情报;盘口过期(距开赛23h>阈值12h)->否决,,,,,2026-08-16T12:00:00+00:00,home=cur/away=cur,22.7,低风险,无伤病情报;无比分源(未开赛/比分未出),,,,,,,,
2026-08-16,瑞超,IF Brommapojkarna vs Örgryte IS,IF Brommapojkarna,Örgryte IS,让球主(-0.5),0.7281,1.84,0.2961,2,高价值,0.5,win,1.84,0.8400000000000001,已结算,scan,1,纯数据无伤病情报;盘口过期(距开赛23h>阈值12h)->否决,,,,,2026-08-16T12:00:00+00:00,home=cur/away=cur,22.7,低风险,无伤病情报;无比分源(未开赛/比分未出),,,,,,,,
2026-08-16,丹超,OB Odense BK vs AC Horsens,OB Odense BK,AC Horsens,让球客(+0.5),0.6215,2.2,0.3327,3,高价值,1.0,win,2.2,1.2000000000000002,已结算,scan,1,纯数据无伤病情报;盘口过期(距开赛23h>阈值12h)->否决,,,,,2026-08-16T12:00:00+00:00,home=cur/away=cur,22.6,轻度风险,无伤病情报;无比分源(未开赛/比分未出),,,,,,,,
2026-08-16,荷甲,Feyenoord vs Go Ahead Eagles,Feyenoord,Go Ahead Eagles,小2.50,0.3944,3.14,0.1631,1,标准,0.35,lose,0.0,-1.0,已结算,scan,1,纯数据无伤病情报;盘口过期(距开赛26h>阈值12h)->否决,,,,,2026-08-16T12:30:00+00:00,home=cur/away=cur,26.3,轻度风险,无伤病情报;无比分源(未开赛/比分未出),,,,,,,,
2026-08-16,英冠,Watford vs Southampton,Watford,Southampton,让球主(+0.5),0.6905,1.8,0.1913,1,标准,0.35,win,1.8,0.8,已结算,scan,1,纯数据无伤病情报;盘口过期(距开赛25h>阈值12h)->否决,,,,,2026-08-16T12:30:00+00:00,home=cur/away=cur,25.2,轻度风险,无伤病情报;无比分源(未开赛/比分未出),,,,,,,,
2026-08-16,比甲,RAAL La Louvière vs Gent,RAAL La Louvière,Gent,让球主(+0.2),0.7232,1.83,0.2797,2,高价值,0.5,lose,0.0,-1.0,已结算,scan,1,纯数据无伤病情报;盘口过期(距开赛25h>阈值12h)->否决,,,,,2026-08-16T14:00:00+00:00,home=cur/away=cur,24.9,低风险,无伤病情报;无比分源(未开赛/比分未出),,,,,,,,
2026-08-16,巴甲,Chapecoense vs Bahia,Chapecoense,Bahia,大2.50,0.6998,1.95,0.3167,2,高价值,0.5,win,1.95,0.95,已结算,scan,1,纯数据无伤病情报;盘口过期(距开赛25h>阈值12h)->否决,,,,,2026-08-16T14:00:00+00:00,home=cur/away=cur,24.7,低风险,无伤病情报;无比分源(未开赛/比分未出),,,,,,,,
2026-08-16,葡超,Nacional vs Estoril,Nacional,Estoril,大2.50,0.6999,1.92,0.2934,2,高价值,0.5,lose,0.0,-1.0,已结算,scan,1,纯数据无伤病情报;盘口过期(距开赛25h>阈值12h)->否决,,,,,2026-08-16T14:30:00+00:00,home=cur/away=cur,25.4,低风险,无伤病情报;无比分源(未开赛/比分未出),,,,,,,,
2026-08-16,瑞超,GAIS vs Malmo FF,GAIS,Malmo FF,小2.50,0.6813,2.24,0.455,2,高价值,0.5,win,2.24,1.2400000000000002,已结算,scan,1,纯数据无伤病情报;盘口过期(距开赛25h>阈值12h)->否决,,,,,2026-08-16T14:30:00+00:00,home=cur/away=cur,25.2,低风险,无伤病情报;无比分源(未开赛/比分未出),,,,,,,,
2026-08-16,瑞超,Kalmar FF vs Hammarby IF,Kalmar FF,Hammarby IF,让球主(+0.5),0.8601,2.02,0.6682,2,高价值,0.5,lose,0.0,-1.0,已结算,scan,1,纯数据无伤病情报;盘口过期(距开赛25h>阈值12h)->否决,,,,,2026-08-16T14:30:00+00:00,home=cur/away=cur,25.2,低风险,无伤病情报;无比分源(未开赛/比分未出),,,,,,,,
2026-08-16,荷甲,Ajax vs Heerenveen,Ajax,Heerenveen,让球主(-1.2),0.5768,1.9,0.06,1,观察,0.15,lose,0.0,-1.0,已结算,scan,1,纯数据无伤病情报;盘口过期(距开赛29h>阈值12h)->否决,,,,,2026-08-16T14:45:00+00:00,home=cur/away=cur,28.6,轻度风险,无伤病情报;无比分源(未开赛/比分未出),,,,,,,,
2026-08-16,西甲,Real Racing Club de Santander vs Villarreal,Real Racing Club de Santander,Villarreal,让球主(+0.5),0.7964,1.7,0.3059,2,高价值,0.5,win,1.7,0.7,已结算,scan,1,纯数据无伤病情报;盘口过期(距开赛27h>阈值12h)->否决,,,,,2026-08-16T15:00:00+00:00,home=cur/away=cur,27.0,低风险,无伤病情报;无比分源(未开赛/比分未出),,,,,,,,
2026-08-16,西乙,SD Eibar vs Tenerife,SD Eibar,Tenerife,让球主(-0.5),0.7215,1.99,0.3803,2,高价值,0.5,lose,0.0,-1.0,已结算,scan,1,纯数据无伤病情报;盘口过期(距开赛29h>阈值12h)->否决,,,,,2026-08-16T15:00:00+00:00,home=cur/away=prev,28.8,低风险,非实时数据;无伤病情报;无比分源(未开赛/比分未出),,,,,,,,
2026-08-16,英冠,Burnley vs West Ham United,Burnley,West Ham United,让球主(+0.5),0.9554,1.6,0.445,2,高价值,0.5,win,1.6,0.6000000000000001,已结算,scan,1,纯数据无伤病情报;盘口过期(距开赛28h>阈值12h)->否决,,,,,2026-08-16T15:00:00+00:00,home=prev/away=cur,27.7,低风险,非实时数据;无伤病情报;无比分源(未开赛/比分未出),,,,,,,,
2026-08-16,挪超,Molde vs Tromso,Molde,Tromso,大2.50,0.755,1.68,0.2106,2,高价值,0.5,win,1.68,0.6799999999999999,已结算,scan,1,纯数据无伤病情报;盘口过期(距开赛26h>阈值12h)->否决,,,,,2026-08-16T15:00:00+00:00,home=cur/away=cur,25.7,低风险,无伤病情报;无比分源(未开赛/比分未出),,,,,,,,
2026-08-16,挪超,Sarpsborg FK vs Sandefjord,Sarpsborg FK,Sandefjord,小2.50,0.6533,2.48,0.5454,2,高价值,0.5,lose,0.0,-1.0,已结算,scan,1,纯数据无伤病情报;盘口过期(距开赛26h>阈值12h)->否决,,,,,2026-08-16T15:00:00+00:00,home=cur/away=cur,25.7,低风险,无伤病情报;无比分源(未开赛/比分未出),,,,,,,,
2026-08-16,丹超,Randers FC vs FC Copenhagen,Randers FC,FC Copenhagen,大2.50,0.7761,1.61,0.177,1,标准,0.35,win,1.61,0.6100000000000001,已结算,scan,1,纯数据无伤病情报;盘口过期(距开赛27h>阈值12h)->否决,,,,,2026-08-16T16:00:00+00:00,home=cur/away=cur,26.6,轻度风险,无伤病情报;无比分源(未开赛/比分未出),,,,,,,,
2026-08-16,智利甲,Ñublense vs Union La Calera,Ñublense,Union La Calera,让球主(-0.5),0.8349,1.77,0.4193,2,高价值,0.5,win,1.77,0.77,已结算,scan,1,纯数据无伤病情报;盘口过期(距开赛27h>阈值12h)->否决,,,,,2026-08-16T16:30:00+00:00,home=cur/away=cur,27.1,低风险,无伤病情报;无比分源(未开赛/比分未出),,,,,,,,
2026-08-16,西甲,Espanyol vs Levante,Espanyol,Levante,让球主(-0.5),0.5437,2.11,0.1176,1,标准,0.35,win,2.11,1.1099999999999999,已结算,scan,1,纯数据无伤病情报;盘口过期(距开赛29h>阈值12h)->否决,,,,,2026-08-16T17:00:00+00:00,home=cur/away=cur,29.0,低风险,无伤病情报;无比分源(未开赛/比分未出),,,,,,,,
2026-08-16,西乙,Burgos CF vs Córdoba,Burgos CF,Córdoba,让球主(-0.2),0.5959,2.11,0.2103,2,高价值,0.5,win,2.11,1.1099999999999999,已结算,scan,1,纯数据无伤病情报;盘口过期(距开赛31h>阈值12h)->否决,,,,,2026-08-16T17:00:00+00:00,home=cur/away=cur,30.8,低风险,无伤病情报;无比分源(未开赛/比分未出),,,,,,,,
2026-08-16,巴甲,Atletico Mineiro vs Grêmio,Atletico Mineiro,Grêmio,让球主(-0.5),0.6176,1.84,0.0993,1,标准,0.35,win,1.84,0.8400000000000001,已结算,scan,1,纯数据无伤病情报;盘口过期(距开赛30h>阈值12h)->否决,,,,,2026-08-16T19:00:00+00:00,home=cur/away=cur,29.7,低风险,无伤病情报;无比分源(未开赛/比分未出),,,,,,,,
2026-08-16,巴甲,Vasco da Gama vs Santos,Vasco da Gama,Santos,大2.50,0.6252,2.06,0.248,2,高价值,0.5,win,2.06,1.06,已结算,scan,1,纯数据无伤病情报;盘口过期(距开赛30h>阈值12h)->否决,,,,,2026-08-16T19:00:00+00:00,home=cur/away=cur,29.7,低风险,无伤病情报;无比分源(未开赛/比分未出),,,,,,,,
2026-08-16,智利甲,Cobresal vs Deportes Concepción,Cobresal,Deportes Concepción,让球主(+0.0),0.7557,1.88,0.37,2,高价值,0.5,lose,0.0,-1.0,已结算,scan,1,纯数据无伤病情报;盘口过期(距开赛30h>阈值12h)->否决,,,,,2026-08-16T19:00:00+00:00,home=cur/away=cur,29.6,低风险,无伤病情报;无比分源(未开赛/比分未出),,,,,,,,
2026-08-27,西甲,Celta Vigo vs CA Osasuna,Celta Vigo,CA Osasuna,让球主(-0.5),0.5907,2.1,0.234,2,高价值,0.5,,,,待结算,scan,1,纯数据无伤病情报;盘口过期(距开赛84h>阈值12h)->否决,,,,,2026-08-27T18:30:00+00:00,home=cur/away=cur,83.8,低风险,2026-08-26审计:未来场次待结算(原date/状态错配),,,,,,,,
2026-08-16,西乙,Las Palmas vs Albacete,Las Palmas,Albacete,小2.50,0.6639,1.97,0.2581,2,高价值,0.5,lose,0.0,-1.0,已结算,scan,1,纯数据无伤病情报;盘口过期(距开赛33h>阈值12h)->否决,,,,,2026-08-16T19:30:00+00:00,home=cur/away=cur,33.3,轻度风险,无伤病情报;无比分源(未开赛/比分未出),,,,,,,,
2026-08-16,巴甲,Vitoria vs Botafogo,Vitoria,Botafogo,让球主(-0.5),0.6449,2.3,0.3997,2,高价值,0.5,win,2.3,1.2999999999999998,已结算,scan,1,纯数据无伤病情报;盘口过期(距开赛32h>阈值12h)->否决,,,,,2026-08-16T21:30:00+00:00,home=cur/away=cur,32.2,低风险,无伤病情报;无比分源(未开赛/比分未出),,,,,,,,
2026-08-16,智利甲,Colo Colo vs O'Higgins,Colo Colo,O'Higgins,让球主(-1.0),0.7357,1.82,0.2909,2,高价值,0.5,lose,0.0,-1.0,已结算,scan,1,纯数据无伤病情报;盘口过期(距开赛32h>阈值12h)->否决,,,,,2026-08-16T21:30:00+00:00,home=cur/away=cur,32.1,轻度风险,无伤病情报;无比分源(未开赛/比分未出),,,,,,,,
2026-08-16,美职,Chicago Fire vs Portland Timbers,Chicago Fire,Portland Timbers,让球主(-1.0),0.6452,1.85,0.1389,1,标准,0.175,push,1.0,0.0,已结算,scan,1,纯数据无伤病情报;队名模糊匹配;盘口过期(距开赛33h>阈值12h)->否决,,,,,2026-08-16T22:00:00+00:00,home=cur/away=cur,32.7,轻度风险,无伤病情报;队名模糊;无比分源(未开赛/比分未出),,,,,,,,
2026-08-16,美职,New York City FC vs Philadelphia Union,New York City FC,Philadelphia Union,大2.50,0.9526,1.71,0.5795,1,高价值,0.25,win,1.71,0.71,已结算,scan,1,纯数据无伤病情报;λ过高(5.64);盘口过期(距开赛33h>阈值12h)->否决,,,,,2026-08-16T22:00:00+00:00,home=cur/away=cur,32.7,低风险,无伤病情报;无比分源(未开赛/比分未出),,,,,,,,
2026-08-16,巴甲,Corinthians vs Cruzeiro,Corinthians,Cruzeiro,小2.50,0.6653,1.63,0.0734,1,观察,0.15,lose,0.0,-1.0,已结算,scan,1,纯数据无伤病情报;盘口过期(距开赛33h>阈值12h)->否决,,,,,2026-08-16T22:30:00+00:00,home=cur/away=cur,33.2,低风险,无伤病情报;无比分源(未开赛/比分未出),,,,,,,,
2026-08-16,墨超,América vs Atlético San Luis,América,Atlético San Luis,大2.50,0.6639,1.66,0.0507,1,观察,0.15,win,1.66,0.6599999999999999,已结算,scan,0,纯数据无伤病情报;队名模糊匹配,,,,,2026-08-16T23:00:00+00:00,home=cur/away=cur,33.7,轻度风险,无伤病情报;队名模糊;无比分源(未开赛/比分未出),,,,,,,,
2026-08-16,阿甲,Barracas Central vs Rosario Central,Barracas Central,Rosario Central,让球主(+0.0),0.5522,1.97,0.0522,1,观察,0.15,lose,0.0,-1.0,已结算,scan,1,纯数据无伤病情报;盘口过期(距开赛34h>阈值12h)->否决,,,,,2026-08-16T23:15:00+00:00,home=cur/away=cur,33.9,轻度风险,无伤病情报;无比分源(未开赛/比分未出),,,,,,,,
2026-08-15,J1,Shimizu S-Pulse vs Yokohama F Marinos,Shimizu S-Pulse,Yokohama F Marinos,让球客(+0.2),0.6819135098448618,1.775,0.14489969676547587,1,标准,0.35,win,1.775,0.7749999999999999,已结算,settle档案,0,纯数据无伤病情报,,,,,2026-08-15T09:30:00+00:00,home=cur/away=cur,1.0,轻度风险,无伤病情报,,,,,,,,
2026-08-15,J1,Fagiano Okayama vs V-Varen Nagasaki,Fagiano Okayama,V-Varen Nagasaki,大2.5,0.558627087052654,2.1,0.10211243990361774,1,标准,0.35,lose,0.0,-1.0,已结算,settle档案,0,纯数据无伤病情报,,,,,2026-08-15T09:55:00+00:00,home=cur/away=cur,1.4,中度风险,无伤病情报,,,,,,,,
2026-08-15,J1,Urawa Red Diamonds vs Sanfrecce Hiroshima,Urawa Red Diamonds,Sanfrecce Hiroshima,让球主(+0.5),0.6146945835847635,1.875,0.09473516248006031,1,标准,0.35,lose,0.0,-1.0,已结算,settle档案,,,,,,,,,,,无存档信息,,,,,,,,
2026-08-15,J1,Kashima Antlers vs Nagoya Grampus,Kashima Antlers,Nagoya Grampus,让球主(-0.8),0.5667911097936886,2.025,0.0856450224765779,1,标准,0.35,half,1.5125,0.5125,已结算,settle档案,0,纯数据无伤病情报,,,,,2026-08-15T09:00:00+00:00,home=cur/away=cur,0.5,轻度风险,无伤病情报,,,,,,,,
2026-08-15,J1,Avispa Fukuoka vs Cerezo Osaka,Avispa Fukuoka,Cerezo Osaka,让球客(-0.0),0.6438367839967285,1.875,0.14663571985437085,1,标准,0.35,lose,0.0,-1.0,已结算,settle档案,0,纯数据无伤病情报,,,,,2026-08-15T10:00:00+00:00,home=cur/away=cur,1.5,轻度风险,无伤病情报,,,,,,,,
2026-08-15,中超,Tianjin Jinmen Tiger FC vs Beijing FC,Tianjin Jinmen Tiger FC,Beijing FC,小2.50,0.4638,2.34,0.0723,1,观察,0.3,lose,0.0,-1.0,无效(snap<0赛后盘),settle档案,0,纯数据无伤病情报,,,,,2026-08-15T11:35:00+00:00,home=cur/away=cur,-0.3,轻度风险,无伤病情报;2026-08-26审计:赛后盘作废,,,,,,,,
2026-08-15,英乙,Cheltenham Town vs Rotherham United,Cheltenham Town,Rotherham United,大2.50,0.6421,2.16,0.37,2,高价值,0.5,win,2.16,1.1600000000000001,已结算,paper_settle恢复,0,纯数据无伤病情报;队名模糊匹配,,,,,2026-08-15T14:00:00+00:00,home=cur/away=cur,0.7,轻度风险,无伤病情报;队名模糊;无比分源(未开赛/比分未出);比分源:the-odds-api,,,,,,,,
2026-08-15,英乙,Chesterfield FC vs Fleetwood Town,Chesterfield FC,Fleetwood Town,小2.50,0.7055,1.85,0.2895,2,高价值,0.5,win,1.85,0.8500000000000001,已结算,paper_settle恢复,0,纯数据无伤病情报;队名模糊匹配,,,,,2026-08-15T14:00:00+00:00,home=cur/away=cur,0.7,低风险,无伤病情报;队名模糊;无比分源(未开赛/比分未出);比分源:the-odds-api,,,,,,,,
2026-08-15,英乙,Grimsby Town vs Exeter City,Grimsby Town,Exeter City,让球主(-0.5),0.6453,1.87,0.1991,2,标准,0.7,win,1.87,0.8700000000000001,已结算,paper_settle恢复,0,纯数据无伤病情报,,,,,2026-08-15T14:00:00+00:00,home=cur/away=prev,0.7,低风险,非实时数据;无伤病情报;无比分源(未开赛/比分未出);比分源:the-odds-api,,,,,,,,
2026-08-15,葡超,Alverca vs CF Estrela,Alverca,CF Estrela,小2.50,0.6326,1.77,0.1158,1,标准,0.35,lose,0.0,-1.0,已结算,paper_settle恢复,0,纯数据无伤病情报;队名模糊匹配,,,,,2026-08-15T14:30:00+00:00,cur;cur,1.4,低风险,无伤病情报,20260816_002116,,,,,,,
2026-08-15,西乙,Andorra CF vs AD Ceuta FC,Andorra CF,AD Ceuta FC,让球主(-0.8),0.6395,1.86,0.1733,1,标准,0.35,win,1.86,0.8600000000000001,已结算,paper_settle恢复,0,纯数据无伤病情报;队名模糊匹配,,,,,2026-08-15T15:00:00+00:00,cur;cur,4.8,轻度风险,无伤病情报,20260816_002116,,,,,,,
2026-08-15,比甲,KV Kortrijk vs Royal Antwerp,KV Kortrijk,Royal Antwerp,小2.50,0.6674,1.86,0.23,2,高价值,0.5,lose,0.0,-1.0,已结算,paper_settle恢复,0,纯数据无伤病情报;队名模糊匹配,,,,,2026-08-15T16:15:00+00:00,prev;cur,3.2,轻度风险,无伤病情报,20260816_002116,,,,,,,
2026-08-15,阿甲,Aldosivi Mar del Plata vs CA Tigre BA,Aldosivi Mar del Plata,CA Tigre BA,让球客(-0.0),0.5962,1.87,0.0877,1,标准,0.35,push,1.0,0.0,已结算,paper_settle恢复,0,纯数据无伤病情报;队名模糊匹配,,,,,2026-08-15T17:30:00+00:00,cur;cur,4.2,轻度风险,无伤病情报,20260816_002116,,,,,,,
2026-08-15,比甲,Leuven vs Club Brugge,Leuven,Club Brugge,让球主(+1.0),0.6406,2.04,0.2533,2,高价值,0.5,lose,0.0,-1.0,已结算,paper_settle恢复,0,纯数据无伤病情报;队名模糊匹配,,,,,2026-08-15T18:45:00+00:00,cur;cur,5.7,轻度风险,无伤病情报,20260816_002116,,,,,,,
2026-08-15,巴甲,Fluminense vs Palmeiras,Fluminense,Palmeiras,大2.50,0.4327,2.5,0.0751,1,观察,0.3,win,2.5,1.5,已结算,paper_settle恢复,0,纯数据无伤病情报,,,,,2026-08-15T19:30:00+00:00,cur;cur,6.2,低风险,无伤病情报,20260816_002116,,,,,,,
2026-08-15,阿甲,Estudiantes vs Gimnasia La Plata,Estudiantes,Gimnasia La Plata,让球主(-0.5),0.607,2.12,0.2564,2,高价值,0.5,win,2.12,1.12,已结算,paper_settle恢复,0,纯数据无伤病情报;队名模糊匹配,,,,,2026-08-15T19:45:00+00:00,cur;cur,6.4,低风险,无伤病情报,20260816_002116,,,,,,,
2026-08-15,阿甲,Belgrano de Cordoba vs Independiente Rivadavia,Belgrano de Cordoba,Independiente Rivadavia,让球客(+0.5),0.7,1.86,0.2696,2,高价值,0.5,lose,0.0,-1.0,已结算,paper_settle恢复,0,纯数据无伤病情报;队名模糊匹配,,,,,2026-08-15T22:00:00+00:00,cur;cur,8.7,低风险,无伤病情报,20260816_002116,,,,,,,
2026-08-15,美职,Atlanta United FC vs New York Red Bulls,Atlanta United FC,New York Red Bulls,让球主(-0.5),0.5317,2.07,0.0753,1,观察,0.3,win,2.07,1.0699999999999998,已结算,paper_settle恢复,0,纯数据无伤病情报,,,,,2026-08-15T23:30:00+00:00,cur;cur,10.2,低风险,无伤病情报,20260816_002116,,,,,,,
,J1,Mito HollyHock vs Gamba Osaka,Mito HollyHock,Gamba Osaka,小2.50,0.619,1.76,0.0779,1,观察,0.3,win,1.76,0.76,已结算,settle档案,,,,,,,,,,,无比分源(补录),,,,,,,,
,J1,JEF United Chiba vs FC Machida Zelvia,JEF United Chiba,FC Machida Zelvia,让球主(+0.5),0.6851,2.0,0.3528,2,高价值,0.5,lose,0.0,-1.0,已结算,settle档案,,,,,,,,,,,无比分源(补录),,,,,,,,
,J1,Vissel Kobe vs FC Tokyo,Vissel Kobe,FC Tokyo,小2.50,0.619,1.77,0.0832,2,标准,0.7,lose,0.0,-1.0,已结算,settle档案,,,,,,,,,,,无比分源(补录),,,,,,,,
,中超,Zhejiang vs Chengdu Rongcheng FC,Zhejiang,Chengdu Rongcheng FC,让球主(+0.5),0.6723,1.75,0.1327,2,标准,0.7,lose,0.0,-1.0,已结算,settle档案,,,,,,,,,,,无比分源(补录),,,,,,,,
2026-08-22,瑞超,IK Sirius vs BK Häcken,IK Sirius,BK Häcken,让球主(-0.5),0.65,1.91,0.19168248868117432,,,,lose,0.0,-1.0,无效(snap<0赛后盘),scan24h对账,1,纯数据无伤病情报;伤停>2人(主3/客5);λ过高(4.19);模型与市场分歧>20pp(模型79% vs 市场48%)->否决,,,,,2026-08-22T01:00:00+08:00,,-0.6,,;2026-08-26审计:赛后盘作废,2026-08-22T22:18:21.938267+08:00,,,,,,,
2026-08-22,瑞超,IK Sirius vs BK Häcken,IK Sirius,BK Häcken,让球客(+0.5),0.3153,1.93,-0.4157,,,,win,1.93,0.9299999999999999,无效(snap<0赛后盘),scan24h对账,1,纯数据无伤病情报;伤停>2人(主3/客5);λ过高(4.19);模型与市场分歧>20pp(模型79% vs 市场48%)->否决,,,,,2026-08-22T01:00:00+08:00,,-0.6,,;2026-08-26审计:赛后盘作废,2026-08-22T22:18:21.938267+08:00,,,,,,,
2026-08-22,瑞超,IK Sirius vs BK Häcken,IK Sirius,BK Häcken,小2.50,0.212,1.84,-0.627,,,,lose,0.0,-1.0,无效(snap<0赛后盘),scan24h对账,1,纯数据无伤病情报;伤停>2人(主3/客5);λ过高(4.19);模型与市场分歧>20pp(模型79% vs 市场48%)->否决,,,,,2026-08-22T01:00:00+08:00,,-0.6,,;2026-08-26审计:赛后盘作废,2026-08-22T22:18:21.938267+08:00,,,,,,,
2026-08-22,瑞超,IK Sirius vs BK Häcken,IK Sirius,BK Häcken,大2.50,0.65,1.99,0.2365672588832486,,,,win,1.99,0.99,无效(snap<0赛后盘),scan24h对账,1,纯数据无伤病情报;伤停>2人(主3/客5);λ过高(4.19);模型与市场分歧>20pp(模型79% vs 市场48%)->否决,,,,,2026-08-22T01:00:00+08:00,,-0.6,,;2026-08-26审计:赛后盘作废,2026-08-22T22:18:21.938267+08:00,,,,,,,
2026-08-22,瑞超,IK Sirius vs BK Häcken,IK Sirius,BK Häcken,1X2主胜,0.6181,1.97,0.2137,,,,lose,0.0,-1.0,无效(snap<0赛后盘),scan24h对账,1,纯数据无伤病情报;伤停>2人(主3/客5);λ过高(4.19);模型与市场分歧>20pp(模型79% vs 市场48%)->否决,,,,,2026-08-22T01:00:00+08:00,,-0.6,,;2026-08-26审计:赛后盘作废,2026-08-22T22:18:21.938267+08:00,,,,,,,
2026-08-22,瑞超,IK Sirius vs BK Häcken,IK Sirius,BK Häcken,1X2平局,0.196,4.3,-0.1598,,,,lose,0.0,-1.0,无效(snap<0赛后盘),scan24h对账,1,纯数据无伤病情报;伤停>2人(主3/客5);λ过高(4.19);模型与市场分歧>20pp(模型79% vs 市场48%)->否决,,,,,2026-08-22T01:00:00+08:00,,-0.6,,;2026-08-26审计:赛后盘作废,2026-08-22T22:18:21.938267+08:00,,,,,,,
2026-08-22,瑞超,IK Sirius vs BK Häcken,IK Sirius,BK Häcken,1X2客胜,0.1858,3.8,-0.2962,,,,win,3.8,2.8,无效(snap<0赛后盘),scan24h对账,1,纯数据无伤病情报;伤停>2人(主3/客5);λ过高(4.19);模型与市场分歧>20pp(模型79% vs 市场48%)->否决,,,,,2026-08-22T01:00:00+08:00,,-0.6,,;2026-08-26审计:赛后盘作废,2026-08-22T22:18:21.938267+08:00,,,,,,,
2026-08-22,阿甲,Aldosivi vs Club Atlético Unión de Santa Fe,Aldosivi,Club Atlético Unión de Santa Fe,让球主(+0.2),0.65,1.94,0.21995563714242028,,,,lose,0.0,-1.0,已结算,scan24h对账,0,纯数据无伤病情报;伤停>2人(主0/客3);平局预警-强(市场去水平局>=30%),,,,,2026-08-22T01:30:00+08:00,,24.1,,,2026-08-22T22:18:21.938267+08:00,,,,,,,
2026-08-22,阿甲,Aldosivi vs Club Atlético Unión de Santa Fe,Aldosivi,Club Atlético Unión de Santa Fe,让球客(-0.2),0.3463,1.93,-0.3533,,,,win,1.93,0.9299999999999999,已结算,scan24h对账,0,纯数据无伤病情报;伤停>2人(主0/客3);平局预警-强(市场去水平局>=30%),,,,,2026-08-22T01:30:00+08:00,,24.1,,,2026-08-22T22:18:21.938267+08:00,,,,,,,
2026-08-22,阿甲,Aldosivi vs Club Atlético Unión de Santa Fe,Aldosivi,Club Atlético Unión de Santa Fe,小2.50,0.65,1.45,-0.12507211839959864,,,,lose,0.0,-1.0,已结算,scan24h对账,0,纯数据无伤病情报;伤停>2人(主0/客3);平局预警-强(市场去水平局>=30%),,,,,2026-08-22T01:30:00+08:00,,24.1,,,2026-08-22T22:18:21.938267+08:00,,,,,,,
2026-08-22,阿甲,Aldosivi vs Club Atlético Unión de Santa Fe,Aldosivi,Club Atlético Unión de Santa Fe,大2.50,0.2027,2.58,-0.5145,,,,win,2.58,1.58,已结算,scan24h对账,0,纯数据无伤病情报;伤停>2人(主0/客3);平局预警-强(市场去水平局>=30%),,,,,2026-08-22T01:30:00+08:00,,24.1,,,2026-08-22T22:18:21.938267+08:00,,,,,,,
2026-08-22,阿甲,Aldosivi vs Club Atlético Unión de Santa Fe,Aldosivi,Club Atlético Unión de Santa Fe,1X2主胜,0.2932,3.42,-0.0683,,,,lose,0.0,-1.0,已结算,scan24h对账,0,纯数据无伤病情报;伤停>2人(主0/客3);平局预警-强(市场去水平局>=30%),,,,,2026-08-22T01:30:00+08:00,,24.1,,,2026-08-22T22:18:21.938267+08:00,,,,,,,
2026-08-22,阿甲,Aldosivi vs Club Atlético Unión de Santa Fe,Aldosivi,Club Atlético Unión de Santa Fe,1X2平局,0.3628,2.93,-0.0122,,,,lose,0.0,-1.0,已结算,scan24h对账,0,纯数据无伤病情报;伤停>2人(主0/客3);平局预警-强(市场去水平局>=30%),,,,,2026-08-22T01:30:00+08:00,,24.1,,,2026-08-22T22:18:21.938267+08:00,,,,,,,
2026-08-22,阿甲,Aldosivi vs Club Atlético Unión de Santa Fe,Aldosivi,Club Atlético Unión de Santa Fe,1X2客胜,0.344,2.26,-0.2775,,,,win,2.26,1.2599999999999998,已结算,scan24h对账,0,纯数据无伤病情报;伤停>2人(主0/客3);平局预警-强(市场去水平局>=30%),,,,,2026-08-22T01:30:00+08:00,,24.1,,,2026-08-22T22:18:21.938267+08:00,,,,,,,
2026-08-22,丹超,FC Petrolul Ploiești vs FC Rapid București,FC Petrolul Ploiești,FC Rapid București,让球主(+0.2),0.6293,2.0,0.2096,,,,lose,0.0,-1.0,已结算,scan24h对账,1,纯数据无伤病情报;平局预警(市场去水平局>=26%);盘口过期(距开赛24h>阈值12h)->否决,,,,,2026-08-22T01:30:00+08:00,,24.1,,,2026-08-22T22:18:21.938267+08:00,,,,,,,
2026-08-22,丹超,FC Petrolul Ploiești vs FC Rapid București,FC Petrolul Ploiești,FC Rapid București,让球客(-0.2),0.3707,1.85,-0.3409,,,,win,1.85,0.8500000000000001,已结算,scan24h对账,1,纯数据无伤病情报;平局预警(市场去水平局>=26%);盘口过期(距开赛24h>阈值12h)->否决,,,,,2026-08-22T01:30:00+08:00,,24.1,,,2026-08-22T22:18:21.938267+08:00,,,,,,,
2026-08-22,丹超,FC Petrolul Ploiești vs FC Rapid București,FC Petrolul Ploiești,FC Rapid București,小2.50,0.6197,1.65,-0.0493,,,,win,1.65,0.6499999999999999,已结算,scan24h对账,1,纯数据无伤病情报;平局预警(市场去水平局>=26%);盘口过期(距开赛24h>阈值12h)->否决,,,,,2026-08-22T01:30:00+08:00,,24.1,,,2026-08-22T22:18:21.938267+08:00,,,,,,,
2026-08-22,丹超,FC Petrolul Ploiești vs FC Rapid București,FC Petrolul Ploiești,FC Rapid București,大2.50,0.3803,2.13,-0.2469,,,,lose,0.0,-1.0,已结算,scan24h对账,1,纯数据无伤病情报;平局预警(市场去水平局>=26%);盘口过期(距开赛24h>阈值12h)->否决,,,,,2026-08-22T01:30:00+08:00,,24.1,,,2026-08-22T22:18:21.938267+08:00,,,,,,,
2026-08-22,丹超,FC Petrolul Ploiești vs FC Rapid București,FC Petrolul Ploiești,FC Rapid București,1X2主胜,0.3391,3.37,0.0495,,,,lose,0.0,-1.0,已结算,scan24h对账,1,纯数据无伤病情报;平局预警(市场去水平局>=26%);盘口过期(距开赛24h>阈值12h)->否决,,,,,2026-08-22T01:30:00+08:00,,24.1,,,2026-08-22T22:18:21.938267+08:00,,,,,,,
2026-08-22,丹超,FC Petrolul Ploiești vs FC Rapid București,FC Petrolul Ploiești,FC Rapid București,1X2平局,0.2902,3.19,-0.1495,,,,lose,0.0,-1.0,已结算,scan24h对账,1,纯数据无伤病情报;平局预警(市场去水平局>=26%);盘口过期(距开赛24h>阈值12h)->否决,,,,,2026-08-22T01:30:00+08:00,,24.1,,,2026-08-22T22:18:21.938267+08:00,,,,,,,
2026-08-22,丹超,FC Petrolul Ploiești vs FC Rapid București,FC Petrolul Ploiești,FC Rapid București,1X2客胜,0.3707,2.09,-0.2884,,,,win,2.09,1.0899999999999999,已结算,scan24h对账,1,纯数据无伤病情报;平局预警(市场去水平局>=26%);盘口过期(距开赛24h>阈值12h)->否决,,,,,2026-08-22T01:30:00+08:00,,24.1,,,2026-08-22T22:18:21.938267+08:00,,,,,,,
2026-08-22,法乙,USL Dunkerque vs Montpellier,USL Dunkerque,Montpellier,让球主(+0.0),0.3789,1.82,-0.3461,,,,lose,0.0,-1.0,已结算,scan24h对账,1,纯数据无伤病情报;平局预警(市场去水平局>=26%);模型与市场分歧>20pp(模型83% vs 市场45%)->否决,,,,,2026-08-22T02:00:00+08:00,,0.4,,,2026-08-22T22:18:21.938267+08:00,,,,,,,
2026-08-22,法乙,USL Dunkerque vs Montpellier,USL Dunkerque,Montpellier,让球客(-0.0),0.6211,1.98,0.1663,,,,win,1.98,0.98,已结算,scan24h对账,1,纯数据无伤病情报;平局预警(市场去水平局>=26%);模型与市场分歧>20pp(模型83% vs 市场45%)->否决,,,,,2026-08-22T02:00:00+08:00,,0.4,,,2026-08-22T22:18:21.938267+08:00,,,,,,,
2026-08-22,法乙,USL Dunkerque vs Montpellier,USL Dunkerque,Montpellier,小2.50,0.65,2.22,0.4342988172821627,,,,win,2.22,1.2200000000000002,已结算,scan24h对账,1,纯数据无伤病情报;平局预警(市场去水平局>=26%);模型与市场分歧>20pp(模型83% vs 市场45%)->否决,,,,,2026-08-22T02:00:00+08:00,,0.4,,,2026-08-22T22:18:21.938267+08:00,,,,,,,
2026-08-22,法乙,USL Dunkerque vs Montpellier,USL Dunkerque,Montpellier,大2.50,0.1714,1.8,-0.6933,,,,lose,0.0,-1.0,已结算,scan24h对账,1,纯数据无伤病情报;平局预警(市场去水平局>=26%);模型与市场分歧>20pp(模型83% vs 市场45%)->否决,,,,,2026-08-22T02:00:00+08:00,,0.4,,,2026-08-22T22:18:21.938267+08:00,,,,,,,
2026-08-22,法乙,USL Dunkerque vs Montpellier,USL Dunkerque,Montpellier,1X2主胜,0.2152,2.3,-0.5072,,,,lose,0.0,-1.0,已结算,scan24h对账,1,纯数据无伤病情报;平局预警(市场去水平局>=26%);模型与市场分歧>20pp(模型83% vs 市场45%)->否决,,,,,2026-08-22T02:00:00+08:00,,0.4,,,2026-08-22T22:18:21.938267+08:00,,,,,,,
2026-08-22,法乙,USL Dunkerque vs Montpellier,USL Dunkerque,Montpellier,1X2平局,0.3702,3.75,0.382,,,,lose,0.0,-1.0,已结算,scan24h对账,1,纯数据无伤病情报;平局预警(市场去水平局>=26%);模型与市场分歧>20pp(模型83% vs 市场45%)->否决,,,,,2026-08-22T02:00:00+08:00,,0.4,,,2026-08-22T22:18:21.938267+08:00,,,,,,,
2026-08-22,法乙,USL Dunkerque vs Montpellier,USL Dunkerque,Montpellier,1X2客胜,0.4146,3.3,0.362,,,,win,3.3,2.3,已结算,scan24h对账,1,纯数据无伤病情报;平局预警(市场去水平局>=26%);模型与市场分歧>20pp(模型83% vs 市场45%)->否决,,,,,2026-08-22T02:00:00+08:00,,0.4,,,2026-08-22T22:18:21.938267+08:00,,,,,,,
2026-08-22,法乙,US Boulogne Côte-d'Opale vs Red Star FC,US Boulogne Côte-d'Opale,Red Star FC,让球主(+0.2),0.523,1.85,-0.068,,,,half,1.425,0.42500000000000004,已结算,scan24h对账,0,纯数据无伤病情报;平局预警-强(市场去水平局>=30%),,,,,2026-08-22T02:00:00+08:00,,24.6,,,2026-08-22T22:18:21.938267+08:00,,,,,,,
2026-08-22,法乙,US Boulogne Côte-d'Opale vs Red Star FC,US Boulogne Côte-d'Opale,Red Star FC,让球客(-0.2),0.477,2.01,-0.0763,,,,lose,0.0,-1.0,已结算,scan24h对账,0,纯数据无伤病情报;平局预警-强(市场去水平局>=30%),,,,,2026-08-22T02:00:00+08:00,,24.6,,,2026-08-22T22:18:21.938267+08:00,,,,,,,
2026-08-22,法乙,US Boulogne Côte-d'Opale vs Red Star FC,US Boulogne Côte-d'Opale,Red Star FC,小2.50,0.5986,1.63,-0.0917,,,,win,1.63,0.6299999999999999,已结算,scan24h对账,0,纯数据无伤病情报;平局预警-强(市场去水平局>=30%),,,,,2026-08-22T02:00:00+08:00,,24.6,,,2026-08-22T22:18:21.938267+08:00,,,,,,,
2026-08-22,法乙,US Boulogne Côte-d'Opale vs Red Star FC,US Boulogne Côte-d'Opale,Red Star FC,大2.50,0.4014,2.17,-0.1893,,,,lose,0.0,-1.0,已结算,scan24h对账,0,纯数据无伤病情报;平局预警-强(市场去水平局>=30%),,,,,2026-08-22T02:00:00+08:00,,24.6,,,2026-08-22T22:18:21.938267+08:00,,,,,,,
2026-08-22,法乙,US Boulogne Côte-d'Opale vs Red Star FC,US Boulogne Côte-d'Opale,Red Star FC,1X2主胜,0.2574,3.12,-0.2578,,,,lose,0.0,-1.0,已结算,scan24h对账,0,纯数据无伤病情报;平局预警-强(市场去水平局>=30%),,,,,2026-08-22T02:00:00+08:00,,24.6,,,2026-08-22T22:18:21.938267+08:00,,,,,,,
2026-08-22,法乙,US Boulogne Côte-d'Opale vs Red Star FC,US Boulogne Côte-d'Opale,Red Star FC,1X2平局,0.2953,3.06,-0.165,,,,win,3.06,2.06,已结算,scan24h对账,0,纯数据无伤病情报;平局预警-强(市场去水平局>=30%),,,,,2026-08-22T02:00:00+08:00,,24.6,,,2026-08-22T22:18:21.938267+08:00,,,,,,,
2026-08-22,法乙,US Boulogne Côte-d'Opale vs Red Star FC,US Boulogne Côte-d'Opale,Red Star FC,1X2客胜,0.4473,2.3,-0.0492,,,,lose,0.0,-1.0,已结算,scan24h对账,0,纯数据无伤病情报;平局预警-强(市场去水平局>=30%),,,,,2026-08-22T02:00:00+08:00,,24.6,,,2026-08-22T22:18:21.938267+08:00,,,,,,,
2026-08-22,法乙,Sochaux vs Guingamp,Sochaux,Guingamp,让球主(+0.2),0.65,1.79,0.11936842105263157,,,,win,1.79,0.79,已结算,scan24h对账,1,纯数据无伤病情报;平局预警(市场去水平局>=26%);模型与市场分歧>20pp(模型76% vs 市场54%)->否决,,,,,2026-08-22T02:00:00+08:00,,0.4,,,2026-08-22T22:18:21.938267+08:00,,,,,,,
2026-08-22,法乙,Sochaux vs Guingamp,Sochaux,Guingamp,让球客(-0.2),0.24,2.08,-0.5198,,,,lose,0.0,-1.0,已结算,scan24h对账,1,纯数据无伤病情报;平局预警(市场去水平局>=26%);模型与市场分歧>20pp(模型76% vs 市场54%)->否决,,,,,2026-08-22T02:00:00+08:00,,0.4,,,2026-08-22T22:18:21.938267+08:00,,,,,,,
2026-08-22,法乙,Sochaux vs Guingamp,Sochaux,Guingamp,小2.50,0.5026,1.8,-0.1639,,,,win,1.8,0.8,已结算,scan24h对账,1,纯数据无伤病情报;平局预警(市场去水平局>=26%);模型与市场分歧>20pp(模型76% vs 市场54%)->否决,,,,,2026-08-22T02:00:00+08:00,,0.4,,,2026-08-22T22:18:21.938267+08:00,,,,,,,
2026-08-22,法乙,Sochaux vs Guingamp,Sochaux,Guingamp,大2.50,0.4974,1.9,-0.1264,,,,lose,0.0,-1.0,已结算,scan24h对账,1,纯数据无伤病情报;平局预警(市场去水平局>=26%);模型与市场分歧>20pp(模型76% vs 市场54%)->否决,,,,,2026-08-22T02:00:00+08:00,,0.4,,,2026-08-22T22:18:21.938267+08:00,,,,,,,
2026-08-22,法乙,Sochaux vs Guingamp,Sochaux,Guingamp,1X2主胜,0.4676,2.88,0.3348,,,,win,2.88,1.88,已结算,scan24h对账,1,纯数据无伤病情报;平局预警(市场去水平局>=26%);模型与市场分歧>20pp(模型76% vs 市场54%)->否决,,,,,2026-08-22T02:00:00+08:00,,0.4,,,2026-08-22T22:18:21.938267+08:00,,,,,,,
2026-08-22,法乙,Sochaux vs Guingamp,Sochaux,Guingamp,1X2平局,0.2736,3.4,-0.0781,,,,lose,0.0,-1.0,已结算,scan24h对账,1,纯数据无伤病情报;平局预警(市场去水平局>=26%);模型与市场分歧>20pp(模型76% vs 市场54%)->否决,,,,,2026-08-22T02:00:00+08:00,,0.4,,,2026-08-22T22:18:21.938267+08:00,,,,,,,
2026-08-22,法乙,Sochaux vs Guingamp,Sochaux,Guingamp,1X2客胜,0.2588,2.72,-0.3024,,,,lose,0.0,-1.0,已结算,scan24h对账,1,纯数据无伤病情报;平局预警(市场去水平局>=26%);模型与市场分歧>20pp(模型76% vs 市场54%)->否决,,,,,2026-08-22T02:00:00+08:00,,0.4,,,2026-08-22T22:18:21.938267+08:00,,,,,,,
2026-08-22,法乙,Pau FC vs Nancy,Pau FC,Nancy,让球主(-0.2),0.2173,1.93,-0.5952,,,,lose,0.0,-1.0,已结算,scan24h对账,1,纯数据无伤病情报;平局预警-强(市场去水平局>=30%);模型与市场分歧>20pp(模型78% vs 市场50%)->否决,,,,,2026-08-22T02:00:00+08:00,,0.4,,,2026-08-22T22:18:21.938267+08:00,,,,,,,
2026-08-22,法乙,Pau FC vs Nancy,Pau FC,Nancy,让球客(+0.2),0.65,1.93,0.2105596013798392,,,,win,1.93,0.9299999999999999,已结算,scan24h对账,1,纯数据无伤病情报;平局预警-强(市场去水平局>=30%);模型与市场分歧>20pp(模型78% vs 市场50%)->否决,,,,,2026-08-22T02:00:00+08:00,,0.4,,,2026-08-22T22:18:21.938267+08:00,,,,,,,
2026-08-22,法乙,Pau FC vs Nancy,Pau FC,Nancy,小2.50,0.4674,1.82,-0.1598,,,,win,1.82,0.8200000000000001,已结算,scan24h对账,1,纯数据无伤病情报;平局预警-强(市场去水平局>=30%);模型与市场分歧>20pp(模型78% vs 市场50%)->否决,,,,,2026-08-22T02:00:00+08:00,,0.4,,,2026-08-22T22:18:21.938267+08:00,,,,,,,
2026-08-22,法乙,Pau FC vs Nancy,Pau FC,Nancy,大2.50,0.5326,2.16,0.1364,,,,lose,0.0,-1.0,已结算,scan24h对账,1,纯数据无伤病情报;平局预警-强(市场去水平局>=30%);模型与市场分歧>20pp(模型78% vs 市场50%)->否决,,,,,2026-08-22T02:00:00+08:00,,0.4,,,2026-08-22T22:18:21.938267+08:00,,,,,,,
2026-08-22,法乙,Pau FC vs Nancy,Pau FC,Nancy,1X2主胜,0.2402,2.72,-0.3508,,,,lose,0.0,-1.0,已结算,scan24h对账,1,纯数据无伤病情报;平局预警-强(市场去水平局>=30%);模型与市场分歧>20pp(模型78% vs 市场50%)->否决,,,,,2026-08-22T02:00:00+08:00,,0.4,,,2026-08-22T22:18:21.938267+08:00,,,,,,,
2026-08-22,法乙,Pau FC vs Nancy,Pau FC,Nancy,1X2平局,0.2625,3.3,-0.1393,,,,lose,0.0,-1.0,已结算,scan24h对账,1,纯数据无伤病情报;平局预警-强(市场去水平局>=30%);模型与市场分歧>20pp(模型78% vs 市场50%)->否决,,,,,2026-08-22T02:00:00+08:00,,0.4,,,2026-08-22T22:18:21.938267+08:00,,,,,,,
2026-08-22,法乙,Pau FC vs Nancy,Pau FC,Nancy,1X2客胜,0.4974,2.98,0.4729,,,,win,2.98,1.98,已结算,scan24h对账,1,纯数据无伤病情报;平局预警-强(市场去水平局>=30%);模型与市场分歧>20pp(模型78% vs 市场50%)->否决,,,,,2026-08-22T02:00:00+08:00,,0.4,,,2026-08-22T22:18:21.938267+08:00,,,,,,,
2026-08-22,法乙,Clermont Foot vs Dijon,Clermont Foot,Dijon,让球主(+0.0),0.4961,1.9,-0.1045,,,,push,1.0,0.0,已结算,scan24h对账,0,纯数据无伤病情报;平局预警(市场去水平局>=26%),,,,,2026-08-22T02:00:00+08:00,,24.6,,,2026-08-22T22:18:21.938267+08:00,,,,,,,
2026-08-22,法乙,Clermont Foot vs Dijon,Clermont Foot,Dijon,让球客(-0.0),0.5039,1.9,-0.0905,,,,push,1.0,0.0,已结算,scan24h对账,0,纯数据无伤病情报;平局预警(市场去水平局>=26%),,,,,2026-08-22T02:00:00+08:00,,24.6,,,2026-08-22T22:18:21.938267+08:00,,,,,,,
2026-08-22,法乙,Clermont Foot vs Dijon,Clermont Foot,Dijon,小2.50,0.5057,1.72,-0.1901,,,,win,1.72,0.72,已结算,scan24h对账,0,纯数据无伤病情报;平局预警(市场去水平局>=26%),,,,,2026-08-22T02:00:00+08:00,,24.6,,,2026-08-22T22:18:21.938267+08:00,,,,,,,
2026-08-22,法乙,Clermont Foot vs Dijon,Clermont Foot,Dijon,大2.50,0.4943,2.03,-0.0658,,,,lose,0.0,-1.0,已结算,scan24h对账,0,纯数据无伤病情报;平局预警(市场去水平局>=26%),,,,,2026-08-22T02:00:00+08:00,,24.6,,,2026-08-22T22:18:21.938267+08:00,,,,,,,
2026-08-22,法乙,Clermont Foot vs Dijon,Clermont Foot,Dijon,1X2主胜,0.3556,2.51,-0.1742,,,,lose,0.0,-1.0,已结算,scan24h对账,0,纯数据无伤病情报;平局预警(市场去水平局>=26%),,,,,2026-08-22T02:00:00+08:00,,24.6,,,2026-08-22T22:18:21.938267+08:00,,,,,,,
2026-08-22,法乙,Clermont Foot vs Dijon,Clermont Foot,Dijon,1X2平局,0.2828,3.31,-0.134,,,,win,3.31,2.31,已结算,scan24h对账,0,纯数据无伤病情报;平局预警(市场去水平局>=26%),,,,,2026-08-22T02:00:00+08:00,,24.6,,,2026-08-22T22:18:21.938267+08:00,,,,,,,
2026-08-22,法乙,Clermont Foot vs Dijon,Clermont Foot,Dijon,1X2客胜,0.3617,2.63,-0.1199,,,,lose,0.0,-1.0,已结算,scan24h对账,0,纯数据无伤病情报;平局预警(市场去水平局>=26%),,,,,2026-08-22T02:00:00+08:00,,24.6,,,2026-08-22T22:18:21.938267+08:00,,,,,,,
2026-08-22,土超,Erzurumspor FK vs Galatasaray,Erzurumspor FK,Galatasaray,让球主(+1.2),0.65,1.94,0.22317515963440604,,,,lose,0.0,-1.0,已结算,scan24h对账,1,纯数据无伤病情报;伤停>2人(主0/客4);盘口过期(距开赛25h>阈值12h)->否决,,,,,2026-08-22T02:30:00+08:00,,25.0,,,2026-08-22T22:18:21.938267+08:00,,,,,,,
2026-08-22,土超,Erzurumspor FK vs Galatasaray,Erzurumspor FK,Galatasaray,让球客(-1.2),0.2013,1.94,-0.6212,,,,win,1.94,0.94,已结算,scan24h对账,1,纯数据无伤病情报;伤停>2人(主0/客4);盘口过期(距开赛25h>阈值12h)->否决,,,,,2026-08-22T02:30:00+08:00,,25.0,,,2026-08-22T22:18:21.938267+08:00,,,,,,,
2026-08-22,土超,Erzurumspor FK vs Galatasaray,Erzurumspor FK,Galatasaray,小2.50,0.4557,2.05,-0.1262,,,,lose,0.0,-1.0,已结算,scan24h对账,1,纯数据无伤病情报;伤停>2人(主0/客4);盘口过期(距开赛25h>阈值12h)->否决,,,,,2026-08-22T02:30:00+08:00,,25.0,,,2026-08-22T22:18:21.938267+08:00,,,,,,,
2026-08-22,土超,Erzurumspor FK vs Galatasaray,Erzurumspor FK,Galatasaray,大2.50,0.5443,1.72,-0.1244,,,,win,1.72,0.72,已结算,scan24h对账,1,纯数据无伤病情报;伤停>2人(主0/客4);盘口过期(距开赛25h>阈值12h)->否决,,,,,2026-08-22T02:30:00+08:00,,25.0,,,2026-08-22T22:18:21.938267+08:00,,,,,,,
2026-08-22,土超,Erzurumspor FK vs Galatasaray,Erzurumspor FK,Galatasaray,1X2主胜,0.3354,7.5,1.3401,,,,lose,0.0,-1.0,已结算,scan24h对账,1,纯数据无伤病情报;伤停>2人(主0/客4);盘口过期(距开赛25h>阈值12h)->否决,,,,,2026-08-22T02:30:00+08:00,,25.0,,,2026-08-22T22:18:21.938267+08:00,,,,,,,
2026-08-22,土超,Erzurumspor FK vs Galatasaray,Erzurumspor FK,Galatasaray,1X2平局,0.2725,4.4,0.1156,,,,lose,0.0,-1.0,已结算,scan24h对账,1,纯数据无伤病情报;伤停>2人(主0/客4);盘口过期(距开赛25h>阈值12h)->否决,,,,,2026-08-22T02:30:00+08:00,,25.0,,,2026-08-22T22:18:21.938267+08:00,,,,,,,
2026-08-22,土超,Erzurumspor FK vs Galatasaray,Erzurumspor FK,Galatasaray,1X2客胜,0.3921,1.4,-0.4893,,,,win,1.4,0.3999999999999999,已结算,scan24h对账,1,纯数据无伤病情报;伤停>2人(主0/客4);盘口过期(距开赛25h>阈值12h)->否决,,,,,2026-08-22T02:30:00+08:00,,25.0,,,2026-08-22T22:18:21.938267+08:00,,,,,,,
2026-08-22,比甲,Standard Liège vs RAAL La Louvière,Standard Liège,RAAL La Louvière,让球主(-0.5),0.3784,1.88,-0.3123,,,,win,1.88,0.8799999999999999,已结算,scan24h对账,0,纯数据无伤病情报;平局预警(市场去水平局>=26%);让球客标准档降星,,,,,2026-08-22T02:45:00+08:00,,1.2,,,2026-08-22T22:18:21.938267+08:00,,,,,,,
2026-08-22,比甲,Standard Liège vs RAAL La Louvière,Standard Liège,RAAL La Louvière,让球客(+0.5),0.6216,1.99,0.1958,1,标准,,lose,0.0,-1.0,已结算,scan24h对账,0,纯数据无伤病情报;平局预警(市场去水平局>=26%);让球客标准档降星,,,,,2026-08-22T02:45:00+08:00,,1.2,,,2026-08-22T22:18:21.938267+08:00,,,,,,,
2026-08-22,比甲,Standard Liège vs RAAL La Louvière,Standard Liège,RAAL La Louvière,小2.50,0.65,1.87,0.20239676580999144,,,,win,1.87,0.8700000000000001,已结算,scan24h对账,0,纯数据无伤病情报;平局预警(市场去水平局>=26%);让球客标准档降星,,,,,2026-08-22T02:45:00+08:00,,1.2,,,2026-08-22T22:18:21.938267+08:00,,,,,,,
2026-08-22,比甲,Standard Liège vs RAAL La Louvière,Standard Liège,RAAL La Louvière,大2.50,0.3074,2.1,-0.3615,,,,lose,0.0,-1.0,已结算,scan24h对账,0,纯数据无伤病情报;平局预警(市场去水平局>=26%);让球客标准档降星,,,,,2026-08-22T02:45:00+08:00,,1.2,,,2026-08-22T22:18:21.938267+08:00,,,,,,,
2026-08-22,比甲,Standard Liège vs RAAL La Louvière,Standard Liège,RAAL La Louvière,1X2主胜,0.3692,2.02,-0.2572,,,,win,2.02,1.02,已结算,scan24h对账,0,纯数据无伤病情报;平局预警(市场去水平局>=26%);让球客标准档降星,,,,,2026-08-22T02:45:00+08:00,,1.2,,,2026-08-22T22:18:21.938267+08:00,,,,,,,
2026-08-22,比甲,Standard Liège vs RAAL La Louvière,Standard Liège,RAAL La Louvière,1X2平局,0.3279,3.55,0.1594,,,,lose,0.0,-1.0,已结算,scan24h对账,0,纯数据无伤病情报;平局预警(市场去水平局>=26%);让球客标准档降星,,,,,2026-08-22T02:45:00+08:00,,1.2,,,2026-08-22T22:18:21.938267+08:00,,,,,,,
2026-08-22,比甲,Standard Liège vs RAAL La Louvière,Standard Liège,RAAL La Louvière,1X2客胜,0.3029,4.4,0.3273,,,,lose,0.0,-1.0,已结算,scan24h对账,0,纯数据无伤病情报;平局预警(市场去水平局>=26%);让球客标准档降星,,,,,2026-08-22T02:45:00+08:00,,1.2,,,2026-08-22T22:18:21.938267+08:00,,,,,,,
2026-08-22,法甲,Olympique de Marseille vs RC Strasbourg,Olympique de Marseille,RC Strasbourg,让球主(-0.8),0.65,1.95,0.235879153190238,,,,win,1.95,0.95,已结算,scan24h对账,0,纯数据无伤病情报,,,,,2026-08-22T02:45:00+08:00,,25.3,,,2026-08-22T22:18:21.938267+08:00,,,,,,,
2026-08-22,法甲,Olympique de Marseille vs RC Strasbourg,Olympique de Marseille,RC Strasbourg,让球客(+0.8),0.3198,1.95,-0.392,,,,lose,0.0,-1.0,已结算,scan24h对账,0,纯数据无伤病情报,,,,,2026-08-22T02:45:00+08:00,,25.3,,,2026-08-22T22:18:21.938267+08:00,,,,,,,
2026-08-22,法甲,Olympique de Marseille vs RC Strasbourg,Olympique de Marseille,RC Strasbourg,小2.50,0.3383,2.45,-0.2258,,,,lose,0.0,-1.0,已结算,scan24h对账,0,纯数据无伤病情报,,,,,2026-08-22T02:45:00+08:00,,25.3,,,2026-08-22T22:18:21.938267+08:00,,,,,,,
2026-08-22,法甲,Olympique de Marseille vs RC Strasbourg,Olympique de Marseille,RC Strasbourg,大2.50,0.65,1.51,-0.08300589390962665,,,,win,1.51,0.51,已结算,scan24h对账,0,纯数据无伤病情报,,,,,2026-08-22T02:45:00+08:00,,25.3,,,2026-08-22T22:18:21.938267+08:00,,,,,,,
2026-08-22,法甲,Olympique de Marseille vs RC Strasbourg,Olympique de Marseille,RC Strasbourg,1X2主胜,0.6147,1.71,-0.0093,,,,win,1.71,0.71,已结算,scan24h对账,0,纯数据无伤病情报,,,,,2026-08-22T02:45:00+08:00,,25.3,,,2026-08-22T22:18:21.938267+08:00,,,,,,,
2026-08-22,法甲,Olympique de Marseille vs RC Strasbourg,Olympique de Marseille,RC Strasbourg,1X2平局,0.2159,4.06,-0.1738,,,,lose,0.0,-1.0,已结算,scan24h对账,0,纯数据无伤病情报,,,,,2026-08-22T02:45:00+08:00,,25.3,,,2026-08-22T22:18:21.938267+08:00,,,,,,,
2026-08-22,法甲,Olympique de Marseille vs RC Strasbourg,Olympique de Marseille,RC Strasbourg,1X2客胜,0.1694,4.35,-0.3054,,,,lose,0.0,-1.0,已结算,scan24h对账,0,纯数据无伤病情报,,,,,2026-08-22T02:45:00+08:00,,25.3,,,2026-08-22T22:18:21.938267+08:00,,,,,,,
2026-08-22,西乙,Córdoba vs Girona FC,Córdoba,Girona FC,让球主(+0.2),0.65,1.88,0.18133469700843774,,,,win,1.88,0.8799999999999999,已结算,scan24h对账,1,纯数据无伤病情报;平局预警(市场去水平局>=26%);模型与市场分歧>20pp(模型78% vs 市场51%)->否决,,,,,2026-08-22T03:00:00+08:00,,1.4,,,2026-08-22T22:18:21.938267+08:00,,,,,,,
2026-08-22,西乙,Córdoba vs Girona FC,Córdoba,Girona FC,让球客(-0.2),0.2178,1.99,-0.581,,,,lose,0.0,-1.0,已结算,scan24h对账,1,纯数据无伤病情报;平局预警(市场去水平局>=26%);模型与市场分歧>20pp(模型78% vs 市场51%)->否决,,,,,2026-08-22T03:00:00+08:00,,1.4,,,2026-08-22T22:18:21.938267+08:00,,,,,,,
2026-08-22,西乙,Córdoba vs Girona FC,Córdoba,Girona FC,小2.50,0.4822,2.2,0.0534,,,,lose,0.0,-1.0,已结算,scan24h对账,1,纯数据无伤病情报;平局预警(市场去水平局>=26%);模型与市场分歧>20pp(模型78% vs 市场51%)->否决,,,,,2026-08-22T03:00:00+08:00,,1.4,,,2026-08-22T22:18:21.938267+08:00,,,,,,,
2026-08-22,西乙,Córdoba vs Girona FC,Córdoba,Girona FC,大2.50,0.5178,1.81,-0.0693,,,,win,1.81,0.81,已结算,scan24h对账,1,纯数据无伤病情报;平局预警(市场去水平局>=26%);模型与市场分歧>20pp(模型78% vs 市场51%)->否决,,,,,2026-08-22T03:00:00+08:00,,1.4,,,2026-08-22T22:18:21.938267+08:00,,,,,,,
2026-08-22,西乙,Córdoba vs Girona FC,Córdoba,Girona FC,1X2主胜,0.4939,2.72,0.3331,,,,win,2.72,1.7200000000000002,已结算,scan24h对账,1,纯数据无伤病情报;平局预警(市场去水平局>=26%);模型与市场分歧>20pp(模型78% vs 市场51%)->否决,,,,,2026-08-22T03:00:00+08:00,,1.4,,,2026-08-22T22:18:21.938267+08:00,,,,,,,
2026-08-22,西乙,Córdoba vs Girona FC,Córdoba,Girona FC,1X2平局,0.2656,3.6,-0.0511,,,,lose,0.0,-1.0,已结算,scan24h对账,1,纯数据无伤病情报;平局预警(市场去水平局>=26%);模型与市场分歧>20pp(模型78% vs 市场51%)->否决,,,,,2026-08-22T03:00:00+08:00,,1.4,,,2026-08-22T22:18:21.938267+08:00,,,,,,,
2026-08-22,西乙,Córdoba vs Girona FC,Córdoba,Girona FC,1X2客胜,0.2405,2.76,-0.3414,,,,lose,0.0,-1.0,已结算,scan24h对账,1,纯数据无伤病情报;平局预警(市场去水平局>=26%);模型与市场分歧>20pp(模型78% vs 市场51%)->否决,,,,,2026-08-22T03:00:00+08:00,,1.4,,,2026-08-22T22:18:21.938267+08:00,,,,,,,
2026-08-22,西甲,Real Betis vs Real Sociedad,Real Betis,Real Sociedad,让球主(-0.2),0.6447,1.85,0.173,,,,win,1.85,0.8500000000000001,已结算,scan24h对账,0,纯数据无伤病情报;伤停>2人(主5/客4);平局预警(市场去水平局>=26%),,,,,2026-08-22T03:00:00+08:00,,1.4,,,2026-08-22T22:18:21.938267+08:00,,,,,,,
2026-08-22,西甲,Real Betis vs Real Sociedad,Real Betis,Real Sociedad,让球客(+0.2),0.3553,2.1,-0.2661,,,,lose,0.0,-1.0,已结算,scan24h对账,0,纯数据无伤病情报;伤停>2人(主5/客4);平局预警(市场去水平局>=26%),,,,,2026-08-22T03:00:00+08:00,,1.4,,,2026-08-22T22:18:21.938267+08:00,,,,,,,
2026-08-22,西甲,Real Betis vs Real Sociedad,Real Betis,Real Sociedad,小2.50,0.3526,2.08,-0.2717,,,,win,2.08,1.08,已结算,scan24h对账,0,纯数据无伤病情报;伤停>2人(主5/客4);平局预警(市场去水平局>=26%),,,,,2026-08-22T03:00:00+08:00,,1.4,,,2026-08-22T22:18:21.938267+08:00,,,,,,,
2026-08-22,西甲,Real Betis vs Real Sociedad,Real Betis,Real Sociedad,大2.50,0.6474,1.9,0.2213,2,高价值,,lose,0.0,-1.0,已结算,scan24h对账,0,纯数据无伤病情报;伤停>2人(主5/客4);平局预警(市场去水平局>=26%),,,,,2026-08-22T03:00:00+08:00,,1.4,,,2026-08-22T22:18:21.938267+08:00,,,,,,,
2026-08-22,西甲,Real Betis vs Real Sociedad,Real Betis,Real Sociedad,1X2主胜,0.5838,2.14,0.2433,,,,win,2.14,1.1400000000000001,已结算,scan24h对账,0,纯数据无伤病情报;伤停>2人(主5/客4);平局预警(市场去水平局>=26%),,,,,2026-08-22T03:00:00+08:00,,1.4,,,2026-08-22T22:18:21.938267+08:00,,,,,,,
2026-08-22,西甲,Real Betis vs Real Sociedad,Real Betis,Real Sociedad,1X2平局,0.2198,3.6,-0.2125,,,,lose,0.0,-1.0,已结算,scan24h对账,0,纯数据无伤病情报;伤停>2人(主5/客4);平局预警(市场去水平局>=26%),,,,,2026-08-22T03:00:00+08:00,,1.4,,,2026-08-22T22:18:21.938267+08:00,,,,,,,
2026-08-22,西甲,Real Betis vs Real Sociedad,Real Betis,Real Sociedad,1X2客胜,0.1964,3.85,-0.2474,,,,lose,0.0,-1.0,已结算,scan24h对账,0,纯数据无伤病情报;伤停>2人(主5/客4);平局预警(市场去水平局>=26%),,,,,2026-08-22T03:00:00+08:00,,1.4,,,2026-08-22T22:18:21.938267+08:00,,,,,,,
2026-08-22,英超,Arsenal vs Coventry City,Arsenal,Coventry City,让球主(-2.0),0.219,1.94,-0.5879,,,,win,1.94,0.94,已结算,scan24h对账,1,纯数据无伤病情报;模型与市场分歧>20pp(模型78% vs 市场50%)->否决,,,,,2026-08-22T03:00:00+08:00,,1.4,,,2026-08-22T22:18:21.938267+08:00,,,,,,,
2026-08-22,英超,Arsenal vs Coventry City,Arsenal,Coventry City,让球客(+2.0),0.65,1.94,0.22318181818181815,,,,lose,0.0,-1.0,已结算,scan24h对账,1,纯数据无伤病情报;模型与市场分歧>20pp(模型78% vs 市场50%)->否决,,,,,2026-08-22T03:00:00+08:00,,1.4,,,2026-08-22T22:18:21.938267+08:00,,,,,,,
2026-08-22,英超,Arsenal vs Coventry City,Arsenal,Coventry City,小2.50,0.579,2.58,0.4866,,,,lose,0.0,-1.0,已结算,scan24h对账,1,纯数据无伤病情报;模型与市场分歧>20pp(模型78% vs 市场50%)->否决,,,,,2026-08-22T03:00:00+08:00,,1.4,,,2026-08-22T22:18:21.938267+08:00,,,,,,,
2026-08-22,英超,Arsenal vs Coventry City,Arsenal,Coventry City,大2.50,0.421,1.62,-0.3213,,,,win,1.62,0.6200000000000001,已结算,scan24h对账,1,纯数据无伤病情报;模型与市场分歧>20pp(模型78% vs 市场50%)->否决,,,,,2026-08-22T03:00:00+08:00,,1.4,,,2026-08-22T22:18:21.938267+08:00,,,,,,,
2026-08-22,英超,Arsenal vs Coventry City,Arsenal,Coventry City,1X2主胜,0.5222,1.23,-0.3621,,,,win,1.23,0.22999999999999998,已结算,scan24h对账,1,纯数据无伤病情报;模型与市场分歧>20pp(模型78% vs 市场50%)->否决,,,,,2026-08-22T03:00:00+08:00,,1.4,,,2026-08-22T22:18:21.938267+08:00,,,,,,,
2026-08-22,英超,Arsenal vs Coventry City,Arsenal,Coventry City,1X2平局,0.2702,7.4,0.9856,,,,lose,0.0,-1.0,已结算,scan24h对账,1,纯数据无伤病情报;模型与市场分歧>20pp(模型78% vs 市场50%)->否决,,,,,2026-08-22T03:00:00+08:00,,1.4,,,2026-08-22T22:18:21.938267+08:00,,,,,,,
2026-08-22,英超,Arsenal vs Coventry City,Arsenal,Coventry City,1X2客胜,0.2076,17.0,2.5049,,,,lose,0.0,-1.0,已结算,scan24h对账,1,纯数据无伤病情报;模型与市场分歧>20pp(模型78% vs 市场50%)->否决,,,,,2026-08-22T03:00:00+08:00,,1.4,,,2026-08-22T22:18:21.938267+08:00,,,,,,,
2026-08-22,阿甲,Estudiantes de Río Cuarto vs San Lorenzo,Estudiantes de Río Cuarto,San Lorenzo,让球主(+0.0),0.4623,1.95,-0.1563,,,,push,1.0,0.0,已结算,scan24h对账,0,纯数据无伤病情报;伤停>2人(主0/客8);平局预警-强(市场去水平局>=30%),,,,,2026-08-22T07:00:00+08:00,,5.4,,,2026-08-22T22:18:21.938267+08:00,,,,,,,
2026-08-22,阿甲,Estudiantes de Río Cuarto vs San Lorenzo,Estudiantes de Río Cuarto,San Lorenzo,让球客(-0.0),0.5377,1.8,-0.094,,,,push,1.0,0.0,已结算,scan24h对账,0,纯数据无伤病情报;伤停>2人(主0/客8);平局预警-强(市场去水平局>=30%),,,,,2026-08-22T07:00:00+08:00,,5.4,,,2026-08-22T22:18:21.938267+08:00,,,,,,,
2026-08-22,阿甲,Estudiantes de Río Cuarto vs San Lorenzo,Estudiantes de Río Cuarto,San Lorenzo,小2.50,0.65,1.31,-0.19813209494324036,,,,win,1.31,0.31000000000000005,已结算,scan24h对账,0,纯数据无伤病情报;伤停>2人(主0/客8);平局预警-强(市场去水平局>=30%),,,,,2026-08-22T07:00:00+08:00,,5.4,,,2026-08-22T22:18:21.938267+08:00,,,,,,,
2026-08-22,阿甲,Estudiantes de Río Cuarto vs San Lorenzo,Estudiantes de Río Cuarto,San Lorenzo,大2.50,0.031,3.35,-0.9022,,,,lose,0.0,-1.0,已结算,scan24h对账,0,纯数据无伤病情报;伤停>2人(主0/客8);平局预警-强(市场去水平局>=30%),,,,,2026-08-22T07:00:00+08:00,,5.4,,,2026-08-22T22:18:21.938267+08:00,,,,,,,
2026-08-22,阿甲,Estudiantes de Río Cuarto vs San Lorenzo,Estudiantes de Río Cuarto,San Lorenzo,1X2主胜,0.2041,3.7,-0.2564,,,,lose,0.0,-1.0,已结算,scan24h对账,0,纯数据无伤病情报;伤停>2人(主0/客8);平局预警-强(市场去水平局>=30%),,,,,2026-08-22T07:00:00+08:00,,5.4,,,2026-08-22T22:18:21.938267+08:00,,,,,,,
2026-08-22,阿甲,Estudiantes de Río Cuarto vs San Lorenzo,Estudiantes de Río Cuarto,San Lorenzo,1X2平局,0.5244,2.82,0.4562,,,,win,2.82,1.8199999999999998,已结算,scan24h对账,0,纯数据无伤病情报;伤停>2人(主0/客8);平局预警-强(市场去水平局>=30%),,,,,2026-08-22T07:00:00+08:00,,5.4,,,2026-08-22T22:18:21.938267+08:00,,,,,,,
2026-08-22,阿甲,Estudiantes de Río Cuarto vs San Lorenzo,Estudiantes de Río Cuarto,San Lorenzo,1X2客胜,0.2715,2.56,-0.3155,,,,lose,0.0,-1.0,已结算,scan24h对账,0,纯数据无伤病情报;伤停>2人(主0/客8);平局预警-强(市场去水平局>=30%),,,,,2026-08-22T07:00:00+08:00,,5.4,,,2026-08-22T22:18:21.938267+08:00,,,,,,,
2026-08-22,墨超,Tigres UANL vs Atlante FC,Tigres UANL,Atlante FC,让球主(-1.0),0.65,1.98,0.27408094838941466,,,,win,1.98,0.98,已结算,scan24h对账,1,纯数据无伤病情报;λ过高(5.03);盘口为隔日快照(2026-08-21)->否决,,,,,2026-08-22T09:00:00+08:00,,7.4,,,2026-08-22T22:18:21.938267+08:00,,,,,,,
2026-08-22,墨超,Tigres UANL vs Atlante FC,Tigres UANL,Atlante FC,让球客(+1.0),0.1649,1.98,-0.6767,,,,lose,0.0,-1.0,已结算,scan24h对账,1,纯数据无伤病情报;λ过高(5.03);盘口为隔日快照(2026-08-21)->否决,,,,,2026-08-22T09:00:00+08:00,,7.4,,,2026-08-22T22:18:21.938267+08:00,,,,,,,
2026-08-22,墨超,Tigres UANL vs Atlante FC,Tigres UANL,Atlante FC,小2.50,0.1254,2.24,-0.7231,,,,win,2.24,1.2400000000000002,已结算,scan24h对账,1,纯数据无伤病情报;λ过高(5.03);盘口为隔日快照(2026-08-21)->否决,,,,,2026-08-22T09:00:00+08:00,,7.4,,,2026-08-22T22:18:21.938267+08:00,,,,,,,
2026-08-22,墨超,Tigres UANL vs Atlante FC,Tigres UANL,Atlante FC,大2.50,0.65,1.76,0.1275040018294078,,,,lose,0.0,-1.0,已结算,scan24h对账,1,纯数据无伤病情报;λ过高(5.03);盘口为隔日快照(2026-08-21)->否决,,,,,2026-08-22T09:00:00+08:00,,7.4,,,2026-08-22T22:18:21.938267+08:00,,,,,,,
2026-08-22,墨超,Tigres UANL vs Atlante FC,Tigres UANL,Atlante FC,1X2主胜,0.65,1.59,0.022020943668753068,,,,win,1.59,0.5900000000000001,已结算,scan24h对账,1,纯数据无伤病情报;λ过高(5.03);盘口为隔日快照(2026-08-21)->否决,,,,,2026-08-22T09:00:00+08:00,,7.4,,,2026-08-22T22:18:21.938267+08:00,,,,,,,
2026-08-22,墨超,Tigres UANL vs Atlante FC,Tigres UANL,Atlante FC,1X2平局,0.1061,4.7,-0.5067,,,,lose,0.0,-1.0,已结算,scan24h对账,1,纯数据无伤病情报;λ过高(5.03);盘口为隔日快照(2026-08-21)->否决,,,,,2026-08-22T09:00:00+08:00,,7.4,,,2026-08-22T22:18:21.938267+08:00,,,,,,,
2026-08-22,墨超,Tigres UANL vs Atlante FC,Tigres UANL,Atlante FC,1X2客胜,0.0631,5.9,-0.6317,,,,lose,0.0,-1.0,已结算,scan24h对账,1,纯数据无伤病情报;λ过高(5.03);盘口为隔日快照(2026-08-21)->否决,,,,,2026-08-22T09:00:00+08:00,,7.4,,,2026-08-22T22:18:21.938267+08:00,,,,,,,
2026-08-22,墨超,FC Juárez vs Club América,FC Juárez,Club América,让球主(+0.8),0.4658,1.94,-0.1058,,,,lose,0.0,-1.0,已结算,scan24h对账,1,纯数据无伤病情报;盘口为隔日快照(2026-08-21)->否决,,,,,2026-08-22T11:10:00+08:00,,9.4,,,2026-08-22T22:18:21.938267+08:00,,,,,,,
2026-08-22,墨超,FC Juárez vs Club América,FC Juárez,Club América,让球客(-0.8),0.5342,2.02,0.0679,,,,half,1.51,0.51,已结算,scan24h对账,1,纯数据无伤病情报;盘口为隔日快照(2026-08-21)->否决,,,,,2026-08-22T11:10:00+08:00,,9.4,,,2026-08-22T22:18:21.938267+08:00,,,,,,,
2026-08-22,墨超,FC Juárez vs Club América,FC Juárez,Club América,小2.50,0.3772,2.18,-0.1868,,,,lose,0.0,-1.0,已结算,scan24h对账,1,纯数据无伤病情报;盘口为隔日快照(2026-08-21)->否决,,,,,2026-08-22T11:10:00+08:00,,9.4,,,2026-08-22T22:18:21.938267+08:00,,,,,,,
2026-08-22,墨超,FC Juárez vs Club América,FC Juárez,Club América,大2.50,0.6228,1.81,0.1148,,,,win,1.81,0.81,已结算,scan24h对账,1,纯数据无伤病情报;盘口为隔日快照(2026-08-21)->否决,,,,,2026-08-22T11:10:00+08:00,,9.4,,,2026-08-22T22:18:21.938267+08:00,,,,,,,
2026-08-22,墨超,FC Juárez vs Club América,FC Juárez,Club América,1X2主胜,0.2587,4.7,0.2049,,,,lose,0.0,-1.0,已结算,scan24h对账,1,纯数据无伤病情报;盘口为隔日快照(2026-08-21)->否决,,,,,2026-08-22T11:10:00+08:00,,9.4,,,2026-08-22T22:18:21.938267+08:00,,,,,,,
2026-08-22,墨超,FC Juárez vs Club América,FC Juárez,Club América,1X2平局,0.2485,4.1,0.0097,,,,lose,0.0,-1.0,已结算,scan24h对账,1,纯数据无伤病情报;盘口为隔日快照(2026-08-21)->否决,,,,,2026-08-22T11:10:00+08:00,,9.4,,,2026-08-22T22:18:21.938267+08:00,,,,,,,
2026-08-22,墨超,FC Juárez vs Club América,FC Juárez,Club América,1X2客胜,0.4928,1.81,-0.1162,,,,win,1.81,0.81,已结算,scan24h对账,1,纯数据无伤病情报;盘口为隔日快照(2026-08-21)->否决,,,,,2026-08-22T11:10:00+08:00,,9.4,,,2026-08-22T22:18:21.938267+08:00,,,,,,,
2026-08-22,J1,Kashima Antlers vs Avispa Fukuoka,Kashima Antlers,Avispa Fukuoka,让球主(-0.8),0.3788,2.01,-0.2603,,,,half,1.505,0.5049999999999999,已结算,scan24h对账,1,纯数据无伤病情报;平局预警(市场去水平局>=26%);盘口过期(距开赛15h>阈值12h)->否决,,,,,2026-08-22T17:00:00+08:00,,15.4,,,2026-08-22T22:18:21.938267+08:00,,,,,,,
2026-08-22,J1,Kashima Antlers vs Avispa Fukuoka,Kashima Antlers,Avispa Fukuoka,让球客(+0.8),0.6212,1.88,0.1344,,,,lose,0.0,-1.0,已结算,scan24h对账,1,纯数据无伤病情报;平局预警(市场去水平局>=26%);盘口过期(距开赛15h>阈值12h)->否决,,,,,2026-08-22T17:00:00+08:00,,15.4,,,2026-08-22T22:18:21.938267+08:00,,,,,,,
2026-08-22,J1,Kashima Antlers vs Avispa Fukuoka,Kashima Antlers,Avispa Fukuoka,小2.50,0.4199,1.6,-0.353,,,,lose,0.0,-1.0,已结算,scan24h对账,1,纯数据无伤病情报;平局预警(市场去水平局>=26%);盘口过期(距开赛15h>阈值12h)->否决,,,,,2026-08-22T17:00:00+08:00,,15.4,,,2026-08-22T22:18:21.938267+08:00,,,,,,,
2026-08-22,J1,Kashima Antlers vs Avispa Fukuoka,Kashima Antlers,Avispa Fukuoka,大2.50,0.5801,2.42,0.3522,,,,win,2.42,1.42,已结算,scan24h对账,1,纯数据无伤病情报;平局预警(市场去水平局>=26%);盘口过期(距开赛15h>阈值12h)->否决,,,,,2026-08-22T17:00:00+08:00,,15.4,,,2026-08-22T22:18:21.938267+08:00,,,,,,,
2026-08-22,J1,Kashima Antlers vs Avispa Fukuoka,Kashima Antlers,Avispa Fukuoka,1X2主胜,0.3704,1.79,-0.3427,,,,win,1.79,0.79,已结算,scan24h对账,1,纯数据无伤病情报;平局预警(市场去水平局>=26%);盘口过期(距开赛15h>阈值12h)->否决,,,,,2026-08-22T17:00:00+08:00,,15.4,,,2026-08-22T22:18:21.938267+08:00,,,,,,,
2026-08-22,J1,Kashima Antlers vs Avispa Fukuoka,Kashima Antlers,Avispa Fukuoka,1X2平局,0.2591,3.6,-0.0754,,,,lose,0.0,-1.0,已结算,scan24h对账,1,纯数据无伤病情报;平局预警(市场去水平局>=26%);盘口过期(距开赛15h>阈值12h)->否决,,,,,2026-08-22T17:00:00+08:00,,15.4,,,2026-08-22T22:18:21.938267+08:00,,,,,,,
2026-08-22,J1,Kashima Antlers vs Avispa Fukuoka,Kashima Antlers,Avispa Fukuoka,1X2客胜,0.3704,5.8,1.1297,,,,lose,0.0,-1.0,已结算,scan24h对账,1,纯数据无伤病情报;平局预警(市场去水平局>=26%);盘口过期(距开赛15h>阈值12h)->否决,,,,,2026-08-22T17:00:00+08:00,,15.4,,,2026-08-22T22:18:21.938267+08:00,,,,,,,
2026-08-22,J1,Fagiano Okayama vs Tokyo Verdy,Fagiano Okayama,Tokyo Verdy,让球主(-0.2),0.3788,1.88,-0.3217,,,,lose,0.0,-1.0,已结算,scan24h对账,1,纯数据无伤病情报;平局预警-强(市场去水平局>=30%);盘口过期(距开赛16h>阈值12h)->否决,,,,,2026-08-22T17:30:00+08:00,,15.9,,,2026-08-22T22:18:21.938267+08:00,,,,,,,
2026-08-22,J1,Fagiano Okayama vs Tokyo Verdy,Fagiano Okayama,Tokyo Verdy,让球客(+0.2),0.6212,1.93,0.1417,,,,half,1.4649999999999999,0.46499999999999997,已结算,scan24h对账,1,纯数据无伤病情报;平局预警-强(市场去水平局>=30%);盘口过期(距开赛16h>阈值12h)->否决,,,,,2026-08-22T17:30:00+08:00,,15.9,,,2026-08-22T22:18:21.938267+08:00,,,,,,,
2026-08-22,J1,Fagiano Okayama vs Tokyo Verdy,Fagiano Okayama,Tokyo Verdy,小2.50,0.4199,1.54,-0.382,,,,win,1.54,0.54,已结算,scan24h对账,1,纯数据无伤病情报;平局预警-强(市场去水平局>=30%);盘口过期(距开赛16h>阈值12h)->否决,,,,,2026-08-22T17:30:00+08:00,,15.9,,,2026-08-22T22:18:21.938267+08:00,,,,,,,
2026-08-22,J1,Fagiano Okayama vs Tokyo Verdy,Fagiano Okayama,Tokyo Verdy,大2.50,0.5801,2.52,0.3974,,,,lose,0.0,-1.0,已结算,scan24h对账,1,纯数据无伤病情报;平局预警-强(市场去水平局>=30%);盘口过期(距开赛16h>阈值12h)->否决,,,,,2026-08-22T17:30:00+08:00,,15.9,,,2026-08-22T22:18:21.938267+08:00,,,,,,,
2026-08-22,J1,Fagiano Okayama vs Tokyo Verdy,Fagiano Okayama,Tokyo Verdy,1X2主胜,0.3704,2.22,-0.1961,,,,lose,0.0,-1.0,已结算,scan24h对账,1,纯数据无伤病情报;平局预警-强(市场去水平局>=30%);盘口过期(距开赛16h>阈值12h)->否决,,,,,2026-08-22T17:30:00+08:00,,15.9,,,2026-08-22T22:18:21.938267+08:00,,,,,,,
2026-08-22,J1,Fagiano Okayama vs Tokyo Verdy,Fagiano Okayama,Tokyo Verdy,1X2平局,0.2591,3.1,-0.2148,,,,win,3.1,2.1,已结算,scan24h对账,1,纯数据无伤病情报;平局预警-强(市场去水平局>=30%);盘口过期(距开赛16h>阈值12h)->否决,,,,,2026-08-22T17:30:00+08:00,,15.9,,,2026-08-22T22:18:21.938267+08:00,,,,,,,
2026-08-22,J1,Fagiano Okayama vs Tokyo Verdy,Fagiano Okayama,Tokyo Verdy,1X2客胜,0.3704,4.0,0.4484,,,,lose,0.0,-1.0,已结算,scan24h对账,1,纯数据无伤病情报;平局预警-强(市场去水平局>=30%);盘口过期(距开赛16h>阈值12h)->否决,,,,,2026-08-22T17:30:00+08:00,,15.9,,,2026-08-22T22:18:21.938267+08:00,,,,,,,
2026-08-22,J1,Nagoya Grampus vs Gamba Osaka,Nagoya Grampus,Gamba Osaka,让球主(-0.2),0.3788,2.0,-0.2718,,,,win,2.0,1.0,已结算,scan24h对账,1,纯数据无伤病情报;平局预警(市场去水平局>=26%);盘口过期(距开赛16h>阈值12h)->否决,,,,,2026-08-22T18:00:00+08:00,,16.4,,,2026-08-22T22:18:21.938267+08:00,,,,,,,
2026-08-22,J1,Nagoya Grampus vs Gamba Osaka,Nagoya Grampus,Gamba Osaka,让球客(+0.2),0.6212,1.85,0.1044,,,,lose,0.0,-1.0,已结算,scan24h对账,1,纯数据无伤病情报;平局预警(市场去水平局>=26%);盘口过期(距开赛16h>阈值12h)->否决,,,,,2026-08-22T18:00:00+08:00,,16.4,,,2026-08-22T22:18:21.938267+08:00,,,,,,,
2026-08-22,J1,Nagoya Grampus vs Gamba Osaka,Nagoya Grampus,Gamba Osaka,小2.50,0.4199,2.02,-0.1787,,,,lose,0.0,-1.0,已结算,scan24h对账,1,纯数据无伤病情报;平局预警(市场去水平局>=26%);盘口过期(距开赛16h>阈值12h)->否决,,,,,2026-08-22T18:00:00+08:00,,16.4,,,2026-08-22T22:18:21.938267+08:00,,,,,,,
2026-08-22,J1,Nagoya Grampus vs Gamba Osaka,Nagoya Grampus,Gamba Osaka,大2.50,0.5801,1.86,0.0449,,,,win,1.86,0.8600000000000001,已结算,scan24h对账,1,纯数据无伤病情报;平局预警(市场去水平局>=26%);盘口过期(距开赛16h>阈值12h)->否决,,,,,2026-08-22T18:00:00+08:00,,16.4,,,2026-08-22T22:18:21.938267+08:00,,,,,,,
2026-08-22,J1,Nagoya Grampus vs Gamba Osaka,Nagoya Grampus,Gamba Osaka,1X2主胜,0.3704,2.46,-0.1118,,,,win,2.46,1.46,已结算,scan24h对账,1,纯数据无伤病情报;平局预警(市场去水平局>=26%);盘口过期(距开赛16h>阈值12h)->否决,,,,,2026-08-22T18:00:00+08:00,,16.4,,,2026-08-22T22:18:21.938267+08:00,,,,,,,
2026-08-22,J1,Nagoya Grampus vs Gamba Osaka,Nagoya Grampus,Gamba Osaka,1X2平局,0.2591,3.55,-0.1035,,,,lose,0.0,-1.0,已结算,scan24h对账,1,纯数据无伤病情报;平局预警(市场去水平局>=26%);盘口过期(距开赛16h>阈值12h)->否决,,,,,2026-08-22T18:00:00+08:00,,16.4,,,2026-08-22T22:18:21.938267+08:00,,,,,,,
2026-08-22,J1,Nagoya Grampus vs Gamba Osaka,Nagoya Grampus,Gamba Osaka,1X2客胜,0.3704,2.96,0.0687,,,,lose,0.0,-1.0,已结算,scan24h对账,1,纯数据无伤病情报;平局预警(市场去水平局>=26%);盘口过期(距开赛16h>阈值12h)->否决,,,,,2026-08-22T18:00:00+08:00,,16.4,,,2026-08-22T22:18:21.938267+08:00,,,,,,,
2026-08-22,J1,Kyoto Sanga FC vs Mito Hollyhock,Kyoto Sanga FC,Mito Hollyhock,让球主(-0.2),0.3788,1.84,-0.3225,,,,lose,0.0,-1.0,已结算,scan24h对账,1,纯数据无伤病情报;平局预警(市场去水平局>=26%);盘口过期(距开赛16h>阈值12h)->否决,,,,,2026-08-22T18:00:00+08:00,,16.4,,,2026-08-22T22:18:21.938267+08:00,,,,,,,
2026-08-22,J1,Kyoto Sanga FC vs Mito Hollyhock,Kyoto Sanga FC,Mito Hollyhock,让球客(+0.2),0.6212,2.06,0.2436,,,,win,2.06,1.06,已结算,scan24h对账,1,纯数据无伤病情报;平局预警(市场去水平局>=26%);盘口过期(距开赛16h>阈值12h)->否决,,,,,2026-08-22T18:00:00+08:00,,16.4,,,2026-08-22T22:18:21.938267+08:00,,,,,,,
2026-08-22,J1,Kyoto Sanga FC vs Mito Hollyhock,Kyoto Sanga FC,Mito Hollyhock,小2.50,0.4199,1.74,-0.2846,,,,lose,0.0,-1.0,已结算,scan24h对账,1,纯数据无伤病情报;平局预警(市场去水平局>=26%);盘口过期(距开赛16h>阈值12h)->否决,,,,,2026-08-22T18:00:00+08:00,,16.4,,,2026-08-22T22:18:21.938267+08:00,,,,,,,
2026-08-22,J1,Kyoto Sanga FC vs Mito Hollyhock,Kyoto Sanga FC,Mito Hollyhock,大2.50,0.5801,2.24,0.2726,,,,win,2.24,1.2400000000000002,已结算,scan24h对账,1,纯数据无伤病情报;平局预警(市场去水平局>=26%);盘口过期(距开赛16h>阈值12h)->否决,,,,,2026-08-22T18:00:00+08:00,,16.4,,,2026-08-22T22:18:21.938267+08:00,,,,,,,
2026-08-22,J1,Kyoto Sanga FC vs Mito Hollyhock,Kyoto Sanga FC,Mito Hollyhock,1X2主胜,0.3704,2.16,-0.2184,,,,lose,0.0,-1.0,已结算,scan24h对账,1,纯数据无伤病情报;平局预警(市场去水平局>=26%);盘口过期(距开赛16h>阈值12h)->否决,,,,,2026-08-22T18:00:00+08:00,,16.4,,,2026-08-22T22:18:21.938267+08:00,,,,,,,
2026-08-22,J1,Kyoto Sanga FC vs Mito Hollyhock,Kyoto Sanga FC,Mito Hollyhock,1X2平局,0.2591,3.4,-0.1395,,,,lose,0.0,-1.0,已结算,scan24h对账,1,纯数据无伤病情报;平局预警(市场去水平局>=26%);盘口过期(距开赛16h>阈值12h)->否决,,,,,2026-08-22T18:00:00+08:00,,16.4,,,2026-08-22T22:18:21.938267+08:00,,,,,,,
2026-08-22,J1,Kyoto Sanga FC vs Mito Hollyhock,Kyoto Sanga FC,Mito Hollyhock,1X2客胜,0.3704,3.75,0.3569,,,,win,3.75,2.75,已结算,scan24h对账,1,纯数据无伤病情报;平局预警(市场去水平局>=26%);盘口过期(距开赛16h>阈值12h)->否决,,,,,2026-08-22T18:00:00+08:00,,16.4,,,2026-08-22T22:18:21.938267+08:00,,,,,,,
2026-08-22,J1,Cerezo Osaka vs Shimizu S-Pulse,Cerezo Osaka,Shimizu S-Pulse,让球主(-0.2),0.3788,2.01,-0.2603,,,,win,2.01,1.0099999999999998,已结算,scan24h对账,1,纯数据无伤病情报;平局预警(市场去水平局>=26%);盘口过期(距开赛16h>阈值12h)->否决,,,,,2026-08-22T18:00:00+08:00,,16.4,,,2026-08-22T22:18:21.938267+08:00,,,,,,,
2026-08-22,J1,Cerezo Osaka vs Shimizu S-Pulse,Cerezo Osaka,Shimizu S-Pulse,让球客(+0.2),0.6212,1.88,0.1344,,,,lose,0.0,-1.0,已结算,scan24h对账,1,纯数据无伤病情报;平局预警(市场去水平局>=26%);盘口过期(距开赛16h>阈值12h)->否决,,,,,2026-08-22T18:00:00+08:00,,16.4,,,2026-08-22T22:18:21.938267+08:00,,,,,,,
2026-08-22,J1,Cerezo Osaka vs Shimizu S-Pulse,Cerezo Osaka,Shimizu S-Pulse,小2.50,0.4199,2.0,-0.1862,,,,win,2.0,1.0,已结算,scan24h对账,1,纯数据无伤病情报;平局预警(市场去水平局>=26%);盘口过期(距开赛16h>阈值12h)->否决,,,,,2026-08-22T18:00:00+08:00,,16.4,,,2026-08-22T22:18:21.938267+08:00,,,,,,,
2026-08-22,J1,Cerezo Osaka vs Shimizu S-Pulse,Cerezo Osaka,Shimizu S-Pulse,大2.50,0.5801,1.88,0.0569,,,,lose,0.0,-1.0,已结算,scan24h对账,1,纯数据无伤病情报;平局预警(市场去水平局>=26%);盘口过期(距开赛16h>阈值12h)->否决,,,,,2026-08-22T18:00:00+08:00,,16.4,,,2026-08-22T22:18:21.938267+08:00,,,,,,,
2026-08-22,J1,Cerezo Osaka vs Shimizu S-Pulse,Cerezo Osaka,Shimizu S-Pulse,1X2主胜,0.3704,2.32,-0.1723,,,,win,2.32,1.3199999999999998,已结算,scan24h对账,1,纯数据无伤病情报;平局预警(市场去水平局>=26%);盘口过期(距开赛16h>阈值12h)->否决,,,,,2026-08-22T18:00:00+08:00,,16.4,,,2026-08-22T22:18:21.938267+08:00,,,,,,,
2026-08-22,J1,Cerezo Osaka vs Shimizu S-Pulse,Cerezo Osaka,Shimizu S-Pulse,1X2平局,0.2591,3.5,-0.1266,,,,lose,0.0,-1.0,已结算,scan24h对账,1,纯数据无伤病情报;平局预警(市场去水平局>=26%);盘口过期(距开赛16h>阈值12h)->否决,,,,,2026-08-22T18:00:00+08:00,,16.4,,,2026-08-22T22:18:21.938267+08:00,,,,,,,
2026-08-22,J1,Cerezo Osaka vs Shimizu S-Pulse,Cerezo Osaka,Shimizu S-Pulse,1X2客胜,0.3704,3.11,0.1096,,,,lose,0.0,-1.0,已结算,scan24h对账,1,纯数据无伤病情报;平局预警(市场去水平局>=26%);盘口过期(距开赛16h>阈值12h)->否决,,,,,2026-08-22T18:00:00+08:00,,16.4,,,2026-08-22T22:18:21.938267+08:00,,,,,,,
2026-08-22,J1,Sanfrecce Hiroshima vs Kawasaki Frontale,Sanfrecce Hiroshima,Kawasaki Frontale,让球主(-0.8),0.3788,1.83,-0.3266,,,,lose,0.0,-1.0,已结算,scan24h对账,1,纯数据无伤病情报;盘口过期(距开赛17h>阈值12h)->否决,,,,,2026-08-22T18:15:00+08:00,,16.7,,,2026-08-22T22:18:21.938267+08:00,,,,,,,
2026-08-22,J1,Sanfrecce Hiroshima vs Kawasaki Frontale,Sanfrecce Hiroshima,Kawasaki Frontale,让球客(+0.8),0.6212,2.07,0.2489,,,,win,2.07,1.0699999999999998,已结算,scan24h对账,1,纯数据无伤病情报;盘口过期(距开赛17h>阈值12h)->否决,,,,,2026-08-22T18:15:00+08:00,,16.7,,,2026-08-22T22:18:21.938267+08:00,,,,,,,
2026-08-22,J1,Sanfrecce Hiroshima vs Kawasaki Frontale,Sanfrecce Hiroshima,Kawasaki Frontale,小2.50,0.4199,2.36,-0.0552,,,,win,2.36,1.3599999999999999,已结算,scan24h对账,1,纯数据无伤病情报;盘口过期(距开赛17h>阈值12h)->否决,,,,,2026-08-22T18:15:00+08:00,,16.7,,,2026-08-22T22:18:21.938267+08:00,,,,,,,
2026-08-22,J1,Sanfrecce Hiroshima vs Kawasaki Frontale,Sanfrecce Hiroshima,Kawasaki Frontale,大2.50,0.5801,1.6,-0.1149,,,,lose,0.0,-1.0,已结算,scan24h对账,1,纯数据无伤病情报;盘口过期(距开赛17h>阈值12h)->否决,,,,,2026-08-22T18:15:00+08:00,,16.7,,,2026-08-22T22:18:21.938267+08:00,,,,,,,
2026-08-22,J1,Sanfrecce Hiroshima vs Kawasaki Frontale,Sanfrecce Hiroshima,Kawasaki Frontale,1X2主胜,0.3704,1.68,-0.389,,,,lose,0.0,-1.0,已结算,scan24h对账,1,纯数据无伤病情报;盘口过期(距开赛17h>阈值12h)->否决,,,,,2026-08-22T18:15:00+08:00,,16.7,,,2026-08-22T22:18:21.938267+08:00,,,,,,,
2026-08-22,J1,Sanfrecce Hiroshima vs Kawasaki Frontale,Sanfrecce Hiroshima,Kawasaki Frontale,1X2平局,0.2591,4.4,0.1193,,,,win,4.4,3.4000000000000004,已结算,scan24h对账,1,纯数据无伤病情报;盘口过期(距开赛17h>阈值12h)->否决,,,,,2026-08-22T18:15:00+08:00,,16.7,,,2026-08-22T22:18:21.938267+08:00,,,,,,,
2026-08-22,J1,Sanfrecce Hiroshima vs Kawasaki Frontale,Sanfrecce Hiroshima,Kawasaki Frontale,1X2客胜,0.3704,5.1,0.8548,,,,lose,0.0,-1.0,已结算,scan24h对账,1,纯数据无伤病情报;盘口过期(距开赛17h>阈值12h)->否决,,,,,2026-08-22T18:15:00+08:00,,16.7,,,2026-08-22T22:18:21.938267+08:00,,,,,,,
2026-08-22,J1,Yokohama F. Marinos vs Vissel Kobe,Yokohama F. Marinos,Vissel Kobe,让球主(+0.2),0.6212,1.99,0.1982,,,,win,1.99,0.99,已结算,scan24h对账,1,纯数据无伤病情报;平局预警(市场去水平局>=26%);盘口过期(距开赛17h>阈值12h)->否决,,,,,2026-08-22T18:30:00+08:00,,16.9,,,2026-08-22T22:18:21.938267+08:00,,,,,,,
2026-08-22,J1,Yokohama F. Marinos vs Vissel Kobe,Yokohama F. Marinos,Vissel Kobe,让球客(-0.2),0.3788,1.89,-0.3059,,,,lose,0.0,-1.0,已结算,scan24h对账,1,纯数据无伤病情报;平局预警(市场去水平局>=26%);盘口过期(距开赛17h>阈值12h)->否决,,,,,2026-08-22T18:30:00+08:00,,16.9,,,2026-08-22T22:18:21.938267+08:00,,,,,,,
2026-08-22,J1,Yokohama F. Marinos vs Vissel Kobe,Yokohama F. Marinos,Vissel Kobe,小2.50,0.4199,1.77,-0.2801,,,,win,1.77,0.77,已结算,scan24h对账,1,纯数据无伤病情报;平局预警(市场去水平局>=26%);盘口过期(距开赛17h>阈值12h)->否决,,,,,2026-08-22T18:30:00+08:00,,16.9,,,2026-08-22T22:18:21.938267+08:00,,,,,,,
2026-08-22,J1,Yokohama F. Marinos vs Vissel Kobe,Yokohama F. Marinos,Vissel Kobe,大2.50,0.5801,2.14,0.2027,,,,lose,0.0,-1.0,已结算,scan24h对账,1,纯数据无伤病情报;平局预警(市场去水平局>=26%);盘口过期(距开赛17h>阈值12h)->否决,,,,,2026-08-22T18:30:00+08:00,,16.9,,,2026-08-22T22:18:21.938267+08:00,,,,,,,
2026-08-22,J1,Yokohama F. Marinos vs Vissel Kobe,Yokohama F. Marinos,Vissel Kobe,1X2主胜,0.3704,3.5,0.2687,,,,win,3.5,2.5,已结算,scan24h对账,1,纯数据无伤病情报;平局预警(市场去水平局>=26%);盘口过期(距开赛17h>阈值12h)->否决,,,,,2026-08-22T18:30:00+08:00,,16.9,,,2026-08-22T22:18:21.938267+08:00,,,,,,,
2026-08-22,J1,Yokohama F. Marinos vs Vissel Kobe,Yokohama F. Marinos,Vissel Kobe,1X2平局,0.2591,3.45,-0.1253,,,,lose,0.0,-1.0,已结算,scan24h对账,1,纯数据无伤病情报;平局预警(市场去水平局>=26%);盘口过期(距开赛17h>阈值12h)->否决,,,,,2026-08-22T18:30:00+08:00,,16.9,,,2026-08-22T22:18:21.938267+08:00,,,,,,,
2026-08-22,J1,Yokohama F. Marinos vs Vissel Kobe,Yokohama F. Marinos,Vissel Kobe,1X2客胜,0.3704,2.24,-0.1881,,,,lose,0.0,-1.0,已结算,scan24h对账,1,纯数据无伤病情报;平局预警(市场去水平局>=26%);盘口过期(距开赛17h>阈值12h)->否决,,,,,2026-08-22T18:30:00+08:00,,16.9,,,2026-08-22T22:18:21.938267+08:00,,,,,,,
2026-08-22,中超,Wuhan Three Towns vs Tianjin Jinmen Tiger,Wuhan Three Towns,Tianjin Jinmen Tiger,让球主(-0.2),0.412,1.95,-0.233,,,,lose,0.0,-1.0,已结算,scan24h对账,0,纯数据无伤病情报;联赛基准偏差(λ已平移);平局预警(市场去水平局>=26%),,,,,2026-08-22T19:00:00+08:00,,17.4,,,2026-08-22T22:18:21.938267+08:00,,,,,,,
2026-08-22,中超,Wuhan Three Towns vs Tianjin Jinmen Tiger,Wuhan Three Towns,Tianjin Jinmen Tiger,让球客(+0.2),0.588,1.87,0.0496,,,,half,1.435,0.43500000000000005,已结算,scan24h对账,0,纯数据无伤病情报;联赛基准偏差(λ已平移);平局预警(市场去水平局>=26%),,,,,2026-08-22T19:00:00+08:00,,17.4,,,2026-08-22T22:18:21.938267+08:00,,,,,,,
2026-08-22,中超,Wuhan Three Towns vs Tianjin Jinmen Tiger,Wuhan Three Towns,Tianjin Jinmen Tiger,小2.50,0.65,2.1,0.3070587335576629,,,,win,2.1,1.1,已结算,scan24h对账,0,纯数据无伤病情报;联赛基准偏差(λ已平移);平局预警(市场去水平局>=26%),,,,,2026-08-22T19:00:00+08:00,,17.4,,,2026-08-22T22:18:21.938267+08:00,,,,,,,
2026-08-22,中超,Wuhan Three Towns vs Tianjin Jinmen Tiger,Wuhan Three Towns,Tianjin Jinmen Tiger,大2.50,0.3462,1.76,-0.4167,,,,lose,0.0,-1.0,已结算,scan24h对账,0,纯数据无伤病情报;联赛基准偏差(λ已平移);平局预警(市场去水平局>=26%),,,,,2026-08-22T19:00:00+08:00,,17.4,,,2026-08-22T22:18:21.938267+08:00,,,,,,,
2026-08-22,中超,Wuhan Three Towns vs Tianjin Jinmen Tiger,Wuhan Three Towns,Tianjin Jinmen Tiger,1X2主胜,0.3958,2.4,-0.0792,,,,lose,0.0,-1.0,已结算,scan24h对账,0,纯数据无伤病情报;联赛基准偏差(λ已平移);平局预警(市场去水平局>=26%),,,,,2026-08-22T19:00:00+08:00,,17.4,,,2026-08-22T22:18:21.938267+08:00,,,,,,,
2026-08-22,中超,Wuhan Three Towns vs Tianjin Jinmen Tiger,Wuhan Three Towns,Tianjin Jinmen Tiger,1X2平局,0.3137,3.55,0.0796,,,,win,3.55,2.55,已结算,scan24h对账,0,纯数据无伤病情报;联赛基准偏差(λ已平移);平局预警(市场去水平局>=26%),,,,,2026-08-22T19:00:00+08:00,,17.4,,,2026-08-22T22:18:21.938267+08:00,,,,,,,
2026-08-22,中超,Wuhan Three Towns vs Tianjin Jinmen Tiger,Wuhan Three Towns,Tianjin Jinmen Tiger,1X2客胜,0.2904,3.0,-0.1555,,,,lose,0.0,-1.0,已结算,scan24h对账,0,纯数据无伤病情报;联赛基准偏差(λ已平移);平局预警(市场去水平局>=26%),,,,,2026-08-22T19:00:00+08:00,,17.4,,,2026-08-22T22:18:21.938267+08:00,,,,,,,
2026-08-22,英乙,Walsall vs Grimsby Town,Walsall,Grimsby Town,让球主(+0.0),0.1981,2.1,-0.5957,,,,push,1.0,0.0,无效(snap<0赛后盘),scan24h对账,1,纯数据无伤病情报;平局预警-强(市场去水平局>=30%);模型与市场分歧>20pp(模型80% vs 市场54%)->否决,,,,,2026-08-22T19:30:00+08:00,,-1.1,,;2026-08-26审计:赛后盘作废,2026-08-22T22:18:21.938267+08:00,,,,,,,
2026-08-22,英乙,Walsall vs Grimsby Town,Walsall,Grimsby Town,让球客(-0.0),0.65,1.81,0.14380221972814566,,,,push,1.0,0.0,无效(snap<0赛后盘),scan24h对账,1,纯数据无伤病情报;平局预警-强(市场去水平局>=30%);模型与市场分歧>20pp(模型80% vs 市场54%)->否决,,,,,2026-08-22T19:30:00+08:00,,-1.1,,;2026-08-26审计:赛后盘作废,2026-08-22T22:18:21.938267+08:00,,,,,,,
2026-08-22,英乙,Walsall vs Grimsby Town,Walsall,Grimsby Town,小2.50,0.65,1.75,0.09043767152968352,,,,win,1.75,0.75,无效(snap<0赛后盘),scan24h对账,1,纯数据无伤病情报;平局预警-强(市场去水平局>=30%);模型与市场分歧>20pp(模型80% vs 市场54%)->否决,,,,,2026-08-22T19:30:00+08:00,,-1.1,,;2026-08-26审计:赛后盘作废,2026-08-22T22:18:21.938267+08:00,,,,,,,
2026-08-22,英乙,Walsall vs Grimsby Town,Walsall,Grimsby Town,大2.50,0.3077,2.12,-0.3746,,,,lose,0.0,-1.0,无效(snap<0赛后盘),scan24h对账,1,纯数据无伤病情报;平局预警-强(市场去水平局>=30%);模型与市场分歧>20pp(模型80% vs 市场54%)->否决,,,,,2026-08-22T19:30:00+08:00,,-1.1,,;2026-08-26审计:赛后盘作废,2026-08-22T22:18:21.938267+08:00,,,,,,,
2026-08-22,英乙,Walsall vs Grimsby Town,Walsall,Grimsby Town,1X2主胜,0.1078,3.55,-0.624,,,,lose,0.0,-1.0,无效(snap<0赛后盘),scan24h对账,1,纯数据无伤病情报;平局预警-强(市场去水平局>=30%);模型与市场分歧>20pp(模型80% vs 市场54%)->否决,,,,,2026-08-22T19:30:00+08:00,,-1.1,,;2026-08-26审计:赛后盘作废,2026-08-22T22:18:21.938267+08:00,,,,,,,
2026-08-22,英乙,Walsall vs Grimsby Town,Walsall,Grimsby Town,1X2平局,0.2724,2.42,-0.3522,,,,win,2.42,1.42,无效(snap<0赛后盘),scan24h对账,1,纯数据无伤病情报;平局预警-强(市场去水平局>=30%);模型与市场分歧>20pp(模型80% vs 市场54%)->否决,,,,,2026-08-22T19:30:00+08:00,,-1.1,,;2026-08-26审计:赛后盘作废,2026-08-22T22:18:21.938267+08:00,,,,,,,
2026-08-22,英乙,Walsall vs Grimsby Town,Walsall,Grimsby Town,1X2客胜,0.6199,3.1,0.8885,,,,lose,0.0,-1.0,无效(snap<0赛后盘),scan24h对账,1,纯数据无伤病情报;平局预警-强(市场去水平局>=30%);模型与市场分歧>20pp(模型80% vs 市场54%)->否决,,,,,2026-08-22T19:30:00+08:00,,-1.1,,;2026-08-26审计:赛后盘作废,2026-08-22T22:18:21.938267+08:00,,,,,,,
2026-08-22,英乙,Salford City vs Chesterfield,Salford City,Chesterfield,让球主(-0.2),0.4397,1.97,-0.1736,,,,lose,0.0,-1.0,无效(snap<0赛后盘),scan24h对账,0,纯数据无伤病情报;平局预警(市场去水平局>=26%),,,,,2026-08-22T19:30:00+08:00,,-1.1,,;2026-08-26审计:赛后盘作废,2026-08-22T22:18:21.938267+08:00,,,,,,,
2026-08-22,英乙,Salford City vs Chesterfield,Salford City,Chesterfield,让球客(+0.2),0.5603,1.85,-0.0111,,,,win,1.85,0.8500000000000001,无效(snap<0赛后盘),scan24h对账,0,纯数据无伤病情报;平局预警(市场去水平局>=26%),,,,,2026-08-22T19:30:00+08:00,,-1.1,,;2026-08-26审计:赛后盘作废,2026-08-22T22:18:21.938267+08:00,,,,,,,
2026-08-22,英乙,Salford City vs Chesterfield,Salford City,Chesterfield,小2.50,0.65,1.68,0.07543151447661489,1,观察,,win,1.68,0.6799999999999999,无效(snap<0赛后盘),scan24h对账,0,纯数据无伤病情报;平局预警(市场去水平局>=26%),,,,,2026-08-22T19:30:00+08:00,,-1.1,,;2026-08-26审计:赛后盘作废,2026-08-22T22:18:21.938267+08:00,,,,,,,
2026-08-22,英乙,Salford City vs Chesterfield,Salford City,Chesterfield,大2.50,0.2816,2.38,-0.34,,,,lose,0.0,-1.0,无效(snap<0赛后盘),scan24h对账,0,纯数据无伤病情报;平局预警(市场去水平局>=26%),,,,,2026-08-22T19:30:00+08:00,,-1.1,,;2026-08-26审计:赛后盘作废,2026-08-22T22:18:21.938267+08:00,,,,,,,
2026-08-22,英乙,Salford City vs Chesterfield,Salford City,Chesterfield,1X2主胜,0.4182,6.8,1.8174,,,,lose,0.0,-1.0,无效(snap<0赛后盘),scan24h对账,0,纯数据无伤病情报;平局预警(市场去水平局>=26%),,,,,2026-08-22T19:30:00+08:00,,-1.1,,;2026-08-26审计:赛后盘作废,2026-08-22T22:18:21.938267+08:00,,,,,,,
2026-08-22,英乙,Salford City vs Chesterfield,Salford City,Chesterfield,1X2平局,0.3289,3.65,0.1894,,,,lose,0.0,-1.0,无效(snap<0赛后盘),scan24h对账,0,纯数据无伤病情报;平局预警(市场去水平局>=26%),,,,,2026-08-22T19:30:00+08:00,,-1.1,,;2026-08-26审计:赛后盘作废,2026-08-22T22:18:21.938267+08:00,,,,,,,
2026-08-22,英乙,Salford City vs Chesterfield,Salford City,Chesterfield,1X2客胜,0.2529,1.7,-0.5739,,,,win,1.7,0.7,无效(snap<0赛后盘),scan24h对账,0,纯数据无伤病情报;平局预警(市场去水平局>=26%),,,,,2026-08-22T19:30:00+08:00,,-1.1,,;2026-08-26审计:赛后盘作废,2026-08-22T22:18:21.938267+08:00,,,,,,,
2026-08-22,英乙,Bristol Rovers vs Newport County,Bristol Rovers,Newport County,让球主(-0.5),0.65,1.88,0.19555568299116866,,,,win,1.88,0.8799999999999999,无效(snap<0赛后盘),scan24h对账,1,纯数据无伤病情报;平局预警-强(市场去水平局>=30%);模型与市场分歧>20pp(模型87% vs 市场52%)->否决,,,,,2026-08-22T19:30:00+08:00,,-1.1,,;2026-08-26审计:赛后盘作废,2026-08-22T22:18:21.938267+08:00,,,,,,,
2026-08-22,英乙,Bristol Rovers vs Newport County,Bristol Rovers,Newport County,让球客(+0.5),0.1281,2.04,-0.7444,,,,lose,0.0,-1.0,无效(snap<0赛后盘),scan24h对账,1,纯数据无伤病情报;平局预警-强(市场去水平局>=30%);模型与市场分歧>20pp(模型87% vs 市场52%)->否决,,,,,2026-08-22T19:30:00+08:00,,-1.1,,;2026-08-26审计:赛后盘作废,2026-08-22T22:18:21.938267+08:00,,,,,,,
2026-08-22,英乙,Bristol Rovers vs Newport County,Bristol Rovers,Newport County,小2.50,0.315,1.98,-0.4001,,,,lose,0.0,-1.0,无效(snap<0赛后盘),scan24h对账,1,纯数据无伤病情报;平局预警-强(市场去水平局>=30%);模型与市场分歧>20pp(模型87% vs 市场52%)->否决,,,,,2026-08-22T19:30:00+08:00,,-1.1,,;2026-08-26审计:赛后盘作废,2026-08-22T22:18:21.938267+08:00,,,,,,,
2026-08-22,英乙,Bristol Rovers vs Newport County,Bristol Rovers,Newport County,大2.50,0.65,1.87,0.16886131386861303,,,,win,1.87,0.8700000000000001,无效(snap<0赛后盘),scan24h对账,1,纯数据无伤病情报;平局预警-强(市场去水平局>=30%);模型与市场分歧>20pp(模型87% vs 市场52%)->否决,,,,,2026-08-22T19:30:00+08:00,,-1.1,,;2026-08-26审计:赛后盘作废,2026-08-22T22:18:21.938267+08:00,,,,,,,
2026-08-22,英乙,Bristol Rovers vs Newport County,Bristol Rovers,Newport County,1X2主胜,0.65,1.96,0.2626863817097418,,,,win,1.96,0.96,无效(snap<0赛后盘),scan24h对账,1,纯数据无伤病情报;平局预警-强(市场去水平局>=30%);模型与市场分歧>20pp(模型87% vs 市场52%)->否决,,,,,2026-08-22T19:30:00+08:00,,-1.1,,;2026-08-26审计:赛后盘作废,2026-08-22T22:18:21.938267+08:00,,,,,,,
2026-08-22,英乙,Bristol Rovers vs Newport County,Bristol Rovers,Newport County,1X2平局,0.137,2.92,-0.6034,,,,lose,0.0,-1.0,无效(snap<0赛后盘),scan24h对账,1,纯数据无伤病情报;平局预警-强(市场去水平局>=30%);模型与市场分歧>20pp(模型87% vs 市场52%)->否决,,,,,2026-08-22T19:30:00+08:00,,-1.1,,;2026-08-26审计:赛后盘作废,2026-08-22T22:18:21.938267+08:00,,,,,,,
2026-08-22,英乙,Bristol Rovers vs Newport County,Bristol Rovers,Newport County,1X2客胜,0.0582,6.4,-0.6308,,,,lose,0.0,-1.0,无效(snap<0赛后盘),scan24h对账,1,纯数据无伤病情报;平局预警-强(市场去水平局>=30%);模型与市场分歧>20pp(模型87% vs 市场52%)->否决,,,,,2026-08-22T19:30:00+08:00,,-1.1,,;2026-08-26审计:赛后盘作废,2026-08-22T22:18:21.938267+08:00,,,,,,,
2026-08-22,英冠,Millwall vs Norwich City,Millwall,Norwich City,让球主(-0.2),0.2712,2.0,-0.4644,,,,win,2.0,1.0,无效(snap<0赛后盘),scan24h对账,1,纯数据无伤病情报;伤停>2人(主4/客2);模型与市场分歧>20pp(模型73% vs 市场51%)->否决,,,,,2026-08-22T19:30:00+08:00,,-1.2,,;2026-08-26审计:赛后盘作废,2026-08-22T22:18:21.938267+08:00,,,,,,,
2026-08-22,英冠,Millwall vs Norwich City,Millwall,Norwich City,让球客(+0.2),0.65,1.95,0.2513927003293086,,,,lose,0.0,-1.0,无效(snap<0赛后盘),scan24h对账,1,纯数据无伤病情报;伤停>2人(主4/客2);模型与市场分歧>20pp(模型73% vs 市场51%)->否决,,,,,2026-08-22T19:30:00+08:00,,-1.2,,;2026-08-26审计:赛后盘作废,2026-08-22T22:18:21.938267+08:00,,,,,,,
2026-08-22,英冠,Millwall vs Norwich City,Millwall,Norwich City,小2.50,0.65,1.74,0.12452248458414794,,,,lose,0.0,-1.0,无效(snap<0赛后盘),scan24h对账,1,纯数据无伤病情报;伤停>2人(主4/客2);模型与市场分歧>20pp(模型73% vs 市场51%)->否决,,,,,2026-08-22T19:30:00+08:00,,-1.2,,;2026-08-26审计:赛后盘作废,2026-08-22T22:18:21.938267+08:00,,,,,,,
2026-08-22,英冠,Millwall vs Norwich City,Millwall,Norwich City,大2.50,0.3351,2.32,-0.227,,,,win,2.32,1.3199999999999998,无效(snap<0赛后盘),scan24h对账,1,纯数据无伤病情报;伤停>2人(主4/客2);模型与市场分歧>20pp(模型73% vs 市场51%)->否决,,,,,2026-08-22T19:30:00+08:00,,-1.2,,;2026-08-26审计:赛后盘作废,2026-08-22T22:18:21.938267+08:00,,,,,,,
2026-08-22,英冠,Millwall vs Norwich City,Millwall,Norwich City,1X2主胜,0.2834,1.44,-0.5954,,,,win,1.44,0.43999999999999995,无效(snap<0赛后盘),scan24h对账,1,纯数据无伤病情报;伤停>2人(主4/客2);模型与市场分歧>20pp(模型73% vs 市场51%)->否决,,,,,2026-08-22T19:30:00+08:00,,-1.2,,;2026-08-26审计:赛后盘作废,2026-08-22T22:18:21.938267+08:00,,,,,,,
2026-08-22,英冠,Millwall vs Norwich City,Millwall,Norwich City,1X2平局,0.3184,4.4,0.3889,,,,lose,0.0,-1.0,无效(snap<0赛后盘),scan24h对账,1,纯数据无伤病情报;伤停>2人(主4/客2);模型与市场分歧>20pp(模型73% vs 市场51%)->否决,,,,,2026-08-22T19:30:00+08:00,,-1.2,,;2026-08-26审计:赛后盘作废,2026-08-22T22:18:21.938267+08:00,,,,,,,
2026-08-22,英冠,Millwall vs Norwich City,Millwall,Norwich City,1X2客胜,0.3982,11.5,3.5403,,,,lose,0.0,-1.0,无效(snap<0赛后盘),scan24h对账,1,纯数据无伤病情报;伤停>2人(主4/客2);模型与市场分歧>20pp(模型73% vs 市场51%)->否决,,,,,2026-08-22T19:30:00+08:00,,-1.2,,;2026-08-26审计:赛后盘作废,2026-08-22T22:18:21.938267+08:00,,,,,,,
2026-08-22,英冠,Lincoln City vs Portsmouth,Lincoln City,Portsmouth,让球主(-0.2),0.6158,1.96,0.1737,1,标准,,lose,0.0,-1.0,无效(snap<0赛后盘),scan24h对账,0,纯数据无伤病情报;伤停>2人(主0/客7);平局预警(市场去水平局>=26%),,,,,2026-08-22T19:30:00+08:00,,-2.1,,;2026-08-26审计:赛后盘作废,2026-08-22T22:18:21.938267+08:00,,,,,,,
2026-08-22,英冠,Lincoln City vs Portsmouth,Lincoln City,Portsmouth,让球客(+0.2),0.3842,1.93,-0.2789,,,,win,1.93,0.9299999999999999,无效(snap<0赛后盘),scan24h对账,0,纯数据无伤病情报;伤停>2人(主0/客7);平局预警(市场去水平局>=26%),,,,,2026-08-22T19:30:00+08:00,,-2.1,,;2026-08-26审计:赛后盘作废,2026-08-22T22:18:21.938267+08:00,,,,,,,
2026-08-22,英冠,Lincoln City vs Portsmouth,Lincoln City,Portsmouth,小2.50,0.4706,1.88,-0.1303,,,,lose,0.0,-1.0,无效(snap<0赛后盘),scan24h对账,0,纯数据无伤病情报;伤停>2人(主0/客7);平局预警(市场去水平局>=26%),,,,,2026-08-22T19:30:00+08:00,,-2.1,,;2026-08-26审计:赛后盘作废,2026-08-22T22:18:21.938267+08:00,,,,,,,
2026-08-22,英冠,Lincoln City vs Portsmouth,Lincoln City,Portsmouth,大2.50,0.5294,2.06,0.0719,,,,win,2.06,1.06,无效(snap<0赛后盘),scan24h对账,0,纯数据无伤病情报;伤停>2人(主0/客7);平局预警(市场去水平局>=26%),,,,,2026-08-22T19:30:00+08:00,,-2.1,,;2026-08-26审计:赛后盘作废,2026-08-22T22:18:21.938267+08:00,,,,,,,
2026-08-22,英冠,Lincoln City vs Portsmouth,Lincoln City,Portsmouth,1X2主胜,0.56,8.2,3.583,,,,lose,0.0,-1.0,无效(snap<0赛后盘),scan24h对账,0,纯数据无伤病情报;伤停>2人(主0/客7);平局预警(市场去水平局>=26%),,,,,2026-08-22T19:30:00+08:00,,-2.1,,;2026-08-26审计:赛后盘作废,2026-08-22T22:18:21.938267+08:00,,,,,,,
2026-08-22,英冠,Lincoln City vs Portsmouth,Lincoln City,Portsmouth,1X2平局,0.2507,3.7,-0.0741,,,,lose,0.0,-1.0,无效(snap<0赛后盘),scan24h对账,0,纯数据无伤病情报;伤停>2人(主0/客7);平局预警(市场去水平局>=26%),,,,,2026-08-22T19:30:00+08:00,,-2.1,,;2026-08-26审计:赛后盘作废,2026-08-22T22:18:21.938267+08:00,,,,,,,
2026-08-22,英冠,Lincoln City vs Portsmouth,Lincoln City,Portsmouth,1X2客胜,0.1892,1.64,-0.6902,,,,win,1.64,0.6399999999999999,无效(snap<0赛后盘),scan24h对账,0,纯数据无伤病情报;伤停>2人(主0/客7);平局预警(市场去水平局>=26%),,,,,2026-08-22T19:30:00+08:00,,-2.1,,;2026-08-26审计:赛后盘作废,2026-08-22T22:18:21.938267+08:00,,,,,,,
2026-08-22,英冠,Birmingham City vs Bristol City,Birmingham City,Bristol City,让球主(-0.8),0.5109,2.02,0.005,,,,lose,0.0,-1.0,无效(snap<0赛后盘),scan24h对账,1,纯数据无伤病情报;平局预警-强(市场去水平局>=30%);模型与市场分歧>20pp(模型64% vs 市场30%)->否决,,,,,2026-08-22T19:30:00+08:00,,-1.2,,;2026-08-26审计:赛后盘作废,2026-08-22T22:18:21.938267+08:00,,,,,,,
2026-08-22,英冠,Birmingham City vs Bristol City,Birmingham City,Bristol City,让球客(+0.8),0.4891,1.88,-0.1047,,,,win,1.88,0.8799999999999999,无效(snap<0赛后盘),scan24h对账,1,纯数据无伤病情报;平局预警-强(市场去水平局>=30%);模型与市场分歧>20pp(模型64% vs 市场30%)->否决,,,,,2026-08-22T19:30:00+08:00,,-1.2,,;2026-08-26审计:赛后盘作废,2026-08-22T22:18:21.938267+08:00,,,,,,,
2026-08-22,英冠,Birmingham City vs Bristol City,Birmingham City,Bristol City,小2.50,0.645,3.35,1.1441,,,,lose,0.0,-1.0,无效(snap<0赛后盘),scan24h对账,1,纯数据无伤病情报;平局预警-强(市场去水平局>=30%);模型与市场分歧>20pp(模型64% vs 市场30%)->否决,,,,,2026-08-22T19:30:00+08:00,,-1.2,,;2026-08-26审计:赛后盘作废,2026-08-22T22:18:21.938267+08:00,,,,,,,
2026-08-22,英冠,Birmingham City vs Bristol City,Birmingham City,Bristol City,大2.50,0.355,1.41,-0.5032,,,,win,1.41,0.4099999999999999,无效(snap<0赛后盘),scan24h对账,1,纯数据无伤病情报;平局预警-强(市场去水平局>=30%);模型与市场分歧>20pp(模型64% vs 市场30%)->否决,,,,,2026-08-22T19:30:00+08:00,,-1.2,,;2026-08-26审计:赛后盘作废,2026-08-22T22:18:21.938267+08:00,,,,,,,
2026-08-22,英冠,Birmingham City vs Bristol City,Birmingham City,Bristol City,1X2主胜,0.4749,2.52,0.1847,,,,lose,0.0,-1.0,无效(snap<0赛后盘),scan24h对账,1,纯数据无伤病情报;平局预警-强(市场去水平局>=30%);模型与市场分歧>20pp(模型64% vs 市场30%)->否决,,,,,2026-08-22T19:30:00+08:00,,-1.2,,;2026-08-26审计:赛后盘作废,2026-08-22T22:18:21.938267+08:00,,,,,,,
2026-08-22,英冠,Birmingham City vs Bristol City,Birmingham City,Bristol City,1X2平局,0.3029,2.42,-0.2744,,,,win,2.42,1.42,无效(snap<0赛后盘),scan24h对账,1,纯数据无伤病情报;平局预警-强(市场去水平局>=30%);模型与市场分歧>20pp(模型64% vs 市场30%)->否决,,,,,2026-08-22T19:30:00+08:00,,-1.2,,;2026-08-26审计:赛后盘作废,2026-08-22T22:18:21.938267+08:00,,,,,,,
2026-08-22,英冠,Birmingham City vs Bristol City,Birmingham City,Bristol City,1X2客胜,0.2223,5.0,0.1004,,,,lose,0.0,-1.0,无效(snap<0赛后盘),scan24h对账,1,纯数据无伤病情报;平局预警-强(市场去水平局>=30%);模型与市场分歧>20pp(模型64% vs 市场30%)->否决,,,,,2026-08-22T19:30:00+08:00,,-1.2,,;2026-08-26审计:赛后盘作废,2026-08-22T22:18:21.938267+08:00,,,,,,,
2026-08-22,英超,Hull City vs Manchester United,Hull City,Manchester United,让球主(+1.5),0.65,1.91,0.236132031066133,,,,win,1.91,0.9099999999999999,无效(snap<0赛后盘),scan24h对账,1,纯数据无伤病情报;伤停>2人(主8/客3);模型与市场分歧>20pp(模型85% vs 市场52%)->否决,,,,,2026-08-22T19:30:00+08:00,,-1.2,,;2026-08-26审计:赛后盘作废,2026-08-22T22:18:21.938267+08:00,,,,,,,
2026-08-22,英超,Hull City vs Manchester United,Hull City,Manchester United,让球客(-1.5),0.1502,2.08,-0.6889,,,,lose,0.0,-1.0,无效(snap<0赛后盘),scan24h对账,1,纯数据无伤病情报;伤停>2人(主8/客3);模型与市场分歧>20pp(模型85% vs 市场52%)->否决,,,,,2026-08-22T19:30:00+08:00,,-1.2,,;2026-08-26审计:赛后盘作废,2026-08-22T22:18:21.938267+08:00,,,,,,,
2026-08-22,英超,Hull City vs Manchester United,Hull City,Manchester United,小2.50,0.6493,2.32,0.4928,,,,win,2.32,1.3199999999999998,无效(snap<0赛后盘),scan24h对账,1,纯数据无伤病情报;伤停>2人(主8/客3);模型与市场分歧>20pp(模型85% vs 市场52%)->否决,,,,,2026-08-22T19:30:00+08:00,,-1.2,,;2026-08-26审计:赛后盘作废,2026-08-22T22:18:21.938267+08:00,,,,,,,
2026-08-22,英超,Hull City vs Manchester United,Hull City,Manchester United,大2.50,0.3507,1.73,-0.3987,,,,lose,0.0,-1.0,无效(snap<0赛后盘),scan24h对账,1,纯数据无伤病情报;伤停>2人(主8/客3);模型与市场分歧>20pp(模型85% vs 市场52%)->否决,,,,,2026-08-22T19:30:00+08:00,,-1.2,,;2026-08-26审计:赛后盘作废,2026-08-22T22:18:21.938267+08:00,,,,,,,
2026-08-22,英超,Hull City vs Manchester United,Hull City,Manchester United,1X2主胜,0.3296,9.8,2.2184,,,,win,9.8,8.8,无效(snap<0赛后盘),scan24h对账,1,纯数据无伤病情报;伤停>2人(主8/客3);模型与市场分歧>20pp(模型85% vs 市场52%)->否决,,,,,2026-08-22T19:30:00+08:00,,-1.2,,;2026-08-26审计:赛后盘作废,2026-08-22T22:18:21.938267+08:00,,,,,,,
2026-08-22,英超,Hull City vs Manchester United,Hull City,Manchester United,1X2平局,0.3058,5.2,0.5847,,,,lose,0.0,-1.0,无效(snap<0赛后盘),scan24h对账,1,纯数据无伤病情报;伤停>2人(主8/客3);模型与市场分歧>20pp(模型85% vs 市场52%)->否决,,,,,2026-08-22T19:30:00+08:00,,-1.2,,;2026-08-26审计:赛后盘作废,2026-08-22T22:18:21.938267+08:00,,,,,,,
2026-08-22,英超,Hull City vs Manchester United,Hull City,Manchester United,1X2客胜,0.3646,1.41,-0.4878,,,,lose,0.0,-1.0,无效(snap<0赛后盘),scan24h对账,1,纯数据无伤病情报;伤停>2人(主8/客3);模型与市场分歧>20pp(模型85% vs 市场52%)->否决,,,,,2026-08-22T19:30:00+08:00,,-1.2,,;2026-08-26审计:赛后盘作废,2026-08-22T22:18:21.938267+08:00,,,,,,,
2026-08-22,中超,Shenzhen Peng City vs Zhejiang,Shenzhen Peng City,Zhejiang,让球主(+0.0),0.65,1.81,0.13613515958134115,,,,push,1.0,0.0,已结算,scan24h对账,1,纯数据无伤病情报;联赛基准偏差(λ已平移);盘口过期(距开赛18h>阈值12h)->否决,,,,,2026-08-22T19:35:00+08:00,,18.0,,,2026-08-22T22:18:21.938267+08:00,,,,,,,
2026-08-22,中超,Shenzhen Peng City vs Zhejiang,Shenzhen Peng City,Zhejiang,让球客(-0.0),0.2261,2.07,-0.5481,,,,push,1.0,0.0,已结算,scan24h对账,1,纯数据无伤病情报;联赛基准偏差(λ已平移);盘口过期(距开赛18h>阈值12h)->否决,,,,,2026-08-22T19:35:00+08:00,,18.0,,,2026-08-22T22:18:21.938267+08:00,,,,,,,
2026-08-22,中超,Shenzhen Peng City vs Zhejiang,Shenzhen Peng City,Zhejiang,小2.50,0.2779,2.4,-0.3768,,,,win,2.4,1.4,已结算,scan24h对账,1,纯数据无伤病情报;联赛基准偏差(λ已平移);盘口过期(距开赛18h>阈值12h)->否决,,,,,2026-08-22T19:35:00+08:00,,18.0,,,2026-08-22T22:18:21.938267+08:00,,,,,,,
2026-08-22,中超,Shenzhen Peng City vs Zhejiang,Shenzhen Peng City,Zhejiang,大2.50,0.65,1.53,-0.07077274615704199,,,,lose,0.0,-1.0,已结算,scan24h对账,1,纯数据无伤病情报;联赛基准偏差(λ已平移);盘口过期(距开赛18h>阈值12h)->否决,,,,,2026-08-22T19:35:00+08:00,,18.0,,,2026-08-22T22:18:21.938267+08:00,,,,,,,
2026-08-22,中超,Shenzhen Peng City vs Zhejiang,Shenzhen Peng City,Zhejiang,1X2主胜,0.6214,2.48,0.5095,,,,lose,0.0,-1.0,已结算,scan24h对账,1,纯数据无伤病情报;联赛基准偏差(λ已平移);盘口过期(距开赛18h>阈值12h)->否决,,,,,2026-08-22T19:35:00+08:00,,18.0,,,2026-08-22T22:18:21.938267+08:00,,,,,,,
2026-08-22,中超,Shenzhen Peng City vs Zhejiang,Shenzhen Peng City,Zhejiang,1X2平局,0.2044,3.8,-0.2393,,,,win,3.8,2.8,已结算,scan24h对账,1,纯数据无伤病情报;联赛基准偏差(λ已平移);盘口过期(距开赛18h>阈值12h)->否决,,,,,2026-08-22T19:35:00+08:00,,18.0,,,2026-08-22T22:18:21.938267+08:00,,,,,,,
2026-08-22,中超,Shenzhen Peng City vs Zhejiang,Shenzhen Peng City,Zhejiang,1X2客胜,0.1742,2.82,-0.5189,,,,lose,0.0,-1.0,已结算,scan24h对账,1,纯数据无伤病情报;联赛基准偏差(λ已平移);盘口过期(距开赛18h>阈值12h)->否决,,,,,2026-08-22T19:35:00+08:00,,18.0,,,2026-08-22T22:18:21.938267+08:00,,,,,,,
2026-08-22,中超,Chengdu Rongcheng vs Shanghai Shenhua,Chengdu Rongcheng,Shanghai Shenhua,让球主(-0.5),0.5935,1.91,0.0882,,,,lose,0.0,-1.0,已结算,scan24h对账,1,纯数据无伤病情报;联赛基准偏差(λ已平移);盘口过期(距开赛18h>阈值12h)->否决,,,,,2026-08-22T19:35:00+08:00,,18.0,,,2026-08-22T22:18:21.938267+08:00,,,,,,,
2026-08-22,中超,Chengdu Rongcheng vs Shanghai Shenhua,Chengdu Rongcheng,Shanghai Shenhua,让球客(+0.5),0.4065,1.93,-0.2469,,,,win,1.93,0.9299999999999999,已结算,scan24h对账,1,纯数据无伤病情报;联赛基准偏差(λ已平移);盘口过期(距开赛18h>阈值12h)->否决,,,,,2026-08-22T19:35:00+08:00,,18.0,,,2026-08-22T22:18:21.938267+08:00,,,,,,,
2026-08-22,中超,Chengdu Rongcheng vs Shanghai Shenhua,Chengdu Rongcheng,Shanghai Shenhua,小2.50,0.4533,2.8,0.1847,,,,lose,0.0,-1.0,已结算,scan24h对账,1,纯数据无伤病情报;联赛基准偏差(λ已平移);盘口过期(距开赛18h>阈值12h)->否决,,,,,2026-08-22T19:35:00+08:00,,18.0,,,2026-08-22T22:18:21.938267+08:00,,,,,,,
2026-08-22,中超,Chengdu Rongcheng vs Shanghai Shenhua,Chengdu Rongcheng,Shanghai Shenhua,大2.50,0.5467,1.4,-0.2857,,,,win,1.4,0.3999999999999999,已结算,scan24h对账,1,纯数据无伤病情报;联赛基准偏差(λ已平移);盘口过期(距开赛18h>阈值12h)->否决,,,,,2026-08-22T19:35:00+08:00,,18.0,,,2026-08-22T22:18:21.938267+08:00,,,,,,,
2026-08-22,中超,Chengdu Rongcheng vs Shanghai Shenhua,Chengdu Rongcheng,Shanghai Shenhua,1X2主胜,0.5412,1.85,-0.0224,,,,lose,0.0,-1.0,已结算,scan24h对账,1,纯数据无伤病情报;联赛基准偏差(λ已平移);盘口过期(距开赛18h>阈值12h)->否决,,,,,2026-08-22T19:35:00+08:00,,18.0,,,2026-08-22T22:18:21.938267+08:00,,,,,,,
2026-08-22,中超,Chengdu Rongcheng vs Shanghai Shenhua,Chengdu Rongcheng,Shanghai Shenhua,1X2平局,0.251,4.4,0.0783,,,,lose,0.0,-1.0,已结算,scan24h对账,1,纯数据无伤病情报;联赛基准偏差(λ已平移);盘口过期(距开赛18h>阈值12h)->否决,,,,,2026-08-22T19:35:00+08:00,,18.0,,,2026-08-22T22:18:21.938267+08:00,,,,,,,
2026-08-22,中超,Chengdu Rongcheng vs Shanghai Shenhua,Chengdu Rongcheng,Shanghai Shenhua,1X2客胜,0.2078,3.9,-0.2089,,,,win,3.9,2.9,已结算,scan24h对账,1,纯数据无伤病情报;联赛基准偏差(λ已平移);盘口过期(距开赛18h>阈值12h)->否决,,,,,2026-08-22T19:35:00+08:00,,18.0,,,2026-08-22T22:18:21.938267+08:00,,,,,,,
2026-08-22,法乙,Nantes vs Rodez AF,Nantes,Rodez AF,让球主(-1.5),0.215,1.93,-0.5975,,,,lose,0.0,-1.0,无效(snap<0赛后盘),scan24h对账,1,纯数据无伤病情报;伤停>2人(主4/客0);模型与市场分歧>20pp(模型78% vs 市场50%)->否决,,,,,2026-08-22T20:00:00+08:00,,-0.7,,;2026-08-26审计:赛后盘作废,2026-08-22T22:18:21.938267+08:00,,,,,,,
2026-08-22,法乙,Nantes vs Rodez AF,Nantes,Rodez AF,让球客(+1.5),0.65,1.95,0.22945222929936304,,,,win,1.95,0.95,无效(snap<0赛后盘),scan24h对账,1,纯数据无伤病情报;伤停>2人(主4/客0);模型与市场分歧>20pp(模型78% vs 市场50%)->否决,,,,,2026-08-22T20:00:00+08:00,,-0.7,,;2026-08-26审计:赛后盘作废,2026-08-22T22:18:21.938267+08:00,,,,,,,
2026-08-22,法乙,Nantes vs Rodez AF,Nantes,Rodez AF,小2.50,0.3963,1.96,-0.2526,,,,lose,0.0,-1.0,无效(snap<0赛后盘),scan24h对账,1,纯数据无伤病情报;伤停>2人(主4/客0);模型与市场分歧>20pp(模型78% vs 市场50%)->否决,,,,,2026-08-22T20:00:00+08:00,,-0.7,,;2026-08-26审计:赛后盘作废,2026-08-22T22:18:21.938267+08:00,,,,,,,
2026-08-22,法乙,Nantes vs Rodez AF,Nantes,Rodez AF,大2.50,0.6037,1.89,0.0978,,,,win,1.89,0.8899999999999999,无效(snap<0赛后盘),scan24h对账,1,纯数据无伤病情报;伤停>2人(主4/客0);模型与市场分歧>20pp(模型78% vs 市场50%)->否决,,,,,2026-08-22T20:00:00+08:00,,-0.7,,;2026-08-26审计:赛后盘作废,2026-08-22T22:18:21.938267+08:00,,,,,,,
2026-08-22,法乙,Nantes vs Rodez AF,Nantes,Rodez AF,1X2主胜,0.3991,1.22,-0.5193,,,,lose,0.0,-1.0,无效(snap<0赛后盘),scan24h对账,1,纯数据无伤病情报;伤停>2人(主4/客0);模型与市场分歧>20pp(模型78% vs 市场50%)->否决,,,,,2026-08-22T20:00:00+08:00,,-0.7,,;2026-08-26审计:赛后盘作废,2026-08-22T22:18:21.938267+08:00,,,,,,,
2026-08-22,法乙,Nantes vs Rodez AF,Nantes,Rodez AF,1X2平局,0.2616,6.6,0.7047,,,,lose,0.0,-1.0,无效(snap<0赛后盘),scan24h对账,1,纯数据无伤病情报;伤停>2人(主4/客0);模型与市场分歧>20pp(模型78% vs 市场50%)->否决,,,,,2026-08-22T20:00:00+08:00,,-0.7,,;2026-08-26审计:赛后盘作废,2026-08-22T22:18:21.938267+08:00,,,,,,,
2026-08-22,法乙,Nantes vs Rodez AF,Nantes,Rodez AF,1X2客胜,0.3393,24.0,7.0391,,,,win,24.0,23.0,无效(snap<0赛后盘),scan24h对账,1,纯数据无伤病情报;伤停>2人(主4/客0);模型与市场分歧>20pp(模型78% vs 市场50%)->否决,,,,,2026-08-22T20:00:00+08:00,,-0.7,,;2026-08-26审计:赛后盘作废,2026-08-22T22:18:21.938267+08:00,,,,,,,
2026-08-22,法乙,Metz vs Stade Lavallois,Metz,Stade Lavallois,让球主(-0.5),0.517,1.93,-0.0346,,,,lose,0.0,-1.0,无效(snap<0赛后盘),scan24h对账,0,纯数据无伤病情报;平局预警-强(市场去水平局>=30%),,,,,2026-08-22T20:00:00+08:00,,-0.7,,;2026-08-26审计:赛后盘作废,2026-08-22T22:18:21.938267+08:00,,,,,,,
2026-08-22,法乙,Metz vs Stade Lavallois,Metz,Stade Lavallois,让球客(+0.5),0.483,1.94,-0.0935,,,,win,1.94,0.94,无效(snap<0赛后盘),scan24h对账,0,纯数据无伤病情报;平局预警-强(市场去水平局>=30%),,,,,2026-08-22T20:00:00+08:00,,-0.7,,;2026-08-26审计:赛后盘作废,2026-08-22T22:18:21.938267+08:00,,,,,,,
2026-08-22,法乙,Metz vs Stade Lavallois,Metz,Stade Lavallois,小2.50,0.5774,1.88,0.0468,,,,win,1.88,0.8799999999999999,无效(snap<0赛后盘),scan24h对账,0,纯数据无伤病情报;平局预警-强(市场去水平局>=30%),,,,,2026-08-22T20:00:00+08:00,,-0.7,,;2026-08-26审计:赛后盘作废,2026-08-22T22:18:21.938267+08:00,,,,,,,
2026-08-22,法乙,Metz vs Stade Lavallois,Metz,Stade Lavallois,大2.50,0.4226,1.98,-0.193,,,,lose,0.0,-1.0,无效(snap<0赛后盘),scan24h对账,0,纯数据无伤病情报;平局预警-强(市场去水平局>=30%),,,,,2026-08-22T20:00:00+08:00,,-0.7,,;2026-08-26审计:赛后盘作废,2026-08-22T22:18:21.938267+08:00,,,,,,,
2026-08-22,法乙,Metz vs Stade Lavallois,Metz,Stade Lavallois,1X2主胜,0.4793,2.06,-0.0235,,,,lose,0.0,-1.0,无效(snap<0赛后盘),scan24h对账,0,纯数据无伤病情报;平局预警-强(市场去水平局>=30%),,,,,2026-08-22T20:00:00+08:00,,-0.7,,;2026-08-26审计:赛后盘作废,2026-08-22T22:18:21.938267+08:00,,,,,,,
2026-08-22,法乙,Metz vs Stade Lavallois,Metz,Stade Lavallois,1X2平局,0.2858,3.0,-0.1521,,,,win,3.0,2.0,无效(snap<0赛后盘),scan24h对账,0,纯数据无伤病情报;平局预警-强(市场去水平局>=30%),,,,,2026-08-22T20:00:00+08:00,,-0.7,,;2026-08-26审计:赛后盘作废,2026-08-22T22:18:21.938267+08:00,,,,,,,
2026-08-22,法乙,Metz vs Stade Lavallois,Metz,Stade Lavallois,1X2客胜,0.235,5.2,0.2084,,,,lose,0.0,-1.0,无效(snap<0赛后盘),scan24h对账,0,纯数据无伤病情报;平局预警-强(市场去水平局>=30%),,,,,2026-08-22T20:00:00+08:00,,-0.7,,;2026-08-26审计:赛后盘作废,2026-08-22T22:18:21.938267+08:00,,,,,,,
2026-08-22,中超,Qingdao West Coast vs Shandong Taishan,Qingdao West Coast,Shandong Taishan,让球主(+0.0),0.65,1.88,0.1726962457337886,,,,win,1.88,0.8799999999999999,已结算,scan24h对账,1,纯数据无伤病情报;联赛基准偏差(λ已平移);平局预警(市场去水平局>=26%);盘口过期(距开赛18h>阈值12h)->否决,,,,,2026-08-22T20:00:00+08:00,,18.4,,,2026-08-22T22:18:21.938267+08:00,,,,,,,
2026-08-22,中超,Qingdao West Coast vs Shandong Taishan,Qingdao West Coast,Shandong Taishan,让球客(-0.0),0.2382,1.96,-0.5521,,,,lose,0.0,-1.0,已结算,scan24h对账,1,纯数据无伤病情报;联赛基准偏差(λ已平移);平局预警(市场去水平局>=26%);盘口过期(距开赛18h>阈值12h)->否决,,,,,2026-08-22T20:00:00+08:00,,18.4,,,2026-08-22T22:18:21.938267+08:00,,,,,,,
2026-08-22,中超,Qingdao West Coast vs Shandong Taishan,Qingdao West Coast,Shandong Taishan,小2.50,0.6317,2.28,0.3932,,,,win,2.28,1.2799999999999998,已结算,scan24h对账,1,纯数据无伤病情报;联赛基准偏差(λ已平移);平局预警(市场去水平局>=26%);盘口过期(距开赛18h>阈值12h)->否决,,,,,2026-08-22T20:00:00+08:00,,18.4,,,2026-08-22T22:18:21.938267+08:00,,,,,,,
2026-08-22,中超,Qingdao West Coast vs Shandong Taishan,Qingdao West Coast,Shandong Taishan,大2.50,0.3683,1.68,-0.4016,,,,lose,0.0,-1.0,已结算,scan24h对账,1,纯数据无伤病情报;联赛基准偏差(λ已平移);平局预警(市场去水平局>=26%);盘口过期(距开赛18h>阈值12h)->否决,,,,,2026-08-22T20:00:00+08:00,,18.4,,,2026-08-22T22:18:21.938267+08:00,,,,,,,
2026-08-22,中超,Qingdao West Coast vs Shandong Taishan,Qingdao West Coast,Shandong Taishan,1X2主胜,0.581,2.58,0.4603,,,,win,2.58,1.58,已结算,scan24h对账,1,纯数据无伤病情报;联赛基准偏差(λ已平移);平局预警(市场去水平局>=26%);盘口过期(距开赛18h>阈值12h)->否决,,,,,2026-08-22T20:00:00+08:00,,18.4,,,2026-08-22T22:18:21.938267+08:00,,,,,,,
2026-08-22,中超,Qingdao West Coast vs Shandong Taishan,Qingdao West Coast,Shandong Taishan,1X2平局,0.2718,3.65,-0.0334,,,,lose,0.0,-1.0,已结算,scan24h对账,1,纯数据无伤病情报;联赛基准偏差(λ已平移);平局预警(市场去水平局>=26%);盘口过期(距开赛18h>阈值12h)->否决,,,,,2026-08-22T20:00:00+08:00,,18.4,,,2026-08-22T22:18:21.938267+08:00,,,,,,,
2026-08-22,中超,Qingdao West Coast vs Shandong Taishan,Qingdao West Coast,Shandong Taishan,1X2客胜,0.1471,2.74,-0.6073,,,,lose,0.0,-1.0,已结算,scan24h对账,1,纯数据无伤病情报;联赛基准偏差(λ已平移);平局预警(市场去水平局>=26%);盘口过期(距开赛18h>阈值12h)->否决,,,,,2026-08-22T20:00:00+08:00,,18.4,,,2026-08-22T22:18:21.938267+08:00,,,,,,,
2026-08-22,中超,Beijing Guoan vs Yunnan Yukun,Beijing Guoan,Yunnan Yukun,让球主(-1.2),0.5576,1.98,0.0676,,,,lose,0.0,-1.0,已结算,scan24h对账,1,纯数据无伤病情报;λ过高(4.32);联赛基准偏差(λ已平移);盘口过期(距开赛18h>阈值12h)->否决,,,,,2026-08-22T20:00:00+08:00,,18.4,,,2026-08-22T22:18:21.938267+08:00,,,,,,,
2026-08-22,中超,Beijing Guoan vs Yunnan Yukun,Beijing Guoan,Yunnan Yukun,让球客(+1.2),0.4424,1.89,-0.1915,,,,win,1.89,0.8899999999999999,已结算,scan24h对账,1,纯数据无伤病情报;λ过高(4.32);联赛基准偏差(λ已平移);盘口过期(距开赛18h>阈值12h)->否决,,,,,2026-08-22T20:00:00+08:00,,18.4,,,2026-08-22T22:18:21.938267+08:00,,,,,,,
2026-08-22,中超,Beijing Guoan vs Yunnan Yukun,Beijing Guoan,Yunnan Yukun,小2.50,0.196,3.35,-0.3919,,,,lose,0.0,-1.0,已结算,scan24h对账,1,纯数据无伤病情报;λ过高(4.32);联赛基准偏差(λ已平移);盘口过期(距开赛18h>阈值12h)->否决,,,,,2026-08-22T20:00:00+08:00,,18.4,,,2026-08-22T22:18:21.938267+08:00,,,,,,,
2026-08-22,中超,Beijing Guoan vs Yunnan Yukun,Beijing Guoan,Yunnan Yukun,大2.50,0.65,1.28,-0.2294589552238806,,,,win,1.28,0.28,已结算,scan24h对账,1,纯数据无伤病情报;λ过高(4.32);联赛基准偏差(λ已平移);盘口过期(距开赛18h>阈值12h)->否决,,,,,2026-08-22T20:00:00+08:00,,18.4,,,2026-08-22T22:18:21.938267+08:00,,,,,,,
2026-08-22,中超,Beijing Guoan vs Yunnan Yukun,Beijing Guoan,Yunnan Yukun,1X2主胜,0.65,1.54,-0.018900804289544104,,,,lose,0.0,-1.0,已结算,scan24h对账,1,纯数据无伤病情报;λ过高(4.32);联赛基准偏差(λ已平移);盘口过期(距开赛18h>阈值12h)->否决,,,,,2026-08-22T20:00:00+08:00,,18.4,,,2026-08-22T22:18:21.938267+08:00,,,,,,,
2026-08-22,中超,Beijing Guoan vs Yunnan Yukun,Beijing Guoan,Yunnan Yukun,1X2平局,0.1779,5.2,-0.0933,,,,win,5.2,4.2,已结算,scan24h对账,1,纯数据无伤病情报;λ过高(4.32);联赛基准偏差(λ已平移);盘口过期(距开赛18h>阈值12h)->否决,,,,,2026-08-22T20:00:00+08:00,,18.4,,,2026-08-22T22:18:21.938267+08:00,,,,,,,
2026-08-22,中超,Beijing Guoan vs Yunnan Yukun,Beijing Guoan,Yunnan Yukun,1X2客胜,0.1507,5.6,-0.1726,,,,lose,0.0,-1.0,已结算,scan24h对账,1,纯数据无伤病情报;λ过高(4.32);联赛基准偏差(λ已平移);盘口过期(距开赛18h>阈值12h)->否决,,,,,2026-08-22T20:00:00+08:00,,18.4,,,2026-08-22T22:18:21.938267+08:00,,,,,,,
2026-08-22,瑞超,Örgryte IS vs Halmstads BK,Örgryte IS,Halmstads BK,让球主(-0.5),0.5999,1.97,0.1787,1,标准,,lose,0.0,-1.0,已结算,scan24h对账,0,纯数据无伤病情报;伤停>2人(主5/客0),,,,,2026-08-22T21:00:00+08:00,,0.4,,,2026-08-22T23:58:20.142228+08:00,,,,,,,
2026-08-22,瑞超,Örgryte IS vs Halmstads BK,Örgryte IS,Halmstads BK,让球客(+0.5),0.4001,2.02,-0.194,,,,win,2.02,1.02,已结算,scan24h对账,0,纯数据无伤病情报;伤停>2人(主5/客0),,,,,2026-08-22T21:00:00+08:00,,0.4,,,2026-08-22T23:58:20.142228+08:00,,,,,,,
2026-08-22,瑞超,Örgryte IS vs Halmstads BK,Örgryte IS,Halmstads BK,小2.50,0.4044,2.26,-0.1045,,,,win,2.26,1.2599999999999998,已结算,scan24h对账,0,纯数据无伤病情报;伤停>2人(主5/客0),,,,,2026-08-22T21:00:00+08:00,,0.4,,,2026-08-22T23:58:20.142228+08:00,,,,,,,
2026-08-22,瑞超,Örgryte IS vs Halmstads BK,Örgryte IS,Halmstads BK,大2.50,0.5956,1.73,0.0098,,,,lose,0.0,-1.0,已结算,scan24h对账,0,纯数据无伤病情报;伤停>2人(主5/客0),,,,,2026-08-22T21:00:00+08:00,,0.4,,,2026-08-22T23:58:20.142228+08:00,,,,,,,
2026-08-22,瑞超,Örgryte IS vs Halmstads BK,Örgryte IS,Halmstads BK,1X2主胜,0.5464,1.97,0.0649,,,,lose,0.0,-1.0,已结算,scan24h对账,0,纯数据无伤病情报;伤停>2人(主5/客0),,,,,2026-08-22T21:00:00+08:00,,0.4,,,2026-08-22T23:58:20.142228+08:00,,,,,,,
2026-08-22,瑞超,Örgryte IS vs Halmstads BK,Örgryte IS,Halmstads BK,1X2平局,0.2422,3.95,-0.0536,,,,win,3.95,2.95,已结算,scan24h对账,0,纯数据无伤病情报;伤停>2人(主5/客0),,,,,2026-08-22T21:00:00+08:00,,0.4,,,2026-08-22T23:58:20.142228+08:00,,,,,,,
2026-08-22,瑞超,Örgryte IS vs Halmstads BK,Örgryte IS,Halmstads BK,1X2客胜,0.2114,4.0,-0.1633,,,,lose,0.0,-1.0,已结算,scan24h对账,0,纯数据无伤病情报;伤停>2人(主5/客0),,,,,2026-08-22T21:00:00+08:00,,0.4,,,2026-08-22T23:58:20.142228+08:00,,,,,,,
2026-08-22,英乙,Swindon Town vs Cheltenham Town,Swindon Town,Cheltenham Town,让球主(-0.5),0.65,1.98,0.26110957579107374,,,,win,1.98,0.98,已结算,scan24h对账,1,纯数据无伤病情报;λ过高(4.14);平局预警(市场去水平局>=26%);模型与市场分歧>20pp(模型72% vs 市场49%)->否决,,,,,2026-08-22T22:00:00+08:00,,1.4,,,2026-08-22T23:58:20.142228+08:00,,,,,,,
2026-08-22,英乙,Swindon Town vs Cheltenham Town,Swindon Town,Cheltenham Town,让球客(+0.5),0.2763,1.94,-0.4747,,,,lose,0.0,-1.0,已结算,scan24h对账,1,纯数据无伤病情报;λ过高(4.14);平局预警(市场去水平局>=26%);模型与市场分歧>20pp(模型72% vs 市场49%)->否决,,,,,2026-08-22T22:00:00+08:00,,1.4,,,2026-08-22T23:58:20.142228+08:00,,,,,,,
2026-08-22,英乙,Swindon Town vs Cheltenham Town,Swindon Town,Cheltenham Town,小2.50,0.2194,1.98,-0.571,,,,lose,0.0,-1.0,已结算,scan24h对账,1,纯数据无伤病情报;λ过高(4.14);平局预警(市场去水平局>=26%);模型与市场分歧>20pp(模型72% vs 市场49%)->否决,,,,,2026-08-22T22:00:00+08:00,,1.4,,,2026-08-22T23:58:20.142228+08:00,,,,,,,
2026-08-22,英乙,Swindon Town vs Cheltenham Town,Swindon Town,Cheltenham Town,大2.50,0.65,1.97,0.26452728670253656,,,,win,1.97,0.97,已结算,scan24h对账,1,纯数据无伤病情报;λ过高(4.14);平局预警(市场去水平局>=26%);模型与市场分歧>20pp(模型72% vs 市场49%)->否决,,,,,2026-08-22T22:00:00+08:00,,1.4,,,2026-08-22T23:58:20.142228+08:00,,,,,,,
2026-08-22,英乙,Swindon Town vs Cheltenham Town,Swindon Town,Cheltenham Town,1X2主胜,0.65,2.0,0.28676110260336896,,,,win,2.0,1.0,已结算,scan24h对账,1,纯数据无伤病情报;λ过高(4.14);平局预警(市场去水平局>=26%);模型与市场分歧>20pp(模型72% vs 市场49%)->否决,,,,,2026-08-22T22:00:00+08:00,,1.4,,,2026-08-22T23:58:20.142228+08:00,,,,,,,
2026-08-22,英乙,Swindon Town vs Cheltenham Town,Swindon Town,Cheltenham Town,1X2平局,0.1869,3.6,-0.3341,,,,lose,0.0,-1.0,已结算,scan24h对账,1,纯数据无伤病情报;λ过高(4.14);平局预警(市场去水平局>=26%);模型与市场分歧>20pp(模型72% vs 市场49%)->否决,,,,,2026-08-22T22:00:00+08:00,,1.4,,,2026-08-22T23:58:20.142228+08:00,,,,,,,
2026-08-22,英乙,Swindon Town vs Cheltenham Town,Swindon Town,Cheltenham Town,1X2客胜,0.1601,4.3,-0.3187,,,,lose,0.0,-1.0,已结算,scan24h对账,1,纯数据无伤病情报;λ过高(4.14);平局预警(市场去水平局>=26%);模型与市场分歧>20pp(模型72% vs 市场49%)->否决,,,,,2026-08-22T22:00:00+08:00,,1.4,,,2026-08-22T23:58:20.142228+08:00,,,,,,,
2026-08-22,英乙,Rotherham United vs York City,Rotherham United,York City,让球主(+0.0),0.5382,1.91,-0.0007,,,,push,1.0,0.0,已结算,scan24h对账,0,纯数据无伤病情报;平局预警(市场去水平局>=26%),,,,,2026-08-22T22:00:00+08:00,,1.4,,,2026-08-22T23:58:20.142228+08:00,,,,,,,
2026-08-22,英乙,Rotherham United vs York City,Rotherham United,York City,让球客(-0.0),0.4618,1.98,-0.111,,,,push,1.0,0.0,已结算,scan24h对账,0,纯数据无伤病情报;平局预警(市场去水平局>=26%),,,,,2026-08-22T22:00:00+08:00,,1.4,,,2026-08-22T23:58:20.142228+08:00,,,,,,,
2026-08-22,英乙,Rotherham United vs York City,Rotherham United,York City,小2.50,0.5428,2.0,0.0801,1,标准,,win,2.0,1.0,已结算,scan24h对账,0,纯数据无伤病情报;平局预警(市场去水平局>=26%),,,,,2026-08-22T22:00:00+08:00,,1.4,,,2026-08-22T23:58:20.142228+08:00,,,,,,,
2026-08-22,英乙,Rotherham United vs York City,Rotherham United,York City,大2.50,0.4572,1.98,-0.0993,,,,lose,0.0,-1.0,已结算,scan24h对账,0,纯数据无伤病情报;平局预警(市场去水平局>=26%),,,,,2026-08-22T22:00:00+08:00,,1.4,,,2026-08-22T23:58:20.142228+08:00,,,,,,,
2026-08-22,英乙,Rotherham United vs York City,Rotherham United,York City,1X2主胜,0.3853,2.64,0.0022,,,,lose,0.0,-1.0,已结算,scan24h对账,0,纯数据无伤病情报;平局预警(市场去水平局>=26%),,,,,2026-08-22T22:00:00+08:00,,1.4,,,2026-08-22T23:58:20.142228+08:00,,,,,,,
2026-08-22,英乙,Rotherham United vs York City,Rotherham United,York City,1X2平局,0.2896,3.65,0.0412,,,,win,3.65,2.65,已结算,scan24h对账,0,纯数据无伤病情报;平局预警(市场去水平局>=26%),,,,,2026-08-22T22:00:00+08:00,,1.4,,,2026-08-22T23:58:20.142228+08:00,,,,,,,
2026-08-22,英乙,Rotherham United vs York City,Rotherham United,York City,1X2客胜,0.3251,2.76,-0.116,,,,lose,0.0,-1.0,已结算,scan24h对账,0,纯数据无伤病情报;平局预警(市场去水平局>=26%),,,,,2026-08-22T22:00:00+08:00,,1.4,,,2026-08-22T23:58:20.142228+08:00,,,,,,,
2026-08-22,英乙,Rochdale vs Crawley Town,Rochdale,Crawley Town,让球主(-0.5),0.5622,1.9,0.0356,,,,lose,0.0,-1.0,已结算,scan24h对账,0,纯数据无伤病情报,,,,,2026-08-22T22:00:00+08:00,,1.4,,,2026-08-22T23:58:20.142228+08:00,,,,,,,
2026-08-22,英乙,Rochdale vs Crawley Town,Rochdale,Crawley Town,让球客(+0.5),0.4378,1.98,-0.1594,,,,win,1.98,0.98,已结算,scan24h对账,0,纯数据无伤病情报,,,,,2026-08-22T22:00:00+08:00,,1.4,,,2026-08-22T23:58:20.142228+08:00,,,,,,,
2026-08-22,英乙,Rochdale vs Crawley Town,Rochdale,Crawley Town,小2.50,0.65,2.24,0.44402678435550147,,,,lose,0.0,-1.0,已结算,scan24h对账,0,纯数据无伤病情报,,,,,2026-08-22T22:00:00+08:00,,1.4,,,2026-08-22T23:58:20.142228+08:00,,,,,,,
2026-08-22,英乙,Rochdale vs Crawley Town,Rochdale,Crawley Town,大2.50,0.3429,1.78,-0.3946,,,,win,1.78,0.78,已结算,scan24h对账,0,纯数据无伤病情报,,,,,2026-08-22T22:00:00+08:00,,1.4,,,2026-08-22T23:58:20.142228+08:00,,,,,,,
2026-08-22,英乙,Rochdale vs Crawley Town,Rochdale,Crawley Town,1X2主胜,0.5168,1.94,-0.0072,,,,lose,0.0,-1.0,已结算,scan24h对账,0,纯数据无伤病情报,,,,,2026-08-22T22:00:00+08:00,,1.4,,,2026-08-22T23:58:20.142228+08:00,,,,,,,
2026-08-22,英乙,Rochdale vs Crawley Town,Rochdale,Crawley Town,1X2平局,0.2949,3.9,0.1386,,,,lose,0.0,-1.0,已结算,scan24h对账,0,纯数据无伤病情报,,,,,2026-08-22T22:00:00+08:00,,1.4,,,2026-08-22T23:58:20.142228+08:00,,,,,,,
2026-08-22,英乙,Rochdale vs Crawley Town,Rochdale,Crawley Town,1X2客胜,0.1883,4.2,-0.217,,,,win,4.2,3.2,已结算,scan24h对账,0,纯数据无伤病情报,,,,,2026-08-22T22:00:00+08:00,,1.4,,,2026-08-22T23:58:20.142228+08:00,,,,,,,
2026-08-22,英乙,Fleetwood Town vs Gillingham,Fleetwood Town,Gillingham,让球主(-0.5),0.5755,1.94,0.0913,1,标准,,lose,0.0,-1.0,已结算,scan24h对账,0,纯数据无伤病情报;平局预警(市场去水平局>=26%),,,,,2026-08-22T22:00:00+08:00,,1.4,,,2026-08-22T23:58:20.142228+08:00,,,,,,,
2026-08-22,英乙,Fleetwood Town vs Gillingham,Fleetwood Town,Gillingham,让球客(+0.5),0.4245,1.97,-0.1826,,,,win,1.97,0.97,已结算,scan24h对账,0,纯数据无伤病情报;平局预警(市场去水平局>=26%),,,,,2026-08-22T22:00:00+08:00,,1.4,,,2026-08-22T23:58:20.142228+08:00,,,,,,,
2026-08-22,英乙,Fleetwood Town vs Gillingham,Fleetwood Town,Gillingham,小2.50,0.5179,1.96,0.0048,,,,win,1.96,0.96,已结算,scan24h对账,0,纯数据无伤病情报;平局预警(市场去水平局>=26%),,,,,2026-08-22T22:00:00+08:00,,1.4,,,2026-08-22T23:58:20.142228+08:00,,,,,,,
2026-08-22,英乙,Fleetwood Town vs Gillingham,Fleetwood Town,Gillingham,大2.50,0.4821,2.0,-0.0455,,,,lose,0.0,-1.0,已结算,scan24h对账,0,纯数据无伤病情报;平局预警(市场去水平局>=26%),,,,,2026-08-22T22:00:00+08:00,,1.4,,,2026-08-22T23:58:20.142228+08:00,,,,,,,
2026-08-22,英乙,Fleetwood Town vs Gillingham,Fleetwood Town,Gillingham,1X2主胜,0.5266,1.98,0.0267,,,,lose,0.0,-1.0,已结算,scan24h对账,0,纯数据无伤病情报;平局预警(市场去水平局>=26%),,,,,2026-08-22T22:00:00+08:00,,1.4,,,2026-08-22T23:58:20.142228+08:00,,,,,,,
2026-08-22,英乙,Fleetwood Town vs Gillingham,Fleetwood Town,Gillingham,1X2平局,0.2651,3.75,-0.0212,,,,win,3.75,2.75,已结算,scan24h对账,0,纯数据无伤病情报;平局预警(市场去水平局>=26%),,,,,2026-08-22T22:00:00+08:00,,1.4,,,2026-08-22T23:58:20.142228+08:00,,,,,,,
2026-08-22,英乙,Fleetwood Town vs Gillingham,Fleetwood Town,Gillingham,1X2客胜,0.2083,4.1,-0.1592,,,,lose,0.0,-1.0,已结算,scan24h对账,0,纯数据无伤病情报;平局预警(市场去水平局>=26%),,,,,2026-08-22T22:00:00+08:00,,1.4,,,2026-08-22T23:58:20.142228+08:00,,,,,,,
2026-08-22,英乙,Exeter City vs Accrington Stanley,Exeter City,Accrington Stanley,让球主(-0.5),0.4947,2.04,-0.021,,,,win,2.04,1.04,已结算,scan24h对账,0,纯数据无伤病情报;平局预警(市场去水平局>=26%),,,,,2026-08-22T22:00:00+08:00,,1.4,,,2026-08-22T23:58:20.142228+08:00,,,,,,,
2026-08-22,英乙,Exeter City vs Accrington Stanley,Exeter City,Accrington Stanley,让球客(+0.5),0.5053,1.85,-0.093,,,,lose,0.0,-1.0,已结算,scan24h对账,0,纯数据无伤病情报;平局预警(市场去水平局>=26%),,,,,2026-08-22T22:00:00+08:00,,1.4,,,2026-08-22T23:58:20.142228+08:00,,,,,,,
2026-08-22,英乙,Exeter City vs Accrington Stanley,Exeter City,Accrington Stanley,小2.50,0.6387,1.91,0.2091,2,高价值,,win,1.91,0.9099999999999999,已结算,scan24h对账,0,纯数据无伤病情报;平局预警(市场去水平局>=26%),,,,,2026-08-22T22:00:00+08:00,,1.4,,,2026-08-22T23:58:20.142228+08:00,,,,,,,
2026-08-22,英乙,Exeter City vs Accrington Stanley,Exeter City,Accrington Stanley,大2.50,0.3613,2.06,-0.2624,,,,lose,0.0,-1.0,已结算,scan24h对账,0,纯数据无伤病情报;平局预警(市场去水平局>=26%),,,,,2026-08-22T22:00:00+08:00,,1.4,,,2026-08-22T23:58:20.142228+08:00,,,,,,,
2026-08-22,英乙,Exeter City vs Accrington Stanley,Exeter City,Accrington Stanley,1X2主胜,0.4616,2.08,-0.048,,,,win,2.08,1.08,已结算,scan24h对账,0,纯数据无伤病情报;平局预警(市场去水平局>=26%),,,,,2026-08-22T22:00:00+08:00,,1.4,,,2026-08-22T23:58:20.142228+08:00,,,,,,,
2026-08-22,英乙,Exeter City vs Accrington Stanley,Exeter City,Accrington Stanley,1X2平局,0.3019,3.6,0.0776,,,,lose,0.0,-1.0,已结算,scan24h对账,0,纯数据无伤病情报;平局预警(市场去水平局>=26%),,,,,2026-08-22T22:00:00+08:00,,1.4,,,2026-08-22T23:58:20.142228+08:00,,,,,,,
2026-08-22,英乙,Exeter City vs Accrington Stanley,Exeter City,Accrington Stanley,1X2客胜,0.2365,4.0,-0.062,,,,lose,0.0,-1.0,已结算,scan24h对账,0,纯数据无伤病情报;平局预警(市场去水平局>=26%),,,,,2026-08-22T22:00:00+08:00,,1.4,,,2026-08-22T23:58:20.142228+08:00,,,,,,,
2026-08-22,英乙,Crewe Alexandra vs Northampton Town,Crewe Alexandra,Northampton Town,让球主(-0.2),0.4792,1.91,-0.1147,,,,win,1.91,0.9099999999999999,已结算,scan24h对账,0,纯数据无伤病情报;平局预警(市场去水平局>=26%),,,,,2026-08-22T22:00:00+08:00,,1.4,,,2026-08-22T23:58:20.142228+08:00,,,,,,,
2026-08-22,英乙,Crewe Alexandra vs Northampton Town,Crewe Alexandra,Northampton Town,让球客(+0.2),0.5208,1.96,-0.0125,,,,lose,0.0,-1.0,已结算,scan24h对账,0,纯数据无伤病情报;平局预警(市场去水平局>=26%),,,,,2026-08-22T22:00:00+08:00,,1.4,,,2026-08-22T23:58:20.142228+08:00,,,,,,,
2026-08-22,英乙,Crewe Alexandra vs Northampton Town,Crewe Alexandra,Northampton Town,小2.50,0.5727,1.92,0.0875,1,标准,,win,1.92,0.9199999999999999,已结算,scan24h对账,0,纯数据无伤病情报;平局预警(市场去水平局>=26%),,,,,2026-08-22T22:00:00+08:00,,1.4,,,2026-08-22T23:58:20.142228+08:00,,,,,,,
2026-08-22,英乙,Crewe Alexandra vs Northampton Town,Crewe Alexandra,Northampton Town,大2.50,0.4273,2.04,-0.1378,,,,lose,0.0,-1.0,已结算,scan24h对账,0,纯数据无伤病情报;平局预警(市场去水平局>=26%),,,,,2026-08-22T22:00:00+08:00,,1.4,,,2026-08-22T23:58:20.142228+08:00,,,,,,,
2026-08-22,英乙,Crewe Alexandra vs Northampton Town,Crewe Alexandra,Northampton Town,1X2主胜,0.4489,2.26,0.0082,,,,win,2.26,1.2599999999999998,已结算,scan24h对账,0,纯数据无伤病情报;平局预警(市场去水平局>=26%),,,,,2026-08-22T22:00:00+08:00,,1.4,,,2026-08-22T23:58:20.142228+08:00,,,,,,,
2026-08-22,英乙,Crewe Alexandra vs Northampton Town,Crewe Alexandra,Northampton Town,1X2平局,0.2897,3.65,0.0506,,,,lose,0.0,-1.0,已结算,scan24h对账,0,纯数据无伤病情报;平局预警(市场去水平局>=26%),,,,,2026-08-22T22:00:00+08:00,,1.4,,,2026-08-22T23:58:20.142228+08:00,,,,,,,
2026-08-22,英乙,Crewe Alexandra vs Northampton Town,Crewe Alexandra,Northampton Town,1X2客胜,0.2614,3.45,-0.1037,,,,lose,0.0,-1.0,已结算,scan24h对账,0,纯数据无伤病情报;平局预警(市场去水平局>=26%),,,,,2026-08-22T22:00:00+08:00,,1.4,,,2026-08-22T23:58:20.142228+08:00,,,,,,,
2026-08-22,英乙,Colchester United vs Oldham Athletic,Colchester United,Oldham Athletic,让球主(+0.0),0.65,1.97,0.23847982819450841,,,,win,1.97,0.97,已结算,scan24h对账,0,纯数据无伤病情报;平局预警(市场去水平局>=26%),,,,,2026-08-22T22:00:00+08:00,,1.4,,,2026-08-22T23:58:20.142228+08:00,,,,,,,
2026-08-22,英乙,Colchester United vs Oldham Athletic,Colchester United,Oldham Athletic,让球客(-0.0),0.3481,1.9,-0.3603,,,,lose,0.0,-1.0,已结算,scan24h对账,0,纯数据无伤病情报;平局预警(市场去水平局>=26%),,,,,2026-08-22T22:00:00+08:00,,1.4,,,2026-08-22T23:58:20.142228+08:00,,,,,,,
2026-08-22,英乙,Colchester United vs Oldham Athletic,Colchester United,Oldham Athletic,小2.50,0.444,1.96,-0.1407,,,,lose,0.0,-1.0,已结算,scan24h对账,0,纯数据无伤病情报;平局预警(市场去水平局>=26%),,,,,2026-08-22T22:00:00+08:00,,1.4,,,2026-08-22T23:58:20.142228+08:00,,,,,,,
2026-08-22,英乙,Colchester United vs Oldham Athletic,Colchester United,Oldham Athletic,大2.50,0.556,1.99,0.0926,1,标准,,win,1.99,0.99,已结算,scan24h对账,0,纯数据无伤病情报;平局预警(市场去水平局>=26%),,,,,2026-08-22T22:00:00+08:00,,1.4,,,2026-08-22T23:58:20.142228+08:00,,,,,,,
2026-08-22,英乙,Colchester United vs Oldham Athletic,Colchester United,Oldham Athletic,1X2主胜,0.4909,2.82,0.3623,,,,win,2.82,1.8199999999999998,已结算,scan24h对账,0,纯数据无伤病情报;平局预警(市场去水平局>=26%),,,,,2026-08-22T22:00:00+08:00,,1.4,,,2026-08-22T23:58:20.142228+08:00,,,,,,,
2026-08-22,英乙,Colchester United vs Oldham Athletic,Colchester United,Oldham Athletic,1X2平局,0.2597,3.5,-0.1056,,,,lose,0.0,-1.0,已结算,scan24h对账,0,纯数据无伤病情报;平局预警(市场去水平局>=26%),,,,,2026-08-22T22:00:00+08:00,,1.4,,,2026-08-22T23:58:20.142228+08:00,,,,,,,
2026-08-22,英乙,Colchester United vs Oldham Athletic,Colchester United,Oldham Athletic,1X2客胜,0.2494,2.66,-0.3473,,,,lose,0.0,-1.0,已结算,scan24h对账,0,纯数据无伤病情报;平局预警(市场去水平局>=26%),,,,,2026-08-22T22:00:00+08:00,,1.4,,,2026-08-22T23:58:20.142228+08:00,,,,,,,
2026-08-22,英冠,Wrexham vs Watford,Wrexham,Watford,让球主(-0.5),0.6069,1.91,0.1541,,,,lose,0.0,-1.0,已结算,scan24h对账,0,纯数据无伤病情报;伤停>2人(主1/客3),,,,,2026-08-22T22:00:00+08:00,,0.4,,,2026-08-22T23:58:20.142228+08:00,,,,,,,
2026-08-22,英冠,Wrexham vs Watford,Wrexham,Watford,让球客(+0.5),0.3931,2.08,-0.1858,,,,win,2.08,1.08,已结算,scan24h对账,0,纯数据无伤病情报;伤停>2人(主1/客3),,,,,2026-08-22T22:00:00+08:00,,0.4,,,2026-08-22T23:58:20.142228+08:00,,,,,,,
2026-08-22,英冠,Wrexham vs Watford,Wrexham,Watford,小2.50,0.3901,2.06,-0.1992,,,,win,2.06,1.06,已结算,scan24h对账,0,纯数据无伤病情报;伤停>2人(主1/客3),,,,,2026-08-22T22:00:00+08:00,,0.4,,,2026-08-22T23:58:20.142228+08:00,,,,,,,
2026-08-22,英冠,Wrexham vs Watford,Wrexham,Watford,大2.50,0.6099,1.93,0.1728,1,标准,,lose,0.0,-1.0,已结算,scan24h对账,0,纯数据无伤病情报;伤停>2人(主1/客3),,,,,2026-08-22T22:00:00+08:00,,0.4,,,2026-08-22T23:58:20.142228+08:00,,,,,,,
2026-08-22,英冠,Wrexham vs Watford,Wrexham,Watford,1X2主胜,0.5522,1.9,0.0439,,,,lose,0.0,-1.0,已结算,scan24h对账,0,纯数据无伤病情报;伤停>2人(主1/客3),,,,,2026-08-22T22:00:00+08:00,,0.4,,,2026-08-22T23:58:20.142228+08:00,,,,,,,
2026-08-22,英冠,Wrexham vs Watford,Wrexham,Watford,1X2平局,0.2402,3.9,-0.0679,,,,win,3.9,2.9,已结算,scan24h对账,0,纯数据无伤病情报;伤停>2人(主1/客3),,,,,2026-08-22T22:00:00+08:00,,0.4,,,2026-08-22T23:58:20.142228+08:00,,,,,,,
2026-08-22,英冠,Wrexham vs Watford,Wrexham,Watford,1X2客胜,0.2077,4.5,-0.0701,,,,lose,0.0,-1.0,已结算,scan24h对账,0,纯数据无伤病情报;伤停>2人(主1/客3),,,,,2026-08-22T22:00:00+08:00,,0.4,,,2026-08-22T23:58:20.142228+08:00,,,,,,,
2026-08-22,英冠,West Ham United vs Charlton Athletic,West Ham United,Charlton Athletic,让球主(-1.2),0.3522,2.06,-0.2809,,,,lose,0.0,-1.0,已结算,scan24h对账,0,"纯数据无伤病情报;伤停>2人(主4/客0);联赛英冠历史负ROI(观察期, 300场后定禁入)",,,,,2026-08-22T22:00:00+08:00,,0.4,,,2026-08-22T23:58:20.142228+08:00,,,,,,,
2026-08-22,英冠,West Ham United vs Charlton Athletic,West Ham United,Charlton Athletic,让球客(+1.2),0.6478,1.91,0.2262,2,高价值,,win,1.91,0.9099999999999999,已结算,scan24h对账,0,"纯数据无伤病情报;伤停>2人(主4/客0);联赛英冠历史负ROI(观察期, 300场后定禁入)",,,,,2026-08-22T22:00:00+08:00,,0.4,,,2026-08-22T23:58:20.142228+08:00,,,,,,,
2026-08-22,英冠,West Ham United vs Charlton Athletic,West Ham United,Charlton Athletic,小2.50,0.6203,2.27,0.3501,,,,lose,0.0,-1.0,已结算,scan24h对账,0,"纯数据无伤病情报;伤停>2人(主4/客0);联赛英冠历史负ROI(观察期, 300场后定禁入)",,,,,2026-08-22T22:00:00+08:00,,0.4,,,2026-08-22T23:58:20.142228+08:00,,,,,,,
2026-08-22,英冠,West Ham United vs Charlton Athletic,West Ham United,Charlton Athletic,大2.50,0.3797,1.66,-0.3956,,,,win,1.66,0.6599999999999999,已结算,scan24h对账,0,"纯数据无伤病情报;伤停>2人(主4/客0);联赛英冠历史负ROI(观察期, 300场后定禁入)",,,,,2026-08-22T22:00:00+08:00,,0.4,,,2026-08-22T23:58:20.142228+08:00,,,,,,,
2026-08-22,英冠,West Ham United vs Charlton Athletic,West Ham United,Charlton Athletic,1X2主胜,0.5693,1.46,-0.1738,,,,lose,0.0,-1.0,已结算,scan24h对账,0,"纯数据无伤病情报;伤停>2人(主4/客0);联赛英冠历史负ROI(观察期, 300场后定禁入)",,,,,2026-08-22T22:00:00+08:00,,0.4,,,2026-08-22T23:58:20.142228+08:00,,,,,,,
2026-08-22,英冠,West Ham United vs Charlton Athletic,West Ham United,Charlton Athletic,1X2平局,0.2746,5.1,0.3922,,,,lose,0.0,-1.0,已结算,scan24h对账,0,"纯数据无伤病情报;伤停>2人(主4/客0);联赛英冠历史负ROI(观察期, 300场后定禁入)",,,,,2026-08-22T22:00:00+08:00,,0.4,,,2026-08-22T23:58:20.142228+08:00,,,,,,,
2026-08-22,英冠,West Ham United vs Charlton Athletic,West Ham United,Charlton Athletic,1X2客胜,0.1561,8.0,0.2414,,,,win,8.0,7.0,已结算,scan24h对账,0,"纯数据无伤病情报;伤停>2人(主4/客0);联赛英冠历史负ROI(观察期, 300场后定禁入)",,,,,2026-08-22T22:00:00+08:00,,0.4,,,2026-08-22T23:58:20.142228+08:00,,,,,,,
2026-08-22,英冠,Swansea City vs Sheffield United,Swansea City,Sheffield United,让球主(+0.0),0.6138,2.0,0.2215,,,,push,1.0,0.0,已结算,scan24h对账,0,纯数据无伤病情报;伤停>2人(主3/客0);平局预警(市场去水平局>=26%),,,,,2026-08-22T22:00:00+08:00,,0.4,,,2026-08-22T23:58:20.142228+08:00,,,,,,,
2026-08-22,英冠,Swansea City vs Sheffield United,Swansea City,Sheffield United,让球客(-0.0),0.3862,1.98,-0.2392,,,,push,1.0,0.0,已结算,scan24h对账,0,纯数据无伤病情报;伤停>2人(主3/客0);平局预警(市场去水平局>=26%),,,,,2026-08-22T22:00:00+08:00,,0.4,,,2026-08-22T23:58:20.142228+08:00,,,,,,,
2026-08-22,英冠,Swansea City vs Sheffield United,Swansea City,Sheffield United,小2.50,0.6268,1.91,0.1866,1,标准,,win,1.91,0.9099999999999999,已结算,scan24h对账,0,纯数据无伤病情报;伤停>2人(主3/客0);平局预警(市场去水平局>=26%),,,,,2026-08-22T22:00:00+08:00,,0.4,,,2026-08-22T23:58:20.142228+08:00,,,,,,,
2026-08-22,英冠,Swansea City vs Sheffield United,Swansea City,Sheffield United,大2.50,0.3732,2.06,-0.2381,,,,lose,0.0,-1.0,已结算,scan24h对账,0,纯数据无伤病情报;伤停>2人(主3/客0);平局预警(市场去水平局>=26%),,,,,2026-08-22T22:00:00+08:00,,0.4,,,2026-08-22T23:58:20.142228+08:00,,,,,,,
2026-08-22,英冠,Swansea City vs Sheffield United,Swansea City,Sheffield United,1X2主胜,0.4387,2.82,0.2372,,,,lose,0.0,-1.0,已结算,scan24h对账,0,纯数据无伤病情报;伤停>2人(主3/客0);平局预警(市场去水平局>=26%),,,,,2026-08-22T22:00:00+08:00,,0.4,,,2026-08-22T23:58:20.142228+08:00,,,,,,,
2026-08-22,英冠,Swansea City vs Sheffield United,Swansea City,Sheffield United,1X2平局,0.3046,3.5,0.0661,,,,win,3.5,2.5,已结算,scan24h对账,0,纯数据无伤病情报;伤停>2人(主3/客0);平局预警(市场去水平局>=26%),,,,,2026-08-22T22:00:00+08:00,,0.4,,,2026-08-22T23:58:20.142228+08:00,,,,,,,
2026-08-22,英冠,Swansea City vs Sheffield United,Swansea City,Sheffield United,1X2客胜,0.2567,2.78,-0.2865,,,,lose,0.0,-1.0,已结算,scan24h对账,0,纯数据无伤病情报;伤停>2人(主3/客0);平局预警(市场去水平局>=26%),,,,,2026-08-22T22:00:00+08:00,,0.4,,,2026-08-22T23:58:20.142228+08:00,,,,,,,
2026-08-22,英冠,Southampton vs Stoke City,Southampton,Stoke City,让球主(-0.8),0.65,1.875,0.17230834272829765,1,标准,,win,1.875,0.875,已结算,scan24h对账,0,纯数据无伤病情报;伤停>2人(主0/客4),,,,,2026-08-22T22:00:00+08:00,,0.4,,,2026-08-22T23:58:20.142228+08:00,,,,,,,
2026-08-22,英冠,Southampton vs Stoke City,Southampton,Stoke City,让球客(+0.8),0.2904,1.975,-0.4484,,,,lose,0.0,-1.0,已结算,scan24h对账,0,纯数据无伤病情报;伤停>2人(主0/客4),,,,,2026-08-22T22:00:00+08:00,,0.4,,,2026-08-22T23:58:20.142228+08:00,,,,,,,
2026-08-22,英冠,Southampton vs Stoke City,Southampton,Stoke City,小2.50,0.5948,2.32,0.372,,,,lose,0.0,-1.0,已结算,scan24h对账,0,纯数据无伤病情报;伤停>2人(主0/客4),,,,,2026-08-22T22:00:00+08:00,,0.4,,,2026-08-22T23:58:20.142228+08:00,,,,,,,
2026-08-22,英冠,Southampton vs Stoke City,Southampton,Stoke City,大2.50,0.4052,1.74,-0.299,,,,win,1.74,0.74,已结算,scan24h对账,0,纯数据无伤病情报;伤停>2人(主0/客4),,,,,2026-08-22T22:00:00+08:00,,0.4,,,2026-08-22T23:58:20.142228+08:00,,,,,,,
2026-08-22,英冠,Southampton vs Stoke City,Southampton,Stoke City,1X2主胜,0.6443,1.68,0.081,,,,win,1.68,0.6799999999999999,已结算,scan24h对账,0,纯数据无伤病情报;伤停>2人(主0/客4),,,,,2026-08-22T22:00:00+08:00,,0.4,,,2026-08-22T23:58:20.142228+08:00,,,,,,,
2026-08-22,英冠,Southampton vs Stoke City,Southampton,Stoke City,1X2平局,0.2446,4.6,0.1239,,,,lose,0.0,-1.0,已结算,scan24h对账,0,纯数据无伤病情报;伤停>2人(主0/客4),,,,,2026-08-22T22:00:00+08:00,,0.4,,,2026-08-22T23:58:20.142228+08:00,,,,,,,
2026-08-22,英冠,Southampton vs Stoke City,Southampton,Stoke City,1X2客胜,0.1111,5.3,-0.4121,,,,lose,0.0,-1.0,已结算,scan24h对账,0,纯数据无伤病情报;伤停>2人(主0/客4),,,,,2026-08-22T22:00:00+08:00,,0.4,,,2026-08-22T23:58:20.142228+08:00,,,,,,,
2026-08-22,英冠,Queens Park Rangers vs Bolton Wanderers,Queens Park Rangers,Bolton Wanderers,让球主(-0.5),0.3826,1.94,-0.2585,,,,lose,0.0,-1.0,已结算,scan24h对账,0,"纯数据无伤病情报;伤停>2人(主4/客2);联赛英冠历史负ROI(观察期, 300场后定禁入)",,,,,2026-08-22T22:00:00+08:00,,0.4,,,2026-08-22T23:58:20.142228+08:00,,,,,,,
2026-08-22,英冠,Queens Park Rangers vs Bolton Wanderers,Queens Park Rangers,Bolton Wanderers,让球客(+0.5),0.6174,2.06,0.2708,2,高价值,,win,2.06,1.06,已结算,scan24h对账,0,"纯数据无伤病情报;伤停>2人(主4/客2);联赛英冠历史负ROI(观察期, 300场后定禁入)",,,,,2026-08-22T22:00:00+08:00,,0.4,,,2026-08-22T23:58:20.142228+08:00,,,,,,,
2026-08-22,英冠,Queens Park Rangers vs Bolton Wanderers,Queens Park Rangers,Bolton Wanderers,小2.50,0.4378,2.06,-0.1037,,,,win,2.06,1.06,已结算,scan24h对账,0,"纯数据无伤病情报;伤停>2人(主4/客2);联赛英冠历史负ROI(观察期, 300场后定禁入)",,,,,2026-08-22T22:00:00+08:00,,0.4,,,2026-08-22T23:58:20.142228+08:00,,,,,,,
2026-08-22,英冠,Queens Park Rangers vs Bolton Wanderers,Queens Park Rangers,Bolton Wanderers,大2.50,0.5622,1.92,0.0727,,,,lose,0.0,-1.0,已结算,scan24h对账,0,"纯数据无伤病情报;伤停>2人(主4/客2);联赛英冠历史负ROI(观察期, 300场后定禁入)",,,,,2026-08-22T22:00:00+08:00,,0.4,,,2026-08-22T23:58:20.142228+08:00,,,,,,,
2026-08-22,英冠,Queens Park Rangers vs Bolton Wanderers,Queens Park Rangers,Bolton Wanderers,1X2主胜,0.373,1.94,-0.2796,,,,lose,0.0,-1.0,已结算,scan24h对账,0,"纯数据无伤病情报;伤停>2人(主4/客2);联赛英冠历史负ROI(观察期, 300场后定禁入)",,,,,2026-08-22T22:00:00+08:00,,0.4,,,2026-08-22T23:58:20.142228+08:00,,,,,,,
2026-08-22,英冠,Queens Park Rangers vs Bolton Wanderers,Queens Park Rangers,Bolton Wanderers,1X2平局,0.2717,3.9,0.0548,,,,win,3.9,2.9,已结算,scan24h对账,0,"纯数据无伤病情报;伤停>2人(主4/客2);联赛英冠历史负ROI(观察期, 300场后定禁入)",,,,,2026-08-22T22:00:00+08:00,,0.4,,,2026-08-22T23:58:20.142228+08:00,,,,,,,
2026-08-22,英冠,Queens Park Rangers vs Bolton Wanderers,Queens Park Rangers,Bolton Wanderers,1X2客胜,0.3553,4.3,0.5212,,,,lose,0.0,-1.0,已结算,scan24h对账,0,"纯数据无伤病情报;伤停>2人(主4/客2);联赛英冠历史负ROI(观察期, 300场后定禁入)",,,,,2026-08-22T22:00:00+08:00,,0.4,,,2026-08-22T23:58:20.142228+08:00,,,,,,,
2026-08-22,英冠,Preston North End vs Wolverhampton,Preston North End,Wolverhampton,让球主(+0.5),0.6011,1.89,0.1301,1,标准,,lose,0.0,-1.0,已结算,scan24h对账,0,纯数据无伤病情报;平局预警(市场去水平局>=26%),,,,,2026-08-22T22:00:00+08:00,,0.4,,,2026-08-22T23:58:20.142228+08:00,,,,,,,
2026-08-22,英冠,Preston North End vs Wolverhampton,Preston North End,Wolverhampton,让球客(-0.5),0.3989,2.1,-0.1667,,,,win,2.1,1.1,已结算,scan24h对账,0,纯数据无伤病情报;平局预警(市场去水平局>=26%),,,,,2026-08-22T22:00:00+08:00,,0.4,,,2026-08-22T23:58:20.142228+08:00,,,,,,,
2026-08-22,英冠,Preston North End vs Wolverhampton,Preston North End,Wolverhampton,小2.50,0.549,2.02,0.1033,,,,lose,0.0,-1.0,已结算,scan24h对账,0,纯数据无伤病情报;平局预警(市场去水平局>=26%),,,,,2026-08-22T22:00:00+08:00,,0.4,,,2026-08-22T23:58:20.142228+08:00,,,,,,,
2026-08-22,英冠,Preston North End vs Wolverhampton,Preston North End,Wolverhampton,大2.50,0.451,1.96,-0.1207,,,,win,1.96,0.96,已结算,scan24h对账,0,纯数据无伤病情报;平局预警(市场去水平局>=26%),,,,,2026-08-22T22:00:00+08:00,,0.4,,,2026-08-22T23:58:20.142228+08:00,,,,,,,
2026-08-22,英冠,Preston North End vs Wolverhampton,Preston North End,Wolverhampton,1X2主胜,0.3216,3.9,0.2462,,,,lose,0.0,-1.0,已结算,scan24h对账,0,纯数据无伤病情报;平局预警(市场去水平局>=26%),,,,,2026-08-22T22:00:00+08:00,,0.4,,,2026-08-22T23:58:20.142228+08:00,,,,,,,
2026-08-22,英冠,Preston North End vs Wolverhampton,Preston North End,Wolverhampton,1X2平局,0.2929,3.65,0.062,,,,lose,0.0,-1.0,已结算,scan24h对账,0,纯数据无伤病情报;平局预警(市场去水平局>=26%),,,,,2026-08-22T22:00:00+08:00,,0.4,,,2026-08-22T23:58:20.142228+08:00,,,,,,,
2026-08-22,英冠,Preston North End vs Wolverhampton,Preston North End,Wolverhampton,1X2客胜,0.3855,2.1,-0.1958,,,,win,2.1,1.1,已结算,scan24h对账,0,纯数据无伤病情报;平局预警(市场去水平局>=26%),,,,,2026-08-22T22:00:00+08:00,,0.4,,,2026-08-22T23:58:20.142228+08:00,,,,,,,
2026-08-22,英冠,Derby County vs Cardiff City,Derby County,Cardiff City,让球主(-0.2),0.3707,1.92,-0.2927,,,,lose,0.0,-1.0,已结算,scan24h对账,0,"纯数据无伤病情报;伤停>2人(主2/客4);平局预警(市场去水平局>=26%);联赛英冠历史负ROI(观察期, 300场后定禁入)",,,,,2026-08-22T22:00:00+08:00,,0.4,,,2026-08-22T23:58:20.142228+08:00,,,,,,,
2026-08-22,英冠,Derby County vs Cardiff City,Derby County,Cardiff City,让球客(+0.2),0.6293,2.06,0.2883,2,高价值,,half,1.53,0.53,已结算,scan24h对账,0,"纯数据无伤病情报;伤停>2人(主2/客4);平局预警(市场去水平局>=26%);联赛英冠历史负ROI(观察期, 300场后定禁入)",,,,,2026-08-22T22:00:00+08:00,,0.4,,,2026-08-22T23:58:20.142228+08:00,,,,,,,
2026-08-22,英冠,Derby County vs Cardiff City,Derby County,Cardiff City,小2.50,0.401,2.08,-0.1717,,,,lose,0.0,-1.0,已结算,scan24h对账,0,"纯数据无伤病情报;伤停>2人(主2/客4);平局预警(市场去水平局>=26%);联赛英冠历史负ROI(观察期, 300场后定禁入)",,,,,2026-08-22T22:00:00+08:00,,0.4,,,2026-08-22T23:58:20.142228+08:00,,,,,,,
2026-08-22,英冠,Derby County vs Cardiff City,Derby County,Cardiff City,大2.50,0.599,1.9,0.13,,,,win,1.9,0.8999999999999999,已结算,scan24h对账,0,"纯数据无伤病情报;伤停>2人(主2/客4);平局预警(市场去水平局>=26%);联赛英冠历史负ROI(观察期, 300场后定禁入)",,,,,2026-08-22T22:00:00+08:00,,0.4,,,2026-08-22T23:58:20.142228+08:00,,,,,,,
2026-08-22,英冠,Derby County vs Cardiff City,Derby County,Cardiff City,1X2主胜,0.3639,2.06,-0.2529,,,,lose,0.0,-1.0,已结算,scan24h对账,0,"纯数据无伤病情报;伤停>2人(主2/客4);平局预警(市场去水平局>=26%);联赛英冠历史负ROI(观察期, 300场后定禁入)",,,,,2026-08-22T22:00:00+08:00,,0.4,,,2026-08-22T23:58:20.142228+08:00,,,,,,,
2026-08-22,英冠,Derby County vs Cardiff City,Derby County,Cardiff City,1X2平局,0.2649,3.65,-0.0362,,,,win,3.65,2.65,已结算,scan24h对账,0,"纯数据无伤病情报;伤停>2人(主2/客4);平局预警(市场去水平局>=26%);联赛英冠历史负ROI(观察期, 300场后定禁入)",,,,,2026-08-22T22:00:00+08:00,,0.4,,,2026-08-22T23:58:20.142228+08:00,,,,,,,
2026-08-22,英冠,Derby County vs Cardiff City,Derby County,Cardiff City,1X2客胜,0.3712,4.1,0.5168,,,,lose,0.0,-1.0,已结算,scan24h对账,0,"纯数据无伤病情报;伤停>2人(主2/客4);平局预警(市场去水平局>=26%);联赛英冠历史负ROI(观察期, 300场后定禁入)",,,,,2026-08-22T22:00:00+08:00,,0.4,,,2026-08-22T23:58:20.142228+08:00,,,,,,,
2026-08-22,英冠,Blackburn Rovers vs Middlesbrough,Blackburn Rovers,Middlesbrough,让球主(+0.5),0.6196,1.95,0.1988,1,标准,,win,1.95,0.95,已结算,scan24h对账,0,纯数据无伤病情报;平局预警(市场去水平局>=26%),,,,,2026-08-22T22:00:00+08:00,,0.4,,,2026-08-22T23:58:20.142228+08:00,,,,,,,
2026-08-22,英冠,Blackburn Rovers vs Middlesbrough,Blackburn Rovers,Middlesbrough,让球客(-0.5),0.3804,2.02,-0.2376,,,,lose,0.0,-1.0,已结算,scan24h对账,0,纯数据无伤病情报;平局预警(市场去水平局>=26%),,,,,2026-08-22T22:00:00+08:00,,0.4,,,2026-08-22T23:58:20.142228+08:00,,,,,,,
2026-08-22,英冠,Blackburn Rovers vs Middlesbrough,Blackburn Rovers,Middlesbrough,小2.50,0.65,2.08,0.3461599652878218,,,,lose,0.0,-1.0,已结算,scan24h对账,0,纯数据无伤病情报;平局预警(市场去水平局>=26%),,,,,2026-08-22T22:00:00+08:00,,0.4,,,2026-08-22T23:58:20.142228+08:00,,,,,,,
2026-08-22,英冠,Blackburn Rovers vs Middlesbrough,Blackburn Rovers,Middlesbrough,大2.50,0.3086,1.91,-0.4131,,,,win,1.91,0.9099999999999999,已结算,scan24h对账,0,纯数据无伤病情报;平局预警(市场去水平局>=26%),,,,,2026-08-22T22:00:00+08:00,,0.4,,,2026-08-22T23:58:20.142228+08:00,,,,,,,
2026-08-22,英冠,Blackburn Rovers vs Middlesbrough,Blackburn Rovers,Middlesbrough,1X2主胜,0.3017,4.0,0.1944,,,,win,4.0,3.0,已结算,scan24h对账,0,纯数据无伤病情报;平局预警(市场去水平局>=26%),,,,,2026-08-22T22:00:00+08:00,,0.4,,,2026-08-22T23:58:20.142228+08:00,,,,,,,
2026-08-22,英冠,Blackburn Rovers vs Middlesbrough,Blackburn Rovers,Middlesbrough,1X2平局,0.3275,3.7,0.1991,,,,lose,0.0,-1.0,已结算,scan24h对账,0,纯数据无伤病情报;平局预警(市场去水平局>=26%),,,,,2026-08-22T22:00:00+08:00,,0.4,,,2026-08-22T23:58:20.142228+08:00,,,,,,,
2026-08-22,英冠,Blackburn Rovers vs Middlesbrough,Blackburn Rovers,Middlesbrough,1X2客胜,0.3708,2.04,-0.2514,,,,lose,0.0,-1.0,已结算,scan24h对账,0,纯数据无伤病情报;平局预警(市场去水平局>=26%),,,,,2026-08-22T22:00:00+08:00,,0.4,,,2026-08-22T23:58:20.142228+08:00,,,,,,,
2026-08-22,比甲,SV Zulte Waregem vs SK Beveren,SV Zulte Waregem,SK Beveren,让球主(-0.5),0.65,2.08,0.327565445026178,,,,win,2.08,1.08,已结算,scan24h对账,1,纯数据无伤病情报;λ过高(5.40);平局预警(市场去水平局>=26%);模型与市场分歧>20pp(模型76% vs 市场47%)->否决,,,,,2026-08-22T22:00:00+08:00,,1.3,,,2026-08-22T23:58:20.142228+08:00,,,,,,,
2026-08-22,比甲,SV Zulte Waregem vs SK Beveren,SV Zulte Waregem,SK Beveren,让球客(+0.5),0.236,1.86,-0.569,,,,lose,0.0,-1.0,已结算,scan24h对账,1,纯数据无伤病情报;λ过高(5.40);平局预警(市场去水平局>=26%);模型与市场分歧>20pp(模型76% vs 市场47%)->否决,,,,,2026-08-22T22:00:00+08:00,,1.3,,,2026-08-22T23:58:20.142228+08:00,,,,,,,
2026-08-22,比甲,SV Zulte Waregem vs SK Beveren,SV Zulte Waregem,SK Beveren,小2.50,0.0962,2.2,-0.7917,,,,lose,0.0,-1.0,已结算,scan24h对账,1,纯数据无伤病情报;λ过高(5.40);平局预警(市场去水平局>=26%);模型与市场分歧>20pp(模型76% vs 市场47%)->否决,,,,,2026-08-22T22:00:00+08:00,,1.3,,,2026-08-22T23:58:20.142228+08:00,,,,,,,
2026-08-22,比甲,SV Zulte Waregem vs SK Beveren,SV Zulte Waregem,SK Beveren,大2.50,0.65,1.78,0.13839898207568035,,,,win,1.78,0.78,已结算,scan24h对账,1,纯数据无伤病情报;λ过高(5.40);平局预警(市场去水平局>=26%);模型与市场分歧>20pp(模型76% vs 市场47%)->否决,,,,,2026-08-22T22:00:00+08:00,,1.3,,,2026-08-22T23:58:20.142228+08:00,,,,,,,
2026-08-22,比甲,SV Zulte Waregem vs SK Beveren,SV Zulte Waregem,SK Beveren,1X2主胜,0.65,2.1,0.3424731961750218,,,,win,2.1,1.1,已结算,scan24h对账,1,纯数据无伤病情报;λ过高(5.40);平局预警(市场去水平局>=26%);模型与市场分歧>20pp(模型76% vs 市场47%)->否决,,,,,2026-08-22T22:00:00+08:00,,1.3,,,2026-08-22T23:58:20.142228+08:00,,,,,,,
2026-08-22,比甲,SV Zulte Waregem vs SK Beveren,SV Zulte Waregem,SK Beveren,1X2平局,0.1575,3.65,-0.4348,,,,lose,0.0,-1.0,已结算,scan24h对账,1,纯数据无伤病情报;λ过高(5.40);平局预警(市场去水平局>=26%);模型与市场分歧>20pp(模型76% vs 市场47%)->否决,,,,,2026-08-22T22:00:00+08:00,,1.3,,,2026-08-22T23:58:20.142228+08:00,,,,,,,
2026-08-22,比甲,SV Zulte Waregem vs SK Beveren,SV Zulte Waregem,SK Beveren,1X2客胜,0.1523,3.75,-0.4383,,,,lose,0.0,-1.0,已结算,scan24h对账,1,纯数据无伤病情报;λ过高(5.40);平局预警(市场去水平局>=26%);模型与市场分歧>20pp(模型76% vs 市场47%)->否决,,,,,2026-08-22T22:00:00+08:00,,1.3,,,2026-08-22T23:58:20.142228+08:00,,,,,,,
2026-08-22,英超,Nottingham Forest vs Leeds United,Nottingham Forest,Leeds United,让球主(-0.2),0.4533,2.08,-0.0611,,,,lose,0.0,-1.0,已结算,scan24h对账,1,纯数据无伤病情报;伤停>2人(主0/客3);平局预警(市场去水平局>=26%);模型与市场分歧>20pp(模型75% vs 市场54%)->否决,,,,,2026-08-22T22:00:00+08:00,,1.3,,,2026-08-22T23:58:20.142228+08:00,,,,,,,
2026-08-22,英超,Nottingham Forest vs Leeds United,Nottingham Forest,Leeds United,让球客(+0.2),0.5467,1.91,0.0396,,,,win,1.91,0.9099999999999999,已结算,scan24h对账,1,纯数据无伤病情报;伤停>2人(主0/客3);平局预警(市场去水平局>=26%);模型与市场分歧>20pp(模型75% vs 市场54%)->否决,,,,,2026-08-22T22:00:00+08:00,,1.3,,,2026-08-22T23:58:20.142228+08:00,,,,,,,
2026-08-22,英超,Nottingham Forest vs Leeds United,Nottingham Forest,Leeds United,小2.50,0.65,1.83,0.18341778903853845,,,,win,1.83,0.8300000000000001,已结算,scan24h对账,1,纯数据无伤病情报;伤停>2人(主0/客3);平局预警(市场去水平局>=26%);模型与市场分歧>20pp(模型75% vs 市场54%)->否决,,,,,2026-08-22T22:00:00+08:00,,1.3,,,2026-08-22T23:58:20.142228+08:00,,,,,,,
2026-08-22,英超,Nottingham Forest vs Leeds United,Nottingham Forest,Leeds United,大2.50,0.2501,2.18,-0.4576,,,,lose,0.0,-1.0,已结算,scan24h对账,1,纯数据无伤病情报;伤停>2人(主0/客3);平局预警(市场去水平局>=26%);模型与市场分歧>20pp(模型75% vs 市场54%)->否决,,,,,2026-08-22T22:00:00+08:00,,1.3,,,2026-08-22T23:58:20.142228+08:00,,,,,,,
2026-08-22,英超,Nottingham Forest vs Leeds United,Nottingham Forest,Leeds United,1X2主胜,0.4291,2.4,0.0244,,,,lose,0.0,-1.0,已结算,scan24h对账,1,纯数据无伤病情报;伤停>2人(主0/客3);平局预警(市场去水平局>=26%);模型与市场分歧>20pp(模型75% vs 市场54%)->否决,,,,,2026-08-22T22:00:00+08:00,,1.3,,,2026-08-22T23:58:20.142228+08:00,,,,,,,
2026-08-22,英超,Nottingham Forest vs Leeds United,Nottingham Forest,Leeds United,1X2平局,0.3296,3.5,0.1475,,,,lose,0.0,-1.0,已结算,scan24h对账,1,纯数据无伤病情报;伤停>2人(主0/客3);平局预警(市场去水平局>=26%);模型与市场分歧>20pp(模型75% vs 市场54%)->否决,,,,,2026-08-22T22:00:00+08:00,,1.3,,,2026-08-22T23:58:20.142228+08:00,,,,,,,
2026-08-22,英超,Nottingham Forest vs Leeds United,Nottingham Forest,Leeds United,1X2客胜,0.2412,3.3,-0.2082,,,,win,3.3,2.3,已结算,scan24h对账,1,纯数据无伤病情报;伤停>2人(主0/客3);平局预警(市场去水平局>=26%);模型与市场分歧>20pp(模型75% vs 市场54%)->否决,,,,,2026-08-22T22:00:00+08:00,,1.3,,,2026-08-22T23:58:20.142228+08:00,,,,,,,
2026-08-22,英超,Ipswich Town vs Sunderland,Ipswich Town,Sunderland,让球主(+0.0),0.65,2.02,0.3060559006211181,,,,win,2.02,1.02,已结算,scan24h对账,1,纯数据无伤病情报;平局预警(市场去水平局>=26%);模型与市场分歧>20pp(模型80% vs 市场49%)->否决,,,,,2026-08-22T22:00:00+08:00,,1.3,,,2026-08-22T23:58:20.142228+08:00,,,,,,,
2026-08-22,英超,Ipswich Town vs Sunderland,Ipswich Town,Sunderland,让球客(-0.0),0.195,1.96,-0.6197,,,,lose,0.0,-1.0,已结算,scan24h对账,1,纯数据无伤病情报;平局预警(市场去水平局>=26%);模型与市场分歧>20pp(模型80% vs 市场49%)->否决,,,,,2026-08-22T22:00:00+08:00,,1.3,,,2026-08-22T23:58:20.142228+08:00,,,,,,,
2026-08-22,英超,Ipswich Town vs Sunderland,Ipswich Town,Sunderland,小2.50,0.6061,1.79,0.0794,,,,lose,0.0,-1.0,已结算,scan24h对账,1,纯数据无伤病情报;平局预警(市场去水平局>=26%);模型与市场分歧>20pp(模型80% vs 市场49%)->否决,,,,,2026-08-22T22:00:00+08:00,,1.3,,,2026-08-22T23:58:20.142228+08:00,,,,,,,
2026-08-22,英超,Ipswich Town vs Sunderland,Ipswich Town,Sunderland,大2.50,0.3939,2.24,-0.1221,,,,win,2.24,1.2400000000000002,已结算,scan24h对账,1,纯数据无伤病情报;平局预警(市场去水平局>=26%);模型与市场分歧>20pp(模型80% vs 市场49%)->否决,,,,,2026-08-22T22:00:00+08:00,,1.3,,,2026-08-22T23:58:20.142228+08:00,,,,,,,
2026-08-22,英超,Ipswich Town vs Sunderland,Ipswich Town,Sunderland,1X2主胜,0.6342,2.88,0.8245,,,,win,2.88,1.88,已结算,scan24h对账,1,纯数据无伤病情报;平局预警(市场去水平局>=26%);模型与市场分歧>20pp(模型80% vs 市场49%)->否决,,,,,2026-08-22T22:00:00+08:00,,1.3,,,2026-08-22T23:58:20.142228+08:00,,,,,,,
2026-08-22,英超,Ipswich Town vs Sunderland,Ipswich Town,Sunderland,1X2平局,0.2436,3.4,-0.1727,,,,lose,0.0,-1.0,已结算,scan24h对账,1,纯数据无伤病情报;平局预警(市场去水平局>=26%);模型与市场分歧>20pp(模型80% vs 市场49%)->否决,,,,,2026-08-22T22:00:00+08:00,,1.3,,,2026-08-22T23:58:20.142228+08:00,,,,,,,
2026-08-22,英超,Ipswich Town vs Sunderland,Ipswich Town,Sunderland,1X2客胜,0.1222,2.78,-0.6605,,,,lose,0.0,-1.0,已结算,scan24h对账,1,纯数据无伤病情报;平局预警(市场去水平局>=26%);模型与市场分歧>20pp(模型80% vs 市场49%)->否决,,,,,2026-08-22T22:00:00+08:00,,1.3,,,2026-08-22T23:58:20.142228+08:00,,,,,,,
2026-08-22,英乙,Shrewsbury Town vs Barnet,Shrewsbury Town,Barnet,让球主(+0.5),0.525,1.87,-0.0333,,,,lose,0.0,-1.0,已结算,scan24h对账,0,纯数据无伤病情报;平局预警(市场去水平局>=26%),,,,,2026-08-22T22:00:00+08:00,,1.4,,,2026-08-23T00:07:47.337420+08:00,,,,,,,
2026-08-22,英乙,Shrewsbury Town vs Barnet,Shrewsbury Town,Barnet,让球客(-0.5),0.475,2.08,-0.0271,,,,win,2.08,1.08,已结算,scan24h对账,0,纯数据无伤病情报;平局预警(市场去水平局>=26%),,,,,2026-08-22T22:00:00+08:00,,1.4,,,2026-08-23T00:07:47.337420+08:00,,,,,,,
2026-08-22,英乙,Shrewsbury Town vs Barnet,Shrewsbury Town,Barnet,小2.50,0.4967,1.93,-0.0538,,,,lose,0.0,-1.0,已结算,scan24h对账,0,纯数据无伤病情报;平局预警(市场去水平局>=26%),,,,,2026-08-22T22:00:00+08:00,,1.4,,,2026-08-23T00:07:47.337420+08:00,,,,,,,
2026-08-22,英乙,Shrewsbury Town vs Barnet,Shrewsbury Town,Barnet,大2.50,0.5033,2.02,0.0034,,,,win,2.02,1.02,已结算,scan24h对账,0,纯数据无伤病情报;平局预警(市场去水平局>=26%),,,,,2026-08-22T22:00:00+08:00,,1.4,,,2026-08-23T00:07:47.337420+08:00,,,,,,,
2026-08-22,英乙,Shrewsbury Town vs Barnet,Shrewsbury Town,Barnet,1X2主胜,0.2789,3.95,0.0896,,,,lose,0.0,-1.0,已结算,scan24h对账,0,纯数据无伤病情报;平局预警(市场去水平局>=26%),,,,,2026-08-22T22:00:00+08:00,,1.4,,,2026-08-23T00:07:47.337420+08:00,,,,,,,
2026-08-22,英乙,Shrewsbury Town vs Barnet,Shrewsbury Town,Barnet,1X2平局,0.2756,3.55,-0.0324,,,,lose,0.0,-1.0,已结算,scan24h对账,0,纯数据无伤病情报;平局预警(市场去水平局>=26%),,,,,2026-08-22T22:00:00+08:00,,1.4,,,2026-08-23T00:07:47.337420+08:00,,,,,,,
2026-08-22,英乙,Shrewsbury Town vs Barnet,Shrewsbury Town,Barnet,1X2客胜,0.4456,2.1,-0.0746,,,,win,2.1,1.1,已结算,scan24h对账,0,纯数据无伤病情报;平局预警(市场去水平局>=26%),,,,,2026-08-22T22:00:00+08:00,,1.4,,,2026-08-23T00:07:47.337420+08:00,,,,,,,
2026-08-22,英乙,Port Vale vs Tranmere Rovers,Port Vale,Tranmere Rovers,让球主(-0.5),0.6472,2.0,0.2612,1,高价值,,lose,0.0,-1.0,已结算,scan24h对账,0,纯数据无伤病情报;平局预警(市场去水平局>=26%),,,,,2026-08-22T22:00:00+08:00,,1.4,,,2026-08-23T00:07:47.337420+08:00,,,,,,,
2026-08-22,英乙,Port Vale vs Tranmere Rovers,Port Vale,Tranmere Rovers,让球客(+0.5),0.3528,1.9,-0.3469,,,,win,1.9,0.8999999999999999,已结算,scan24h对账,0,纯数据无伤病情报;平局预警(市场去水平局>=26%),,,,,2026-08-22T22:00:00+08:00,,1.4,,,2026-08-23T00:07:47.337420+08:00,,,,,,,
2026-08-22,英乙,Port Vale vs Tranmere Rovers,Port Vale,Tranmere Rovers,小2.50,0.4368,1.76,-0.2422,,,,win,1.76,0.76,已结算,scan24h对账,0,纯数据无伤病情报;平局预警(市场去水平局>=26%),,,,,2026-08-22T22:00:00+08:00,,1.4,,,2026-08-23T00:07:47.337420+08:00,,,,,,,
2026-08-22,英乙,Port Vale vs Tranmere Rovers,Port Vale,Tranmere Rovers,大2.50,0.5632,2.24,0.2433,,,,lose,0.0,-1.0,已结算,scan24h对账,0,纯数据无伤病情报;平局预警(市场去水平局>=26%),,,,,2026-08-22T22:00:00+08:00,,1.4,,,2026-08-23T00:07:47.337420+08:00,,,,,,,
2026-08-22,英乙,Port Vale vs Tranmere Rovers,Port Vale,Tranmere Rovers,1X2主胜,0.5865,2.04,0.1815,,,,lose,0.0,-1.0,已结算,scan24h对账,0,纯数据无伤病情报;平局预警(市场去水平局>=26%),,,,,2026-08-22T22:00:00+08:00,,1.4,,,2026-08-23T00:07:47.337420+08:00,,,,,,,
2026-08-22,英乙,Port Vale vs Tranmere Rovers,Port Vale,Tranmere Rovers,1X2平局,0.2368,3.45,-0.1932,,,,win,3.45,2.45,已结算,scan24h对账,0,纯数据无伤病情报;平局预警(市场去水平局>=26%),,,,,2026-08-22T22:00:00+08:00,,1.4,,,2026-08-23T00:07:47.337420+08:00,,,,,,,
2026-08-22,英乙,Port Vale vs Tranmere Rovers,Port Vale,Tranmere Rovers,1X2客胜,0.1767,4.3,-0.2497,,,,lose,0.0,-1.0,已结算,scan24h对账,0,纯数据无伤病情报;平局预警(市场去水平局>=26%),,,,,2026-08-22T22:00:00+08:00,,1.4,,,2026-08-23T00:07:47.337420+08:00,,,,,,,
2026-08-22,英超,Everton vs Crystal Palace,Everton,Crystal Palace,让球主(-0.2),0.4384,2.02,-0.1214,,,,win,2.02,1.02,已结算,scan24h对账,0,纯数据无伤病情报;伤停>2人(主3/客1);平局预警(市场去水平局>=26%),,,,,2026-08-22T22:00:00+08:00,,1.3,,,2026-08-23T00:07:47.337420+08:00,,,,,,,
2026-08-22,英超,Everton vs Crystal Palace,Everton,Crystal Palace,让球客(+0.2),0.5616,1.95,0.0866,,,,lose,0.0,-1.0,已结算,scan24h对账,0,纯数据无伤病情报;伤停>2人(主3/客1);平局预警(市场去水平局>=26%),,,,,2026-08-22T22:00:00+08:00,,1.3,,,2026-08-23T00:07:47.337420+08:00,,,,,,,
2026-08-22,英超,Everton vs Crystal Palace,Everton,Crystal Palace,小2.50,0.6331,1.92,0.208,2,高价值,,win,1.92,0.9199999999999999,已结算,scan24h对账,0,纯数据无伤病情报;伤停>2人(主3/客1);平局预警(市场去水平局>=26%),,,,,2026-08-22T22:00:00+08:00,,1.3,,,2026-08-23T00:07:47.337420+08:00,,,,,,,
2026-08-22,英超,Everton vs Crystal Palace,Everton,Crystal Palace,大2.50,0.3669,2.06,-0.2489,,,,lose,0.0,-1.0,已结算,scan24h对账,0,纯数据无伤病情报;伤停>2人(主3/客1);平局预警(市场去水平局>=26%),,,,,2026-08-22T22:00:00+08:00,,1.3,,,2026-08-23T00:07:47.337420+08:00,,,,,,,
2026-08-22,英超,Everton vs Crystal Palace,Everton,Crystal Palace,1X2主胜,0.4166,2.26,-0.0603,,,,win,2.26,1.2599999999999998,已结算,scan24h对账,0,纯数据无伤病情报;伤停>2人(主3/客1);平局预警(市场去水平局>=26%),,,,,2026-08-22T22:00:00+08:00,,1.3,,,2026-08-23T00:07:47.337420+08:00,,,,,,,
2026-08-22,英超,Everton vs Crystal Palace,Everton,Crystal Palace,1X2平局,0.2986,3.55,0.058,,,,lose,0.0,-1.0,已结算,scan24h对账,0,纯数据无伤病情报;伤停>2人(主3/客1);平局预警(市场去水平局>=26%),,,,,2026-08-22T22:00:00+08:00,,1.3,,,2026-08-23T00:07:47.337420+08:00,,,,,,,
2026-08-22,英超,Everton vs Crystal Palace,Everton,Crystal Palace,1X2客胜,0.2848,3.6,0.0232,,,,lose,0.0,-1.0,已结算,scan24h对账,0,纯数据无伤病情报;伤停>2人(主3/客1);平局预警(市场去水平局>=26%),,,,,2026-08-22T22:00:00+08:00,,1.3,,,2026-08-23T00:07:47.337420+08:00,,,,,,,
2026-08-22,葡超,CS Marítimo vs Académico Viseu FC,CS Marítimo,Académico Viseu FC,让球主(-0.5),0.4901,2.1,0.0181,,,,lose,0.0,-1.0,已结算,scan24h对账,0,纯数据无伤病情报;平局预警(市场去水平局>=26%),,,,,2026-08-22T22:30:00+08:00,,1.8,,,2026-08-23T00:53:37.704640+08:00,,,,,,,
2026-08-22,葡超,CS Marítimo vs Académico Viseu FC,CS Marítimo,Académico Viseu FC,让球客(+0.5),0.5099,1.87,-0.0568,,,,win,1.87,0.8700000000000001,已结算,scan24h对账,0,纯数据无伤病情报;平局预警(市场去水平局>=26%),,,,,2026-08-22T22:30:00+08:00,,1.8,,,2026-08-23T00:53:37.704640+08:00,,,,,,,
2026-08-22,葡超,CS Marítimo vs Académico Viseu FC,CS Marítimo,Académico Viseu FC,小2.50,0.5182,1.71,-0.1182,,,,lose,0.0,-1.0,已结算,scan24h对账,0,纯数据无伤病情报;平局预警(市场去水平局>=26%),,,,,2026-08-22T22:30:00+08:00,,1.8,,,2026-08-23T00:53:37.704640+08:00,,,,,,,
2026-08-22,葡超,CS Marítimo vs Académico Viseu FC,CS Marítimo,Académico Viseu FC,大2.50,0.4818,2.38,0.1409,1,标准,,win,2.38,1.38,已结算,scan24h对账,0,纯数据无伤病情报;平局预警(市场去水平局>=26%),,,,,2026-08-22T22:30:00+08:00,,1.8,,,2026-08-23T00:53:37.704640+08:00,,,,,,,
2026-08-22,葡超,CS Marítimo vs Académico Viseu FC,CS Marítimo,Académico Viseu FC,1X2主胜,0.4576,2.12,-0.0393,,,,lose,0.0,-1.0,已结算,scan24h对账,0,纯数据无伤病情报;平局预警(市场去水平局>=26%),,,,,2026-08-22T22:30:00+08:00,,1.8,,,2026-08-23T00:53:37.704640+08:00,,,,,,,
2026-08-22,葡超,CS Marítimo vs Académico Viseu FC,CS Marítimo,Académico Viseu FC,1X2平局,0.2798,3.4,-0.0579,,,,win,3.4,2.4,已结算,scan24h对账,0,纯数据无伤病情报;平局预警(市场去水平局>=26%),,,,,2026-08-22T22:30:00+08:00,,1.8,,,2026-08-23T00:53:37.704640+08:00,,,,,,,
2026-08-22,葡超,CS Marítimo vs Académico Viseu FC,CS Marítimo,Académico Viseu FC,1X2客胜,0.2626,4.1,0.0665,,,,lose,0.0,-1.0,已结算,scan24h对账,0,纯数据无伤病情报;平局预警(市场去水平局>=26%),,,,,2026-08-22T22:30:00+08:00,,1.8,,,2026-08-23T00:53:37.704640+08:00,,,,,,,
2026-08-22,荷甲,Fortuna Sittard vs AZ Alkmaar,Fortuna Sittard,AZ Alkmaar,让球主(+1.0),0.65,1.87,0.18029367366543148,,,,lose,0.0,-1.0,已结算,scan24h对账,1,纯数据无伤病情报;伤停>2人(主1/客3);模型与市场分歧>20pp(模型73% vs 市场52%)->否决,,,,,2026-08-22T22:30:00+08:00,,1.8,,,2026-08-23T00:53:37.704640+08:00,,,,,,,
2026-08-22,荷甲,Fortuna Sittard vs AZ Alkmaar,Fortuna Sittard,AZ Alkmaar,让球客(-1.0),0.2713,2.02,-0.4678,,,,win,2.02,1.02,已结算,scan24h对账,1,纯数据无伤病情报;伤停>2人(主1/客3);模型与市场分歧>20pp(模型73% vs 市场52%)->否决,,,,,2026-08-22T22:30:00+08:00,,1.8,,,2026-08-23T00:53:37.704640+08:00,,,,,,,
2026-08-22,荷甲,Fortuna Sittard vs AZ Alkmaar,Fortuna Sittard,AZ Alkmaar,小2.50,0.65,2.62,0.6036447638603699,,,,win,2.62,1.62,已结算,scan24h对账,1,纯数据无伤病情报;伤停>2人(主1/客3);模型与市场分歧>20pp(模型73% vs 市场52%)->否决,,,,,2026-08-22T22:30:00+08:00,,1.8,,,2026-08-23T00:53:37.704640+08:00,,,,,,,
2026-08-22,荷甲,Fortuna Sittard vs AZ Alkmaar,Fortuna Sittard,AZ Alkmaar,大2.50,0.3182,1.47,-0.5595,,,,lose,0.0,-1.0,已结算,scan24h对账,1,纯数据无伤病情报;伤停>2人(主1/客3);模型与市场分歧>20pp(模型73% vs 市场52%)->否决,,,,,2026-08-22T22:30:00+08:00,,1.8,,,2026-08-23T00:53:37.704640+08:00,,,,,,,
2026-08-22,荷甲,Fortuna Sittard vs AZ Alkmaar,Fortuna Sittard,AZ Alkmaar,1X2主胜,0.3097,5.2,0.6004,,,,lose,0.0,-1.0,已结算,scan24h对账,1,纯数据无伤病情报;伤停>2人(主1/客3);模型与市场分歧>20pp(模型73% vs 市场52%)->否决,,,,,2026-08-22T22:30:00+08:00,,1.8,,,2026-08-23T00:53:37.704640+08:00,,,,,,,
2026-08-22,荷甲,Fortuna Sittard vs AZ Alkmaar,Fortuna Sittard,AZ Alkmaar,1X2平局,0.314,4.3,0.3416,,,,lose,0.0,-1.0,已结算,scan24h对账,1,纯数据无伤病情报;伤停>2人(主1/客3);模型与市场分歧>20pp(模型73% vs 市场52%)->否决,,,,,2026-08-22T22:30:00+08:00,,1.8,,,2026-08-23T00:53:37.704640+08:00,,,,,,,
2026-08-22,荷甲,Fortuna Sittard vs AZ Alkmaar,Fortuna Sittard,AZ Alkmaar,1X2客胜,0.3763,1.72,-0.3567,,,,win,1.72,0.72,已结算,scan24h对账,1,纯数据无伤病情报;伤停>2人(主1/客3);模型与市场分歧>20pp(模型73% vs 市场52%)->否决,,,,,2026-08-22T22:30:00+08:00,,1.8,,,2026-08-23T00:53:37.704640+08:00,,,,,,,
2026-08-22,西乙,Real Oviedo vs Leganés,Real Oviedo,Leganés,让球主(-0.5),0.4447,1.88,-0.167,,,,lose,0.0,-1.0,已结算,scan24h对账,0,纯数据无伤病情报;平局预警(市场去水平局>=26%);让球客标准档降星,,,,,2026-08-22T23:00:00+08:00,,2.3,,,2026-08-23T09:28:25.571678+08:00,,,,,,,
2026-08-22,西乙,Real Oviedo vs Leganés,Real Oviedo,Leganés,让球客(+0.5),0.5553,2.12,0.173,1,标准,,win,2.12,1.12,已结算,scan24h对账,0,纯数据无伤病情报;平局预警(市场去水平局>=26%);让球客标准档降星,,,,,2026-08-22T23:00:00+08:00,,2.3,,,2026-08-23T09:28:25.571678+08:00,,,,,,,
2026-08-22,西乙,Real Oviedo vs Leganés,Real Oviedo,Leganés,小2.50,0.65,1.63,0.016141640415354264,,,,win,1.63,0.6299999999999999,已结算,scan24h对账,0,纯数据无伤病情报;平局预警(市场去水平局>=26%);让球客标准档降星,,,,,2026-08-22T23:00:00+08:00,,2.3,,,2026-08-23T09:28:25.571678+08:00,,,,,,,
2026-08-22,西乙,Real Oviedo vs Leganés,Real Oviedo,Leganés,大2.50,0.1429,2.33,-0.6808,,,,lose,0.0,-1.0,已结算,scan24h对账,0,纯数据无伤病情报;平局预警(市场去水平局>=26%);让球客标准档降星,,,,,2026-08-22T23:00:00+08:00,,2.3,,,2026-08-23T09:28:25.571678+08:00,,,,,,,
2026-08-22,西乙,Real Oviedo vs Leganés,Real Oviedo,Leganés,1X2主胜,0.425,1.88,-0.2072,,,,lose,0.0,-1.0,已结算,scan24h对账,0,纯数据无伤病情报;平局预警(市场去水平局>=26%);让球客标准档降星,,,,,2026-08-22T23:00:00+08:00,,2.3,,,2026-08-23T09:28:25.571678+08:00,,,,,,,
2026-08-22,西乙,Real Oviedo vs Leganés,Real Oviedo,Leganés,1X2平局,0.3835,3.4,0.2936,,,,lose,0.0,-1.0,已结算,scan24h对账,0,纯数据无伤病情报;平局预警(市场去水平局>=26%);让球客标准档降星,,,,,2026-08-22T23:00:00+08:00,,2.3,,,2026-08-23T09:28:25.571678+08:00,,,,,,,
2026-08-22,西乙,Real Oviedo vs Leganés,Real Oviedo,Leganés,1X2客胜,0.1916,5.5,0.0454,,,,win,5.5,4.5,已结算,scan24h对账,0,纯数据无伤病情报;平局预警(市场去水平局>=26%);让球客标准档降星,,,,,2026-08-22T23:00:00+08:00,,2.3,,,2026-08-23T09:28:25.571678+08:00,,,,,,,
2026-08-22,西甲,Athletic Club vs Sevilla,Athletic Club,Sevilla,让球主(-0.8),0.4891,2.02,-0.0197,,,,lose,0.0,-1.0,已结算,scan24h对账,0,纯数据无伤病情报;平局预警(市场去水平局>=26%),,,,,2026-08-22T23:00:00+08:00,,2.3,,,2026-08-23T09:28:25.571678+08:00,,,,,,,
2026-08-22,西甲,Athletic Club vs Sevilla,Athletic Club,Sevilla,让球客(+0.8),0.5109,1.95,-0.0116,,,,win,1.95,0.95,已结算,scan24h对账,0,纯数据无伤病情报;平局预警(市场去水平局>=26%),,,,,2026-08-22T23:00:00+08:00,,2.3,,,2026-08-23T09:28:25.571678+08:00,,,,,,,
2026-08-22,西甲,Athletic Club vs Sevilla,Athletic Club,Sevilla,小2.50,0.5246,1.73,-0.1072,,,,lose,0.0,-1.0,已结算,scan24h对账,0,纯数据无伤病情报;平局预警(市场去水平局>=26%),,,,,2026-08-22T23:00:00+08:00,,2.3,,,2026-08-23T09:28:25.571678+08:00,,,,,,,
2026-08-22,西甲,Athletic Club vs Sevilla,Athletic Club,Sevilla,大2.50,0.4754,2.28,0.0661,1,观察,,win,2.28,1.2799999999999998,已结算,scan24h对账,0,纯数据无伤病情报;平局预警(市场去水平局>=26%),,,,,2026-08-22T23:00:00+08:00,,2.3,,,2026-08-23T09:28:25.571678+08:00,,,,,,,
2026-08-22,西甲,Athletic Club vs Sevilla,Athletic Club,Sevilla,1X2主胜,0.4568,1.78,-0.1877,,,,lose,0.0,-1.0,已结算,scan24h对账,0,纯数据无伤病情报;平局预警(市场去水平局>=26%),,,,,2026-08-22T23:00:00+08:00,,2.3,,,2026-08-23T09:28:25.571678+08:00,,,,,,,
2026-08-22,西甲,Athletic Club vs Sevilla,Athletic Club,Sevilla,1X2平局,0.2717,3.75,0.0178,,,,lose,0.0,-1.0,已结算,scan24h对账,0,纯数据无伤病情报;平局预警(市场去水平局>=26%),,,,,2026-08-22T23:00:00+08:00,,2.3,,,2026-08-23T09:28:25.571678+08:00,,,,,,,
2026-08-22,西甲,Athletic Club vs Sevilla,Athletic Club,Sevilla,1X2客胜,0.2716,5.8,0.5738,,,,win,5.8,4.8,已结算,scan24h对账,0,纯数据无伤病情报;平局预警(市场去水平局>=26%),,,,,2026-08-22T23:00:00+08:00,,2.3,,,2026-08-23T09:28:25.571678+08:00,,,,,,,
2026-08-22,法甲,RC Lens vs Auxerre,RC Lens,Auxerre,让球主(-1.0),0.65,1.94,0.22954636692091523,,,,win,1.94,0.94,已结算,scan24h对账,1,纯数据无伤病情报;伤停>2人(主5/客7);模型与市场分歧>20pp(模型75% vs 市场50%)->否决,,,,,2026-08-22T23:15:00+08:00,,2.5,,,2026-08-23T09:28:25.571678+08:00,,,,,,,
2026-08-22,法甲,RC Lens vs Auxerre,RC Lens,Auxerre,让球客(+1.0),0.2527,1.96,-0.5172,,,,lose,0.0,-1.0,已结算,scan24h对账,1,纯数据无伤病情报;伤停>2人(主5/客7);模型与市场分歧>20pp(模型75% vs 市场50%)->否决,,,,,2026-08-22T23:15:00+08:00,,2.5,,,2026-08-23T09:28:25.571678+08:00,,,,,,,
2026-08-22,法甲,RC Lens vs Auxerre,RC Lens,Auxerre,小2.50,0.2738,2.38,-0.3583,,,,lose,0.0,-1.0,已结算,scan24h对账,1,纯数据无伤病情报;伤停>2人(主5/客7);模型与市场分歧>20pp(模型75% vs 市场50%)->否决,,,,,2026-08-22T23:15:00+08:00,,2.5,,,2026-08-23T09:28:25.571678+08:00,,,,,,,
2026-08-22,法甲,RC Lens vs Auxerre,RC Lens,Auxerre,大2.50,0.65,1.68,0.07542687964748018,,,,win,1.68,0.6799999999999999,已结算,scan24h对账,1,纯数据无伤病情报;伤停>2人(主5/客7);模型与市场分歧>20pp(模型75% vs 市场50%)->否决,,,,,2026-08-22T23:15:00+08:00,,2.5,,,2026-08-23T09:28:25.571678+08:00,,,,,,,
2026-08-22,法甲,RC Lens vs Auxerre,RC Lens,Auxerre,1X2主胜,0.65,1.54,-0.003991101805809971,,,,win,1.54,0.54,已结算,scan24h对账,1,纯数据无伤病情报;伤停>2人(主5/客7);模型与市场分歧>20pp(模型75% vs 市场50%)->否决,,,,,2026-08-22T23:15:00+08:00,,2.5,,,2026-08-23T09:28:25.571678+08:00,,,,,,,
2026-08-22,法甲,RC Lens vs Auxerre,RC Lens,Auxerre,1X2平局,0.1527,4.7,-0.2858,,,,lose,0.0,-1.0,已结算,scan24h对账,1,纯数据无伤病情报;伤停>2人(主5/客7);模型与市场分歧>20pp(模型75% vs 市场50%)->否决,,,,,2026-08-22T23:15:00+08:00,,2.5,,,2026-08-23T09:28:25.571678+08:00,,,,,,,
2026-08-22,法甲,RC Lens vs Auxerre,RC Lens,Auxerre,1X2客胜,0.0831,7.0,-0.4211,,,,lose,0.0,-1.0,已结算,scan24h对账,1,纯数据无伤病情报;伤停>2人(主5/客7);模型与市场分歧>20pp(模型75% vs 市场50%)->否决,,,,,2026-08-22T23:15:00+08:00,,2.5,,,2026-08-23T09:28:25.571678+08:00,,,,,,,
2026-08-23,土超,Çorum FK vs Kasımpaşa,Çorum FK,Kasımpaşa,让球主(-0.2),0.5289,1.99,0.0203,,,,lose,0.0,-1.0,已结算,scan24h对账,0,纯数据无伤病情报;平局预警(市场去水平局>=26%),,,,,2026-08-23T00:00:00+08:00,,3.3,,,2026-08-23T09:28:25.571678+08:00,,,,,,,
2026-08-23,土超,Çorum FK vs Kasımpaşa,Çorum FK,Kasımpaşa,让球客(+0.2),0.4711,1.89,-0.1369,,,,win,1.89,0.8899999999999999,已结算,scan24h对账,0,纯数据无伤病情报;平局预警(市场去水平局>=26%),,,,,2026-08-23T00:00:00+08:00,,3.3,,,2026-08-23T09:28:25.571678+08:00,,,,,,,
2026-08-23,土超,Çorum FK vs Kasımpaşa,Çorum FK,Kasımpaşa,小2.50,0.4535,2.02,-0.0934,,,,win,2.02,1.02,已结算,scan24h对账,0,纯数据无伤病情报;平局预警(市场去水平局>=26%),,,,,2026-08-23T00:00:00+08:00,,3.3,,,2026-08-23T09:28:25.571678+08:00,,,,,,,
2026-08-23,土超,Çorum FK vs Kasımpaşa,Çorum FK,Kasımpaşa,大2.50,0.5465,1.94,0.0491,,,,lose,0.0,-1.0,已结算,scan24h对账,0,纯数据无伤病情报;平局预警(市场去水平局>=26%),,,,,2026-08-23T00:00:00+08:00,,3.3,,,2026-08-23T09:28:25.571678+08:00,,,,,,,
2026-08-23,土超,Çorum FK vs Kasımpaşa,Çorum FK,Kasımpaşa,1X2主胜,0.4885,2.1,0.0158,,,,lose,0.0,-1.0,已结算,scan24h对账,0,纯数据无伤病情报;平局预警(市场去水平局>=26%),,,,,2026-08-23T00:00:00+08:00,,3.3,,,2026-08-23T09:28:25.571678+08:00,,,,,,,
2026-08-23,土超,Çorum FK vs Kasımpaşa,Çorum FK,Kasımpaşa,1X2平局,0.2617,3.65,-0.0542,,,,lose,0.0,-1.0,已结算,scan24h对账,0,纯数据无伤病情报;平局预警(市场去水平局>=26%),,,,,2026-08-23T00:00:00+08:00,,3.3,,,2026-08-23T09:28:25.571678+08:00,,,,,,,
2026-08-23,土超,Çorum FK vs Kasımpaşa,Çorum FK,Kasımpaşa,1X2客胜,0.2498,3.85,-0.0477,,,,win,3.85,2.85,已结算,scan24h对账,0,纯数据无伤病情报;平局预警(市场去水平局>=26%),,,,,2026-08-23T00:00:00+08:00,,3.3,,,2026-08-23T09:28:25.571678+08:00,,,,,,,
2026-08-23,土超,Çaykur Rizespor vs Samsunspor,Çaykur Rizespor,Samsunspor,让球主(-0.2),0.65,1.87,0.18301366263794017,,,,lose,0.0,-1.0,已结算,scan24h对账,1,纯数据无伤病情报;伤停>2人(主1/客6);λ过高(4.14);平局预警(市场去水平局>=26%);模型与市场分歧>20pp(模型76% vs 市场52%)->否决,,,,,2026-08-23T00:00:00+08:00,,3.3,,,2026-08-23T09:28:25.571678+08:00,,,,,,,
2026-08-23,土超,Çaykur Rizespor vs Samsunspor,Çaykur Rizespor,Samsunspor,让球客(+0.2),0.2388,2.03,-0.5281,,,,win,2.03,1.0299999999999998,已结算,scan24h对账,1,纯数据无伤病情报;伤停>2人(主1/客6);λ过高(4.14);平局预警(市场去水平局>=26%);模型与市场分歧>20pp(模型76% vs 市场52%)->否决,,,,,2026-08-23T00:00:00+08:00,,3.3,,,2026-08-23T09:28:25.571678+08:00,,,,,,,
2026-08-23,土超,Çaykur Rizespor vs Samsunspor,Çaykur Rizespor,Samsunspor,小2.50,0.2196,2.1,-0.5425,,,,win,2.1,1.1,已结算,scan24h对账,1,纯数据无伤病情报;伤停>2人(主1/客6);λ过高(4.14);平局预警(市场去水平局>=26%);模型与市场分歧>20pp(模型76% vs 市场52%)->否决,,,,,2026-08-23T00:00:00+08:00,,3.3,,,2026-08-23T09:28:25.571678+08:00,,,,,,,
2026-08-23,土超,Çaykur Rizespor vs Samsunspor,Çaykur Rizespor,Samsunspor,大2.50,0.65,1.88,0.2121283956945157,,,,lose,0.0,-1.0,已结算,scan24h对账,1,纯数据无伤病情报;伤停>2人(主1/客6);λ过高(4.14);平局预警(市场去水平局>=26%);模型与市场分歧>20pp(模型76% vs 市场52%)->否决,,,,,2026-08-23T00:00:00+08:00,,3.3,,,2026-08-23T09:28:25.571678+08:00,,,,,,,
2026-08-23,土超,Çaykur Rizespor vs Samsunspor,Çaykur Rizespor,Samsunspor,1X2主胜,0.65,2.14,0.3836240732664631,,,,lose,0.0,-1.0,已结算,scan24h对账,1,纯数据无伤病情报;伤停>2人(主1/客6);λ过高(4.14);平局预警(市场去水平局>=26%);模型与市场分歧>20pp(模型76% vs 市场52%)->否决,,,,,2026-08-23T00:00:00+08:00,,3.3,,,2026-08-23T09:28:25.571678+08:00,,,,,,,
2026-08-23,土超,Çaykur Rizespor vs Samsunspor,Çaykur Rizespor,Samsunspor,1X2平局,0.1754,3.55,-0.3805,,,,lose,0.0,-1.0,已结算,scan24h对账,1,纯数据无伤病情报;伤停>2人(主1/客6);λ过高(4.14);平局预警(市场去水平局>=26%);模型与市场分歧>20pp(模型76% vs 市场52%)->否决,,,,,2026-08-23T00:00:00+08:00,,3.3,,,2026-08-23T09:28:25.571678+08:00,,,,,,,
2026-08-23,土超,Çaykur Rizespor vs Samsunspor,Çaykur Rizespor,Samsunspor,1X2客胜,0.1366,3.9,-0.4701,,,,win,3.9,2.9,已结算,scan24h对账,1,纯数据无伤病情报;伤停>2人(主1/客6);λ过高(4.14);平局预警(市场去水平局>=26%);模型与市场分歧>20pp(模型76% vs 市场52%)->否决,,,,,2026-08-23T00:00:00+08:00,,3.3,,,2026-08-23T09:28:25.571678+08:00,,,,,,,
2026-08-23,比甲,RC Sporting Charleroi vs KV Mechelen,RC Sporting Charleroi,KV Mechelen,让球主(-0.8),0.6241,1.88,0.1453,1,标准,,win,1.88,0.8799999999999999,已结算,scan24h对账,0,纯数据无伤病情报;伤停>2人(主1/客6),,,,,2026-08-23T00:15:00+08:00,,3.6,,,2026-08-23T09:28:25.571678+08:00,,,,,,,
2026-08-23,比甲,RC Sporting Charleroi vs KV Mechelen,RC Sporting Charleroi,KV Mechelen,让球客(+0.8),0.3759,2.03,-0.2552,,,,lose,0.0,-1.0,已结算,scan24h对账,0,纯数据无伤病情报;伤停>2人(主1/客6),,,,,2026-08-23T00:15:00+08:00,,3.6,,,2026-08-23T09:28:25.571678+08:00,,,,,,,
2026-08-23,比甲,RC Sporting Charleroi vs KV Mechelen,RC Sporting Charleroi,KV Mechelen,小2.50,0.5282,2.18,0.1353,,,,win,2.18,1.1800000000000002,已结算,scan24h对账,0,纯数据无伤病情报;伤停>2人(主1/客6),,,,,2026-08-23T00:15:00+08:00,,3.6,,,2026-08-23T09:28:25.571678+08:00,,,,,,,
2026-08-23,比甲,RC Sporting Charleroi vs KV Mechelen,RC Sporting Charleroi,KV Mechelen,大2.50,0.4718,1.8,-0.1628,,,,lose,0.0,-1.0,已结算,scan24h对账,0,纯数据无伤病情报;伤停>2人(主1/客6),,,,,2026-08-23T00:15:00+08:00,,3.6,,,2026-08-23T09:28:25.571678+08:00,,,,,,,
2026-08-23,比甲,RC Sporting Charleroi vs KV Mechelen,RC Sporting Charleroi,KV Mechelen,1X2主胜,0.5675,1.71,-0.0428,,,,win,1.71,0.71,已结算,scan24h对账,0,纯数据无伤病情报;伤停>2人(主1/客6),,,,,2026-08-23T00:15:00+08:00,,3.6,,,2026-08-23T09:28:25.571678+08:00,,,,,,,
2026-08-23,比甲,RC Sporting Charleroi vs KV Mechelen,RC Sporting Charleroi,KV Mechelen,1X2平局,0.2582,4.1,0.0441,,,,lose,0.0,-1.0,已结算,scan24h对账,0,纯数据无伤病情报;伤停>2人(主1/客6),,,,,2026-08-23T00:15:00+08:00,,3.6,,,2026-08-23T09:28:25.571678+08:00,,,,,,,
2026-08-23,比甲,RC Sporting Charleroi vs KV Mechelen,RC Sporting Charleroi,KV Mechelen,1X2客胜,0.1743,5.4,-0.0717,,,,lose,0.0,-1.0,已结算,scan24h对账,0,纯数据无伤病情报;伤停>2人(主1/客6),,,,,2026-08-23T00:15:00+08:00,,3.6,,,2026-08-23T09:28:25.571678+08:00,,,,,,,
2026-08-23,意甲,Udinese vs Como,Udinese,Como,让球主(+0.5),0.5744,2.12,0.2098,,,,win,2.12,1.12,已结算,scan24h对账,0,纯数据无伤病情报;伤停>2人(主3/客1);平局预警(市场去水平局>=26%),,,,,2026-08-23T00:30:00+08:00,,3.8,,,2026-08-23T09:28:25.571678+08:00,,,,,,,
2026-08-23,意甲,Udinese vs Como,Udinese,Como,让球客(-0.5),0.4256,1.87,-0.2092,,,,lose,0.0,-1.0,已结算,scan24h对账,0,纯数据无伤病情报;伤停>2人(主3/客1);平局预警(市场去水平局>=26%),,,,,2026-08-23T00:30:00+08:00,,3.8,,,2026-08-23T09:28:25.571678+08:00,,,,,,,
2026-08-23,意甲,Udinese vs Como,Udinese,Como,小2.50,0.65,1.79,0.14590876692801147,1,标准,,win,1.79,0.79,已结算,scan24h对账,0,纯数据无伤病情报;伤停>2人(主3/客1);平局预警(市场去水平局>=26%),,,,,2026-08-23T00:30:00+08:00,,3.8,,,2026-08-23T09:28:25.571678+08:00,,,,,,,
2026-08-23,意甲,Udinese vs Como,Udinese,Como,大2.50,0.2985,2.19,-0.356,,,,lose,0.0,-1.0,已结算,scan24h对账,0,纯数据无伤病情报;伤停>2人(主3/客1);平局预警(市场去水平局>=26%),,,,,2026-08-23T00:30:00+08:00,,3.8,,,2026-08-23T09:28:25.571678+08:00,,,,,,,
2026-08-23,意甲,Udinese vs Como,Udinese,Como,1X2主胜,0.2617,5.1,0.3285,,,,lose,0.0,-1.0,已结算,scan24h对账,0,纯数据无伤病情报;伤停>2人(主3/客1);平局预警(市场去水平局>=26%),,,,,2026-08-23T00:30:00+08:00,,3.8,,,2026-08-23T09:28:25.571678+08:00,,,,,,,
2026-08-23,意甲,Udinese vs Como,Udinese,Como,1X2平局,0.3313,3.65,0.2035,,,,win,3.65,2.65,已结算,scan24h对账,0,纯数据无伤病情报;伤停>2人(主3/客1);平局预警(市场去水平局>=26%),,,,,2026-08-23T00:30:00+08:00,,3.8,,,2026-08-23T09:28:25.571678+08:00,,,,,,,
2026-08-23,意甲,Udinese vs Como,Udinese,Como,1X2客胜,0.4069,1.87,-0.2427,,,,lose,0.0,-1.0,已结算,scan24h对账,0,纯数据无伤病情报;伤停>2人(主3/客1);平局预警(市场去水平局>=26%),,,,,2026-08-23T00:30:00+08:00,,3.8,,,2026-08-23T09:28:25.571678+08:00,,,,,,,
2026-08-23,意甲,Inter vs Monza,Inter,Monza,让球主(-2.0),0.5868,1.93,0.1177,1,标准,,win,1.93,0.9299999999999999,已结算,scan24h对账,0,纯数据无伤病情报;伤停>2人(主1/客5),,,,,2026-08-23T00:30:00+08:00,,3.8,,,2026-08-23T09:28:25.571678+08:00,,,,,,,
2026-08-23,意甲,Inter vs Monza,Inter,Monza,让球客(+2.0),0.4132,2.02,-0.1761,,,,lose,0.0,-1.0,已结算,scan24h对账,0,纯数据无伤病情报;伤停>2人(主1/客5),,,,,2026-08-23T00:30:00+08:00,,3.8,,,2026-08-23T09:28:25.571678+08:00,,,,,,,
2026-08-23,意甲,Inter vs Monza,Inter,Monza,小2.50,0.3309,2.46,-0.1989,,,,lose,0.0,-1.0,已结算,scan24h对账,0,纯数据无伤病情报;伤停>2人(主1/客5),,,,,2026-08-23T00:30:00+08:00,,3.8,,,2026-08-23T09:28:25.571678+08:00,,,,,,,
2026-08-23,意甲,Inter vs Monza,Inter,Monza,大2.50,0.65,1.64,0.04887909131669388,,,,win,1.64,0.6399999999999999,已结算,scan24h对账,0,纯数据无伤病情报;伤停>2人(主1/客5),,,,,2026-08-23T00:30:00+08:00,,3.8,,,2026-08-23T09:28:25.571678+08:00,,,,,,,
2026-08-23,意甲,Inter vs Monza,Inter,Monza,1X2主胜,0.65,1.2,-0.2240892701728212,,,,win,1.2,0.19999999999999996,已结算,scan24h对账,0,纯数据无伤病情报;伤停>2人(主1/客5),,,,,2026-08-23T00:30:00+08:00,,3.8,,,2026-08-23T09:28:25.571678+08:00,,,,,,,
2026-08-23,意甲,Inter vs Monza,Inter,Monza,1X2平局,0.1412,8.2,0.1521,,,,lose,0.0,-1.0,已结算,scan24h对账,0,纯数据无伤病情报;伤停>2人(主1/客5),,,,,2026-08-23T00:30:00+08:00,,3.8,,,2026-08-23T09:28:25.571678+08:00,,,,,,,
2026-08-23,意甲,Inter vs Monza,Inter,Monza,1X2客胜,0.0544,20.0,0.0827,,,,lose,0.0,-1.0,已结算,scan24h对账,0,纯数据无伤病情报;伤停>2人(主1/客5),,,,,2026-08-23T00:30:00+08:00,,3.8,,,2026-08-23T09:28:25.571678+08:00,,,,,,,
2026-08-23,英超,Brentford vs Tottenham Hotspur,Brentford,Tottenham Hotspur,让球主(-0.2),0.5592,1.91,0.0586,1,观察,,win,1.91,0.9099999999999999,已结算,scan24h对账,0,纯数据无伤病情报,,,,,2026-08-23T00:30:00+08:00,,3.8,,,2026-08-23T09:28:25.571678+08:00,,,,,,,
2026-08-23,英超,Brentford vs Tottenham Hotspur,Brentford,Tottenham Hotspur,让球客(+0.2),0.4408,2.06,-0.1001,,,,lose,0.0,-1.0,已结算,scan24h对账,0,纯数据无伤病情报,,,,,2026-08-23T00:30:00+08:00,,3.8,,,2026-08-23T09:28:25.571678+08:00,,,,,,,
2026-08-23,英超,Brentford vs Tottenham Hotspur,Brentford,Tottenham Hotspur,小2.50,0.4932,2.28,0.1168,,,,lose,0.0,-1.0,已结算,scan24h对账,0,纯数据无伤病情报,,,,,2026-08-23T00:30:00+08:00,,3.8,,,2026-08-23T09:28:25.571678+08:00,,,,,,,
2026-08-23,英超,Brentford vs Tottenham Hotspur,Brentford,Tottenham Hotspur,大2.50,0.5068,1.76,-0.114,,,,win,1.76,0.76,已结算,scan24h对账,0,纯数据无伤病情报,,,,,2026-08-23T00:30:00+08:00,,3.8,,,2026-08-23T09:28:25.571678+08:00,,,,,,,
2026-08-23,英超,Brentford vs Tottenham Hotspur,Brentford,Tottenham Hotspur,1X2主胜,0.513,2.2,0.124,,,,win,2.2,1.2000000000000002,已结算,scan24h对账,0,纯数据无伤病情报,,,,,2026-08-23T00:30:00+08:00,,3.8,,,2026-08-23T09:28:25.571678+08:00,,,,,,,
2026-08-23,英超,Brentford vs Tottenham Hotspur,Brentford,Tottenham Hotspur,1X2平局,0.2568,3.85,-0.0153,,,,lose,0.0,-1.0,已结算,scan24h对账,0,纯数据无伤病情报,,,,,2026-08-23T00:30:00+08:00,,3.8,,,2026-08-23T09:28:25.571678+08:00,,,,,,,
2026-08-23,英超,Brentford vs Tottenham Hotspur,Brentford,Tottenham Hotspur,1X2客胜,0.2301,3.45,-0.2093,,,,lose,0.0,-1.0,已结算,scan24h对账,0,纯数据无伤病情报,,,,,2026-08-23T00:30:00+08:00,,3.8,,,2026-08-23T09:28:25.571678+08:00,,,,,,,
2026-08-23,荷甲,Sparta Rotterdam vs FC Utrecht,Sparta Rotterdam,FC Utrecht,让球主(+0.0),0.5083,1.96,-0.0187,,,,push,1.0,0.0,已结算,scan24h对账,0,"纯数据无伤病情报;伤停>2人(主0/客4);平局预警(市场去水平局>=26%);联赛荷甲历史负ROI(观察期, 300场后定禁入)",,,,,2026-08-23T00:45:00+08:00,,4.1,,,2026-08-23T09:28:25.571678+08:00,,,,,,,
2026-08-23,荷甲,Sparta Rotterdam vs FC Utrecht,Sparta Rotterdam,FC Utrecht,让球客(-0.0),0.4917,1.98,-0.0411,,,,push,1.0,0.0,已结算,scan24h对账,0,"纯数据无伤病情报;伤停>2人(主0/客4);平局预警(市场去水平局>=26%);联赛荷甲历史负ROI(观察期, 300场后定禁入)",,,,,2026-08-23T00:45:00+08:00,,4.1,,,2026-08-23T09:28:25.571678+08:00,,,,,,,
2026-08-23,荷甲,Sparta Rotterdam vs FC Utrecht,Sparta Rotterdam,FC Utrecht,小2.50,0.5702,2.24,0.2628,2,高价值,,lose,0.0,-1.0,已结算,scan24h对账,0,"纯数据无伤病情报;伤停>2人(主0/客4);平局预警(市场去水平局>=26%);联赛荷甲历史负ROI(观察期, 300场后定禁入)",,,,,2026-08-23T00:45:00+08:00,,4.1,,,2026-08-23T09:28:25.571678+08:00,,,,,,,
2026-08-23,荷甲,Sparta Rotterdam vs FC Utrecht,Sparta Rotterdam,FC Utrecht,大2.50,0.4298,1.77,-0.2478,,,,win,1.77,0.77,已结算,scan24h对账,0,"纯数据无伤病情报;伤停>2人(主0/客4);平局预警(市场去水平局>=26%);联赛荷甲历史负ROI(观察期, 300场后定禁入)",,,,,2026-08-23T00:45:00+08:00,,4.1,,,2026-08-23T09:28:25.571678+08:00,,,,,,,
2026-08-23,荷甲,Sparta Rotterdam vs FC Utrecht,Sparta Rotterdam,FC Utrecht,1X2主胜,0.3628,2.72,-0.0197,,,,lose,0.0,-1.0,已结算,scan24h对账,0,"纯数据无伤病情报;伤停>2人(主0/客4);平局预警(市场去水平局>=26%);联赛荷甲历史负ROI(观察期, 300场后定禁入)",,,,,2026-08-23T00:45:00+08:00,,4.1,,,2026-08-23T09:28:25.571678+08:00,,,,,,,
2026-08-23,荷甲,Sparta Rotterdam vs FC Utrecht,Sparta Rotterdam,FC Utrecht,1X2平局,0.2876,3.65,0.0427,,,,win,3.65,2.65,已结算,scan24h对账,0,"纯数据无伤病情报;伤停>2人(主0/客4);平局预警(市场去水平局>=26%);联赛荷甲历史负ROI(观察期, 300场后定禁入)",,,,,2026-08-23T00:45:00+08:00,,4.1,,,2026-08-23T09:28:25.571678+08:00,,,,,,,
2026-08-23,荷甲,Sparta Rotterdam vs FC Utrecht,Sparta Rotterdam,FC Utrecht,1X2客胜,0.3497,2.74,-0.0481,,,,lose,0.0,-1.0,已结算,scan24h对账,0,"纯数据无伤病情报;伤停>2人(主0/客4);平局预警(市场去水平局>=26%);联赛荷甲历史负ROI(观察期, 300场后定禁入)",,,,,2026-08-23T00:45:00+08:00,,4.1,,,2026-08-23T09:28:25.571678+08:00,,,,,,,
2026-08-23,葡超,Estoril Praia vs Rio Ave,Estoril Praia,Rio Ave,让球主(-0.5),0.588,1.94,0.0892,1,标准,,lose,0.0,-1.0,已结算,scan24h对账,0,纯数据无伤病情报;伤停>2人(主1/客4);平局预警(市场去水平局>=26%),,,,,2026-08-23T01:00:00+08:00,,4.3,,,2026-08-23T09:28:25.571678+08:00,,,,,,,
2026-08-23,葡超,Estoril Praia vs Rio Ave,Estoril Praia,Rio Ave,让球客(+0.5),0.412,1.88,-0.2606,,,,win,1.88,0.8799999999999999,已结算,scan24h对账,0,纯数据无伤病情报;伤停>2人(主1/客4);平局预警(市场去水平局>=26%),,,,,2026-08-23T01:00:00+08:00,,4.3,,,2026-08-23T09:28:25.571678+08:00,,,,,,,
2026-08-23,葡超,Estoril Praia vs Rio Ave,Estoril Praia,Rio Ave,小2.50,0.5259,2.04,0.0611,,,,win,2.04,1.04,已结算,scan24h对账,0,纯数据无伤病情报;伤停>2人(主1/客4);平局预警(市场去水平局>=26%),,,,,2026-08-23T01:00:00+08:00,,4.3,,,2026-08-23T09:28:25.571678+08:00,,,,,,,
2026-08-23,葡超,Estoril Praia vs Rio Ave,Estoril Praia,Rio Ave,大2.50,0.4741,1.92,-0.0997,,,,lose,0.0,-1.0,已结算,scan24h对账,0,纯数据无伤病情报;伤停>2人(主1/客4);平局预警(市场去水平局>=26%),,,,,2026-08-23T01:00:00+08:00,,4.3,,,2026-08-23T09:28:25.571678+08:00,,,,,,,
2026-08-23,葡超,Estoril Praia vs Rio Ave,Estoril Praia,Rio Ave,1X2主胜,0.5371,2.12,0.1364,,,,lose,0.0,-1.0,已结算,scan24h对账,0,纯数据无伤病情报;伤停>2人(主1/客4);平局预警(市场去水平局>=26%),,,,,2026-08-23T01:00:00+08:00,,4.3,,,2026-08-23T09:28:25.571678+08:00,,,,,,,
2026-08-23,葡超,Estoril Praia vs Rio Ave,Estoril Praia,Rio Ave,1X2平局,0.2657,3.65,-0.0322,,,,lose,0.0,-1.0,已结算,scan24h对账,0,纯数据无伤病情报;伤停>2人(主1/客4);平局预警(市场去水平局>=26%),,,,,2026-08-23T01:00:00+08:00,,4.3,,,2026-08-23T09:28:25.571678+08:00,,,,,,,
2026-08-23,葡超,Estoril Praia vs Rio Ave,Estoril Praia,Rio Ave,1X2客胜,0.1971,3.9,-0.2327,,,,win,3.9,2.9,已结算,scan24h对账,0,纯数据无伤病情报;伤停>2人(主1/客4);平局预警(市场去水平局>=26%),,,,,2026-08-23T01:00:00+08:00,,4.3,,,2026-08-23T09:28:25.571678+08:00,,,,,,,
2026-08-23,西乙,Albacete Balompié vs Real Sociedad B,Albacete Balompié,Real Sociedad B,让球主(-0.8),0.5982,2.06,0.2112,3,高价值,,lose,0.0,-1.0,已结算,scan24h对账,0,纯数据无伤病情报,,,,,2026-08-23T01:00:00+08:00,,4.3,,,2026-08-23T09:28:25.571678+08:00,,,,,,,
2026-08-23,西乙,Albacete Balompié vs Real Sociedad B,Albacete Balompié,Real Sociedad B,让球客(+0.8),0.4018,1.88,-0.2575,,,,win,1.88,0.8799999999999999,已结算,scan24h对账,0,纯数据无伤病情报,,,,,2026-08-23T01:00:00+08:00,,4.3,,,2026-08-23T09:28:25.571678+08:00,,,,,,,
2026-08-23,西乙,Albacete Balompié vs Real Sociedad B,Albacete Balompié,Real Sociedad B,小2.50,0.4537,2.04,-0.0797,,,,lose,0.0,-1.0,已结算,scan24h对账,0,纯数据无伤病情报,,,,,2026-08-23T01:00:00+08:00,,4.3,,,2026-08-23T09:28:25.571678+08:00,,,,,,,
2026-08-23,西乙,Albacete Balompié vs Real Sociedad B,Albacete Balompié,Real Sociedad B,大2.50,0.5463,1.94,0.0539,,,,win,1.94,0.94,已结算,scan24h对账,0,纯数据无伤病情报,,,,,2026-08-23T01:00:00+08:00,,4.3,,,2026-08-23T09:28:25.571678+08:00,,,,,,,
2026-08-23,西乙,Albacete Balompié vs Real Sociedad B,Albacete Balompié,Real Sociedad B,1X2主胜,0.5451,1.83,-0.0167,,,,lose,0.0,-1.0,已结算,scan24h对账,0,纯数据无伤病情报,,,,,2026-08-23T01:00:00+08:00,,4.3,,,2026-08-23T09:28:25.571678+08:00,,,,,,,
2026-08-23,西乙,Albacete Balompié vs Real Sociedad B,Albacete Balompié,Real Sociedad B,1X2平局,0.2502,3.85,-0.0507,,,,lose,0.0,-1.0,已结算,scan24h对账,0,纯数据无伤病情报,,,,,2026-08-23T01:00:00+08:00,,4.3,,,2026-08-23T09:28:25.571678+08:00,,,,,,,
2026-08-23,西乙,Albacete Balompié vs Real Sociedad B,Albacete Balompié,Real Sociedad B,1X2客胜,0.2047,4.8,-0.0313,,,,win,4.8,3.8,已结算,scan24h对账,0,纯数据无伤病情报,,,,,2026-08-23T01:00:00+08:00,,4.3,,,2026-08-23T09:28:25.571678+08:00,,,,,,,
2026-08-23,西乙,AD Ceuta vs UD Las Palmas,AD Ceuta,UD Las Palmas,让球主(+0.2),0.65,1.93,0.19792551685075033,,,,lose,0.0,-1.0,已结算,scan24h对账,1,纯数据无伤病情报;平局预警(市场去水平局>=26%);模型与市场分歧>20pp(模型71% vs 市场49%)->否决,,,,,2026-08-23T01:00:00+08:00,,4.3,,,2026-08-23T09:28:25.571678+08:00,,,,,,,
2026-08-23,西乙,AD Ceuta vs UD Las Palmas,AD Ceuta,UD Las Palmas,让球客(-0.2),0.2938,1.89,-0.4698,,,,win,1.89,0.8899999999999999,已结算,scan24h对账,1,纯数据无伤病情报;平局预警(市场去水平局>=26%);模型与市场分歧>20pp(模型71% vs 市场49%)->否决,,,,,2026-08-23T01:00:00+08:00,,4.3,,,2026-08-23T09:28:25.571678+08:00,,,,,,,
2026-08-23,西乙,AD Ceuta vs UD Las Palmas,AD Ceuta,UD Las Palmas,小2.50,0.6206,2.04,0.2588,,,,win,2.04,1.04,已结算,scan24h对账,1,纯数据无伤病情报;平局预警(市场去水平局>=26%);模型与市场分歧>20pp(模型71% vs 市场49%)->否决,,,,,2026-08-23T01:00:00+08:00,,4.3,,,2026-08-23T09:28:25.571678+08:00,,,,,,,
2026-08-23,西乙,AD Ceuta vs UD Las Palmas,AD Ceuta,UD Las Palmas,大2.50,0.3794,1.94,-0.2681,,,,lose,0.0,-1.0,已结算,scan24h对账,1,纯数据无伤病情报;平局预警(市场去水平局>=26%);模型与市场分歧>20pp(模型71% vs 市场49%)->否决,,,,,2026-08-23T01:00:00+08:00,,4.3,,,2026-08-23T09:28:25.571678+08:00,,,,,,,
2026-08-23,西乙,AD Ceuta vs UD Las Palmas,AD Ceuta,UD Las Palmas,1X2主胜,0.3921,3.0,0.1672,,,,lose,0.0,-1.0,已结算,scan24h对账,1,纯数据无伤病情报;平局预警(市场去水平局>=26%);模型与市场分歧>20pp(模型71% vs 市场49%)->否决,,,,,2026-08-23T01:00:00+08:00,,4.3,,,2026-08-23T09:28:25.571678+08:00,,,,,,,
2026-08-23,西乙,AD Ceuta vs UD Las Palmas,AD Ceuta,UD Las Palmas,1X2平局,0.306,3.45,0.0476,,,,lose,0.0,-1.0,已结算,scan24h对账,1,纯数据无伤病情报;平局预警(市场去水平局>=26%);模型与市场分歧>20pp(模型71% vs 市场49%)->否决,,,,,2026-08-23T01:00:00+08:00,,4.3,,,2026-08-23T09:28:25.571678+08:00,,,,,,,
2026-08-23,西乙,AD Ceuta vs UD Las Palmas,AD Ceuta,UD Las Palmas,1X2客胜,0.3019,2.6,-0.2212,,,,win,2.6,1.6,已结算,scan24h对账,1,纯数据无伤病情报;平局预警(市场去水平局>=26%);模型与市场分歧>20pp(模型71% vs 市场49%)->否决,,,,,2026-08-23T01:00:00+08:00,,4.3,,,2026-08-23T09:28:25.571678+08:00,,,,,,,
2026-08-23,西甲,Valencia vs Celta Vigo,Valencia,Celta Vigo,让球主(-0.2),0.5007,1.85,-0.114,,,,lose,0.0,-1.0,已结算,scan24h对账,0,纯数据无伤病情报;伤停>2人(主3/客2);平局预警-强(市场去水平局>=30%),,,,,2026-08-23T01:30:00+08:00,,4.8,,,2026-08-23T09:28:25.571678+08:00,,,,,,,
2026-08-23,西甲,Valencia vs Celta Vigo,Valencia,Celta Vigo,让球客(+0.2),0.4993,1.98,-0.0545,,,,half,1.49,0.49,已结算,scan24h对账,0,纯数据无伤病情报;伤停>2人(主3/客2);平局预警-强(市场去水平局>=30%),,,,,2026-08-23T01:30:00+08:00,,4.8,,,2026-08-23T09:28:25.571678+08:00,,,,,,,
2026-08-23,西甲,Valencia vs Celta Vigo,Valencia,Celta Vigo,小2.50,0.5806,1.69,-0.0236,,,,win,1.69,0.69,已结算,scan24h对账,0,纯数据无伤病情报;伤停>2人(主3/客2);平局预警-强(市场去水平局>=30%),,,,,2026-08-23T01:30:00+08:00,,4.8,,,2026-08-23T09:28:25.571678+08:00,,,,,,,
2026-08-23,西甲,Valencia vs Celta Vigo,Valencia,Celta Vigo,大2.50,0.4194,2.42,0.0099,,,,lose,0.0,-1.0,已结算,scan24h对账,0,纯数据无伤病情报;伤停>2人(主3/客2);平局预警-强(市场去水平局>=30%),,,,,2026-08-23T01:30:00+08:00,,4.8,,,2026-08-23T09:28:25.571678+08:00,,,,,,,
2026-08-23,西甲,Valencia vs Celta Vigo,Valencia,Celta Vigo,1X2主胜,0.4661,2.62,0.213,,,,lose,0.0,-1.0,已结算,scan24h对账,0,纯数据无伤病情报;伤停>2人(主3/客2);平局预警-强(市场去水平局>=30%),,,,,2026-08-23T01:30:00+08:00,,4.8,,,2026-08-23T09:28:25.571678+08:00,,,,,,,
2026-08-23,西甲,Valencia vs Celta Vigo,Valencia,Celta Vigo,1X2平局,0.281,3.2,-0.1067,,,,win,3.2,2.2,已结算,scan24h对账,0,纯数据无伤病情报;伤停>2人(主3/客2);平局预警-强(市场去水平局>=30%),,,,,2026-08-23T01:30:00+08:00,,4.8,,,2026-08-23T09:28:25.571678+08:00,,,,,,,
2026-08-23,西甲,Valencia vs Celta Vigo,Valencia,Celta Vigo,1X2客胜,0.2529,3.2,-0.1961,,,,lose,0.0,-1.0,已结算,scan24h对账,0,纯数据无伤病情报;伤停>2人(主3/客2);平局预警-强(市场去水平局>=30%),,,,,2026-08-23T01:30:00+08:00,,4.8,,,2026-08-23T09:28:25.571678+08:00,,,,,,,
2026-08-23,法乙,Saint-Étienne vs Grenoble Foot 38,Saint-Étienne,Grenoble Foot 38,让球主(-1.2),0.65,1.92,0.21350736278447124,,,,win,1.92,0.9199999999999999,已结算,scan24h对账,1,纯数据无伤病情报;λ过高(4.37);模型与市场分歧>20pp(模型75% vs 市场51%)->否决,,,,,2026-08-23T02:00:00+08:00,,5.3,,,2026-08-23T09:28:25.571678+08:00,,,,,,,
2026-08-23,法乙,Saint-Étienne vs Grenoble Foot 38,Saint-Étienne,Grenoble Foot 38,让球客(+1.2),0.253,1.97,-0.5154,,,,lose,0.0,-1.0,已结算,scan24h对账,1,纯数据无伤病情报;λ过高(4.37);模型与市场分歧>20pp(模型75% vs 市场51%)->否决,,,,,2026-08-23T02:00:00+08:00,,5.3,,,2026-08-23T09:28:25.571678+08:00,,,,,,,
2026-08-23,法乙,Saint-Étienne vs Grenoble Foot 38,Saint-Étienne,Grenoble Foot 38,小2.50,0.1915,2.08,-0.6055,,,,lose,0.0,-1.0,已结算,scan24h对账,1,纯数据无伤病情报;λ过高(4.37);模型与市场分歧>20pp(模型75% vs 市场51%)->否决,,,,,2026-08-23T02:00:00+08:00,,5.3,,,2026-08-23T09:28:25.571678+08:00,,,,,,,
2026-08-23,法乙,Saint-Étienne vs Grenoble Foot 38,Saint-Étienne,Grenoble Foot 38,大2.50,0.65,1.89,0.2164687693259124,,,,win,1.89,0.8899999999999999,已结算,scan24h对账,1,纯数据无伤病情报;λ过高(4.37);模型与市场分歧>20pp(模型75% vs 市场51%)->否决,,,,,2026-08-23T02:00:00+08:00,,5.3,,,2026-08-23T09:28:25.571678+08:00,,,,,,,
2026-08-23,法乙,Saint-Étienne vs Grenoble Foot 38,Saint-Étienne,Grenoble Foot 38,1X2主胜,0.65,1.41,-0.09367535949305372,,,,win,1.41,0.4099999999999999,已结算,scan24h对账,1,纯数据无伤病情报;λ过高(4.37);模型与市场分歧>20pp(模型75% vs 市场51%)->否决,,,,,2026-08-23T02:00:00+08:00,,5.3,,,2026-08-23T09:28:25.571678+08:00,,,,,,,
2026-08-23,法乙,Saint-Étienne vs Grenoble Foot 38,Saint-Étienne,Grenoble Foot 38,1X2平局,0.1175,5.0,-0.4188,,,,lose,0.0,-1.0,已结算,scan24h对账,1,纯数据无伤病情报;λ过高(4.37);模型与市场分歧>20pp(模型75% vs 市场51%)->否决,,,,,2026-08-23T02:00:00+08:00,,5.3,,,2026-08-23T09:28:25.571678+08:00,,,,,,,
2026-08-23,法乙,Saint-Étienne vs Grenoble Foot 38,Saint-Étienne,Grenoble Foot 38,1X2客胜,0.0618,9.8,-0.4006,,,,lose,0.0,-1.0,已结算,scan24h对账,1,纯数据无伤病情报;λ过高(4.37);模型与市场分歧>20pp(模型75% vs 市场51%)->否决,,,,,2026-08-23T02:00:00+08:00,,5.3,,,2026-08-23T09:28:25.571678+08:00,,,,,,,
2026-08-23,土超,Fenerbahçe vs Konyaspor,Fenerbahçe,Konyaspor,让球主(-1.5),0.5586,1.94,0.0777,,,,win,1.94,0.94,已结算,scan24h对账,1,纯数据无伤病情报;伤停>2人(主10/客0);λ过高(4.53);模型与市场分歧>20pp(模型83% vs 市场61%)->否决,,,,,2026-08-23T02:30:00+08:00,,5.8,,,2026-08-23T09:28:25.571678+08:00,,,,,,,
2026-08-23,土超,Fenerbahçe vs Konyaspor,Fenerbahçe,Konyaspor,让球客(+1.5),0.4414,2.04,-0.1047,,,,lose,0.0,-1.0,已结算,scan24h对账,1,纯数据无伤病情报;伤停>2人(主10/客0);λ过高(4.53);模型与市场分歧>20pp(模型83% vs 市场61%)->否决,,,,,2026-08-23T02:30:00+08:00,,5.8,,,2026-08-23T09:28:25.571678+08:00,,,,,,,
2026-08-23,土超,Fenerbahçe vs Konyaspor,Fenerbahçe,Konyaspor,小2.50,0.1709,2.56,-0.5642,,,,lose,0.0,-1.0,已结算,scan24h对账,1,纯数据无伤病情报;伤停>2人(主10/客0);λ过高(4.53);模型与市场分歧>20pp(模型83% vs 市场61%)->否决,,,,,2026-08-23T02:30:00+08:00,,5.8,,,2026-08-23T09:28:25.571678+08:00,,,,,,,
2026-08-23,土超,Fenerbahçe vs Konyaspor,Fenerbahçe,Konyaspor,大2.50,0.65,1.63,0.05508382583524307,,,,win,1.63,0.6299999999999999,已结算,scan24h对账,1,纯数据无伤病情报;伤停>2人(主10/客0);λ过高(4.53);模型与市场分歧>20pp(模型83% vs 市场61%)->否决,,,,,2026-08-23T02:30:00+08:00,,5.8,,,2026-08-23T09:28:25.571678+08:00,,,,,,,
2026-08-23,土超,Fenerbahçe vs Konyaspor,Fenerbahçe,Konyaspor,1X2主胜,0.65,1.36,-0.12126927106720553,,,,win,1.36,0.3600000000000001,已结算,scan24h对账,1,纯数据无伤病情报;伤停>2人(主10/客0);λ过高(4.53);模型与市场分歧>20pp(模型83% vs 市场61%)->否决,,,,,2026-08-23T02:30:00+08:00,,5.8,,,2026-08-23T09:28:25.571678+08:00,,,,,,,
2026-08-23,土超,Fenerbahçe vs Konyaspor,Fenerbahçe,Konyaspor,1X2平局,0.1754,5.7,-0.0059,,,,lose,0.0,-1.0,已结算,scan24h对账,1,纯数据无伤病情报;伤停>2人(主10/客0);λ过高(4.53);模型与市场分歧>20pp(模型83% vs 市场61%)->否决,,,,,2026-08-23T02:30:00+08:00,,5.8,,,2026-08-23T09:28:25.571678+08:00,,,,,,,
2026-08-23,土超,Fenerbahçe vs Konyaspor,Fenerbahçe,Konyaspor,1X2客胜,0.1565,10.5,0.6332,,,,lose,0.0,-1.0,已结算,scan24h对账,1,纯数据无伤病情报;伤停>2人(主10/客0);λ过高(4.53);模型与市场分歧>20pp(模型83% vs 市场61%)->否决,,,,,2026-08-23T02:30:00+08:00,,5.8,,,2026-08-23T09:28:25.571678+08:00,,,,,,,
2026-08-23,比甲,Royal Antwerp FC vs KRC Genk,Royal Antwerp FC,KRC Genk,让球主(+0.2),0.65,2.03,0.28794788273615635,,,,half,1.515,0.5149999999999999,已结算,scan24h对账,1,纯数据无伤病情报;平局预警(市场去水平局>=26%);模型与市场分歧>20pp(模型80% vs 市场48%)->否决,,,,,2026-08-23T02:45:00+08:00,,6.1,,,2026-08-23T09:28:25.571678+08:00,,,,,,,
2026-08-23,比甲,Royal Antwerp FC vs KRC Genk,Royal Antwerp FC,KRC Genk,让球客(-0.2),0.2018,1.88,-0.6297,,,,lose,0.0,-1.0,已结算,scan24h对账,1,纯数据无伤病情报;平局预警(市场去水平局>=26%);模型与市场分歧>20pp(模型80% vs 市场48%)->否决,,,,,2026-08-23T02:45:00+08:00,,6.1,,,2026-08-23T09:28:25.571678+08:00,,,,,,,
2026-08-23,比甲,Royal Antwerp FC vs KRC Genk,Royal Antwerp FC,KRC Genk,小2.50,0.4074,2.14,-0.1375,,,,lose,0.0,-1.0,已结算,scan24h对账,1,纯数据无伤病情报;平局预警(市场去水平局>=26%);模型与市场分歧>20pp(模型80% vs 市场48%)->否决,,,,,2026-08-23T02:45:00+08:00,,6.1,,,2026-08-23T09:28:25.571678+08:00,,,,,,,
2026-08-23,比甲,Royal Antwerp FC vs KRC Genk,Royal Antwerp FC,KRC Genk,大2.50,0.5926,1.84,0.0788,,,,win,1.84,0.8400000000000001,已结算,scan24h对账,1,纯数据无伤病情报;平局预警(市场去水平局>=26%);模型与市场分歧>20pp(模型80% vs 市场48%)->否决,,,,,2026-08-23T02:45:00+08:00,,6.1,,,2026-08-23T09:28:25.571678+08:00,,,,,,,
2026-08-23,比甲,Royal Antwerp FC vs KRC Genk,Royal Antwerp FC,KRC Genk,1X2主胜,0.5233,3.5,0.8133,,,,lose,0.0,-1.0,已结算,scan24h对账,1,纯数据无伤病情报;平局预警(市场去水平局>=26%);模型与市场分歧>20pp(模型80% vs 市场48%)->否决,,,,,2026-08-23T02:45:00+08:00,,6.1,,,2026-08-23T09:28:25.571678+08:00,,,,,,,
2026-08-23,比甲,Royal Antwerp FC vs KRC Genk,Royal Antwerp FC,KRC Genk,1X2平局,0.2492,3.65,-0.0994,,,,win,3.65,2.65,已结算,scan24h对账,1,纯数据无伤病情报;平局预警(市场去水平局>=26%);模型与市场分歧>20pp(模型80% vs 市场48%)->否决,,,,,2026-08-23T02:45:00+08:00,,6.1,,,2026-08-23T09:28:25.571678+08:00,,,,,,,
2026-08-23,比甲,Royal Antwerp FC vs KRC Genk,Royal Antwerp FC,KRC Genk,1X2客胜,0.2274,2.22,-0.5002,,,,lose,0.0,-1.0,已结算,scan24h对账,1,纯数据无伤病情报;平局预警(市场去水平局>=26%);模型与市场分歧>20pp(模型80% vs 市场48%)->否决,,,,,2026-08-23T02:45:00+08:00,,6.1,,,2026-08-23T09:28:25.571678+08:00,,,,,,,
2026-08-23,法甲,Troyes vs Paris FC,Troyes,Paris FC,让球主(+0.2),0.65,2.01,0.282914370982553,,,,half,1.505,0.5049999999999999,已结算,scan24h对账,1,纯数据无伤病情报;平局预警(市场去水平局>=26%);模型与市场分歧>20pp(模型87% vs 市场49%)->否决,,,,,2026-08-23T02:45:00+08:00,,6.0,,,2026-08-23T09:28:25.571678+08:00,,,,,,,
2026-08-23,法甲,Troyes vs Paris FC,Troyes,Paris FC,让球客(-0.2),0.1288,1.92,-0.7571,,,,lose,0.0,-1.0,已结算,scan24h对账,1,纯数据无伤病情报;平局预警(市场去水平局>=26%);模型与市场分歧>20pp(模型87% vs 市场49%)->否决,,,,,2026-08-23T02:45:00+08:00,,6.0,,,2026-08-23T09:28:25.571678+08:00,,,,,,,
2026-08-23,法甲,Troyes vs Paris FC,Troyes,Paris FC,小2.50,0.4731,2.19,0.0205,,,,win,2.19,1.19,已结算,scan24h对账,1,纯数据无伤病情报;平局预警(市场去水平局>=26%);模型与市场分歧>20pp(模型87% vs 市场49%)->否决,,,,,2026-08-23T02:45:00+08:00,,6.0,,,2026-08-23T09:28:25.571678+08:00,,,,,,,
2026-08-23,法甲,Troyes vs Paris FC,Troyes,Paris FC,大2.50,0.5269,1.79,-0.0711,,,,lose,0.0,-1.0,已结算,scan24h对账,1,纯数据无伤病情报;平局预警(市场去水平局>=26%);模型与市场分歧>20pp(模型87% vs 市场49%)->否决,,,,,2026-08-23T02:45:00+08:00,,6.0,,,2026-08-23T09:28:25.571678+08:00,,,,,,,
2026-08-23,法甲,Troyes vs Paris FC,Troyes,Paris FC,1X2主胜,0.5976,3.4,1.0181,,,,lose,0.0,-1.0,已结算,scan24h对账,1,纯数据无伤病情报;平局预警(市场去水平局>=26%);模型与市场分歧>20pp(模型87% vs 市场49%)->否决,,,,,2026-08-23T02:45:00+08:00,,6.0,,,2026-08-23T09:28:25.571678+08:00,,,,,,,
2026-08-23,法甲,Troyes vs Paris FC,Troyes,Paris FC,1X2平局,0.2406,3.7,-0.116,,,,win,3.7,2.7,已结算,scan24h对账,1,纯数据无伤病情报;平局预警(市场去水平局>=26%);模型与市场分歧>20pp(模型87% vs 市场49%)->否决,,,,,2026-08-23T02:45:00+08:00,,6.0,,,2026-08-23T09:28:25.571678+08:00,,,,,,,
2026-08-23,法甲,Troyes vs Paris FC,Troyes,Paris FC,1X2客胜,0.1618,2.26,-0.6368,,,,lose,0.0,-1.0,已结算,scan24h对账,1,纯数据无伤病情报;平局预警(市场去水平局>=26%);模型与市场分歧>20pp(模型87% vs 市场49%)->否决,,,,,2026-08-23T02:45:00+08:00,,6.0,,,2026-08-23T09:28:25.571678+08:00,,,,,,,
2026-08-23,法甲,Toulouse vs Olympique Lyonnais,Toulouse,Olympique Lyonnais,让球主(+0.0),0.5325,2.04,0.0599,1,观察,,lose,0.0,-1.0,已结算,scan24h对账,0,纯数据无伤病情报;伤停>2人(主2/客3);平局预警(市场去水平局>=26%),,,,,2026-08-23T02:45:00+08:00,,6.0,,,2026-08-23T09:28:25.571678+08:00,,,,,,,
2026-08-23,法甲,Toulouse vs Olympique Lyonnais,Toulouse,Olympique Lyonnais,让球客(-0.0),0.4675,1.87,-0.1471,,,,win,1.87,0.8700000000000001,已结算,scan24h对账,0,纯数据无伤病情报;伤停>2人(主2/客3);平局预警(市场去水平局>=26%),,,,,2026-08-23T02:45:00+08:00,,6.0,,,2026-08-23T09:28:25.571678+08:00,,,,,,,
2026-08-23,法甲,Toulouse vs Olympique Lyonnais,Toulouse,Olympique Lyonnais,小2.50,0.5308,2.01,0.0504,,,,win,2.01,1.0099999999999998,已结算,scan24h对账,0,纯数据无伤病情报;伤停>2人(主2/客3);平局预警(市场去水平局>=26%),,,,,2026-08-23T02:45:00+08:00,,6.0,,,2026-08-23T09:28:25.571678+08:00,,,,,,,
2026-08-23,法甲,Toulouse vs Olympique Lyonnais,Toulouse,Olympique Lyonnais,大2.50,0.4692,1.93,-0.1083,,,,lose,0.0,-1.0,已结算,scan24h对账,0,纯数据无伤病情报;伤停>2人(主2/客3);平局预警(市场去水平局>=26%),,,,,2026-08-23T02:45:00+08:00,,6.0,,,2026-08-23T09:28:25.571678+08:00,,,,,,,
2026-08-23,法甲,Toulouse vs Olympique Lyonnais,Toulouse,Olympique Lyonnais,1X2主胜,0.381,2.5,-0.0516,,,,lose,0.0,-1.0,已结算,scan24h对账,0,纯数据无伤病情报;伤停>2人(主2/客3);平局预警(市场去水平局>=26%),,,,,2026-08-23T02:45:00+08:00,,6.0,,,2026-08-23T09:28:25.571678+08:00,,,,,,,
2026-08-23,法甲,Toulouse vs Olympique Lyonnais,Toulouse,Olympique Lyonnais,1X2平局,0.2894,3.55,0.0228,,,,lose,0.0,-1.0,已结算,scan24h对账,0,纯数据无伤病情报;伤停>2人(主2/客3);平局预警(市场去水平局>=26%),,,,,2026-08-23T02:45:00+08:00,,6.0,,,2026-08-23T09:28:25.571678+08:00,,,,,,,
2026-08-23,法甲,Toulouse vs Olympique Lyonnais,Toulouse,Olympique Lyonnais,1X2客胜,0.3297,3.1,0.0176,,,,win,3.1,2.1,已结算,scan24h对账,0,纯数据无伤病情报;伤停>2人(主2/客3);平局预警(市场去水平局>=26%),,,,,2026-08-23T02:45:00+08:00,,6.0,,,2026-08-23T09:28:25.571678+08:00,,,,,,,
2026-08-23,法甲,Nice vs Lorient,Nice,Lorient,让球主(-0.2),0.6309,1.96,0.2119,1,高价值,,lose,0.0,-1.0,已结算,scan24h对账,0,纯数据无伤病情报;平局预警(市场去水平局>=26%),,,,,2026-08-23T02:45:00+08:00,,6.0,,,2026-08-23T09:28:25.571678+08:00,,,,,,,
2026-08-23,法甲,Nice vs Lorient,Nice,Lorient,让球客(+0.2),0.3691,1.96,-0.2911,,,,half,1.48,0.48,已结算,scan24h对账,0,纯数据无伤病情报;平局预警(市场去水平局>=26%),,,,,2026-08-23T02:45:00+08:00,,6.0,,,2026-08-23T09:28:25.571678+08:00,,,,,,,
2026-08-23,法甲,Nice vs Lorient,Nice,Lorient,小2.50,0.5252,1.84,-0.0502,,,,win,1.84,0.8400000000000001,已结算,scan24h对账,0,纯数据无伤病情报;平局预警(市场去水平局>=26%),,,,,2026-08-23T02:45:00+08:00,,6.0,,,2026-08-23T09:28:25.571678+08:00,,,,,,,
2026-08-23,法甲,Nice vs Lorient,Nice,Lorient,大2.50,0.4748,2.11,-0.0153,,,,lose,0.0,-1.0,已结算,scan24h对账,0,纯数据无伤病情报;平局预警(市场去水平局>=26%),,,,,2026-08-23T02:45:00+08:00,,6.0,,,2026-08-23T09:28:25.571678+08:00,,,,,,,
2026-08-23,法甲,Nice vs Lorient,Nice,Lorient,1X2主胜,0.5733,2.34,0.3373,,,,lose,0.0,-1.0,已结算,scan24h对账,0,纯数据无伤病情报;平局预警(市场去水平局>=26%),,,,,2026-08-23T02:45:00+08:00,,6.0,,,2026-08-23T09:28:25.571678+08:00,,,,,,,
2026-08-23,法甲,Nice vs Lorient,Nice,Lorient,1X2平局,0.2561,3.4,-0.1321,,,,win,3.4,2.4,已结算,scan24h对账,0,纯数据无伤病情报;平局预警(市场去水平局>=26%),,,,,2026-08-23T02:45:00+08:00,,6.0,,,2026-08-23T09:28:25.571678+08:00,,,,,,,
2026-08-23,法甲,Nice vs Lorient,Nice,Lorient,1X2客胜,0.1706,3.55,-0.3961,,,,lose,0.0,-1.0,已结算,scan24h对账,0,纯数据无伤病情报;平局预警(市场去水平局>=26%),,,,,2026-08-23T02:45:00+08:00,,6.0,,,2026-08-23T09:28:25.571678+08:00,,,,,,,
2026-08-23,法甲,Le Mans vs Stade Brestois,Le Mans,Stade Brestois,让球主(+0.0),0.65,1.89,0.21083752916615506,,,,push,1.0,0.0,已结算,scan24h对账,1,纯数据无伤病情报;平局预警(市场去水平局>=26%);模型与市场分歧>20pp(模型81% vs 市场52%)->否决,,,,,2026-08-23T02:45:00+08:00,,6.0,,,2026-08-23T09:28:25.571678+08:00,,,,,,,
2026-08-23,法甲,Le Mans vs Stade Brestois,Le Mans,Stade Brestois,让球客(-0.0),0.1857,2.06,-0.6229,,,,push,1.0,0.0,已结算,scan24h对账,1,纯数据无伤病情报;平局预警(市场去水平局>=26%);模型与市场分歧>20pp(模型81% vs 市场52%)->否决,,,,,2026-08-23T02:45:00+08:00,,6.0,,,2026-08-23T09:28:25.571678+08:00,,,,,,,
2026-08-23,法甲,Le Mans vs Stade Brestois,Le Mans,Stade Brestois,小2.50,0.6397,1.93,0.2156,,,,lose,0.0,-1.0,已结算,scan24h对账,1,纯数据无伤病情报;平局预警(市场去水平局>=26%);模型与市场分歧>20pp(模型81% vs 市场52%)->否决,,,,,2026-08-23T02:45:00+08:00,,6.0,,,2026-08-23T09:28:25.571678+08:00,,,,,,,
2026-08-23,法甲,Le Mans vs Stade Brestois,Le Mans,Stade Brestois,大2.50,0.3603,2.01,-0.2869,,,,win,2.01,1.0099999999999998,已结算,scan24h对账,1,纯数据无伤病情报;平局预警(市场去水平局>=26%);模型与市场分歧>20pp(模型81% vs 市场52%)->否决,,,,,2026-08-23T02:45:00+08:00,,6.0,,,2026-08-23T09:28:25.571678+08:00,,,,,,,
2026-08-23,法甲,Le Mans vs Stade Brestois,Le Mans,Stade Brestois,1X2主胜,0.6391,2.62,0.6626,,,,lose,0.0,-1.0,已结算,scan24h对账,1,纯数据无伤病情报;平局预警(市场去水平局>=26%);模型与市场分歧>20pp(模型81% vs 市场52%)->否决,,,,,2026-08-23T02:45:00+08:00,,6.0,,,2026-08-23T09:28:25.571678+08:00,,,,,,,
2026-08-23,法甲,Le Mans vs Stade Brestois,Le Mans,Stade Brestois,1X2平局,0.2551,3.45,-0.1262,,,,win,3.45,2.45,已结算,scan24h对账,1,纯数据无伤病情报;平局预警(市场去水平局>=26%);模型与市场分歧>20pp(模型81% vs 市场52%)->否决,,,,,2026-08-23T02:45:00+08:00,,6.0,,,2026-08-23T09:28:25.571678+08:00,,,,,,,
2026-08-23,法甲,Le Mans vs Stade Brestois,Le Mans,Stade Brestois,1X2客胜,0.1058,2.98,-0.6868,,,,lose,0.0,-1.0,已结算,scan24h对账,1,纯数据无伤病情报;平局预警(市场去水平局>=26%);模型与市场分歧>20pp(模型81% vs 市场52%)->否决,,,,,2026-08-23T02:45:00+08:00,,6.0,,,2026-08-23T09:28:25.571678+08:00,,,,,,,
2026-08-23,意甲,Parma vs Cagliari,Parma,Cagliari,让球主(+0.0),0.611,1.85,0.1215,1,标准,,lose,0.0,-1.0,已结算,scan24h对账,0,纯数据无伤病情报;伤停>2人(主5/客2);平局预警-强(市场去水平局>=30%),,,,,2026-08-23T02:45:00+08:00,,6.0,,,2026-08-23T09:28:25.571678+08:00,,,,,,,
2026-08-23,意甲,Parma vs Cagliari,Parma,Cagliari,让球客(-0.0),0.389,2.14,-0.1739,,,,win,2.14,1.1400000000000001,已结算,scan24h对账,0,纯数据无伤病情报;伤停>2人(主5/客2);平局预警-强(市场去水平局>=30%),,,,,2026-08-23T02:45:00+08:00,,6.0,,,2026-08-23T09:28:25.571678+08:00,,,,,,,
2026-08-23,意甲,Parma vs Cagliari,Parma,Cagliari,小2.50,0.65,1.61,0.04048752343862683,,,,win,1.61,0.6100000000000001,已结算,scan24h对账,0,纯数据无伤病情报;伤停>2人(主5/客2);平局预警-强(市场去水平局>=30%),,,,,2026-08-23T02:45:00+08:00,,6.0,,,2026-08-23T09:28:25.571678+08:00,,,,,,,
2026-08-23,意甲,Parma vs Cagliari,Parma,Cagliari,大2.50,0.3067,2.6,-0.207,,,,lose,0.0,-1.0,已结算,scan24h对账,0,纯数据无伤病情报;伤停>2人(主5/客2);平局预警-强(市场去水平局>=30%),,,,,2026-08-23T02:45:00+08:00,,6.0,,,2026-08-23T09:28:25.571678+08:00,,,,,,,
2026-08-23,意甲,Parma vs Cagliari,Parma,Cagliari,1X2主胜,0.4261,2.74,0.1617,,,,lose,0.0,-1.0,已结算,scan24h对账,0,纯数据无伤病情报;伤停>2人(主5/客2);平局预警-强(市场去水平局>=30%),,,,,2026-08-23T02:45:00+08:00,,6.0,,,2026-08-23T09:28:25.571678+08:00,,,,,,,
2026-08-23,意甲,Parma vs Cagliari,Parma,Cagliari,1X2平局,0.3267,3.1,0.0076,,,,lose,0.0,-1.0,已结算,scan24h对账,0,纯数据无伤病情报;伤停>2人(主5/客2);平局预警-强(市场去水平局>=30%),,,,,2026-08-23T02:45:00+08:00,,6.0,,,2026-08-23T09:28:25.571678+08:00,,,,,,,
2026-08-23,意甲,Parma vs Cagliari,Parma,Cagliari,1X2客胜,0.2473,3.15,-0.225,,,,win,3.15,2.15,已结算,scan24h对账,0,纯数据无伤病情报;伤停>2人(主5/客2);平局预警-强(市场去水平局>=30%),,,,,2026-08-23T02:45:00+08:00,,6.0,,,2026-08-23T09:28:25.571678+08:00,,,,,,,
2026-08-23,意甲,Genoa vs SSC Napoli,Genoa,SSC Napoli,让球主(+0.5),0.6219,1.9,0.1734,1,标准,,lose,0.0,-1.0,已结算,scan24h对账,0,纯数据无伤病情报;伤停>2人(主2/客3);平局预警-强(市场去水平局>=30%),,,,,2026-08-23T02:45:00+08:00,,6.0,,,2026-08-23T09:28:25.571678+08:00,,,,,,,
2026-08-23,意甲,Genoa vs SSC Napoli,Genoa,SSC Napoli,让球客(-0.5),0.3781,2.08,-0.2192,,,,win,2.08,1.08,已结算,scan24h对账,0,纯数据无伤病情报;伤停>2人(主2/客3);平局预警-强(市场去水平局>=30%),,,,,2026-08-23T02:45:00+08:00,,6.0,,,2026-08-23T09:28:25.571678+08:00,,,,,,,
2026-08-23,意甲,Genoa vs SSC Napoli,Genoa,SSC Napoli,小2.50,0.65,1.62,0.0350867296573123,,,,win,1.62,0.6200000000000001,已结算,scan24h对账,0,纯数据无伤病情报;伤停>2人(主2/客3);平局预警-强(市场去水平局>=30%),,,,,2026-08-23T02:45:00+08:00,,6.0,,,2026-08-23T09:28:25.571678+08:00,,,,,,,
2026-08-23,意甲,Genoa vs SSC Napoli,Genoa,SSC Napoli,大2.50,0.2909,2.5,-0.2851,,,,lose,0.0,-1.0,已结算,scan24h对账,0,纯数据无伤病情报;伤停>2人(主2/客3);平局预警-强(市场去水平局>=30%),,,,,2026-08-23T02:45:00+08:00,,6.0,,,2026-08-23T09:28:25.571678+08:00,,,,,,,
2026-08-23,意甲,Genoa vs SSC Napoli,Genoa,SSC Napoli,1X2主胜,0.2941,4.5,0.3156,,,,lose,0.0,-1.0,已结算,scan24h对账,0,纯数据无伤病情报;伤停>2人(主2/客3);平局预警-强(市场去水平局>=30%),,,,,2026-08-23T02:45:00+08:00,,6.0,,,2026-08-23T09:28:25.571678+08:00,,,,,,,
2026-08-23,意甲,Genoa vs SSC Napoli,Genoa,SSC Napoli,1X2平局,0.3368,3.3,0.1049,,,,lose,0.0,-1.0,已结算,scan24h对账,0,纯数据无伤病情报;伤停>2人(主2/客3);平局预警-强(市场去水平局>=30%),,,,,2026-08-23T02:45:00+08:00,,6.0,,,2026-08-23T09:28:25.571678+08:00,,,,,,,
2026-08-23,意甲,Genoa vs SSC Napoli,Genoa,SSC Napoli,1X2客胜,0.3691,2.08,-0.237,,,,win,2.08,1.08,已结算,scan24h对账,0,纯数据无伤病情报;伤停>2人(主2/客3);平局预警-强(市场去水平局>=30%),,,,,2026-08-23T02:45:00+08:00,,6.0,,,2026-08-23T09:28:25.571678+08:00,,,,,,,
2026-08-23,阿甲,Gimnasia y Esgrima vs Gimnasia y Esgrima Mendoza,Gimnasia y Esgrima,Gimnasia y Esgrima Mendoza,让球主(-0.5),0.65,1.83,0.1631261595547311,,,,lose,0.0,-1.0,已结算,scan24h对账,1,纯数据无伤病情报;伤停>2人(主4/客2);平局预警(市场去水平局>=26%);模型与市场分歧>20pp(模型75% vs 市场53%)->否决,,,,,2026-08-23T03:00:00+08:00,,6.3,,,2026-08-23T09:28:25.571678+08:00,,,,,,,
2026-08-23,阿甲,Gimnasia y Esgrima vs Gimnasia y Esgrima Mendoza,Gimnasia y Esgrima,Gimnasia y Esgrima Mendoza,让球客(+0.5),0.2454,2.1,-0.4961,,,,win,2.1,1.1,已结算,scan24h对账,1,纯数据无伤病情报;伤停>2人(主4/客2);平局预警(市场去水平局>=26%);模型与市场分歧>20pp(模型75% vs 市场53%)->否决,,,,,2026-08-23T03:00:00+08:00,,6.3,,,2026-08-23T09:28:25.571678+08:00,,,,,,,
2026-08-23,阿甲,Gimnasia y Esgrima vs Gimnasia y Esgrima Mendoza,Gimnasia y Esgrima,Gimnasia y Esgrima Mendoza,小2.50,0.5265,1.5,-0.2541,,,,lose,0.0,-1.0,已结算,scan24h对账,1,纯数据无伤病情报;伤停>2人(主4/客2);平局预警(市场去水平局>=26%);模型与市场分歧>20pp(模型75% vs 市场53%)->否决,,,,,2026-08-23T03:00:00+08:00,,6.3,,,2026-08-23T09:28:25.571678+08:00,,,,,,,
2026-08-23,阿甲,Gimnasia y Esgrima vs Gimnasia y Esgrima Mendoza,Gimnasia y Esgrima,Gimnasia y Esgrima Mendoza,大2.50,0.4735,2.55,0.1404,,,,win,2.55,1.5499999999999998,已结算,scan24h对账,1,纯数据无伤病情报;伤停>2人(主4/客2);平局预警(市场去水平局>=26%);模型与市场分歧>20pp(模型75% vs 市场53%)->否决,,,,,2026-08-23T03:00:00+08:00,,6.3,,,2026-08-23T09:28:25.571678+08:00,,,,,,,
2026-08-23,阿甲,Gimnasia y Esgrima vs Gimnasia y Esgrima Mendoza,Gimnasia y Esgrima,Gimnasia y Esgrima Mendoza,1X2主胜,0.65,1.85,0.18948482194979555,,,,lose,0.0,-1.0,已结算,scan24h对账,1,纯数据无伤病情报;伤停>2人(主4/客2);平局预警(市场去水平局>=26%);模型与市场分歧>20pp(模型75% vs 市场53%)->否决,,,,,2026-08-23T03:00:00+08:00,,6.3,,,2026-08-23T09:28:25.571678+08:00,,,,,,,
2026-08-23,阿甲,Gimnasia y Esgrima vs Gimnasia y Esgrima Mendoza,Gimnasia y Esgrima,Gimnasia y Esgrima Mendoza,1X2平局,0.2163,3.55,-0.2404,,,,lose,0.0,-1.0,已结算,scan24h对账,1,纯数据无伤病情报;伤停>2人(主4/客2);平局预警(市场去水平局>=26%);模型与市场分歧>20pp(模型75% vs 市场53%)->否决,,,,,2026-08-23T03:00:00+08:00,,6.3,,,2026-08-23T09:28:25.571678+08:00,,,,,,,
2026-08-23,阿甲,Gimnasia y Esgrima vs Gimnasia y Esgrima Mendoza,Gimnasia y Esgrima,Gimnasia y Esgrima Mendoza,1X2客胜,0.0985,5.3,-0.4834,,,,win,5.3,4.3,已结算,scan24h对账,1,纯数据无伤病情报;伤停>2人(主4/客2);平局预警(市场去水平局>=26%);模型与市场分歧>20pp(模型75% vs 市场53%)->否决,,,,,2026-08-23T03:00:00+08:00,,6.3,,,2026-08-23T09:28:25.571678+08:00,,,,,,,
2026-08-23,阿甲,Atlético Tucumán vs Instituto De Córdoba,Atlético Tucumán,Instituto De Córdoba,让球主(+0.0),0.5393,1.98,0.0436,,,,push,1.0,0.0,已结算,scan24h对账,0,纯数据无伤病情报;伤停>2人(主4/客1);平局预警-强(市场去水平局>=30%),,,,,2026-08-23T03:00:00+08:00,,6.3,,,2026-08-23T09:28:25.571678+08:00,,,,,,,
2026-08-23,阿甲,Atlético Tucumán vs Instituto De Córdoba,Atlético Tucumán,Instituto De Córdoba,让球客(-0.0),0.4607,1.93,-0.131,,,,push,1.0,0.0,已结算,scan24h对账,0,纯数据无伤病情报;伤停>2人(主4/客1);平局预警-强(市场去水平局>=30%),,,,,2026-08-23T03:00:00+08:00,,6.3,,,2026-08-23T09:28:25.571678+08:00,,,,,,,
2026-08-23,阿甲,Atlético Tucumán vs Instituto De Córdoba,Atlético Tucumán,Instituto De Córdoba,小2.50,0.65,1.47,-0.10024326569360387,,,,win,1.47,0.47,已结算,scan24h对账,0,纯数据无伤病情报;伤停>2人(主4/客1);平局预警-强(市场去水平局>=30%),,,,,2026-08-23T03:00:00+08:00,,6.3,,,2026-08-23T09:28:25.571678+08:00,,,,,,,
2026-08-23,阿甲,Atlético Tucumán vs Instituto De Córdoba,Atlético Tucumán,Instituto De Córdoba,大2.50,0.1573,2.62,-0.6119,,,,lose,0.0,-1.0,已结算,scan24h对账,0,纯数据无伤病情报;伤停>2人(主4/客1);平局预警-强(市场去水平局>=30%),,,,,2026-08-23T03:00:00+08:00,,6.3,,,2026-08-23T09:28:25.571678+08:00,,,,,,,
2026-08-23,阿甲,Atlético Tucumán vs Instituto De Córdoba,Atlético Tucumán,Instituto De Córdoba,1X2主胜,0.3398,3.0,0.0007,,,,lose,0.0,-1.0,已结算,scan24h对账,0,纯数据无伤病情报;伤停>2人(主4/客1);平局预警-强(市场去水平局>=30%),,,,,2026-08-23T03:00:00+08:00,,6.3,,,2026-08-23T09:28:25.571678+08:00,,,,,,,
2026-08-23,阿甲,Atlético Tucumán vs Instituto De Córdoba,Atlético Tucumán,Instituto De Córdoba,1X2平局,0.3847,3.0,0.1328,,,,win,3.0,2.0,已结算,scan24h对账,0,纯数据无伤病情报;伤停>2人(主4/客1);平局预警-强(市场去水平局>=30%),,,,,2026-08-23T03:00:00+08:00,,6.3,,,2026-08-23T09:28:25.571678+08:00,,,,,,,
2026-08-23,阿甲,Atlético Tucumán vs Instituto De Córdoba,Atlético Tucumán,Instituto De Córdoba,1X2客胜,0.2755,2.84,-0.232,,,,lose,0.0,-1.0,已结算,scan24h对账,0,纯数据无伤病情报;伤停>2人(主4/客1);平局预警-强(市场去水平局>=30%),,,,,2026-08-23T03:00:00+08:00,,6.3,,,2026-08-23T09:28:25.571678+08:00,,,,,,,
2026-08-23,荷甲,SC Heerenveen vs PEC Zwolle,SC Heerenveen,PEC Zwolle,让球主(-1.0),0.3206,1.94,-0.3937,,,,lose,0.0,-1.0,已结算,scan24h对账,0,"纯数据无伤病情报;联赛荷甲历史负ROI(观察期, 300场后定禁入)",,,,,2026-08-23T03:00:00+08:00,,6.3,,,2026-08-23T09:28:25.571678+08:00,,,,,,,
2026-08-23,荷甲,SC Heerenveen vs PEC Zwolle,SC Heerenveen,PEC Zwolle,让球客(+1.0),0.65,1.96,0.24221371798645874,3,高价值,,win,1.96,0.96,已结算,scan24h对账,0,"纯数据无伤病情报;联赛荷甲历史负ROI(观察期, 300场后定禁入)",,,,,2026-08-23T03:00:00+08:00,,6.3,,,2026-08-23T09:28:25.571678+08:00,,,,,,,
2026-08-23,荷甲,SC Heerenveen vs PEC Zwolle,SC Heerenveen,PEC Zwolle,小2.50,0.3556,2.75,-0.0799,,,,win,2.75,1.75,已结算,scan24h对账,0,"纯数据无伤病情报;联赛荷甲历史负ROI(观察期, 300场后定禁入)",,,,,2026-08-23T03:00:00+08:00,,6.3,,,2026-08-23T09:28:25.571678+08:00,,,,,,,
2026-08-23,荷甲,SC Heerenveen vs PEC Zwolle,SC Heerenveen,PEC Zwolle,大2.50,0.6444,1.43,-0.1331,,,,lose,0.0,-1.0,已结算,scan24h对账,0,"纯数据无伤病情报;联赛荷甲历史负ROI(观察期, 300场后定禁入)",,,,,2026-08-23T03:00:00+08:00,,6.3,,,2026-08-23T09:28:25.571678+08:00,,,,,,,
2026-08-23,荷甲,SC Heerenveen vs PEC Zwolle,SC Heerenveen,PEC Zwolle,1X2主胜,0.4033,1.62,-0.3522,,,,lose,0.0,-1.0,已结算,scan24h对账,0,"纯数据无伤病情报;联赛荷甲历史负ROI(观察期, 300场后定禁入)",,,,,2026-08-23T03:00:00+08:00,,6.3,,,2026-08-23T09:28:25.571678+08:00,,,,,,,
2026-08-23,荷甲,SC Heerenveen vs PEC Zwolle,SC Heerenveen,PEC Zwolle,1X2平局,0.2478,4.7,0.1547,,,,lose,0.0,-1.0,已结算,scan24h对账,0,"纯数据无伤病情报;联赛荷甲历史负ROI(观察期, 300场后定禁入)",,,,,2026-08-23T03:00:00+08:00,,6.3,,,2026-08-23T09:28:25.571678+08:00,,,,,,,
2026-08-23,荷甲,SC Heerenveen vs PEC Zwolle,SC Heerenveen,PEC Zwolle,1X2客胜,0.3489,5.6,0.9371,,,,win,5.6,4.6,已结算,scan24h对账,0,"纯数据无伤病情报;联赛荷甲历史负ROI(观察期, 300场后定禁入)",,,,,2026-08-23T03:00:00+08:00,,6.3,,,2026-08-23T09:28:25.571678+08:00,,,,,,,
2026-08-23,巴甲,Fluminense vs Remo,Fluminense,Remo,让球主(-1.0),0.65,1.9,0.22065171688857754,2,高价值,,push,1.0,0.0,已结算,scan24h对账,0,纯数据无伤病情报;伤停>2人(主8/客3),,,,,2026-08-23T03:00:00+08:00,,6.2,,,2026-08-23T09:28:25.571678+08:00,,,,,,,
2026-08-23,巴甲,Fluminense vs Remo,Fluminense,Remo,让球客(+1.0),0.2865,2.06,-0.4166,,,,push,1.0,0.0,已结算,scan24h对账,0,纯数据无伤病情报;伤停>2人(主8/客3),,,,,2026-08-23T03:00:00+08:00,,6.2,,,2026-08-23T09:28:25.571678+08:00,,,,,,,
2026-08-23,巴甲,Fluminense vs Remo,Fluminense,Remo,小2.50,0.2901,1.91,-0.4509,,,,lose,0.0,-1.0,已结算,scan24h对账,0,纯数据无伤病情报;伤停>2人(主8/客3),,,,,2026-08-23T03:00:00+08:00,,6.2,,,2026-08-23T09:28:25.571678+08:00,,,,,,,
2026-08-23,巴甲,Fluminense vs Remo,Fluminense,Remo,大2.50,0.65,2.06,0.32710240878997054,,,,win,2.06,1.06,已结算,scan24h对账,0,纯数据无伤病情报;伤停>2人(主8/客3),,,,,2026-08-23T03:00:00+08:00,,6.2,,,2026-08-23T09:28:25.571678+08:00,,,,,,,
2026-08-23,巴甲,Fluminense vs Remo,Fluminense,Remo,1X2主胜,0.65,1.54,-0.005856346075363783,,,,win,1.54,0.54,已结算,scan24h对账,0,纯数据无伤病情报;伤停>2人(主8/客3),,,,,2026-08-23T03:00:00+08:00,,6.2,,,2026-08-23T09:28:25.571678+08:00,,,,,,,
2026-08-23,巴甲,Fluminense vs Remo,Fluminense,Remo,1X2平局,0.167,4.3,-0.287,,,,lose,0.0,-1.0,已结算,scan24h对账,0,纯数据无伤病情报;伤停>2人(主8/客3),,,,,2026-08-23T03:00:00+08:00,,6.2,,,2026-08-23T09:28:25.571678+08:00,,,,,,,
2026-08-23,巴甲,Fluminense vs Remo,Fluminense,Remo,1X2客胜,0.0979,8.0,-0.222,,,,lose,0.0,-1.0,已结算,scan24h对账,0,纯数据无伤病情报;伤停>2人(主8/客3),,,,,2026-08-23T03:00:00+08:00,,6.2,,,2026-08-23T09:28:25.571678+08:00,,,,,,,
2026-08-23,葡超,Sporting CP vs FC Alverca,Sporting CP,FC Alverca,让球主(-1.8),0.2124,1.89,-0.6062,,,,half,1.4449999999999998,0.44499999999999995,已结算,scan24h对账,1,纯数据无伤病情报;模型与市场分歧>20pp(模型79% vs 市场48%)->否决,,,,,2026-08-23T03:30:00+08:00,,6.8,,,2026-08-23T09:28:25.571678+08:00,,,,,,,
2026-08-23,葡超,Sporting CP vs FC Alverca,Sporting CP,FC Alverca,让球客(+1.8),0.65,2.04,0.3009903504316913,,,,lose,0.0,-1.0,已结算,scan24h对账,1,纯数据无伤病情报;模型与市场分歧>20pp(模型79% vs 市场48%)->否决,,,,,2026-08-23T03:30:00+08:00,,6.8,,,2026-08-23T09:28:25.571678+08:00,,,,,,,
2026-08-23,葡超,Sporting CP vs FC Alverca,Sporting CP,FC Alverca,小2.50,0.4434,2.48,0.0279,,,,lose,0.0,-1.0,已结算,scan24h对账,1,纯数据无伤病情报;模型与市场分歧>20pp(模型79% vs 市场48%)->否决,,,,,2026-08-23T03:30:00+08:00,,6.8,,,2026-08-23T09:28:25.571678+08:00,,,,,,,
2026-08-23,葡超,Sporting CP vs FC Alverca,Sporting CP,FC Alverca,大2.50,0.5566,1.5,-0.2197,,,,win,1.5,0.5,已结算,scan24h对账,1,纯数据无伤病情报;模型与市场分歧>20pp(模型79% vs 市场48%)->否决,,,,,2026-08-23T03:30:00+08:00,,6.8,,,2026-08-23T09:28:25.571678+08:00,,,,,,,
2026-08-23,葡超,Sporting CP vs FC Alverca,Sporting CP,FC Alverca,1X2主胜,0.4014,1.23,-0.5108,,,,win,1.23,0.22999999999999998,已结算,scan24h对账,1,纯数据无伤病情报;模型与市场分歧>20pp(模型79% vs 市场48%)->否决,,,,,2026-08-23T03:30:00+08:00,,6.8,,,2026-08-23T09:28:25.571678+08:00,,,,,,,
2026-08-23,葡超,Sporting CP vs FC Alverca,Sporting CP,FC Alverca,1X2平局,0.2717,7.6,1.0464,,,,lose,0.0,-1.0,已结算,scan24h对账,1,纯数据无伤病情报;模型与市场分歧>20pp(模型79% vs 市场48%)->否决,,,,,2026-08-23T03:30:00+08:00,,6.8,,,2026-08-23T09:28:25.571678+08:00,,,,,,,
2026-08-23,葡超,Sporting CP vs FC Alverca,Sporting CP,FC Alverca,1X2客胜,0.3269,15.5,4.0214,,,,lose,0.0,-1.0,已结算,scan24h对账,1,纯数据无伤病情报;模型与市场分歧>20pp(模型79% vs 市场48%)->否决,,,,,2026-08-23T03:30:00+08:00,,6.8,,,2026-08-23T09:28:25.571678+08:00,,,,,,,
2026-08-23,西乙,CD Eldense vs Cádiz,CD Eldense,Cádiz,让球主(-0.2),0.5226,1.98,0.0244,,,,lose,0.0,-1.0,已结算,scan24h对账,0,纯数据无伤病情报;平局预警-强(市场去水平局>=30%),,,,,2026-08-23T03:30:00+08:00,,6.8,,,2026-08-23T09:28:25.571678+08:00,,,,,,,
2026-08-23,西乙,CD Eldense vs Cádiz,CD Eldense,Cádiz,让球客(+0.2),0.4774,1.98,-0.0642,,,,half,1.49,0.49,已结算,scan24h对账,0,纯数据无伤病情报;平局预警-强(市场去水平局>=30%),,,,,2026-08-23T03:30:00+08:00,,6.8,,,2026-08-23T09:28:25.571678+08:00,,,,,,,
2026-08-23,西乙,CD Eldense vs Cádiz,CD Eldense,Cádiz,小2.50,0.4201,1.75,-0.2721,,,,lose,0.0,-1.0,已结算,scan24h对账,0,纯数据无伤病情报;平局预警-强(市场去水平局>=30%),,,,,2026-08-23T03:30:00+08:00,,6.8,,,2026-08-23T09:28:25.571678+08:00,,,,,,,
2026-08-23,西乙,CD Eldense vs Cádiz,CD Eldense,Cádiz,大2.50,0.5799,2.28,0.309,2,高价值,,win,2.28,1.2799999999999998,已结算,scan24h对账,0,纯数据无伤病情报;平局预警-强(市场去水平局>=30%),,,,,2026-08-23T03:30:00+08:00,,6.8,,,2026-08-23T09:28:25.571678+08:00,,,,,,,
2026-08-23,西乙,CD Eldense vs Cádiz,CD Eldense,Cádiz,1X2主胜,0.4834,2.34,0.1158,,,,lose,0.0,-1.0,已结算,scan24h对账,0,纯数据无伤病情报;平局预警-强(市场去水平局>=30%),,,,,2026-08-23T03:30:00+08:00,,6.8,,,2026-08-23T09:28:25.571678+08:00,,,,,,,
2026-08-23,西乙,CD Eldense vs Cádiz,CD Eldense,Cádiz,1X2平局,0.257,3.2,-0.1889,,,,win,3.2,2.2,已结算,scan24h对账,0,纯数据无伤病情报;平局预警-强(市场去水平局>=30%),,,,,2026-08-23T03:30:00+08:00,,6.8,,,2026-08-23T09:28:25.571678+08:00,,,,,,,
2026-08-23,西乙,CD Eldense vs Cádiz,CD Eldense,Cádiz,1X2客胜,0.2596,3.65,-0.0655,,,,lose,0.0,-1.0,已结算,scan24h对账,0,纯数据无伤病情报;平局预警-强(市场去水平局>=30%),,,,,2026-08-23T03:30:00+08:00,,6.8,,,2026-08-23T09:28:25.571678+08:00,,,,,,,
2026-08-23,西甲,Espanyol vs Real Madrid,Espanyol,Real Madrid,让球主(+1.2),0.65,1.94,0.2538650148406245,,,,half,1.47,0.47,已结算,scan24h对账,1,纯数据无伤病情报;伤停>2人(主3/客5);模型与市场分歧>20pp(模型77% vs 市场51%)->否决,,,,,2026-08-23T03:30:00+08:00,,6.8,,,2026-08-23T09:28:25.571678+08:00,,,,,,,
2026-08-23,西甲,Espanyol vs Real Madrid,Espanyol,Real Madrid,让球客(-1.2),0.2251,2.04,-0.5433,,,,lose,0.0,-1.0,已结算,scan24h对账,1,纯数据无伤病情报;伤停>2人(主3/客5);模型与市场分歧>20pp(模型77% vs 市场51%)->否决,,,,,2026-08-23T03:30:00+08:00,,6.8,,,2026-08-23T09:28:25.571678+08:00,,,,,,,
2026-08-23,西甲,Espanyol vs Real Madrid,Espanyol,Real Madrid,小2.50,0.6111,2.2,0.327,,,,lose,0.0,-1.0,已结算,scan24h对账,1,纯数据无伤病情报;伤停>2人(主3/客5);模型与市场分歧>20pp(模型77% vs 市场51%)->否决,,,,,2026-08-23T03:30:00+08:00,,6.8,,,2026-08-23T09:28:25.571678+08:00,,,,,,,
2026-08-23,西甲,Espanyol vs Real Madrid,Espanyol,Real Madrid,大2.50,0.3889,1.79,-0.313,,,,win,1.79,0.79,已结算,scan24h对账,1,纯数据无伤病情报;伤停>2人(主3/客5);模型与市场分歧>20pp(模型77% vs 市场51%)->否决,,,,,2026-08-23T03:30:00+08:00,,6.8,,,2026-08-23T09:28:25.571678+08:00,,,,,,,
2026-08-23,西甲,Espanyol vs Real Madrid,Espanyol,Real Madrid,1X2主胜,0.2647,7.8,1.058,,,,lose,0.0,-1.0,已结算,scan24h对账,1,纯数据无伤病情报;伤停>2人(主3/客5);模型与市场分歧>20pp(模型77% vs 市场51%)->否决,,,,,2026-08-23T03:30:00+08:00,,6.8,,,2026-08-23T09:28:25.571678+08:00,,,,,,,
2026-08-23,西甲,Espanyol vs Real Madrid,Espanyol,Real Madrid,1X2平局,0.2904,4.9,0.4182,,,,lose,0.0,-1.0,已结算,scan24h对账,1,纯数据无伤病情报;伤停>2人(主3/客5);模型与市场分歧>20pp(模型77% vs 市场51%)->否决,,,,,2026-08-23T03:30:00+08:00,,6.8,,,2026-08-23T09:28:25.571678+08:00,,,,,,,
2026-08-23,西甲,Espanyol vs Real Madrid,Espanyol,Real Madrid,1X2客胜,0.4448,1.49,-0.3395,,,,win,1.49,0.49,已结算,scan24h对账,1,纯数据无伤病情报;伤停>2人(主3/客5);模型与市场分歧>20pp(模型77% vs 市场51%)->否决,,,,,2026-08-23T03:30:00+08:00,,6.8,,,2026-08-23T09:28:25.571678+08:00,,,,,,,
2026-08-23,阿甲,CA Independiente vs Independiente Rivadavia,CA Independiente,Independiente Rivadavia,让球主(-0.5),0.4292,2.11,-0.1151,,,,lose,0.0,-1.0,已结算,scan24h对账,0,纯数据无伤病情报;伤停>2人(主4/客1);平局预警(市场去水平局>=26%),,,,,2026-08-23T05:30:00+08:00,,8.8,,,2026-08-23T09:28:25.571678+08:00,,,,,,,
2026-08-23,阿甲,CA Independiente vs Independiente Rivadavia,CA Independiente,Independiente Rivadavia,让球客(+0.5),0.5708,1.82,0.0151,,,,win,1.82,0.8200000000000001,已结算,scan24h对账,0,纯数据无伤病情报;伤停>2人(主4/客1);平局预警(市场去水平局>=26%),,,,,2026-08-23T05:30:00+08:00,,8.8,,,2026-08-23T09:28:25.571678+08:00,,,,,,,
2026-08-23,阿甲,CA Independiente vs Independiente Rivadavia,CA Independiente,Independiente Rivadavia,小2.50,0.6162,1.56,-0.0882,,,,win,1.56,0.56,已结算,scan24h对账,0,纯数据无伤病情报;伤停>2人(主4/客1);平局预警(市场去水平局>=26%),,,,,2026-08-23T05:30:00+08:00,,8.8,,,2026-08-23T09:28:25.571678+08:00,,,,,,,
2026-08-23,阿甲,CA Independiente vs Independiente Rivadavia,CA Independiente,Independiente Rivadavia,大2.50,0.3838,2.42,-0.119,,,,lose,0.0,-1.0,已结算,scan24h对账,0,纯数据无伤病情报;伤停>2人(主4/客1);平局预警(市场去水平局>=26%),,,,,2026-08-23T05:30:00+08:00,,8.8,,,2026-08-23T09:28:25.571678+08:00,,,,,,,
2026-08-23,阿甲,CA Independiente vs Independiente Rivadavia,CA Independiente,Independiente Rivadavia,1X2主胜,0.4094,2.14,-0.1363,,,,lose,0.0,-1.0,已结算,scan24h对账,0,纯数据无伤病情报;伤停>2人(主4/客1);平局预警(市场去水平局>=26%),,,,,2026-08-23T05:30:00+08:00,,8.8,,,2026-08-23T09:28:25.571678+08:00,,,,,,,
2026-08-23,阿甲,CA Independiente vs Independiente Rivadavia,CA Independiente,Independiente Rivadavia,1X2平局,0.3036,3.3,-0.0121,,,,win,3.3,2.3,已结算,scan24h对账,0,纯数据无伤病情报;伤停>2人(主4/客1);平局预警(市场去水平局>=26%),,,,,2026-08-23T05:30:00+08:00,,8.8,,,2026-08-23T09:28:25.571678+08:00,,,,,,,
2026-08-23,阿甲,CA Independiente vs Independiente Rivadavia,CA Independiente,Independiente Rivadavia,1X2客胜,0.287,4.1,0.1604,,,,lose,0.0,-1.0,已结算,scan24h对账,0,纯数据无伤病情报;伤停>2人(主4/客1);平局预警(市场去水平局>=26%),,,,,2026-08-23T05:30:00+08:00,,8.8,,,2026-08-23T09:28:25.571678+08:00,,,,,,,
2026-08-23,巴甲,Internacional vs Atlético Mineiro,Internacional,Atlético Mineiro,让球主(-0.5),0.3825,2.08,-0.2144,,,,lose,0.0,-1.0,已结算,scan24h对账,0,纯数据无伤病情报;伤停>2人(主7/客5);平局预警(市场去水平局>=26%),,,,,2026-08-23T05:30:00+08:00,,8.7,,,2026-08-23T09:28:25.571678+08:00,,,,,,,
2026-08-23,巴甲,Internacional vs Atlético Mineiro,Internacional,Atlético Mineiro,让球客(+0.5),0.6175,1.88,0.1464,,,,win,1.88,0.8799999999999999,已结算,scan24h对账,0,纯数据无伤病情报;伤停>2人(主7/客5);平局预警(市场去水平局>=26%),,,,,2026-08-23T05:30:00+08:00,,8.7,,,2026-08-23T09:28:25.571678+08:00,,,,,,,
2026-08-23,巴甲,Internacional vs Atlético Mineiro,Internacional,Atlético Mineiro,小2.50,0.65,1.87,0.207620172270075,2,高价值,,win,1.87,0.8700000000000001,已结算,scan24h对账,0,纯数据无伤病情报;伤停>2人(主7/客5);平局预警(市场去水平局>=26%),,,,,2026-08-23T05:30:00+08:00,,8.7,,,2026-08-23T09:28:25.571678+08:00,,,,,,,
2026-08-23,巴甲,Internacional vs Atlético Mineiro,Internacional,Atlético Mineiro,大2.50,0.2802,2.12,-0.4097,,,,lose,0.0,-1.0,已结算,scan24h对账,0,纯数据无伤病情报;伤停>2人(主7/客5);平局预警(市场去水平局>=26%),,,,,2026-08-23T05:30:00+08:00,,8.7,,,2026-08-23T09:28:25.571678+08:00,,,,,,,
2026-08-23,巴甲,Internacional vs Atlético Mineiro,Internacional,Atlético Mineiro,1X2主胜,0.3725,2.12,-0.2167,,,,lose,0.0,-1.0,已结算,scan24h对账,0,纯数据无伤病情报;伤停>2人(主7/客5);平局预警(市场去水平局>=26%),,,,,2026-08-23T05:30:00+08:00,,8.7,,,2026-08-23T09:28:25.571678+08:00,,,,,,,
2026-08-23,巴甲,Internacional vs Atlético Mineiro,Internacional,Atlético Mineiro,1X2平局,0.3357,3.35,0.1152,,,,win,3.35,2.35,已结算,scan24h对账,0,纯数据无伤病情报;伤停>2人(主7/客5);平局预警(市场去水平局>=26%),,,,,2026-08-23T05:30:00+08:00,,8.7,,,2026-08-23T09:28:25.571678+08:00,,,,,,,
2026-08-23,巴甲,Internacional vs Atlético Mineiro,Internacional,Atlético Mineiro,1X2客胜,0.2918,4.2,0.2155,,,,lose,0.0,-1.0,已结算,scan24h对账,0,纯数据无伤病情报;伤停>2人(主7/客5);平局预警(市场去水平局>=26%),,,,,2026-08-23T05:30:00+08:00,,8.7,,,2026-08-23T09:28:25.571678+08:00,,,,,,,
2026-08-23,巴甲,Cruzeiro vs Flamengo,Cruzeiro,Flamengo,让球主(+0.2),0.5004,1.95,-0.0366,,,,win,1.95,0.95,已结算,scan24h对账,0,纯数据无伤病情报;伤停>2人(主4/客4);平局预警(市场去水平局>=26%),,,,,2026-08-23T07:30:00+08:00,,10.7,,,2026-08-23T09:28:25.571678+08:00,,,,,,,
2026-08-23,巴甲,Cruzeiro vs Flamengo,Cruzeiro,Flamengo,让球客(-0.2),0.4996,2.0,-0.0135,,,,lose,0.0,-1.0,已结算,scan24h对账,0,纯数据无伤病情报;伤停>2人(主4/客4);平局预警(市场去水平局>=26%),,,,,2026-08-23T07:30:00+08:00,,10.7,,,2026-08-23T09:28:25.571678+08:00,,,,,,,
2026-08-23,巴甲,Cruzeiro vs Flamengo,Cruzeiro,Flamengo,小2.50,0.4033,1.92,-0.2306,,,,lose,0.0,-1.0,已结算,scan24h对账,0,纯数据无伤病情报;伤停>2人(主4/客4);平局预警(市场去水平局>=26%),,,,,2026-08-23T07:30:00+08:00,,10.7,,,2026-08-23T09:28:25.571678+08:00,,,,,,,
2026-08-23,巴甲,Cruzeiro vs Flamengo,Cruzeiro,Flamengo,大2.50,0.5967,2.06,0.2216,2,高价值,,win,2.06,1.06,已结算,scan24h对账,0,纯数据无伤病情报;伤停>2人(主4/客4);平局预警(市场去水平局>=26%),,,,,2026-08-23T07:30:00+08:00,,10.7,,,2026-08-23T09:28:25.571678+08:00,,,,,,,
2026-08-23,巴甲,Cruzeiro vs Flamengo,Cruzeiro,Flamengo,1X2主胜,0.2763,3.4,-0.0671,,,,win,3.4,2.4,已结算,scan24h对账,0,纯数据无伤病情报;伤停>2人(主4/客4);平局预警(市场去水平局>=26%),,,,,2026-08-23T07:30:00+08:00,,10.7,,,2026-08-23T09:28:25.571678+08:00,,,,,,,
2026-08-23,巴甲,Cruzeiro vs Flamengo,Cruzeiro,Flamengo,1X2平局,0.2585,3.5,-0.1015,,,,lose,0.0,-1.0,已结算,scan24h对账,0,纯数据无伤病情报;伤停>2人(主4/客4);平局预警(市场去水平局>=26%),,,,,2026-08-23T07:30:00+08:00,,10.7,,,2026-08-23T09:28:25.571678+08:00,,,,,,,
2026-08-23,巴甲,Cruzeiro vs Flamengo,Cruzeiro,Flamengo,1X2客胜,0.4651,2.34,0.0806,,,,lose,0.0,-1.0,已结算,scan24h对账,0,纯数据无伤病情报;伤停>2人(主4/客4);平局预警(市场去水平局>=26%),,,,,2026-08-23T07:30:00+08:00,,10.7,,,2026-08-23T09:28:25.571678+08:00,,,,,,,
2026-08-23,美职,Charlotte FC vs DC United,Charlotte FC,DC United,让球主(-0.8),0.6452,2.06,0.3137,2,高价值,,win,2.06,1.06,已结算,scan24h对账,0,纯数据无伤病情报;伤停>2人(主3/客2),,,,,2026-08-23T07:30:00+08:00,,10.7,,,2026-08-23T09:44:49.635469+08:00,,,,,,,
2026-08-23,美职,Charlotte FC vs DC United,Charlotte FC,DC United,让球客(+0.8),0.3548,1.9,-0.3337,,,,lose,0.0,-1.0,已结算,scan24h对账,0,纯数据无伤病情报;伤停>2人(主3/客2),,,,,2026-08-23T07:30:00+08:00,,10.7,,,2026-08-23T09:44:49.635469+08:00,,,,,,,
2026-08-23,美职,Charlotte FC vs DC United,Charlotte FC,DC United,小2.50,0.4645,2.34,0.081,,,,lose,0.0,-1.0,已结算,scan24h对账,0,纯数据无伤病情报;伤停>2人(主3/客2),,,,,2026-08-23T07:30:00+08:00,,10.7,,,2026-08-23T09:44:49.635469+08:00,,,,,,,
2026-08-23,美职,Charlotte FC vs DC United,Charlotte FC,DC United,大2.50,0.5355,1.73,-0.0785,,,,win,1.73,0.73,已结算,scan24h对账,0,纯数据无伤病情报;伤停>2人(主3/客2),,,,,2026-08-23T07:30:00+08:00,,10.7,,,2026-08-23T09:44:49.635469+08:00,,,,,,,
2026-08-23,美职,Charlotte FC vs DC United,Charlotte FC,DC United,1X2主胜,0.5849,1.84,0.0597,,,,win,1.84,0.8400000000000001,已结算,scan24h对账,0,纯数据无伤病情报;伤停>2人(主3/客2),,,,,2026-08-23T07:30:00+08:00,,10.7,,,2026-08-23T09:44:49.635469+08:00,,,,,,,
2026-08-23,美职,Charlotte FC vs DC United,Charlotte FC,DC United,1X2平局,0.2414,4.0,-0.0492,,,,lose,0.0,-1.0,已结算,scan24h对账,0,纯数据无伤病情报;伤停>2人(主3/客2),,,,,2026-08-23T07:30:00+08:00,,10.7,,,2026-08-23T09:44:49.635469+08:00,,,,,,,
2026-08-23,美职,Charlotte FC vs DC United,Charlotte FC,DC United,1X2客胜,0.1736,4.5,-0.2307,,,,lose,0.0,-1.0,已结算,scan24h对账,0,纯数据无伤病情报;伤停>2人(主3/客2),,,,,2026-08-23T07:30:00+08:00,,10.7,,,2026-08-23T09:44:49.635469+08:00,,,,,,,
2026-08-23,美职,Orlando City SC vs Real Salt Lake,Orlando City SC,Real Salt Lake,让球主(-0.5),0.6376,2.08,0.3169,2,高价值,,win,2.08,1.08,已结算,scan24h对账,0,纯数据无伤病情报;伤停>2人(主5/客5),,,,,2026-08-23T07:30:00+08:00,,10.7,,,2026-08-23T09:44:49.635469+08:00,,,,,,,
2026-08-23,美职,Orlando City SC vs Real Salt Lake,Orlando City SC,Real Salt Lake,让球客(+0.5),0.3624,1.9,-0.3163,,,,lose,0.0,-1.0,已结算,scan24h对账,0,纯数据无伤病情报;伤停>2人(主5/客5),,,,,2026-08-23T07:30:00+08:00,,10.7,,,2026-08-23T09:44:49.635469+08:00,,,,,,,
2026-08-23,美职,Orlando City SC vs Real Salt Lake,Orlando City SC,Real Salt Lake,小2.50,0.3208,2.85,-0.1377,,,,lose,0.0,-1.0,已结算,scan24h对账,0,纯数据无伤病情报;伤停>2人(主5/客5),,,,,2026-08-23T07:30:00+08:00,,10.7,,,2026-08-23T09:44:49.635469+08:00,,,,,,,
2026-08-23,美职,Orlando City SC vs Real Salt Lake,Orlando City SC,Real Salt Lake,大2.50,0.65,1.41,-0.13543875147232032,,,,win,1.41,0.4099999999999999,已结算,scan24h对账,0,纯数据无伤病情报;伤停>2人(主5/客5),,,,,2026-08-23T07:30:00+08:00,,10.7,,,2026-08-23T09:44:49.635469+08:00,,,,,,,
2026-08-23,美职,Orlando City SC vs Real Salt Lake,Orlando City SC,Real Salt Lake,1X2主胜,0.5778,2.08,0.1929,,,,win,2.08,1.08,已结算,scan24h对账,0,纯数据无伤病情报;伤停>2人(主5/客5),,,,,2026-08-23T07:30:00+08:00,,10.7,,,2026-08-23T09:44:49.635469+08:00,,,,,,,
2026-08-23,美职,Orlando City SC vs Real Salt Lake,Orlando City SC,Real Salt Lake,1X2平局,0.2222,4.3,-0.0514,,,,lose,0.0,-1.0,已结算,scan24h对账,0,纯数据无伤病情报;伤停>2人(主5/客5),,,,,2026-08-23T07:30:00+08:00,,10.7,,,2026-08-23T09:44:49.635469+08:00,,,,,,,
2026-08-23,美职,Orlando City SC vs Real Salt Lake,Orlando City SC,Real Salt Lake,1X2客胜,0.2,3.4,-0.3251,,,,lose,0.0,-1.0,已结算,scan24h对账,0,纯数据无伤病情报;伤停>2人(主5/客5),,,,,2026-08-23T07:30:00+08:00,,10.7,,,2026-08-23T09:44:49.635469+08:00,,,,,,,
2026-08-23,美职,New York Red Bulls vs Chicago Fire,New York Red Bulls,Chicago Fire,让球主(+0.0),0.4976,2.12,0.0482,,,,push,1.0,0.0,已结算,scan24h对账,0,纯数据无伤病情报;λ过高(4.33),,,,,2026-08-23T07:30:00+08:00,,10.7,,,2026-08-23T09:44:49.635469+08:00,,,,,,,
2026-08-23,美职,New York Red Bulls vs Chicago Fire,New York Red Bulls,Chicago Fire,让球客(-0.0),0.5024,1.87,-0.0666,,,,push,1.0,0.0,已结算,scan24h对账,0,纯数据无伤病情报;λ过高(4.33),,,,,2026-08-23T07:30:00+08:00,,10.7,,,2026-08-23T09:44:49.635469+08:00,,,,,,,
2026-08-23,美职,New York Red Bulls vs Chicago Fire,New York Red Bulls,Chicago Fire,小2.50,0.1942,2.95,-0.4586,,,,win,2.95,1.9500000000000002,已结算,scan24h对账,0,纯数据无伤病情报;λ过高(4.33),,,,,2026-08-23T07:30:00+08:00,,10.7,,,2026-08-23T09:44:49.635469+08:00,,,,,,,
2026-08-23,美职,New York Red Bulls vs Chicago Fire,New York Red Bulls,Chicago Fire,大2.50,0.65,1.39,-0.14640109208240248,,,,lose,0.0,-1.0,已结算,scan24h对账,0,纯数据无伤病情报;λ过高(4.33),,,,,2026-08-23T07:30:00+08:00,,10.7,,,2026-08-23T09:44:49.635469+08:00,,,,,,,
2026-08-23,美职,New York Red Bulls vs Chicago Fire,New York Red Bulls,Chicago Fire,1X2主胜,0.3851,2.82,0.0775,,,,lose,0.0,-1.0,已结算,scan24h对账,0,纯数据无伤病情报;λ过高(4.33),,,,,2026-08-23T07:30:00+08:00,,10.7,,,2026-08-23T09:44:49.635469+08:00,,,,,,,
2026-08-23,美职,New York Red Bulls vs Chicago Fire,New York Red Bulls,Chicago Fire,1X2平局,0.2261,4.0,-0.1026,,,,win,4.0,3.0,已结算,scan24h对账,0,纯数据无伤病情报;λ过高(4.33),,,,,2026-08-23T07:30:00+08:00,,10.7,,,2026-08-23T09:44:49.635469+08:00,,,,,,,
2026-08-23,美职,New York Red Bulls vs Chicago Fire,New York Red Bulls,Chicago Fire,1X2客胜,0.3888,2.48,-0.0433,,,,lose,0.0,-1.0,已结算,scan24h对账,0,纯数据无伤病情报;λ过高(4.33),,,,,2026-08-23T07:30:00+08:00,,10.7,,,2026-08-23T09:44:49.635469+08:00,,,,,,,
2026-08-23,美职,CF Montréal vs LA Galaxy,CF Montréal,LA Galaxy,让球主(-0.5),0.5051,2.12,0.0608,,,,lose,0.0,-1.0,已结算,scan24h对账,0,纯数据无伤病情报;伤停>2人(主6/客5),,,,,2026-08-23T07:30:00+08:00,,10.7,,,2026-08-23T09:44:49.635469+08:00,,,,,,,
2026-08-23,美职,CF Montréal vs LA Galaxy,CF Montréal,LA Galaxy,让球客(+0.5),0.4949,1.86,-0.0879,,,,win,1.86,0.8600000000000001,已结算,scan24h对账,0,纯数据无伤病情报;伤停>2人(主6/客5),,,,,2026-08-23T07:30:00+08:00,,10.7,,,2026-08-23T09:44:49.635469+08:00,,,,,,,
2026-08-23,美职,CF Montréal vs LA Galaxy,CF Montréal,LA Galaxy,小2.50,0.5904,2.46,0.4395,2,高价值,,lose,0.0,-1.0,已结算,scan24h对账,0,纯数据无伤病情报;伤停>2人(主6/客5),,,,,2026-08-23T07:30:00+08:00,,10.7,,,2026-08-23T09:44:49.635469+08:00,,,,,,,
2026-08-23,美职,CF Montréal vs LA Galaxy,CF Montréal,LA Galaxy,大2.50,0.4096,1.66,-0.326,,,,win,1.66,0.6599999999999999,已结算,scan24h对账,0,纯数据无伤病情报;伤停>2人(主6/客5),,,,,2026-08-23T07:30:00+08:00,,10.7,,,2026-08-23T09:44:49.635469+08:00,,,,,,,
2026-08-23,美职,CF Montréal vs LA Galaxy,CF Montréal,LA Galaxy,1X2主胜,0.4697,2.12,-0.0178,,,,lose,0.0,-1.0,已结算,scan24h对账,0,纯数据无伤病情报;伤停>2人(主6/客5),,,,,2026-08-23T07:30:00+08:00,,10.7,,,2026-08-23T09:44:49.635469+08:00,,,,,,,
2026-08-23,美职,CF Montréal vs LA Galaxy,CF Montréal,LA Galaxy,1X2平局,0.2901,3.9,0.1158,,,,win,3.9,2.9,已结算,scan24h对账,0,纯数据无伤病情报;伤停>2人(主6/客5),,,,,2026-08-23T07:30:00+08:00,,10.7,,,2026-08-23T09:44:49.635469+08:00,,,,,,,
2026-08-23,美职,CF Montréal vs LA Galaxy,CF Montréal,LA Galaxy,1X2客胜,0.2402,3.5,-0.1706,,,,lose,0.0,-1.0,已结算,scan24h对账,0,纯数据无伤病情报;伤停>2人(主6/客5),,,,,2026-08-23T07:30:00+08:00,,10.7,,,2026-08-23T09:44:49.635469+08:00,,,,,,,
2026-08-23,美职,FC Cincinnati vs Seattle Sounders FC,FC Cincinnati,Seattle Sounders FC,让球主(-1.0),0.5658,2.08,0.1589,1,标准,,lose,0.0,-1.0,已结算,scan24h对账,0,纯数据无伤病情报;伤停>2人(主0/客9),,,,,2026-08-23T07:30:00+08:00,,10.7,,,2026-08-23T09:44:49.635469+08:00,,,,,,,
2026-08-23,美职,FC Cincinnati vs Seattle Sounders FC,FC Cincinnati,Seattle Sounders FC,让球客(+1.0),0.4342,1.87,-0.2005,,,,win,1.87,0.8700000000000001,已结算,scan24h对账,0,纯数据无伤病情报;伤停>2人(主0/客9),,,,,2026-08-23T07:30:00+08:00,,10.7,,,2026-08-23T09:44:49.635469+08:00,,,,,,,
2026-08-23,美职,FC Cincinnati vs Seattle Sounders FC,FC Cincinnati,Seattle Sounders FC,小2.50,0.3879,3.05,0.1185,,,,win,3.05,2.05,已结算,scan24h对账,0,纯数据无伤病情报;伤停>2人(主0/客9),,,,,2026-08-23T07:30:00+08:00,,10.7,,,2026-08-23T09:44:49.635469+08:00,,,,,,,
2026-08-23,美职,FC Cincinnati vs Seattle Sounders FC,FC Cincinnati,Seattle Sounders FC,大2.50,0.6121,1.37,-0.2072,,,,lose,0.0,-1.0,已结算,scan24h对账,0,纯数据无伤病情报;伤停>2人(主0/客9),,,,,2026-08-23T07:30:00+08:00,,10.7,,,2026-08-23T09:44:49.635469+08:00,,,,,,,
2026-08-23,美职,FC Cincinnati vs Seattle Sounders FC,FC Cincinnati,Seattle Sounders FC,1X2主胜,0.615,1.69,0.0262,,,,lose,0.0,-1.0,已结算,scan24h对账,0,纯数据无伤病情报;伤停>2人(主0/客9),,,,,2026-08-23T07:30:00+08:00,,10.7,,,2026-08-23T09:44:49.635469+08:00,,,,,,,
2026-08-23,美职,FC Cincinnati vs Seattle Sounders FC,FC Cincinnati,Seattle Sounders FC,1X2平局,0.2214,4.8,0.0492,,,,win,4.8,3.8,已结算,scan24h对账,0,纯数据无伤病情报;伤停>2人(主0/客9),,,,,2026-08-23T07:30:00+08:00,,10.7,,,2026-08-23T09:44:49.635469+08:00,,,,,,,
2026-08-23,美职,FC Cincinnati vs Seattle Sounders FC,FC Cincinnati,Seattle Sounders FC,1X2客胜,0.1636,4.7,-0.2409,,,,lose,0.0,-1.0,已结算,scan24h对账,0,纯数据无伤病情报;伤停>2人(主0/客9),,,,,2026-08-23T07:30:00+08:00,,10.7,,,2026-08-23T09:44:49.635469+08:00,,,,,,,
2026-08-23,美职,Inter Miami CF vs Toronto FC,Inter Miami CF,Toronto FC,让球主(-1.5),0.556,1.9,0.0343,,,,lose,0.0,-1.0,已结算,scan24h对账,0,纯数据无伤病情报;伤停>2人(主9/客9),,,,,2026-08-23T07:30:00+08:00,,10.7,,,2026-08-23T09:44:49.635469+08:00,,,,,,,
2026-08-23,美职,Inter Miami CF vs Toronto FC,Inter Miami CF,Toronto FC,让球客(+1.5),0.444,2.02,-0.1219,,,,win,2.02,1.02,已结算,scan24h对账,0,纯数据无伤病情报;伤停>2人(主9/客9),,,,,2026-08-23T07:30:00+08:00,,10.7,,,2026-08-23T09:44:49.635469+08:00,,,,,,,
2026-08-23,美职,Inter Miami CF vs Toronto FC,Inter Miami CF,Toronto FC,小2.50,0.2601,3.95,-0.0305,,,,lose,0.0,-1.0,已结算,scan24h对账,0,纯数据无伤病情报;伤停>2人(主9/客9),,,,,2026-08-23T07:30:00+08:00,,10.7,,,2026-08-23T09:44:49.635469+08:00,,,,,,,
2026-08-23,美职,Inter Miami CF vs Toronto FC,Inter Miami CF,Toronto FC,大2.50,0.65,1.24,-0.2393093661305581,,,,win,1.24,0.24,已结算,scan24h对账,0,纯数据无伤病情报;伤停>2人(主9/客9),,,,,2026-08-23T07:30:00+08:00,,10.7,,,2026-08-23T09:44:49.635469+08:00,,,,,,,
2026-08-23,美职,Inter Miami CF vs Toronto FC,Inter Miami CF,Toronto FC,1X2主胜,0.65,1.38,-0.11546884185773076,,,,lose,0.0,-1.0,已结算,scan24h对账,0,纯数据无伤病情报;伤停>2人(主9/客9),,,,,2026-08-23T07:30:00+08:00,,10.7,,,2026-08-23T09:44:49.635469+08:00,,,,,,,
2026-08-23,美职,Inter Miami CF vs Toronto FC,Inter Miami CF,Toronto FC,1X2平局,0.1832,6.2,0.1201,,,,lose,0.0,-1.0,已结算,scan24h对账,0,纯数据无伤病情报;伤停>2人(主9/客9),,,,,2026-08-23T07:30:00+08:00,,10.7,,,2026-08-23T09:44:49.635469+08:00,,,,,,,
2026-08-23,美职,Inter Miami CF vs Toronto FC,Inter Miami CF,Toronto FC,1X2客胜,0.1364,7.8,0.0491,,,,win,7.8,6.8,已结算,scan24h对账,0,纯数据无伤病情报;伤停>2人(主9/客9),,,,,2026-08-23T07:30:00+08:00,,10.7,,,2026-08-23T09:44:49.635469+08:00,,,,,,,
2026-08-23,墨超,CD Guadalajara vs Club Tijuana,CD Guadalajara,Club Tijuana,让球主(-1.2),0.3433,2.06,-0.3128,,,,win,2.06,1.06,已结算,scan24h对账,0,纯数据无伤病情报;让球客标准档降星,,,,,2026-08-23T07:07:00+08:00,,10.4,,,2026-08-23T17:18:33.440757+08:00,,,,,,,
2026-08-23,墨超,CD Guadalajara vs Club Tijuana,CD Guadalajara,Club Tijuana,让球客(+1.2),0.65,1.84,0.16251713111009614,1,标准,,lose,0.0,-1.0,已结算,scan24h对账,0,纯数据无伤病情报;让球客标准档降星,,,,,2026-08-23T07:07:00+08:00,,10.4,,,2026-08-23T17:18:33.440757+08:00,,,,,,,
2026-08-23,墨超,CD Guadalajara vs Club Tijuana,CD Guadalajara,Club Tijuana,小2.50,0.6274,2.28,0.4117,,,,lose,0.0,-1.0,已结算,scan24h对账,0,纯数据无伤病情报;让球客标准档降星,,,,,2026-08-23T07:07:00+08:00,,10.4,,,2026-08-23T17:18:33.440757+08:00,,,,,,,
2026-08-23,墨超,CD Guadalajara vs Club Tijuana,CD Guadalajara,Club Tijuana,大2.50,0.3726,1.74,-0.3602,,,,win,1.74,0.74,已结算,scan24h对账,0,纯数据无伤病情报;让球客标准档降星,,,,,2026-08-23T07:07:00+08:00,,10.4,,,2026-08-23T17:18:33.440757+08:00,,,,,,,
2026-08-23,墨超,CD Guadalajara vs Club Tijuana,CD Guadalajara,Club Tijuana,1X2主胜,0.5631,1.53,-0.1429,,,,win,1.53,0.53,已结算,scan24h对账,0,纯数据无伤病情报;让球客标准档降星,,,,,2026-08-23T07:07:00+08:00,,10.4,,,2026-08-23T17:18:33.440757+08:00,,,,,,,
2026-08-23,墨超,CD Guadalajara vs Club Tijuana,CD Guadalajara,Club Tijuana,1X2平局,0.2763,5.0,0.3744,,,,lose,0.0,-1.0,已结算,scan24h对账,0,纯数据无伤病情报;让球客标准档降星,,,,,2026-08-23T07:07:00+08:00,,10.4,,,2026-08-23T17:18:33.440757+08:00,,,,,,,
2026-08-23,墨超,CD Guadalajara vs Club Tijuana,CD Guadalajara,Club Tijuana,1X2客胜,0.1606,6.6,0.0548,,,,lose,0.0,-1.0,已结算,scan24h对账,0,纯数据无伤病情报;让球客标准档降星,,,,,2026-08-23T07:07:00+08:00,,10.4,,,2026-08-23T17:18:33.440757+08:00,,,,,,,
2026-08-23,荷甲,Go Ahead Eagles vs ADO Den Haag,Go Ahead Eagles,ADO Den Haag,大2.50,0.5605,2.02,0.0902,2,标准,0.7,win,2.020,1.020,无效(snap<0赛后盘),scan24h对账,0,"纯数据无伤病情报;联赛荷甲历史负ROI(观察期, 300场后定禁入)",,2.02,,,2026-08-23T10:15:00+00:00,cur/prev,-1.8,轻度风险,"客队数据来自N2;客队跨联赛用N2数据(快照联赛与数据联赛不符), 攻防收缩30%;客队样本偏少, 攻防向联赛均值收缩;2026-08-26审计:赛后盘作废",2026-08-23T20:01:01Z,,,,3,1,3-1,0
2026-08-23,J1,FC Machida Zelvia vs Urawa Red Diamonds,FC Machida Zelvia,Urawa Red Diamonds,让球客(+0.5),0.6212,2.06,0.2716,3,高价值,1.0,lose,0.0,-1.0,无效(snap<0赛后盘),scan24h对账,0,"纯数据无伤病情报;联赛J1历史负ROI(观察期, 300场后定禁入)",,2.06,,,2026-08-23T10:30:00+00:00,bsd/cur,-1.5,中度风险,"主队样本偏少, 攻防向联赛均值收缩;客队样本偏少, 攻防向联赛均值收缩;2026-08-26审计:赛后盘作废",2026-08-23T20:01:01Z,,,,3,1,3-1,0
2026-08-23,K联赛,Daejeon Citizen vs Gangwon FC,Daejeon Citizen,Gangwon FC,让球客(+0.2),0.6472,1.86,0.1657,1,标准,0.35,lose,0.0,-1.0,无效(snap<0赛后盘),scan24h对账,0,纯数据无伤病情报;平局预警(市场去水平局>=26%);平局预警→让球只用+号(受让方);让球客标准档降星,,1.86,,,2026-08-23T10:30:00+00:00,bsd/bsd,-1.5,低风险,"主队样本偏少, 攻防向联赛均值收缩;平局预警(去水平局30%)→让球只用+号(受让方), 移除1个-号让球腿;2026-08-26审计:赛后盘作废",2026-08-23T20:01:01Z,,,,3,0,3-0,0
2026-08-23,K联赛,Gwangju FC vs Incheon United,Gwangju FC,Incheon United,大2.50,0.5133,2.44,0.2462,1,高价值,0.25,lose,0.0,-1.0,无效(snap<0赛后盘),scan24h对账,0,纯数据无伤病情报;平局预警-强(市场去水平局>=30%);平局预警→让球只用+号(受让方);整球盘2.50遇预警降星,,2.44,,,2026-08-23T10:30:00+00:00,bsd/bsd,-1.5,低风险,"客队样本偏少, 攻防向联赛均值收缩;平局预警(去水平局53%)→让球只用+号(受让方), 移除1个-号让球腿;2026-08-26审计:赛后盘作废",2026-08-23T20:01:01Z,,,,0,1,0-1,0
2026-08-23,英冠,West Bromwich Albion vs Burnley,West Bromwich Albion,Burnley,让球客(-0.0),0.5327,2.08,0.1032,1,标准,0.35,lose,0.0,-1.0,无效(snap<0赛后盘),scan24h对账,0,纯数据无伤病情报;平局预警-强(市场去水平局>=30%);小球2.50高EV反向标记(+23%);让球客标准档降星,,2.08,,,2026-08-23T11:00:00+00:00,cur/cur,-1.0,轻度风险,"主队数据来自E2;主队跨联赛用E2数据(快照联赛与数据联赛不符), 攻防收缩30%;概率封顶校准: 1腿概率>65%压至65%(实测高置信档高估, EV同抽水重算);概率禁带: 1腿让球主/小球概率∈[65%,70%)实测高估, 不纳入候选;小球2.50高EV反向标记: 小2.50 EV>=20% (1腿, 最高+23%), 实证3例全错, 反向信号;2026-08-26审计:赛后盘作废",2026-08-23T20:01:01Z,,,,3,1,3-1,0
2026-08-23,中超,Liaoning Tieren FC vs Henan FC,Liaoning Tieren FC,Henan FC,让球主(+0.0),0.6452,1.91,0.1921,1,标准,0.35,push,1.0,0.0,无效(snap<0赛后盘),scan24h对账,0,纯数据无伤病情报;联赛基准偏差(λ已平移);小球2.50高EV反向标记(+43%),,1.91,,,2026-08-23T11:00:00+00:00,cur/cur,-1.0,轻度风险,"联赛基准偏差: 中超 配置3.52 vs 近30场实测3.10 (Δ-0.42), λ基准已平移50% -> 3.31;小球2.50高EV反向标记: 小2.50 EV>=20% (1腿, 最高+43%), 实证3例全错, 反向信号;2026-08-26审计:赛后盘作废",2026-08-23T20:01:01Z,,,,4,4,4-4,1
2026-08-23,中超,Shanghai SIPG FC vs Qingdao Hainiu FC,Shanghai SIPG FC,Qingdao Hainiu FC,让球主(-0.5),0.6290,1.95,0.2229,2,高价值,0.5,win,1.950,0.950,无效(snap<0赛后盘),scan24h对账,0,纯数据无伤病情报;联赛基准偏差(λ已平移),,1.95,,,2026-08-23T11:35:00+00:00,bsd/bsd,-0.4,低风险,"联赛基准偏差: 中超 配置3.52 vs 近30场实测3.10 (Δ-0.42), λ基准已平移50% -> 3.31;主队样本偏少, 攻防向联赛均值收缩;概率封顶校准: 1腿概率>65%压至65%(实测高置信档高估, EV同抽水重算);2026-08-26审计:赛后盘作废",2026-08-23T20:01:01Z,,,,2,1,2-1,0
2026-08-23,中超,Chongqing Tonglianglong FC vs Dalian Yingbo,Chongqing Tonglianglong FC,Dalian Yingbo,大2.50,0.6132,2.10,0.2556,1,高价值,0.125,lose,0.0,-1.0,已结算,scan24h对账,0,纯数据无伤病情报;联赛基准偏差(λ已平移);平局预警(市场去水平局>=26%);平局预警→让球只用+号(受让方);整球盘2.50遇预警降星,,2.10,,,2026-08-23T12:00:00+00:00,bsd/cur,-0.0,低风险,"联赛基准偏差: 中超 配置3.52 vs 近30场实测3.10 (Δ-0.42), λ基准已平移50% -> 3.31;主队样本偏少, 攻防向联赛均值收缩;概率封顶校准: 1腿概率>65%压至65%(实测高置信档高估, EV同抽水重算);概率禁带: 1腿让球主/小球概率∈[65%,70%)实测高估, 不纳入候选;平局预警(去水平局28%)→让球只用+号(受让方), 移除1个-号让球腿",2026-08-23T20:01:01Z,,,,0,1,0-1,0
2026-08-23,丹超,AGF Aarhus vs OB Odense BK,AGF Aarhus,OB Odense BK,小2.50,0.5960,2.48,0.4591,2,高价值,0.5,lose,0.0,-1.0,已结算,scan24h对账,0,纯数据无伤病情报;伤停>2人(主4/客1);小球2.50高EV反向标记(+46%),,2.48,,,2026-08-23T12:00:00+00:00,bsd/cur,-0.0,低风险,"数据包伤停: 主队伤停4人(如Frederik Tingager,Gift Links,Jacob A);主队样本偏少, 攻防向联赛均值收缩;小球2.50高EV反向标记: 小2.50 EV>=20% (1腿, 最高+46%), 实证3例全错, 反向信号",2026-08-23T20:01:01Z,,,,2,2,2-2,1
2026-08-23,丹超,FC Midtjylland vs Randers FC,FC Midtjylland,Randers FC,让球客(+1.2),0.6332,1.94,0.2037,2,高价值,0.5,half,1.465,0.465,已结算,scan24h对账,0,纯数据无伤病情报;伤停>2人(主3/客4),,1.94,,,2026-08-23T12:00:00+00:00,cur/cur,-0.0,轻度风险,"数据包伤停: 主队伤停3人(如Júnior Brumado,Ousmane Diao,Victor B); 客队伤停4人(如Benjamin Örn,John Björkengren,Lucas )",2026-08-23T20:01:01Z,,,,1,0,1-0,0
2026-08-23,瑞士超,BSC Young Boys vs FC Vaduz,BSC Young Boys,FC Vaduz,让球客(+1.8),0.6204,1.95,0.1734,1,标准,0.35,lose,0.5,-0.5,已结算,scan24h对账,0,纯数据无伤病情报;伤停>2人(主6/客5);λ过高(4.21);让球客标准档降星,,1.95,,,2026-08-23T12:00:00+00:00,bsd/bsd,-0.0,轻度风险,"数据包伤停: 主队伤停6人(如Alan Virginius,Benjamin Kabeya,Cedri); 客队伤停5人(如Dejan Sorgić,Lado Akhalaia,Ranjan Ne);主队样本偏少, 攻防向联赛均值收缩;概率封顶校准: 1腿概率>65%压至65%(实测高置信档高估, EV同抽水重算)",2026-08-23T20:01:01Z,,,,4,2,4-2,0
2026-08-24,德国杯,FC Würzburger Kickers vs 1. FC Köln,FC Würzburger Kickers,1. FC Köln,大3.50,0.5843,1.9,0.0348,0,垃圾,0.0,lose,0.0,-1.0,方向参考,20260825_34场_方向参考,0,伤停>2人(主0/客3); 缺亚盘; λ过高(4.09),,,,,2026-08-24T16:00:00+00:00,BSD+API-FB,,,方向参考,2026-08-25T00:21:00+00:00,,,,1,2,1-2,0
2026-08-24,德国杯,SC Verl vs Hamburger SV,SC Verl,Hamburger SV,小3.50,0.5619,1.93,0.0101,0,垃圾,0.0,win,1.93,0.93,方向参考,20260825_34场_方向参考,0,伤停>2人(主0/客3); 缺亚盘,,,,,2026-08-24T16:00:00+00:00,BSD+API-FB,,,方向参考,2026-08-25T00:21:00+00:00,,,,0,3,0-3,0
2026-08-24,德国杯,VSG Altglienicke vs VfL Wolfsburg,VSG Altglienicke,VfL Wolfsburg,大3.50,0.5845,1.77,-0.0401,0,垃圾,0.0,win,1.77,0.77,方向参考,20260825_34场_方向参考,0,缺亚盘; λ过高(4.09),,,,,2026-08-24T16:00:00+00:00,BSD+API-FB,,,方向参考,2026-08-25T00:21:00+00:00,,,,3,3,3-3,1
2026-08-24,soccer_germany_bundesliga_women,FSV Mainz 05 vs Werder Bremen,FSV Mainz 05,Werder Bremen,让球主(+1.2),0.65,1.83,0.1367,0,否决,0.0,half,1.415,0.415,否决,20260825_34场_否决,1,纯数据无伤病情报; 队名模糊匹配; 模型与市场分歧>20pp(模型87% vs 市场52%)->否决,,,,,2026-08-24T16:00:00+00:00,BSD+API-FB,,,否决场-方向若打,2026-08-25T00:21:00+00:00,,,,1,2,1-2,0
2026-08-24,意甲,Bologna vs Lazio,Bologna,Lazio,1X2主胜,0.4202,2.2,-0.1272,0,垃圾,0.0,lose,0.0,-1.0,方向参考,20260825_34场_方向参考,0,伤停>2人(主1/客3); 平局预警-强(市场去水平局>=30%); 平局预警→让球只用+号(受让方),,,,,2026-08-24T16:30:00+00:00,BSD+API-FB,,,方向参考,2026-08-25T00:21:00+00:00,,,,0,1,0-1,0
2026-08-24,沙超,Neom vs Al-Qadsiah,Neom,Al-Qadsiah,大3.00,0.65,1.83,0.1421,1,标准,0.35,lose,0.0,-1.0,已结算,20260825_34场_BEST,0,λ过高(4.08),,,,,2026-08-24T16:40:00+00:00,BSD+API-FB,,,BEST出单,2026-08-25T00:21:00+00:00,,,,0,2,0-2,0
2026-08-24,瑞超,Malmo FF vs Djurgardens IF,Malmo FF,Djurgardens IF,小2.50,0.5143,2.33,0.1283,1,标准,0.35,lose,0.0,-1.0,已结算,20260825_34场_BEST,0,"伤停>2人(主5/客2); 平局预警(市场去水平局>=26%); 客胜高估区(赔率2.46: 真实客胜11%, 押受让+号/避平手); 整球盘2.50遇预警降星",,,,,2026-08-24T17:00:00+00:00,BSD+API-FB,,,BEST出单,2026-08-25T00:21:00+00:00,,,,0,3,0-3,0
2026-08-24,丹超,Brondby IF vs Silkeborg IF,Brondby IF,Silkeborg IF,大2.50,0.4623,1.49,-0.3493,0,垃圾,0.0,win,1.49,0.49,方向参考,20260825_34场_方向参考,0,纯数据无伤病情报; 队名模糊匹配,,,,,2026-08-24T17:00:00+00:00,BSD+API-FB,,,方向参考,2026-08-25T00:21:00+00:00,,,,3,1,3-1,0
2026-08-24,西乙,Celta Vigo vs Andorra CF,Celta Vigo,Andorra CF,大2.50,0.5037,1.9,-0.1154,0,垃圾,0.0,win,1.9,0.9,方向参考,20260825_34场_方向参考,0,"纯数据无伤病情报; 缺亚盘; 平局预警(市场去水平局>=26%); 客胜高估区(赔率2.54: 真实客胜11%, 押受让+号/避平手)",,,,,2026-08-24T17:00:00+00:00,BSD+API-FB,,,方向参考,2026-08-25T00:21:00+00:00,,,,4,2,4-2,0
2026-08-24,西乙,Celta Fortuna vs Andorra CF,Celta Fortuna,Andorra CF,让球主(+0.2),0.65,2.06,0.3198,0,否决,0.0,win,2.06,1.06,否决,20260825_34场_否决,1,"纯数据无伤病情报; 队名模糊匹配; 平局预警(市场去水平局>=26%); 平局预警→让球只用+号(受让方); 客胜高估区(赔率2.20: 真实客胜11%, 押受让+号/避平手); 模型与市场分歧>20pp(模型79% vs 市场48%)->否决",,,,,2026-08-24T17:00:00+00:00,BSD+API-FB,,,否决场-方向若打,2026-08-25T00:21:00+00:00,,,,4,2,4-2,0
2026-08-24,瑞甲,IFK Värnamo vs Landskrona BoIS,IFK Värnamo,Landskrona BoIS,小2.50,0.5359,2.26,0.1984,0,垃圾,0.0,win,2.26,1.26,方向参考,20260825_34场_方向参考,0,纯数据无伤病情报; 非独立数据; 队名/数据缺失; 平局预警(市场去水平局>=26%); 平局预警→让球只用+号(受让方),,,,,2026-08-24T17:00:00+00:00,BSD+API-FB,,,方向参考,2026-08-25T00:21:00+00:00,,,,1,1,1-1,1
2026-08-24,瑞甲,Östersunds FK vs Ljungskile SK,Östersunds FK,Ljungskile SK,大2.50,0.5609,1.76,-0.0194,0,垃圾,0.0,lose,0.0,-1.0,方向参考,20260825_34场_方向参考,0,"纯数据无伤病情报; 非独立数据; 队名/数据缺失; 主胜高估区(赔率1.99: 真实主胜28%, 平局预警下押受让+号)",,,,,2026-08-24T17:00:00+00:00,BSD+API-FB,,,方向参考,2026-08-25T00:21:00+00:00,,,,0,0,0-0,1
2026-08-24,瑞甲,IFK Norrkoping vs Falkenbergs FF,IFK Norrkoping,Falkenbergs FF,让球客(+1.0),0.65,2.02,0.282,0,垃圾,0.0,push,1.0,0.0,方向参考,20260825_34场_方向参考,0,纯数据无伤病情报; 非独立数据; 队名/数据缺失,,,,,2026-08-24T17:05:00+00:00,BSD+API-FB,,,方向参考,2026-08-25T00:21:00+00:00,,,,2,1,2-1,0
2026-08-24,西甲,CA Osasuna vs Levante,CA Osasuna,Levante,大2.50,0.6155,2.1,0.2749,1,高价值,0.35,lose,0.0,-1.0,已结算,20260825_34场_BEST,0,"平局预警(市场去水平局>=26%); 平局预警→让球只用+号(受让方); 主胜高估区(赔率1.81: 真实主胜28%, 平局预警下押受让+号); 整球盘2.50遇预警降星",,,,,2026-08-24T17:30:00+00:00,BSD+API-FB,,,BEST出单,2026-08-25T00:21:00+00:00,,,,0,0,0-0,1
2026-08-24,俄超,FC Baltika Kaliningrad vs Rubin Kazan,FC Baltika Kaliningrad,Rubin Kazan,1X2主胜,0.4524,2.17,-0.0324,0,垃圾,0.0,lose,0.0,-1.0,方向参考,20260825_34场_方向参考,0,"纯数据无伤病情报; 非独立数据; 队名/数据缺失; 平局预警-强(市场去水平局>=30%); 平局预警→让球只用+号(受让方); 主胜高估区(赔率2.17: 真实主胜28%, 平局预警下押受让+号)",,,,,2026-08-24T17:30:00+00:00,BSD+API-FB,,,方向参考,2026-08-25T00:21:00+00:00,,,,1,1,1-1,1
2026-08-24,沙超,Al-Ittihad vs Al-Hazem,Al-Ittihad,Al-Hazem,让球客(+1.0),0.5111,2.04,0.0059,0,垃圾,0.0,push,1.0,0.0,方向参考,20260825_34场_方向参考,0,伤停>2人(主3/客0),,,,,2026-08-24T18:00:00+00:00,BSD+API-FB,,,方向参考,2026-08-25T00:21:00+00:00,,,,3,2,3-2,0
2026-08-24,土超,Kocaelispor vs Amed SK,Kocaelispor,Amed SK,让球客(+0.2),0.65,1.91,0.2188,0,垃圾,0.0,lose,0.0,-1.0,方向参考,20260825_34场_方向参考,0,纯数据无伤病情报; 非独立数据; 队名/数据缺失; 平局预警(市场去水平局>=26%); 平局预警→让球只用+号(受让方),,,,,2026-08-24T18:30:00+00:00,BSD+API-FB,,,方向参考,2026-08-25T00:21:00+00:00,,,,2,0,2-0,0
2026-08-24,意甲,AS Roma vs Fiorentina,AS Roma,Fiorentina,大2.50,0.5678,1.93,0.0869,2,标准,0.5,win,1.93,0.93,已结算,20260825_34场_BEST,0,,,,,,2026-08-24T18:45:00+00:00,BSD+API-FB,,,BEST出单,2026-08-25T00:21:00+00:00,,,,4,0,4-0,0
2026-08-24,法乙,Stade de Reims vs Annecy FC,Stade de Reims,Annecy FC,大2.50,0.65,2.02,0.3028,1,高价值,0.35,win,2.02,1.02,已结算,20260825_34场_BEST,0,"纯数据无伤病情报; 平局预警(市场去水平局>=26%); 平局预警→让球只用+号(受让方); 主胜高估区(赔率1.88: 真实主胜28%, 平局预警下押受让+号); 整球盘2.50遇预警降星",,,,,2026-08-24T18:45:00+00:00,BSD+API-FB,,,BEST出单,2026-08-25T00:21:00+00:00,,,,3,1,3-1,0
2026-08-24,德国杯,Hallescher FC vs FC Schalke 04,Hallescher FC,FC Schalke 04,大3.50,0.5368,2.0,0.0019,0,垃圾,0.0,win,2.0,1.0,方向参考,20260825_34场_方向参考,0,伤停>2人(主0/客3); 缺亚盘,,,,,2026-08-24T18:45:00+00:00,BSD+API-FB,,,方向参考,2026-08-25T00:21:00+00:00,,,,2,5,2-5,0
2026-08-24,英超,Fulham vs Chelsea,Fulham,Chelsea,让球主(+0.5),0.65,2.0,0.2967,0,否决,0.0,lose,0.0,-1.0,否决,20260825_34场_否决,1,伤停>2人(主2/客3); 模型与市场分歧>20pp(模型75% vs 市场50%)->否决,,,,,2026-08-24T19:00:00+00:00,BSD+API-FB,,,否决场-方向若打,2026-08-25T00:21:00+00:00,,,,2,3,2-3,0
2026-08-24,葡超,Gil Vicente vs Casa Pia,Gil Vicente,Casa Pia,大2.50,0.6207,2.07,0.2108,1,高价值,0.35,lose,0.0,-1.0,已结算,20260825_34场_BEST,0,平局预警(市场去水平局>=26%); 平局预警→让球只用+号(受让方); 整球盘2.50遇预警降星,,,,,2026-08-24T19:15:00+00:00,BSD+API-FB,,,BEST出单,2026-08-25T00:21:00+00:00,,,,2,0,2-0,0
2026-08-24,西甲,Málaga vs Deportivo La Coruña,Málaga,Deportivo La Coruña,让球客(+0.2),0.5285,1.93,0.0116,0,垃圾,0.0,half,1.4649999999999999,0.465,方向参考,20260825_34场_方向参考,0,纯数据无伤病情报; 队名模糊匹配; 平局预警-强(市场去水平局>=30%); 平局预警→让球只用+号(受让方),,,,,2026-08-24T19:30:00+00:00,BSD+API-FB,,,方向参考,2026-08-25T00:21:00+00:00,,,,1,1,1-1,1
2026-08-24,西乙,Granada CF vs Mallorca,Granada CF,Mallorca,让球主(+0.2),0.65,1.82,0.1734,0,否决,0.0,win,1.82,0.82,否决,20260825_34场_否决,1,"平局预警-强(市场去水平局>=30%); 平局预警→让球只用+号(受让方); 客胜高估区(赔率2.41: 真实客胜11%, 押受让+号/避平手); 模型与市场分歧>20pp(模型90% vs 市场54%)->否决",,,,,2026-08-24T19:30:00+00:00,BSD+API-FB,,,否决场-方向若打,2026-08-25T00:21:00+00:00,,,,2,0,2-0,0
2026-08-24,阿甲,CA Tigre BA vs Central Córdoba,CA Tigre BA,Central Córdoba,小2.50,0.65,1.52,-0.0633,0,垃圾,0.0,lose,0.0,-1.0,方向参考,20260825_34场_方向参考,0,伤停>2人(主7/客0); 平局预警(市场去水平局>=26%); 平局预警→让球只用+号(受让方),,,,,2026-08-24T22:00:00+00:00,BSD+API-FB,,,方向参考,2026-08-25T00:21:00+00:00,,,,2,1,2-1,0
2026-08-24,巴乙,Sport Recife vs América Mineiro,Sport Recife,América Mineiro,大2.50,0.4946,2.14,0.0532,1,观察,0.35,win,2.14,1.14,已结算,20260825_34场_BEST,0,纯数据无伤病情报; 平局预警(市场去水平局>=26%); 平局预警→让球只用+号(受让方); 整球盘2.50遇预警降星,,,,,2026-08-24T22:30:00+00:00,BSD+API-FB,,,BEST出单,2026-08-25T00:21:00+00:00,,,,3,0,3-0,0
2026-08-24,巴乙,Sport Recife vs América Mineiro,Sport Recife,América Mineiro,小2.50,0.5054,1.86,-0.0646,1,观察,0.0,lose,0.0,-1.0,方向参考,20260825_34场_方向参考,0,纯数据无伤病情报; 平局预警(市场去水平局>=26%); 平局预警→让球只用+号(受让方); 整球盘2.50遇预警降星,,,,,2026-08-24T22:30:00+00:00,BSD+API-FB,,,方向参考,2026-08-25T00:21:00+00:00,,,,3,0,3-0,0
2026-08-24,巴乙,Athletic Club (MG) vs Grêmio Novorizontino,Athletic Club (MG),Grêmio Novorizontino,让球主(+0.2),0.4542,1.82,-0.1869,0,垃圾,0.0,lose,0.0,-1.0,方向参考,20260825_34场_方向参考,0,"平局预警-强(市场去水平局>=30%); 平局预警→让球只用+号(受让方); 客胜高估区(赔率2.51: 真实客胜11%, 押受让+号/避平手)",,,,,2026-08-24T22:30:00+00:00,BSD+API-FB,,,方向参考,2026-08-25T00:21:00+00:00,,,,1,4,1-4,0
2026-08-24,巴甲,Botafogo vs Atletico Paranaense,Botafogo,Atletico Paranaense,小2.50,0.5191,1.89,-0.0241,0,垃圾,0.0,lose,0.0,-1.0,方向参考,20260825_34场_方向参考,0,伤停>2人(主6/客4); 平局预警(市场去水平局>=26%); 平局预警→让球只用+号(受让方),,,,,2026-08-24T23:00:00+00:00,BSD+API-FB,,,方向参考,2026-08-25T00:21:00+00:00,,,,2,3,2-3,0
2026-08-24,智利甲,Everton de Viña del Mar vs Universidad de Concepción,Everton de Viña del Mar,Universidad de Concepción,大2.50,0.6009,1.87,0.0911,1,标准,0.35,win,1.87,0.87,已结算,20260825_34场_BEST,0,"纯数据无伤病情报; 队名模糊匹配; 平局预警(市场去水平局>=26%); 平局预警→让球只用+号(受让方); 主胜高估区(赔率1.87: 真实主胜28%, 平局预警下押受让+号); 整球盘2.50遇预警降星",,,,,2026-08-24T23:30:00+00:00,BSD+API-FB,,,BEST出单,2026-08-25T00:21:00+00:00,,,,3,1,3-1,0
2026-08-25,阿甲,Lanus vs Argentinos Juniors,Lanus,Argentinos Juniors,1X2主胜,0.4945,2.74,0.334,0,垃圾,0.0,lose,0.0,-1.0,方向参考,20260825_34场_方向参考,0,伤停>2人(主4/客1); 平局预警-强(市场去水平局>=30%),,,,,2026-08-25T00:15:00+00:00,BSD+API-FB,,,方向参考,2026-08-25T00:21:00+00:00,,,,1,1,1-1,1
2026-08-25,阿甲,Talleres vs Rosario Central,Talleres,Rosario Central,1X2主胜,0.3501,2.84,-0.0188,0,垃圾,0.0,lose,0.0,-1.0,方向参考,20260825_34场_方向参考,0,伤停>2人(主4/客3); 平局预警-强(市场去水平局>=30%),,,,,2026-08-25T00:15:00+00:00,BSD+API-FB,,,方向参考,2026-08-25T00:21:00+00:00,,,,2,2,2-2,1
2026-08-25,K联赛,FC Seoul vs Bucheon FC 1995,FC Seoul,Bucheon FC 1995,让球客(+1.0),0.65,1.96,0.2389,0,否决,0.0,push,1.0,0.0,否决,20260825_34场_否决,1,纯数据无伤病情报; 盘口过期(距开赛19h>阈值12h)->否决,,,,,2026-08-25T10:30:00+00:00,BSD+API-FB,,,否决场-方向若打,2026-08-25T00:21:00+00:00,,,,1,0,1-0,0
2026-08-25,K联赛,Jeju United FC vs Pohang Steelers,Jeju United FC,Pohang Steelers,让球客(+0.2),0.6147,1.81,0.0769,0,垃圾,0.0,win,1.81,0.81,方向参考,20260825_34场_方向参考,0,纯数据无伤病情报; 非独立数据; 队名/数据缺失; 平局预警-强(市场去水平局>=30%); 平局预警→让球只用+号(受让方),,,,,2026-08-25T10:30:00+00:00,BSD+API-FB,,,方向参考,2026-08-25T00:21:00+00:00,,,,1,2,1-2,0
2026-08-25,K联赛,Sangju Sangmu FC vs Jeonbuk Hyundai Motors,Sangju Sangmu FC,Jeonbuk Hyundai Motors,让球主(+0.2),0.5383,2.02,0.056,0,垃圾,0.0,half,1.51,0.51,方向参考,20260825_34场_方向参考,0,"纯数据无伤病情报; 非独立数据; 队名/数据缺失; 平局预警(市场去水平局>=26%); 平局预警→让球只用+号(受让方); 客胜高估区(赔率2.22: 真实客胜11%, 押受让+号/避平手)",,,,,2026-08-25T10:30:00+00:00,BSD+API-FB,,,方向参考,2026-08-25T00:21:00+00:00,,,,0,0,0-0,1
08-26,欧冠,Sabah FK vs Hapoel Be'er Sheva,Sabah FK,Hapoel Be'er Sheva,小2.50,0.5924,2.02,0.1254,1,标准,0.35,lose,0.0,-1.0,已结算,20260826_68场_BEST,0,"伤停>2人(主1/客3);缺亚盘;主胜高估区(赔率1.88: 真实主胜28%, 平局预警下押受让+号)",,,,,2026-08-25T16:45:00+00:00,,,,,20260825_1644,,,,5,2,5-2,0
08-26,英联杯,Cardiff City vs Norwich City,Cardiff City,Norwich City,大2.50,0.65,1.71,0.0476,,,,win,1.71,0.71,方向参考,20260826_68场_方向参考,0,"伤停>2人(主4/客1);缺亚盘;平局预警(市场去水平局>=26%);客胜高估区(赔率2.32: 真实客胜11%, 押受让+号/避平手);主队中游(第12/24, 积2, 近DDLDD);客队保级(第23/24, 积0, 近LLLDW)",,,,,2026-08-25T18:00:00+00:00,,,,,20260825_1644,,,,1,2,1-2,0
08-26,英联杯,Stevenage vs Reading,Stevenage,Reading,大2.50,0.65,2.18,0.3308,,,,win,2.18,1.18,方向参考,20260826_68场_方向参考,1,"纯数据无伤病情报;缺亚盘;平局预警(市场去水平局>=26%);模型与市场分歧>20pp(模型69% vs 市场43%)->否决;主队中游(第19/24, 积1, 近LDLLW);客队中游(第17/24, 积1, 近DLLDL)",,,,,2026-08-25T18:45:00+00:00,,,,,20260825_1644,,,,0,3,0-3,0
08-26,英联杯,Plymouth Argyle vs Coventry City,Plymouth Argyle,Coventry City,小2.50,0.5197,2.12,0.0327,,,,lose,0.0,-1.0,方向参考,20260826_68场_方向参考,0,"缺亚盘;主队保级(第22/24, 积1, 近DLWWD);客队保级(第18/20, 积0, 近LDLLL)",,,,,2026-08-25T18:45:00+00:00,,,,,20260825_1644,,,,2,4,2-4,0
08-26,英联杯,Blackpool vs Lincoln City,Blackpool,Lincoln City,大2.50,0.65,1.75,0.069,1,观察,0.075,win,1.75,0.75,已结算,20260826_68场_BEST,0,"纯数据无伤病情报;缺亚盘;平局预警(市场去水平局>=26%);整球盘2.50遇预警降星;主队中游(第6/24, 积4, 近WDWWW);客队保级(第20/24, 积0, 近LL)",,,,,2026-08-25T18:45:00+00:00,,,,,20260825_1644,,,,1,4,1-4,0
08-26,英联杯,Birmingham City vs Brentford,Birmingham City,Brentford,小2.50,0.541,2.14,0.0859,1,标准,0.35,lose,0.0,-1.0,已结算,20260826_68场_BEST,0,"缺亚盘;主队中游(第13/24, 积2, 近DDDWW);客队争冠/升级(第3/20, 积3, 近WDDLW)",,,,,2026-08-25T19:00:00+00:00,,,,,20260825_1644,,,,1,6,1-6,0
08-26,西甲,Valencia vs Real Betis,Valencia,Real Betis,小2.50,0.638,1.78,0.077,1,观察,0.0375,win,1.78,0.78,已结算,20260826_68场_BEST,0,"伤停>2人(主5/客5);缺亚盘;平局预警(市场去水平局>=26%);客胜高估区(赔率2.55: 真实客胜11%, 押受让+号/避平手);整球盘2.50遇预警降星;主队中游(第13/20, 积1, 近DWWDW);客队中游(第7/20, 积3, 近WWLWD)",,,,,2026-08-25T19:00:00+00:00,,,,,20260825_1644,,,,0,1,0-1,0
08-26,巴乙,Atlético Goianiense vs Botafogo-SP,Atlético Goianiense,Botafogo-SP,1X2平局,0.3741,3.0,0.0301,,,,lose,0.0,-1.0,方向参考,20260826_68场_方向参考,0,"缺亚盘;平局预警-强(市场去水平局>=30%);主胜高估区(赔率2.07: 真实主胜28%, 平局预警下押受让+号);客队中游(第11/20, 积30, 近LLDWD)",,,,,2026-08-25T22:30:00+00:00,,,,,20260825_1644,,,,3,0,3-0,0
08-26,解放者杯,Independiente del Valle vs Deportes Tolima,Independiente del Valle,Deportes Tolima,大2.50,0.5514,2.21,0.1512,,,,win,2.21,1.21,方向参考,20260826_68场_方向参考,1,伤停>2人(主1/客4);缺亚盘;盘口为隔日快照(2026-08-25)->否决,,,,,2026-08-26T00:30:00+00:00,,,,,20260825_1644,,,,3,1,3-1,0
08-26,天皇杯,FC Imabari vs Blaublitz Akita,FC Imabari,Blaublitz Akita,1X2主胜,0.5729,2.583,0.3505,,,,win,2.583,1.583,方向参考,20260826_68场_方向参考,0,"纯数据无伤病情报;缺亚盘;平局预警-强(市场去水平局>=30%);客胜高估区(赔率2.65: 真实客胜11%, 押受让+号/避平手)",,,,,2026-08-26T10:00:00+00:00,,,,,20260825_1644,,,,4,1,4-1,0
08-26,天皇杯,Montedio Yamagata vs Fujieda MYFC,Montedio Yamagata,Fujieda MYFC,大2.50,0.5877,2.105714285714286,0.1515,,,,win,2.1057,1.1057,方向参考,20260826_68场_方向参考,1,纯数据无伤病情报;缺亚盘;平局预警(市场去水平局>=26%);盘口过期(距开赛17h>阈值12h)->否决,,,,,2026-08-26T10:00:00+00:00,,,,,20260825_1644,,,,3,5,3-5,0
08-26,天皇杯,Iwaki FC vs Oita Trinita,Iwaki FC,Oita Trinita,1X2主胜,0.5069,2.2085714285714286,0.027,,,,win,2.2086,1.2086,方向参考,20260826_68场_方向参考,0,纯数据无伤病情报;缺亚盘;平局预警-强(市场去水平局>=30%),,,,,2026-08-26T10:00:00+00:00,,,,,20260825_1644,,,,2,0,2-0,0
08-26,天皇杯,Jubilo Iwata vs Tegevajaro Miyazaki,Jubilo Iwata,Tegevajaro Miyazaki,大2.50,0.5846,2.15,0.1702,,,,lose,0.0,-1.0,方向参考,20260826_68场_方向参考,1,"纯数据无伤病情报;缺亚盘;平局预警(市场去水平局>=26%);主胜高估区(赔率2.15: 真实主胜28%, 平局预警下押受让+号);盘口过期(距开赛17h>阈值12h)->否决",,,,,2026-08-26T10:00:00+00:00,,,,,20260825_1644,,,,0,1,0-1,0
08-26,K联赛,FC Anyang vs Incheon United,FC Anyang,Incheon United,大2.50,0.6368,2.13,0.2697,,,,win,2.13,1.13,方向参考,20260826_68场_方向参考,1,"纯数据无伤病情报;缺亚盘;平局预警(市场去水平局>=26%);客胜高估区(赔率2.24: 真实客胜11%, 押受让+号/避平手);盘口过期(距开赛19h>阈值12h)->否决",,,,,2026-08-26T10:30:00+00:00,,,,,20260825_1644,,,,2,1,2-1,0
2026-08-15,J1,Mito HollyHock vs Gamba Osaka,Mito HollyHock,Gamba Osaka,大2.50,,2.26,,,,,lose,0.0,-1.0,方向参考,20260819_ou_same_opp_方向参考,0,,,,,,2026-08-15T09:00:00+00:00,,,,,,,,,1,1,1-1,1
2026-08-15,J1,Kashima Antlers vs Nagoya Grampus,Kashima Antlers,Nagoya Grampus,大2.50,,1.93,,,,,win,1.93,0.93,方向参考,20260819_ou_same_opp_方向参考,0,,,,,,2026-08-15T09:00:00+00:00,,,,,,,,,2,1,2-1,0
2026-08-15,J1,Shimizu S Pulse vs Yokohama F Marinos,Shimizu S Pulse,Yokohama F Marinos,大2.50,,2.12,,,,,lose,0.0,-1.0,方向参考,20260819_ou_same_opp_方向参考,0,,,,,,2026-08-15T09:30:00+00:00,,,,,,,,,0,1,0-1,0
2026-08-15,J1,Fagiano Okayama vs V-Varen Nagasaki,Fagiano Okayama,V-Varen Nagasaki,大2.50,,2.12,,,,,lose,0.0,-1.0,方向参考,20260819_ou_same_opp_方向参考,0,,,,,,2026-08-15T09:55:00+00:00,,,,,,,,,1,0,1-0,0
2026-08-15,J1,Avispa Fukuoka vs Cerezo Osaka,Avispa Fukuoka,Cerezo Osaka,大2.50,,2.1,,,,,win,2.1,1.1,方向参考,20260819_ou_same_opp_方向参考,0,,,,,,2026-08-15T10:00:00+00:00,,,,,,,,,3,0,3-0,0
2026-08-15,J1,Vissel Kobe vs FC Tokyo,Vissel Kobe,FC Tokyo,大2.50,,2.24,,,,,win,2.24,1.24,方向参考,20260819_ou_same_opp_方向参考,0,,,,,,2026-08-15T10:00:00+00:00,,,,,,,,,2,2,2-2,1
2026-08-15,英冠,Bolton Wanderers vs Preston North End,Bolton Wanderers,Preston North End,小2.50,,1.88,,,,,lose,0.0,-1.0,方向参考,20260819_ou_same_opp_方向参考,0,,,,,,2026-08-15T11:30:00+00:00,,,,,,,,,2,1,2-1,0
2026-08-15,英乙,Newport County vs Rochdale,Newport County,Rochdale,大2.50,,2.66,,,,,win,2.66,1.66,方向参考,20260819_ou_same_opp_方向参考,0,,,,,,2026-08-15T11:30:00+00:00,,,,,,,,,3,0,3-0,0
2026-08-15,英乙,Oldham Athletic vs Port Vale,Oldham Athletic,Port Vale,小2.50,,1.01,,,,,win,1.01,0.01,方向参考,20260819_ou_same_opp_方向参考,0,,,,,,2026-08-15T11:30:00+00:00,,,,,,,,,2,0,2-0,0
2026-08-15,英冠,Norwich City vs West Bromwich Albion,Norwich City,West Bromwich Albion,小2.50,,1.89,,,,,lose,0.0,-1.0,方向参考,20260819_ou_same_opp_方向参考,0,,,,,,2026-08-15T14:00:00+00:00,,,,,,,,,1,2,1-2,0
2026-08-15,英冠,Stoke City vs Swansea City,Stoke City,Swansea City,大2.50,,2.14,,,,,win,2.14,1.14,方向参考,20260819_ou_same_opp_方向参考,0,,,,,,2026-08-15T14:00:00+00:00,,,,,,,,,1,2,1-2,0
2026-08-15,英乙,Barnet vs Salford City,Barnet,Salford City,大2.50,,1.95,,,,,win,1.95,0.95,方向参考,20260819_ou_same_opp_方向参考,0,,,,,,2026-08-15T14:00:00+00:00,,,,,,,,,3,1,3-1,0
2026-08-15,英乙,York City vs Bristol Rovers,York City,Bristol Rovers,小2.50,,1.86,,,,,lose,0.0,-1.0,方向参考,20260819_ou_same_opp_方向参考,0,,,,,,2026-08-15T14:00:00+00:00,,,,,,,,,3,2,3-2,0
2026-08-15,英乙,Grimsby Town vs Exeter City,Grimsby Town,Exeter City,大2.50,,1.94,,,,,lose,0.0,-1.0,方向参考,20260819_ou_same_opp_方向参考,0,,,,,,2026-08-15T14:00:00+00:00,,,,,,,,,1,0,1-0,0
2026-08-15,英乙,Gillingham vs Walsall,Gillingham,Walsall,大2.50,,2.22,,,,,win,2.22,1.22,方向参考,20260819_ou_same_opp_方向参考,0,,,,,,2026-08-15T14:00:00+00:00,,,,,,,,,0,3,0-3,0
2026-08-15,英乙,Northampton Town vs Swindon Town,Northampton Town,Swindon Town,小2.50,,1.97,,,,,win,1.97,0.97,方向参考,20260819_ou_same_opp_方向参考,0,,,,,,2026-08-15T14:00:00+00:00,,,,,,,,,0,0,0-0,1
2026-08-15,英乙,Tranmere Rovers vs Shrewsbury Town,Tranmere Rovers,Shrewsbury Town,小2.50,,1.77,,,,,win,1.77,0.77,方向参考,20260819_ou_same_opp_方向参考,0,,,,,,2026-08-15T14:00:00+00:00,,,,,,,,,2,0,2-0,0
2026-08-15,英冠,Sheffield United vs Birmingham City,Sheffield United,Birmingham City,小2.50,,1.92,,,,,win,1.92,0.92,方向参考,20260819_ou_same_opp_方向参考,0,,,,,,2026-08-15T16:30:00+00:00,,,,,,,,,0,0,0-0,1
2026-08-15,荷甲,Excelsior vs PSV Eindhoven,Excelsior,PSV Eindhoven,大2.50,,1.36,,,,,win,1.36,0.36,方向参考,20260819_ou_same_opp_方向参考,0,,,,,,2026-08-15T18:00:00+00:00,,,,,,,,,1,2,1-2,0
2026-08-15,荷甲,Fortuna Sittard vs SC Cambuur,Fortuna Sittard,SC Cambuur,小2.50,,2.54,,,,,lose,0.0,-1.0,方向参考,20260819_ou_same_opp_方向参考,0,,,,,,2026-08-15T19:00:00+00:00,,,,,,,,,3,1,3-1,0
2026-08-15,西甲,Sevilla vs Rayo Vallecano,Sevilla,Rayo Vallecano,小2.50,,1.64,,,,,lose,0.0,-1.0,方向参考,20260819_ou_same_opp_方向参考,0,,,,,,2026-08-15T19:30:00+00:00,,,,,,,,,2,1,2-1,0
2026-08-15,阿甲,Newells Old Boys vs Deportivo Riestra,Newells Old Boys,Deportivo Riestra,小2.50,,1.35,,,,,win,1.35,0.35,方向参考,20260819_ou_same_opp_方向参考,0,,,,,,2026-08-15T22:00:00+00:00,,,,,,,,,2,0,2-0,0
2026-08-15,美职,Orlando City SC vs FC Cincinnati,Orlando City SC,FC Cincinnati,大2.50,,1.27,,,,,lose,0.0,-1.0,方向参考,20260819_ou_same_opp_方向参考,0,,,,,,2026-08-15T23:30:00+00:00,,,,,,,,,1,1,1-1,1
2026-08-16,美职,Colorado Rapids vs Sporting Kansas City,Colorado Rapids,Sporting Kansas City,大2.50,,1.44,,,,,lose,0.0,-1.0,方向参考,20260819_ou_same_opp_方向参考,0,,,,,,2026-08-16T01:30:00+00:00,,,,,,,,,2,0,2-0,0
2026-08-16,美职,Los Angeles FC vs San Diego FC,Los Angeles FC,San Diego FC,大2.50,,1.43,,,,,lose,0.0,-1.0,方向参考,20260819_ou_same_opp_方向参考,0,,,,,,2026-08-16T02:30:00+00:00,,,,,,,,,0,1,0-1,0
2026-08-16,瑞超,IF Brommapojkarna vs Örgryte IS,IF Brommapojkarna,Örgryte IS,大2.50,,1.59,,,,,win,1.59,0.59,方向参考,20260819_ou_same_opp_方向参考,0,,,,,,2026-08-16T12:00:00+00:00,,,,,,,,,3,1,3-1,0
2026-08-16,荷甲,Feyenoord vs Go Ahead Eagles,Feyenoord,Go Ahead Eagles,大2.50,,1.34,,,,,win,1.34,0.34,方向参考,20260819_ou_same_opp_方向参考,0,,,,,,2026-08-16T12:30:00+00:00,,,,,,,,,2,2,2-2,1
2026-08-16,英冠,Watford vs Southampton,Watford,Southampton,大2.50,,1.76,,,,,win,1.76,0.76,方向参考,20260819_ou_same_opp_方向参考,0,,,,,,2026-08-16T12:30:00+00:00,,,,,,,,,2,1,2-1,0
2026-08-16,丹超,Lyngby vs FC Midtjylland,Lyngby,FC Midtjylland,小2.50,,2.48,,,,,win,2.48,1.48,方向参考,20260819_ou_same_opp_方向参考,0,,,,,,2026-08-16T14:00:00+00:00,,,,,,,,,1,1,1-1,1
2026-08-16,瑞超,Kalmar FF vs Hammarby IF,Kalmar FF,Hammarby IF,小2.50,,2.22,,,,,lose,0.0,-1.0,方向参考,20260819_ou_same_opp_方向参考,0,,,,,,2026-08-16T14:30:00+00:00,,,,,,,,,0,4,0-4,0
2026-08-16,英冠,Burnley vs West Ham United,Burnley,West Ham United,大2.50,,1.75,,,,,win,1.75,0.75,方向参考,20260819_ou_same_opp_方向参考,0,,,,,,2026-08-16T15:00:00+00:00,,,,,,,,,2,2,2-2,1
2026-08-16,挪超,SK Brann vs HamKam,SK Brann,HamKam,大2.50,,1.44,,,,,win,1.44,0.44,方向参考,20260819_ou_same_opp_方向参考,0,,,,,,2026-08-16T15:00:00+00:00,,,,,,,,,3,0,3-0,0
2026-08-16,比甲,KV Mechelen vs Standard Liege,KV Mechelen,Standard Liege,小2.50,,1.88,,,,,lose,0.0,-1.0,方向参考,20260819_ou_same_opp_方向参考,0,,,,,,2026-08-16T16:30:00+00:00,,,,,,,,,3,3,3-3,1
2026-08-16,西乙,Girona FC vs Leganés,Girona FC,Leganés,小2.50,,1.71,,,,,win,1.71,0.71,方向参考,20260819_ou_same_opp_方向参考,0,,,,,,2026-08-16T17:00:00+00:00,,,,,,,,,1,1,1-1,1
2026-08-16,挪超,Fredrikstad FK vs Kristiansund BK,Fredrikstad FK,Kristiansund BK,小2.50,,2.04,,,,,win,2.04,1.04,方向参考,20260819_ou_same_opp_方向参考,0,,,,,,2026-08-16T17:15:00+00:00,,,,,,,,,1,0,1-0,0
2026-08-16,土超,Besiktas JK vs Eyüpspor,Besiktas JK,Eyüpspor,大2.50,,1.49,,,,,lose,0.0,-1.0,方向参考,20260819_ou_same_opp_方向参考,0,,,,,,2026-08-16T18:30:00+00:00,,,,,,,,,1,0,1-0,0
2026-08-16,巴甲,Atletico Mineiro vs Grêmio,Atletico Mineiro,Grêmio,小2.50,,1.85,,,,,lose,0.0,-1.0,方向参考,20260819_ou_same_opp_方向参考,0,,,,,,2026-08-16T19:00:00+00:00,,,,,,,,,3,0,3-0,0
2026-08-16,葡超,Famalicão vs CS Maritimo,Famalicão,CS Maritimo,小2.50,,1.78,,,,,lose,0.0,-1.0,方向参考,20260819_ou_same_opp_方向参考,0,,,,,,2026-08-16T19:30:00+00:00,,,,,,,,,1,2,1-2,0
2026-08-16,阿甲,River Plate vs Argentinos Juniors,River Plate,Argentinos Juniors,大2.50,,2.62,,,,,lose,0.0,-1.0,方向参考,20260819_ou_same_opp_方向参考,0,,,,,,2026-08-16T21:00:00+00:00,,,,,,,,,2,0,2-0,0
2026-08-16,巴甲,Vitoria vs Botafogo,Vitoria,Botafogo,小2.50,,1.81,,,,,win,1.81,0.81,方向参考,20260819_ou_same_opp_方向参考,0,,,,,,2026-08-16T21:30:00+00:00,,,,,,,,,1,0,1-0,0
2026-08-16,巴甲,Mirassol vs Flamengo,Mirassol,Flamengo,大2.50,,2.04,,,,,win,2.04,1.04,方向参考,20260819_ou_same_opp_方向参考,0,,,,,,2026-08-16T21:30:00+00:00,,,,,,,,,1,5,1-5,0
2026-08-16,美职,Chicago Fire vs Portland Timbers,Chicago Fire,Portland Timbers,大2.50,,1.32,,,,,win,1.32,0.32,方向参考,20260819_ou_same_opp_方向参考,0,,,,,,2026-08-16T22:00:00+00:00,,,,,,,,,2,1,2-1,0
2026-08-16,阿甲,Barracas Central vs Rosario Central,Barracas Central,Rosario Central,小2.50,,1.41,,,,,win,1.41,0.41,方向参考,20260819_ou_same_opp_方向参考,0,,,,,,2026-08-16T23:15:00+00:00,,,,,,,,,0,1,0-1,0
2026-08-16,阿甲,Central Córdoba vs Instituto de Córdoba,Central Córdoba,Instituto de Córdoba,大2.50,,2.68,,,,,lose,0.0,-1.0,方向参考,20260819_ou_same_opp_方向参考,0,,,,,,2026-08-16T23:15:00+00:00,,,,,,,,,0,1,0-1,0
2026-08-14,荷甲,SC Telstar vs Sparta Rotterdam,SC Telstar,Sparta Rotterdam,小2.50,,2.35,,,,,lose,0.0,-1.0,方向参考,20260819_ou_same_opp_方向参考,0,,,,,,2026-08-14T18:00:00+00:00,,,,,,,,,1,3,1-3,0
2026-08-14,西乙,Real Sociedad B vs CD Castellón,Real Sociedad B,CD Castellón,大2.50,,1.64,,,,,lose,0.0,-1.0,方向参考,20260819_ou_same_opp_方向参考,0,,,,,,2026-08-14T18:30:00+00:00,,,,,,,,,0,1,0-1,0
2026-08-17,美职,Austin FC vs FC Dallas,Austin FC,FC Dallas,小2.50,,2.34,,,,,lose,0.0,-1.0,方向参考,20260819_ou_same_opp_方向参考,0,,,,,,2026-08-17T00:30:00+00:00,,,,,,,,,1,2,1-2,0
2026-08-17,瑞超,BK Hacken vs Halmstads BK,BK Hacken,Halmstads BK,大2.50,,1.44,,,,,lose,0.0,-1.0,方向参考,20260819_ou_same_opp_方向参考,0,,,,,,2026-08-17T17:00:00+00:00,,,,,,,,,1,0,1-0,0
2026-08-17,阿甲,Estudiantes de Río Cuarto vs Atlético Tucuman,Estudiantes de Río Cuarto,Atlético Tucuman,小2.50,,1.39,,,,,win,1.39,0.39,方向参考,20260819_ou_same_opp_方向参考,0,,,,,,2026-08-17T17:45:00+00:00,,,,,,,,,0,1,0-1,0
2026-08-17,土超,Samsunspor vs Goztepe,Samsunspor,Goztepe,小2.50,,1.81,,,,,lose,0.0,-1.0,方向参考,20260819_ou_same_opp_方向参考,0,,,,,,2026-08-17T18:30:00+00:00,,,,,,,,,3,3,3-3,1
2026-08-17,葡超,Casa Pia vs Benfica,Casa Pia,Benfica,小2.50,,2.3,,,,,lose,0.0,-1.0,方向参考,20260819_ou_same_opp_方向参考,0,,,,,,2026-08-17T19:15:00+00:00,,,,,,,,,0,7,0-7,0
2026-08-17,西乙,Almería vs CD Eldense,Almería,CD Eldense,大2.50,,1.61,,,,,win,1.61,0.61,方向参考,20260819_ou_same_opp_方向参考,0,,,,,,2026-08-17T19:30:00+00:00,,,,,,,,,3,0,3-0,0
2026-08-17,巴甲,Internacional vs Remo,Internacional,Remo,大2.50,,1.83,,,,,lose,0.0,-1.0,方向参考,20260819_ou_same_opp_方向参考,0,,,,,,2026-08-17T23:00:00+00:00,,,,,,,,,1,1,1-1,1
08-27,友谊赛,Numancia vs Utebo,Numancia,Utebo,小2.50,0.6076,1.81,0.0221,,,,lose,0.0,-1.0,方向参考,20260827_25场_方向参考,0,"纯数据无伤病情报;平局预警(市场去水平局>=26%);客胜高估区(赔率2.67: 真实客胜11%, 押受让+号/避平手)",,,,,08-27 01:00,,,,,20260827_0010,,,,2,1,2-1,0
08-27,沙超,Al Diriyah vs Kholood,Al Diriyah,Kholood,让球客(+0.8),0.625,1.71,0.0385,,,,win,1.71,0.71,方向参考,20260827_25场_方向参考,0,"纯数据无伤病情报;平局预警(市场去水平局>=26%);平局预警→让球只用+号(受让方);主胜高估区(赔率1.97: 真实主胜28%, 平局预警下押受让+号)",,,,,08-27 02:00,,,,,20260827_0010,,,,1,1,1-1,1
08-27,欧冠,NK Celje vs Slovan Bratislava,NK Celje,Slovan Bratislava,小2.50,63.1,1.85,0.142,1,标准,,win,1.85,0.85,已结算,20260827_25场_BEST,0,纯数据无伤病情报;平局预警(市场去水平局>=26%);整球盘2.50遇预警降星,,,,,08-27 03:00,,,,,20260827_0010,,,,1,1,1-1,1
08-27,欧冠,Viking vs Dinamo Zagreb,Viking,Dinamo Zagreb,大2.75,65.0,1.79,0.132,1,标准,,win,1.79,0.79,已结算,20260827_25场_BEST,0,"伤停>2人(主3/客4);平局预警(市场去水平局>=26%);平局预警→让球只用+号(受让方);客胜高估区(赔率2.67: 真实客胜11%, 押受让+号/避平手);主队争冠/升级(第2/16, 积40, 近LWWDW)",,,,,08-27 03:00,,,,,20260827_0010,,,,3,1,3-1,0
08-27,哥甲,America de Cali vs Junior Barranquilla,America de Cali,Junior Barranquilla,小2.25,56.0,2.19,0.203,2,高价值,,lose,0.0,-1.0,已结算,20260827_25场_BEST,0,"平局预警(市场去水平局>=26%);平局预警→让球只用+号(受让方);主胜高估区(赔率1.96: 真实主胜28%, 平局预警下押受让+号)",,,,,08-27 07:20,,,,,20260827_0010,,,,4,2,4-2,0
08-27,巴西杯,Palmeiras vs Santos,Palmeiras,Santos,让球主(-0.8),0.65,1.81,0.1536,,,,win,1.81,0.81,方向参考,20260827_25场_方向参考,1,"伤停>2人(主6/客4);盘口为隔日快照(2026-08-26)->否决;主队争冠/升级(第1/20, 积51, 近WLDWL);客队中游(第14/20, 积26, 近DWLDL)",,,,,08-27 08:30,,,,,20260827_0010,,,,3,0,3-0,0
08-27,南美杯,River Plate vs Independiente Santa Fe,River Plate,Independiente Santa Fe,让球客(+1.2),0.65,2.09,0.337,,,,win,2.09,1.09,方向参考,20260827_25场_方向参考,1,伤停>2人(主1/客6);盘口为隔日快照(2026-08-26)->否决,,,,,08-27 08:30,,,,,20260827_0010,,,,1,1,1-1,1
08-27,USL,El Paso Locomotive vs Riverhounds,El Paso Locomotive,Riverhounds,让球客(+0.2),0.6368,1.99,0.2284,,,,lose,0.0,-1.0,方向参考,20260827_25场_方向参考,1,"纯数据无伤病情报;平局预警-强(市场去水平局>=30%);平局预警→让球只用+号(受让方);主胜高估区(赔率2.17: 真实主胜28%, 平局预警下押受让+号);盘口为隔日快照(2026-08-26)->否决",,,,,08-27 09:00,,,,,20260827_0010,,,,2,1,2-1,0
