snapshot_ts,event_id,league,commence_time,home_team,away_team,bookmaker,market,outcome,side,side_key,point,price,last_update
2026-08-23T14:05:22Z,4290b7b558285b2ec3a5ed42feca310d,西甲,2026-08-23T15:00:00Z,Atlético Madrid,Villarreal,smarkets,h2h,Atlético Madrid,home,home,,1.82,2026-08-23T14:04:51Z
2026-08-23T14:05:22Z,4290b7b558285b2ec3a5ed42feca310d,西甲,2026-08-23T15:00:00Z,Atlético Madrid,Villarreal,smarkets,h2h,Villarreal,away,away,,4.7,2026-08-23T14:04:51Z
2026-08-23T14:05:22Z,4290b7b558285b2ec3a5ed42feca310d,西甲,2026-08-23T15:00:00Z,Atlético Madrid,Villarreal,smarkets,h2h,Draw,draw,draw,,4.0,2026-08-23T14:04:51Z
2026-08-23T14:05:22Z,4290b7b558285b2ec3a5ed42feca310d,西甲,2026-08-23T15:00:00Z,Atlético Madrid,Villarreal,leovegas,h2h,Atlético Madrid,home,home,,1.77,2026-08-23T14:04:31Z
2026-08-23T14:05:22Z,4290b7b558285b2ec3a5ed42feca310d,西甲,2026-08-23T15:00:00Z,Atlético Madrid,Villarreal,leovegas,h2h,Villarreal,away,away,,4.33,2026-08-23T14:04:31Z
2026-08-23T14:05:22Z,4290b7b558285b2ec3a5ed42feca310d,西甲,2026-08-23T15:00:00Z,Atlético Madrid,Villarreal,leovegas,h2h,Draw,draw,draw,,3.9,2026-08-23T14:04:31Z
2026-08-23T14:05:22Z,4290b7b558285b2ec3a5ed42feca310d,西甲,2026-08-23T15:00:00Z,Atlético Madrid,Villarreal,leovegas,totals,Over,over,over@2.5,2.5,1.62,2026-08-23T14:04:31Z
2026-08-23T14:05:22Z,4290b7b558285b2ec3a5ed42feca310d,西甲,2026-08-23T15:00:00Z,Atlético Madrid,Villarreal,leovegas,totals,Under,under,under@2.5,2.5,2.2,2026-08-23T14:04:31Z
2026-08-23T14:05:22Z,4290b7b558285b2ec3a5ed42feca310d,西甲,2026-08-23T15:00:00Z,Atlético Madrid,Villarreal,unibet_uk,h2h,Atlético Madrid,home,home,,1.78,2026-08-23T14:04:10Z
2026-08-23T14:05:22Z,4290b7b558285b2ec3a5ed42feca310d,西甲,2026-08-23T15:00:00Z,Atlético Madrid,Villarreal,unibet_uk,h2h,Villarreal,away,away,,4.35,2026-08-23T14:04:10Z
2026-08-23T14:05:22Z,4290b7b558285b2ec3a5ed42feca310d,西甲,2026-08-23T15:00:00Z,Atlético Madrid,Villarreal,unibet_uk,h2h,Draw,draw,draw,,3.8,2026-08-23T14:04:10Z
2026-08-23T14:05:22Z,4290b7b558285b2ec3a5ed42feca310d,西甲,2026-08-23T15:00:00Z,Atlético Madrid,Villarreal,betclic_fr,h2h,Atlético Madrid,home,home,,1.78,2026-08-23T14:03:34Z
2026-08-23T14:05:22Z,4290b7b558285b2ec3a5ed42feca310d,西甲,2026-08-23T15:00:00Z,Atlético Madrid,Villarreal,betclic_fr,h2h,Villarreal,away,away,,4.35,2026-08-23T14:03:34Z
2026-08-23T14:05:22Z,4290b7b558285b2ec3a5ed42feca310d,西甲,2026-08-23T15:00:00Z,Atlético Madrid,Villarreal,betclic_fr,h2h,Draw,draw,draw,,3.88,2026-08-23T14:03:34Z
2026-08-23T14:05:22Z,4290b7b558285b2ec3a5ed42feca310d,西甲,2026-08-23T15:00:00Z,Atlético Madrid,Villarreal,betfred_uk,h2h,Atlético Madrid,home,home,,1.8,2026-08-23T14:04:52Z
2026-08-23T14:05:22Z,4290b7b558285b2ec3a5ed42feca310d,西甲,2026-08-23T15:00:00Z,Atlético Madrid,Villarreal,betfred_uk,h2h,Villarreal,away,away,,4.2,2026-08-23T14:04:52Z
2026-08-23T14:05:22Z,4290b7b558285b2ec3a5ed42feca310d,西甲,2026-08-23T15:00:00Z,Atlético Madrid,Villarreal,betfred_uk,h2h,Draw,draw,draw,,3.75,2026-08-23T14:04:52Z
2026-08-23T14:05:22Z,4290b7b558285b2ec3a5ed42feca310d,西甲,2026-08-23T15:00:00Z,Atlético Madrid,Villarreal,onexbet,h2h,Atlético Madrid,home,home,,1.82,2026-08-23T14:04:28Z
2026-08-23T14:05:22Z,4290b7b558285b2ec3a5ed42feca310d,西甲,2026-08-23T15:00:00Z,Atlético Madrid,Villarreal,onexbet,h2h,Villarreal,away,away,,4.62,2026-08-23T14:04:28Z
2026-08-23T14:05:22Z,4290b7b558285b2ec3a5ed42feca310d,西甲,2026-08-23T15:00:00Z,Atlético Madrid,Villarreal,onexbet,h2h,Draw,draw,draw,,4.0,2026-08-23T14:04:28Z
2026-08-23T14:05:22Z,4290b7b558285b2ec3a5ed42feca310d,西甲,2026-08-23T15:00:00Z,Atlético Madrid,Villarreal,onexbet,spreads,Atlético Madrid,home,home@-1.5,-1.5,3.15,2026-08-23T14:04:28Z
2026-08-23T14:05:22Z,4290b7b558285b2ec3a5ed42feca310d,西甲,2026-08-23T15:00:00Z,Atlético Madrid,Villarreal,onexbet,spreads,Villarreal,away,away@1.5,1.5,1.43,2026-08-23T14:04:28Z
2026-08-23T14:05:22Z,4290b7b558285b2ec3a5ed42feca310d,西甲,2026-08-23T15:00:00Z,Atlético Madrid,Villarreal,onexbet,totals,Over,over,over@2.5,2.5,1.73,2026-08-23T14:04:28Z
2026-08-23T14:05:22Z,4290b7b558285b2ec3a5ed42feca310d,西甲,2026-08-23T15:00:00Z,Atlético Madrid,Villarreal,onexbet,totals,Under,under,under@2.5,2.5,2.28,2026-08-23T14:04:28Z
2026-08-23T14:05:22Z,4290b7b558285b2ec3a5ed42feca310d,西甲,2026-08-23T15:00:00Z,Atlético Madrid,Villarreal,codere_it,h2h,Atlético Madrid,home,home,,1.78,2026-08-23T14:04:28Z
2026-08-23T14:05:22Z,4290b7b558285b2ec3a5ed42feca310d,西甲,2026-08-23T15:00:00Z,Atlético Madrid,Villarreal,codere_it,h2h,Villarreal,away,away,,4.4,2026-08-23T14:04:28Z
2026-08-23T14:05:22Z,4290b7b558285b2ec3a5ed42feca310d,西甲,2026-08-23T15:00:00Z,Atlético Madrid,Villarreal,codere_it,h2h,Draw,draw,draw,,3.85,2026-08-23T14:04:28Z
2026-08-23T14:05:22Z,4290b7b558285b2ec3a5ed42feca310d,西甲,2026-08-23T15:00:00Z,Atlético Madrid,Villarreal,codere_it,totals,Over,over,over@2.5,2.5,1.6,2026-08-23T14:04:28Z
2026-08-23T14:05:22Z,4290b7b558285b2ec3a5ed42feca310d,西甲,2026-08-23T15:00:00Z,Atlético Madrid,Villarreal,codere_it,totals,Under,under,under@2.5,2.5,2.15,2026-08-23T14:04:28Z
2026-08-23T14:05:22Z,4290b7b558285b2ec3a5ed42feca310d,西甲,2026-08-23T15:00:00Z,Atlético Madrid,Villarreal,coolbet,h2h,Atlético Madrid,home,home,,1.81,2026-08-23T14:04:53Z
2026-08-23T14:05:22Z,4290b7b558285b2ec3a5ed42feca310d,西甲,2026-08-23T15:00:00Z,Atlético Madrid,Villarreal,coolbet,h2h,Villarreal,away,away,,4.75,2026-08-23T14:04:53Z
2026-08-23T14:05:22Z,4290b7b558285b2ec3a5ed42feca310d,西甲,2026-08-23T15:00:00Z,Atlético Madrid,Villarreal,coolbet,h2h,Draw,draw,draw,,3.75,2026-08-23T14:04:53Z
2026-08-23T14:05:22Z,4290b7b558285b2ec3a5ed42feca310d,西甲,2026-08-23T15:00:00Z,Atlético Madrid,Villarreal,coolbet,spreads,Atlético Madrid,home,home@-1.0,-1.0,2.41,2026-08-23T14:04:53Z
2026-08-23T14:05:22Z,4290b7b558285b2ec3a5ed42feca310d,西甲,2026-08-23T15:00:00Z,Atlético Madrid,Villarreal,coolbet,spreads,Villarreal,away,away@1.0,1.0,1.63,2026-08-23T14:04:53Z
2026-08-23T14:05:22Z,4290b7b558285b2ec3a5ed42feca310d,西甲,2026-08-23T15:00:00Z,Atlético Madrid,Villarreal,coolbet,totals,Over,over,over@2.5,2.5,1.74,2026-08-23T14:04:53Z
2026-08-23T14:05:22Z,4290b7b558285b2ec3a5ed42feca310d,西甲,2026-08-23T15:00:00Z,Atlético Madrid,Villarreal,coolbet,totals,Under,under,under@2.5,2.5,2.2,2026-08-23T14:04:53Z
2026-08-23T14:05:22Z,4290b7b558285b2ec3a5ed42feca310d,西甲,2026-08-23T15:00:00Z,Atlético Madrid,Villarreal,paddypower,h2h,Atlético Madrid,home,home,,1.73,2026-08-23T14:04:51Z
2026-08-23T14:05:22Z,4290b7b558285b2ec3a5ed42feca310d,西甲,2026-08-23T15:00:00Z,Atlético Madrid,Villarreal,paddypower,h2h,Villarreal,away,away,,4.4,2026-08-23T14:04:51Z
2026-08-23T14:05:22Z,4290b7b558285b2ec3a5ed42feca310d,西甲,2026-08-23T15:00:00Z,Atlético Madrid,Villarreal,paddypower,h2h,Draw,draw,draw,,3.75,2026-08-23T14:04:51Z
2026-08-23T14:05:22Z,4290b7b558285b2ec3a5ed42feca310d,西甲,2026-08-23T15:00:00Z,Atlético Madrid,Villarreal,skybet,h2h,Atlético Madrid,home,home,,1.73,2026-08-23T14:04:30Z
2026-08-23T14:05:22Z,4290b7b558285b2ec3a5ed42feca310d,西甲,2026-08-23T15:00:00Z,Atlético Madrid,Villarreal,skybet,h2h,Villarreal,away,away,,4.4,2026-08-23T14:04:30Z
2026-08-23T14:05:22Z,4290b7b558285b2ec3a5ed42feca310d,西甲,2026-08-23T15:00:00Z,Atlético Madrid,Villarreal,skybet,h2h,Draw,draw,draw,,3.8,2026-08-23T14:04:30Z
2026-08-23T14:05:22Z,4290b7b558285b2ec3a5ed42feca310d,西甲,2026-08-23T15:00:00Z,Atlético Madrid,Villarreal,winamax_fr,h2h,Atlético Madrid,home,home,,1.72,2026-08-23T14:04:30Z
2026-08-23T14:05:22Z,4290b7b558285b2ec3a5ed42feca310d,西甲,2026-08-23T15:00:00Z,Atlético Madrid,Villarreal,winamax_fr,h2h,Villarreal,away,away,,4.2,2026-08-23T14:04:30Z
2026-08-23T14:05:22Z,4290b7b558285b2ec3a5ed42feca310d,西甲,2026-08-23T15:00:00Z,Atlético Madrid,Villarreal,winamax_fr,h2h,Draw,draw,draw,,3.85,2026-08-23T14:04:30Z
2026-08-23T14:05:22Z,4290b7b558285b2ec3a5ed42feca310d,西甲,2026-08-23T15:00:00Z,Atlético Madrid,Villarreal,winamax_de,h2h,Atlético Madrid,home,home,,1.74,2026-08-23T14:04:53Z
2026-08-23T14:05:22Z,4290b7b558285b2ec3a5ed42feca310d,西甲,2026-08-23T15:00:00Z,Atlético Madrid,Villarreal,winamax_de,h2h,Villarreal,away,away,,4.2,2026-08-23T14:04:53Z
2026-08-23T14:05:22Z,4290b7b558285b2ec3a5ed42feca310d,西甲,2026-08-23T15:00:00Z,Atlético Madrid,Villarreal,winamax_de,h2h,Draw,draw,draw,,3.9,2026-08-23T14:04:53Z
2026-08-23T14:05:22Z,4290b7b558285b2ec3a5ed42feca310d,西甲,2026-08-23T15:00:00Z,Atlético Madrid,Villarreal,williamhill,h2h,Atlético Madrid,home,home,,1.75,2026-08-23T14:04:52Z
2026-08-23T14:05:22Z,4290b7b558285b2ec3a5ed42feca310d,西甲,2026-08-23T15:00:00Z,Atlético Madrid,Villarreal,williamhill,h2h,Villarreal,away,away,,4.2,2026-08-23T14:04:52Z
2026-08-23T14:05:22Z,4290b7b558285b2ec3a5ed42feca310d,西甲,2026-08-23T15:00:00Z,Atlético Madrid,Villarreal,williamhill,h2h,Draw,draw,draw,,3.7,2026-08-23T14:04:52Z
2026-08-23T14:05:22Z,4290b7b558285b2ec3a5ed42feca310d,西甲,2026-08-23T15:00:00Z,Atlético Madrid,Villarreal,williamhill,totals,Over,over,over@2.5,2.5,1.7,2026-08-23T14:04:52Z
2026-08-23T14:05:22Z,4290b7b558285b2ec3a5ed42feca310d,西甲,2026-08-23T15:00:00Z,Atlético Madrid,Villarreal,williamhill,totals,Under,under,under@2.5,2.5,2.1,2026-08-23T14:04:52Z
2026-08-23T14:05:22Z,4290b7b558285b2ec3a5ed42feca310d,西甲,2026-08-23T15:00:00Z,Atlético Madrid,Villarreal,betfair_ex_uk,h2h,Atlético Madrid,home,home,,1.83,2026-08-23T14:04:51Z
2026-08-23T14:05:22Z,4290b7b558285b2ec3a5ed42feca310d,西甲,2026-08-23T15:00:00Z,Atlético Madrid,Villarreal,betfair_ex_uk,h2h,Villarreal,away,away,,4.8,2026-08-23T14:04:51Z
2026-08-23T14:05:22Z,4290b7b558285b2ec3a5ed42feca310d,西甲,2026-08-23T15:00:00Z,Atlético Madrid,Villarreal,betfair_ex_uk,h2h,Draw,draw,draw,,4.0,2026-08-23T14:04:51Z
2026-08-23T14:05:22Z,4290b7b558285b2ec3a5ed42feca310d,西甲,2026-08-23T15:00:00Z,Atlético Madrid,Villarreal,betfair_ex_eu,h2h,Atlético Madrid,home,home,,1.83,2026-08-23T14:04:52Z
2026-08-23T14:05:22Z,4290b7b558285b2ec3a5ed42feca310d,西甲,2026-08-23T15:00:00Z,Atlético Madrid,Villarreal,betfair_ex_eu,h2h,Villarreal,away,away,,4.8,2026-08-23T14:04:52Z
2026-08-23T14:05:22Z,4290b7b558285b2ec3a5ed42feca310d,西甲,2026-08-23T15:00:00Z,Atlético Madrid,Villarreal,betfair_ex_eu,h2h,Draw,draw,draw,,4.0,2026-08-23T14:04:52Z
2026-08-23T14:05:22Z,4290b7b558285b2ec3a5ed42feca310d,西甲,2026-08-23T15:00:00Z,Atlético Madrid,Villarreal,tipico_de,h2h,Atlético Madrid,home,home,,1.72,2026-08-23T14:04:29Z
2026-08-23T14:05:22Z,4290b7b558285b2ec3a5ed42feca310d,西甲,2026-08-23T15:00:00Z,Atlético Madrid,Villarreal,tipico_de,h2h,Villarreal,away,away,,4.5,2026-08-23T14:04:29Z
2026-08-23T14:05:22Z,4290b7b558285b2ec3a5ed42feca310d,西甲,2026-08-23T15:00:00Z,Atlético Madrid,Villarreal,tipico_de,h2h,Draw,draw,draw,,3.9,2026-08-23T14:04:29Z
2026-08-23T14:05:22Z,4290b7b558285b2ec3a5ed42feca310d,西甲,2026-08-23T15:00:00Z,Atlético Madrid,Villarreal,tipico_de,totals,Over,over,over@2.5,2.5,1.6,2026-08-23T14:04:29Z
2026-08-23T14:05:22Z,4290b7b558285b2ec3a5ed42feca310d,西甲,2026-08-23T15:00:00Z,Atlético Madrid,Villarreal,tipico_de,totals,Under,under,under@2.5,2.5,2.25,2026-08-23T14:04:29Z
2026-08-23T14:05:22Z,4290b7b558285b2ec3a5ed42feca310d,西甲,2026-08-23T15:00:00Z,Atlético Madrid,Villarreal,boylesports,h2h,Atlético Madrid,home,home,,1.7,2026-08-23T14:04:55Z
2026-08-23T14:05:22Z,4290b7b558285b2ec3a5ed42feca310d,西甲,2026-08-23T15:00:00Z,Atlético Madrid,Villarreal,boylesports,h2h,Villarreal,away,away,,4.0,2026-08-23T14:04:55Z
2026-08-23T14:05:22Z,4290b7b558285b2ec3a5ed42feca310d,西甲,2026-08-23T15:00:00Z,Atlético Madrid,Villarreal,boylesports,h2h,Draw,draw,draw,,3.75,2026-08-23T14:04:55Z
2026-08-23T14:05:22Z,4290b7b558285b2ec3a5ed42feca310d,西甲,2026-08-23T15:00:00Z,Atlético Madrid,Villarreal,nordicbet,h2h,Atlético Madrid,home,home,,1.78,2026-08-23T14:04:52Z
2026-08-23T14:05:22Z,4290b7b558285b2ec3a5ed42feca310d,西甲,2026-08-23T15:00:00Z,Atlético Madrid,Villarreal,nordicbet,h2h,Villarreal,away,away,,4.4,2026-08-23T14:04:52Z
2026-08-23T14:05:22Z,4290b7b558285b2ec3a5ed42feca310d,西甲,2026-08-23T15:00:00Z,Atlético Madrid,Villarreal,nordicbet,h2h,Draw,draw,draw,,3.6,2026-08-23T14:04:52Z
2026-08-23T14:05:22Z,4290b7b558285b2ec3a5ed42feca310d,西甲,2026-08-23T15:00:00Z,Atlético Madrid,Villarreal,nordicbet,totals,Over,over,over@2.5,2.5,1.62,2026-08-23T14:04:52Z
2026-08-23T14:05:22Z,4290b7b558285b2ec3a5ed42feca310d,西甲,2026-08-23T15:00:00Z,Atlético Madrid,Villarreal,nordicbet,totals,Under,under,under@2.5,2.5,2.22,2026-08-23T14:04:52Z
2026-08-23T14:05:22Z,4290b7b558285b2ec3a5ed42feca310d,西甲,2026-08-23T15:00:00Z,Atlético Madrid,Villarreal,betsson,h2h,Atlético Madrid,home,home,,1.78,2026-08-23T14:04:29Z
2026-08-23T14:05:22Z,4290b7b558285b2ec3a5ed42feca310d,西甲,2026-08-23T15:00:00Z,Atlético Madrid,Villarreal,betsson,h2h,Villarreal,away,away,,4.4,2026-08-23T14:04:29Z
2026-08-23T14:05:22Z,4290b7b558285b2ec3a5ed42feca310d,西甲,2026-08-23T15:00:00Z,Atlético Madrid,Villarreal,betsson,h2h,Draw,draw,draw,,3.6,2026-08-23T14:04:29Z
2026-08-23T14:05:22Z,4290b7b558285b2ec3a5ed42feca310d,西甲,2026-08-23T15:00:00Z,Atlético Madrid,Villarreal,betsson,totals,Over,over,over@2.5,2.5,1.62,2026-08-23T14:04:29Z
2026-08-23T14:05:22Z,4290b7b558285b2ec3a5ed42feca310d,西甲,2026-08-23T15:00:00Z,Atlético Madrid,Villarreal,betsson,totals,Under,under,under@2.5,2.5,2.22,2026-08-23T14:04:29Z
2026-08-23T14:05:22Z,4290b7b558285b2ec3a5ed42feca310d,西甲,2026-08-23T15:00:00Z,Atlético Madrid,Villarreal,betway,h2h,Atlético Madrid,home,home,,1.75,2026-08-23T14:04:29Z
2026-08-23T14:05:22Z,4290b7b558285b2ec3a5ed42feca310d,西甲,2026-08-23T15:00:00Z,Atlético Madrid,Villarreal,betway,h2h,Villarreal,away,away,,4.33,2026-08-23T14:04:29Z
2026-08-23T14:05:22Z,4290b7b558285b2ec3a5ed42feca310d,西甲,2026-08-23T15:00:00Z,Atlético Madrid,Villarreal,betway,h2h,Draw,draw,draw,,3.8,2026-08-23T14:04:29Z
2026-08-23T14:05:22Z,4290b7b558285b2ec3a5ed42feca310d,西甲,2026-08-23T15:00:00Z,Atlético Madrid,Villarreal,ladbrokes_uk,h2h,Atlético Madrid,home,home,,1.75,2026-08-23T14:04:51Z
2026-08-23T14:05:22Z,4290b7b558285b2ec3a5ed42feca310d,西甲,2026-08-23T15:00:00Z,Atlético Madrid,Villarreal,ladbrokes_uk,h2h,Villarreal,away,away,,4.2,2026-08-23T14:04:51Z
2026-08-23T14:05:22Z,4290b7b558285b2ec3a5ed42feca310d,西甲,2026-08-23T15:00:00Z,Atlético Madrid,Villarreal,ladbrokes_uk,h2h,Draw,draw,draw,,3.9,2026-08-23T14:04:51Z
2026-08-23T14:05:22Z,4290b7b558285b2ec3a5ed42feca310d,西甲,2026-08-23T15:00:00Z,Atlético Madrid,Villarreal,coral,h2h,Atlético Madrid,home,home,,1.75,2026-08-23T14:04:29Z
2026-08-23T14:05:22Z,4290b7b558285b2ec3a5ed42feca310d,西甲,2026-08-23T15:00:00Z,Atlético Madrid,Villarreal,coral,h2h,Villarreal,away,away,,4.33,2026-08-23T14:04:29Z
2026-08-23T14:05:22Z,4290b7b558285b2ec3a5ed42feca310d,西甲,2026-08-23T15:00:00Z,Atlético Madrid,Villarreal,coral,h2h,Draw,draw,draw,,4.0,2026-08-23T14:04:29Z
2026-08-23T14:05:22Z,4290b7b558285b2ec3a5ed42feca310d,西甲,2026-08-23T15:00:00Z,Atlético Madrid,Villarreal,pinnacle,h2h,Atlético Madrid,home,home,,1.79,2026-08-23T14:04:51Z
2026-08-23T14:05:22Z,4290b7b558285b2ec3a5ed42feca310d,西甲,2026-08-23T15:00:00Z,Atlético Madrid,Villarreal,pinnacle,h2h,Villarreal,away,away,,4.61,2026-08-23T14:04:51Z
2026-08-23T14:05:22Z,4290b7b558285b2ec3a5ed42feca310d,西甲,2026-08-23T15:00:00Z,Atlético Madrid,Villarreal,pinnacle,h2h,Draw,draw,draw,,3.94,2026-08-23T14:04:51Z
2026-08-23T14:05:22Z,4290b7b558285b2ec3a5ed42feca310d,西甲,2026-08-23T15:00:00Z,Atlético Madrid,Villarreal,pinnacle,spreads,Atlético Madrid,home,home@-0.75,-0.75,2.02,2026-08-23T14:04:51Z
2026-08-23T14:05:22Z,4290b7b558285b2ec3a5ed42feca310d,西甲,2026-08-23T15:00:00Z,Atlético Madrid,Villarreal,pinnacle,spreads,Villarreal,away,away@0.75,0.75,1.91,2026-08-23T14:04:51Z
2026-08-23T14:05:22Z,4290b7b558285b2ec3a5ed42feca310d,西甲,2026-08-23T15:00:00Z,Atlético Madrid,Villarreal,pinnacle,totals,Over,over,over@2.75,2.75,1.87,2026-08-23T14:04:51Z
2026-08-23T14:05:22Z,4290b7b558285b2ec3a5ed42feca310d,西甲,2026-08-23T15:00:00Z,Atlético Madrid,Villarreal,pinnacle,totals,Under,under,under@2.75,2.75,2.04,2026-08-23T14:04:51Z
2026-08-23T14:05:22Z,4290b7b558285b2ec3a5ed42feca310d,西甲,2026-08-23T15:00:00Z,Atlético Madrid,Villarreal,unibet_nl,h2h,Atlético Madrid,home,home,,1.78,2026-08-23T14:04:28Z
2026-08-23T14:05:22Z,4290b7b558285b2ec3a5ed42feca310d,西甲,2026-08-23T15:00:00Z,Atlético Madrid,Villarreal,unibet_nl,h2h,Villarreal,away,away,,4.6,2026-08-23T14:04:28Z
2026-08-23T14:05:22Z,4290b7b558285b2ec3a5ed42feca310d,西甲,2026-08-23T15:00:00Z,Atlético Madrid,Villarreal,unibet_nl,h2h,Draw,draw,draw,,4.0,2026-08-23T14:04:28Z
2026-08-23T14:05:22Z,4290b7b558285b2ec3a5ed42feca310d,西甲,2026-08-23T15:00:00Z,Atlético Madrid,Villarreal,unibet_nl,totals,Over,over,over@2.5,2.5,1.7,2026-08-23T14:04:28Z
2026-08-23T14:05:22Z,4290b7b558285b2ec3a5ed42feca310d,西甲,2026-08-23T15:00:00Z,Atlético Madrid,Villarreal,unibet_nl,totals,Under,under,under@2.5,2.5,2.12,2026-08-23T14:04:28Z
2026-08-23T14:05:22Z,4290b7b558285b2ec3a5ed42feca310d,西甲,2026-08-23T15:00:00Z,Atlético Madrid,Villarreal,unibet_se,h2h,Atlético Madrid,home,home,,1.8,2026-08-23T14:04:29Z
2026-08-23T14:05:22Z,4290b7b558285b2ec3a5ed42feca310d,西甲,2026-08-23T15:00:00Z,Atlético Madrid,Villarreal,unibet_se,h2h,Villarreal,away,away,,4.6,2026-08-23T14:04:29Z
2026-08-23T14:05:22Z,4290b7b558285b2ec3a5ed42feca310d,西甲,2026-08-23T15:00:00Z,Atlético Madrid,Villarreal,unibet_se,h2h,Draw,draw,draw,,4.0,2026-08-23T14:04:29Z
2026-08-23T14:05:22Z,4290b7b558285b2ec3a5ed42feca310d,西甲,2026-08-23T15:00:00Z,Atlético Madrid,Villarreal,unibet_se,totals,Over,over,over@2.5,2.5,1.71,2026-08-23T14:04:29Z
2026-08-23T14:05:22Z,4290b7b558285b2ec3a5ed42feca310d,西甲,2026-08-23T15:00:00Z,Atlético Madrid,Villarreal,unibet_se,totals,Under,under,under@2.5,2.5,2.14,2026-08-23T14:04:29Z
2026-08-23T14:05:22Z,4290b7b558285b2ec3a5ed42feca310d,西甲,2026-08-23T15:00:00Z,Atlético Madrid,Villarreal,grosvenor,h2h,Atlético Madrid,home,home,,1.78,2026-08-23T14:04:51Z
2026-08-23T14:05:22Z,4290b7b558285b2ec3a5ed42feca310d,西甲,2026-08-23T15:00:00Z,Atlético Madrid,Villarreal,grosvenor,h2h,Villarreal,away,away,,4.5,2026-08-23T14:04:51Z
2026-08-23T14:05:22Z,4290b7b558285b2ec3a5ed42feca310d,西甲,2026-08-23T15:00:00Z,Atlético Madrid,Villarreal,grosvenor,h2h,Draw,draw,draw,,3.9,2026-08-23T14:04:51Z
2026-08-23T14:05:22Z,4290b7b558285b2ec3a5ed42feca310d,西甲,2026-08-23T15:00:00Z,Atlético Madrid,Villarreal,grosvenor,totals,Over,over,over@2.5,2.5,1.7,2026-08-23T14:04:51Z
2026-08-23T14:05:22Z,4290b7b558285b2ec3a5ed42feca310d,西甲,2026-08-23T15:00:00Z,Atlético Madrid,Villarreal,grosvenor,totals,Under,under,under@2.5,2.5,2.12,2026-08-23T14:04:51Z
2026-08-23T14:05:22Z,4290b7b558285b2ec3a5ed42feca310d,西甲,2026-08-23T15:00:00Z,Atlético Madrid,Villarreal,pmu_fr,h2h,Atlético Madrid,home,home,,1.74,2026-08-23T14:04:51Z
2026-08-23T14:05:22Z,4290b7b558285b2ec3a5ed42feca310d,西甲,2026-08-23T15:00:00Z,Atlético Madrid,Villarreal,pmu_fr,h2h,Villarreal,away,away,,4.3,2026-08-23T14:04:51Z
2026-08-23T14:05:22Z,4290b7b558285b2ec3a5ed42feca310d,西甲,2026-08-23T15:00:00Z,Atlético Madrid,Villarreal,pmu_fr,h2h,Draw,draw,draw,,3.75,2026-08-23T14:04:51Z
2026-08-23T14:05:22Z,4290b7b558285b2ec3a5ed42feca310d,西甲,2026-08-23T15:00:00Z,Atlético Madrid,Villarreal,pmu_fr,totals,Over,over,over@2.5,2.5,1.6,2026-08-23T14:04:51Z
2026-08-23T14:05:22Z,4290b7b558285b2ec3a5ed42feca310d,西甲,2026-08-23T15:00:00Z,Atlético Madrid,Villarreal,pmu_fr,totals,Under,under,under@2.5,2.5,2.0,2026-08-23T14:04:51Z
2026-08-23T14:05:22Z,4290b7b558285b2ec3a5ed42feca310d,西甲,2026-08-23T15:00:00Z,Atlético Madrid,Villarreal,casumo,h2h,Atlético Madrid,home,home,,1.76,2026-08-23T14:04:51Z
2026-08-23T14:05:22Z,4290b7b558285b2ec3a5ed42feca310d,西甲,2026-08-23T15:00:00Z,Atlético Madrid,Villarreal,casumo,h2h,Villarreal,away,away,,4.4,2026-08-23T14:04:51Z
2026-08-23T14:05:22Z,4290b7b558285b2ec3a5ed42feca310d,西甲,2026-08-23T15:00:00Z,Atlético Madrid,Villarreal,casumo,h2h,Draw,draw,draw,,3.85,2026-08-23T14:04:51Z
2026-08-23T14:05:22Z,4290b7b558285b2ec3a5ed42feca310d,西甲,2026-08-23T15:00:00Z,Atlético Madrid,Villarreal,casumo,totals,Over,over,over@2.5,2.5,1.7,2026-08-23T14:04:51Z
2026-08-23T14:05:22Z,4290b7b558285b2ec3a5ed42feca310d,西甲,2026-08-23T15:00:00Z,Atlético Madrid,Villarreal,casumo,totals,Under,under,under@2.5,2.5,2.12,2026-08-23T14:04:51Z
2026-08-23T14:05:22Z,4290b7b558285b2ec3a5ed42feca310d,西甲,2026-08-23T15:00:00Z,Atlético Madrid,Villarreal,virginbet,h2h,Atlético Madrid,home,home,,1.74,2026-08-23T14:04:29Z
2026-08-23T14:05:22Z,4290b7b558285b2ec3a5ed42feca310d,西甲,2026-08-23T15:00:00Z,Atlético Madrid,Villarreal,virginbet,h2h,Villarreal,away,away,,4.2,2026-08-23T14:04:29Z
2026-08-23T14:05:22Z,4290b7b558285b2ec3a5ed42feca310d,西甲,2026-08-23T15:00:00Z,Atlético Madrid,Villarreal,virginbet,h2h,Draw,draw,draw,,3.7,2026-08-23T14:04:29Z
2026-08-23T14:05:22Z,4290b7b558285b2ec3a5ed42feca310d,西甲,2026-08-23T15:00:00Z,Atlético Madrid,Villarreal,leovegas_se,h2h,Atlético Madrid,home,home,,1.73,2026-08-23T14:04:29Z
2026-08-23T14:05:22Z,4290b7b558285b2ec3a5ed42feca310d,西甲,2026-08-23T15:00:00Z,Atlético Madrid,Villarreal,leovegas_se,h2h,Villarreal,away,away,,4.2,2026-08-23T14:04:29Z
2026-08-23T14:05:22Z,4290b7b558285b2ec3a5ed42feca310d,西甲,2026-08-23T15:00:00Z,Atlético Madrid,Villarreal,leovegas_se,h2h,Draw,draw,draw,,3.7,2026-08-23T14:04:29Z
2026-08-23T14:05:22Z,4290b7b558285b2ec3a5ed42feca310d,西甲,2026-08-23T15:00:00Z,Atlético Madrid,Villarreal,leovegas_se,totals,Over,over,over@2.5,2.5,1.7,2026-08-23T14:04:29Z
2026-08-23T14:05:22Z,4290b7b558285b2ec3a5ed42feca310d,西甲,2026-08-23T15:00:00Z,Atlético Madrid,Villarreal,leovegas_se,totals,Under,under,under@2.5,2.5,2.12,2026-08-23T14:04:29Z
2026-08-23T14:05:22Z,4290b7b558285b2ec3a5ed42feca310d,西甲,2026-08-23T15:00:00Z,Atlético Madrid,Villarreal,livescorebet,h2h,Atlético Madrid,home,home,,1.74,2026-08-23T14:04:29Z
2026-08-23T14:05:22Z,4290b7b558285b2ec3a5ed42feca310d,西甲,2026-08-23T15:00:00Z,Atlético Madrid,Villarreal,livescorebet,h2h,Villarreal,away,away,,4.2,2026-08-23T14:04:29Z
2026-08-23T14:05:22Z,4290b7b558285b2ec3a5ed42feca310d,西甲,2026-08-23T15:00:00Z,Atlético Madrid,Villarreal,livescorebet,h2h,Draw,draw,draw,,3.7,2026-08-23T14:04:29Z
2026-08-23T14:05:22Z,4290b7b558285b2ec3a5ed42feca310d,西甲,2026-08-23T15:00:00Z,Atlético Madrid,Villarreal,marathonbet,h2h,Atlético Madrid,home,home,,1.79,2026-08-23T14:04:28Z
2026-08-23T14:05:22Z,4290b7b558285b2ec3a5ed42feca310d,西甲,2026-08-23T15:00:00Z,Atlético Madrid,Villarreal,marathonbet,h2h,Villarreal,away,away,,4.55,2026-08-23T14:04:28Z
2026-08-23T14:05:22Z,4290b7b558285b2ec3a5ed42feca310d,西甲,2026-08-23T15:00:00Z,Atlético Madrid,Villarreal,marathonbet,h2h,Draw,draw,draw,,3.94,2026-08-23T14:04:28Z
2026-08-23T14:05:22Z,4290b7b558285b2ec3a5ed42feca310d,西甲,2026-08-23T15:00:00Z,Atlético Madrid,Villarreal,matchbook,h2h,Atlético Madrid,home,home,,1.84,2026-08-23T14:04:51Z
2026-08-23T14:05:22Z,4290b7b558285b2ec3a5ed42feca310d,西甲,2026-08-23T15:00:00Z,Atlético Madrid,Villarreal,matchbook,h2h,Villarreal,away,away,,4.8,2026-08-23T14:04:51Z
2026-08-23T14:05:22Z,4290b7b558285b2ec3a5ed42feca310d,西甲,2026-08-23T15:00:00Z,Atlético Madrid,Villarreal,matchbook,h2h,Draw,draw,draw,,4.0,2026-08-23T14:04:51Z
2026-08-23T14:05:22Z,4290b7b558285b2ec3a5ed42feca310d,西甲,2026-08-23T15:00:00Z,Atlético Madrid,Villarreal,matchbook,spreads,Atlético Madrid,home,home@-0.75,-0.75,2.04,2026-08-23T14:04:51Z
2026-08-23T14:05:22Z,4290b7b558285b2ec3a5ed42feca310d,西甲,2026-08-23T15:00:00Z,Atlético Madrid,Villarreal,matchbook,spreads,Villarreal,away,away@0.75,0.75,1.92,2026-08-23T14:04:51Z
2026-08-23T14:05:22Z,4290b7b558285b2ec3a5ed42feca310d,西甲,2026-08-23T15:00:00Z,Atlético Madrid,Villarreal,betfair_sb_uk,h2h,Atlético Madrid,home,home,,1.73,2026-08-23T14:04:29Z
2026-08-23T14:05:22Z,4290b7b558285b2ec3a5ed42feca310d,西甲,2026-08-23T15:00:00Z,Atlético Madrid,Villarreal,betfair_sb_uk,h2h,Villarreal,away,away,,4.5,2026-08-23T14:04:29Z
2026-08-23T14:05:22Z,4290b7b558285b2ec3a5ed42feca310d,西甲,2026-08-23T15:00:00Z,Atlético Madrid,Villarreal,betfair_sb_uk,h2h,Draw,draw,draw,,3.75,2026-08-23T14:04:29Z
2026-08-23T14:05:22Z,4290b7b558285b2ec3a5ed42feca310d,西甲,2026-08-23T15:00:00Z,Atlético Madrid,Villarreal,betonlineag,h2h,Atlético Madrid,home,home,,1.76,2026-08-23T14:04:29Z
2026-08-23T14:05:22Z,4290b7b558285b2ec3a5ed42feca310d,西甲,2026-08-23T15:00:00Z,Atlético Madrid,Villarreal,betonlineag,h2h,Villarreal,away,away,,4.68,2026-08-23T14:04:29Z
2026-08-23T14:05:22Z,4290b7b558285b2ec3a5ed42feca310d,西甲,2026-08-23T15:00:00Z,Atlético Madrid,Villarreal,betonlineag,h2h,Draw,draw,draw,,3.94,2026-08-23T14:04:29Z
2026-08-23T14:05:22Z,4290b7b558285b2ec3a5ed42feca310d,西甲,2026-08-23T15:00:00Z,Atlético Madrid,Villarreal,betonlineag,spreads,Atlético Madrid,home,home@-0.5,-0.5,1.76,2026-08-23T14:04:29Z
2026-08-23T14:05:22Z,4290b7b558285b2ec3a5ed42feca310d,西甲,2026-08-23T15:00:00Z,Atlético Madrid,Villarreal,betonlineag,spreads,Villarreal,away,away@0.5,0.5,2.11,2026-08-23T14:04:29Z
2026-08-23T14:05:22Z,4290b7b558285b2ec3a5ed42feca310d,西甲,2026-08-23T15:00:00Z,Atlético Madrid,Villarreal,betonlineag,totals,Over,over,over@3.0,3.0,2.18,2026-08-23T14:04:29Z
2026-08-23T14:05:22Z,4290b7b558285b2ec3a5ed42feca310d,西甲,2026-08-23T15:00:00Z,Atlético Madrid,Villarreal,betonlineag,totals,Under,under,under@3.0,3.0,1.72,2026-08-23T14:04:29Z
2026-08-23T14:05:22Z,4290b7b558285b2ec3a5ed42feca310d,西甲,2026-08-23T15:00:00Z,Atlético Madrid,Villarreal,everygame,h2h,Atlético Madrid,home,home,,1.75,2026-08-23T14:04:41Z
2026-08-23T14:05:22Z,4290b7b558285b2ec3a5ed42feca310d,西甲,2026-08-23T15:00:00Z,Atlético Madrid,Villarreal,everygame,h2h,Villarreal,away,away,,4.5,2026-08-23T14:04:41Z
2026-08-23T14:05:22Z,4290b7b558285b2ec3a5ed42feca310d,西甲,2026-08-23T15:00:00Z,Atlético Madrid,Villarreal,everygame,h2h,Draw,draw,draw,,3.75,2026-08-23T14:04:41Z
2026-08-23T14:05:22Z,4290b7b558285b2ec3a5ed42feca310d,西甲,2026-08-23T15:00:00Z,Atlético Madrid,Villarreal,betano_uk,h2h,Atlético Madrid,home,home,,1.75,2026-08-23T14:03:57Z
2026-08-23T14:05:22Z,4290b7b558285b2ec3a5ed42feca310d,西甲,2026-08-23T15:00:00Z,Atlético Madrid,Villarreal,betano_uk,h2h,Villarreal,away,away,,4.6,2026-08-23T14:03:57Z
2026-08-23T14:05:22Z,4290b7b558285b2ec3a5ed42feca310d,西甲,2026-08-23T15:00:00Z,Atlético Madrid,Villarreal,betano_uk,h2h,Draw,draw,draw,,3.75,2026-08-23T14:03:57Z
2026-08-23T14:05:22Z,4290b7b558285b2ec3a5ed42feca310d,西甲,2026-08-23T15:00:00Z,Atlético Madrid,Villarreal,betvictor,h2h,Atlético Madrid,home,home,,1.75,2026-08-23T14:04:45Z
2026-08-23T14:05:22Z,4290b7b558285b2ec3a5ed42feca310d,西甲,2026-08-23T15:00:00Z,Atlético Madrid,Villarreal,betvictor,h2h,Villarreal,away,away,,4.6,2026-08-23T14:04:45Z
2026-08-23T14:05:22Z,4290b7b558285b2ec3a5ed42feca310d,西甲,2026-08-23T15:00:00Z,Atlético Madrid,Villarreal,betvictor,h2h,Draw,draw,draw,,3.75,2026-08-23T14:04:45Z
2026-08-23T14:05:22Z,38b23d1127eb086d775f97b935bbf992,法甲,2026-08-23T15:15:00Z,Le Havre,AS Monaco,winamax_fr,h2h,AS Monaco,away,away,,1.92,2026-08-23T14:04:52Z
2026-08-23T14:05:22Z,38b23d1127eb086d775f97b935bbf992,法甲,2026-08-23T15:15:00Z,Le Havre,AS Monaco,winamax_fr,h2h,Le Havre,home,home,,3.65,2026-08-23T14:04:52Z
2026-08-23T14:05:22Z,38b23d1127eb086d775f97b935bbf992,法甲,2026-08-23T15:15:00Z,Le Havre,AS Monaco,winamax_fr,h2h,Draw,draw,draw,,3.7,2026-08-23T14:04:52Z
2026-08-23T14:05:22Z,38b23d1127eb086d775f97b935bbf992,法甲,2026-08-23T15:15:00Z,Le Havre,AS Monaco,winamax_de,h2h,AS Monaco,away,away,,1.92,2026-08-23T14:04:28Z
2026-08-23T14:05:22Z,38b23d1127eb086d775f97b935bbf992,法甲,2026-08-23T15:15:00Z,Le Havre,AS Monaco,winamax_de,h2h,Le Havre,home,home,,3.65,2026-08-23T14:04:28Z
2026-08-23T14:05:22Z,38b23d1127eb086d775f97b935bbf992,法甲,2026-08-23T15:15:00Z,Le Havre,AS Monaco,winamax_de,h2h,Draw,draw,draw,,3.7,2026-08-23T14:04:28Z
2026-08-23T14:05:22Z,38b23d1127eb086d775f97b935bbf992,法甲,2026-08-23T15:15:00Z,Le Havre,AS Monaco,skybet,h2h,AS Monaco,away,away,,1.95,2026-08-23T14:04:51Z
2026-08-23T14:05:22Z,38b23d1127eb086d775f97b935bbf992,法甲,2026-08-23T15:15:00Z,Le Havre,AS Monaco,skybet,h2h,Le Havre,home,home,,3.6,2026-08-23T14:04:51Z
2026-08-23T14:05:22Z,38b23d1127eb086d775f97b935bbf992,法甲,2026-08-23T15:15:00Z,Le Havre,AS Monaco,skybet,h2h,Draw,draw,draw,,3.6,2026-08-23T14:04:51Z
2026-08-23T14:05:22Z,38b23d1127eb086d775f97b935bbf992,法甲,2026-08-23T15:15:00Z,Le Havre,AS Monaco,unibet_uk,h2h,AS Monaco,away,away,,1.98,2026-08-23T14:04:29Z
2026-08-23T14:05:22Z,38b23d1127eb086d775f97b935bbf992,法甲,2026-08-23T15:15:00Z,Le Havre,AS Monaco,unibet_uk,h2h,Le Havre,home,home,,3.6,2026-08-23T14:04:29Z
2026-08-23T14:05:22Z,38b23d1127eb086d775f97b935bbf992,法甲,2026-08-23T15:15:00Z,Le Havre,AS Monaco,unibet_uk,h2h,Draw,draw,draw,,3.6,2026-08-23T14:04:29Z
2026-08-23T14:05:22Z,38b23d1127eb086d775f97b935bbf992,法甲,2026-08-23T15:15:00Z,Le Havre,AS Monaco,onexbet,h2h,AS Monaco,away,away,,2.01,2026-08-23T14:04:27Z
2026-08-23T14:05:22Z,38b23d1127eb086d775f97b935bbf992,法甲,2026-08-23T15:15:00Z,Le Havre,AS Monaco,onexbet,h2h,Le Havre,home,home,,3.84,2026-08-23T14:04:27Z
2026-08-23T14:05:22Z,38b23d1127eb086d775f97b935bbf992,法甲,2026-08-23T15:15:00Z,Le Havre,AS Monaco,onexbet,h2h,Draw,draw,draw,,3.88,2026-08-23T14:04:27Z
2026-08-23T14:05:22Z,38b23d1127eb086d775f97b935bbf992,法甲,2026-08-23T15:15:00Z,Le Havre,AS Monaco,onexbet,spreads,AS Monaco,away,away@0.0,0.0,1.52,2026-08-23T14:04:27Z
2026-08-23T14:05:22Z,38b23d1127eb086d775f97b935bbf992,法甲,2026-08-23T15:15:00Z,Le Havre,AS Monaco,onexbet,spreads,Le Havre,home,home@0.0,0.0,2.79,2026-08-23T14:04:27Z
2026-08-23T14:05:22Z,38b23d1127eb086d775f97b935bbf992,法甲,2026-08-23T15:15:00Z,Le Havre,AS Monaco,onexbet,totals,Over,over,over@2.5,2.5,1.84,2026-08-23T14:04:27Z
2026-08-23T14:05:22Z,38b23d1127eb086d775f97b935bbf992,法甲,2026-08-23T15:15:00Z,Le Havre,AS Monaco,onexbet,totals,Under,under,under@2.5,2.5,2.12,2026-08-23T14:04:27Z
2026-08-23T14:05:22Z,38b23d1127eb086d775f97b935bbf992,法甲,2026-08-23T15:15:00Z,Le Havre,AS Monaco,codere_it,h2h,AS Monaco,away,away,,1.99,2026-08-23T14:04:51Z
2026-08-23T14:05:22Z,38b23d1127eb086d775f97b935bbf992,法甲,2026-08-23T15:15:00Z,Le Havre,AS Monaco,codere_it,h2h,Le Havre,home,home,,3.65,2026-08-23T14:04:51Z
2026-08-23T14:05:22Z,38b23d1127eb086d775f97b935bbf992,法甲,2026-08-23T15:15:00Z,Le Havre,AS Monaco,codere_it,h2h,Draw,draw,draw,,3.65,2026-08-23T14:04:51Z
2026-08-23T14:05:22Z,38b23d1127eb086d775f97b935bbf992,法甲,2026-08-23T15:15:00Z,Le Havre,AS Monaco,codere_it,totals,Over,over,over@2.5,2.5,1.71,2026-08-23T14:04:51Z
2026-08-23T14:05:22Z,38b23d1127eb086d775f97b935bbf992,法甲,2026-08-23T15:15:00Z,Le Havre,AS Monaco,codere_it,totals,Under,under,under@2.5,2.5,1.98,2026-08-23T14:04:51Z
2026-08-23T14:05:22Z,38b23d1127eb086d775f97b935bbf992,法甲,2026-08-23T15:15:00Z,Le Havre,AS Monaco,betfred_uk,h2h,AS Monaco,away,away,,1.95,2026-08-23T14:04:27Z
2026-08-23T14:05:22Z,38b23d1127eb086d775f97b935bbf992,法甲,2026-08-23T15:15:00Z,Le Havre,AS Monaco,betfred_uk,h2h,Le Havre,home,home,,3.6,2026-08-23T14:04:27Z
2026-08-23T14:05:22Z,38b23d1127eb086d775f97b935bbf992,法甲,2026-08-23T15:15:00Z,Le Havre,AS Monaco,betfred_uk,h2h,Draw,draw,draw,,3.75,2026-08-23T14:04:27Z
2026-08-23T14:05:22Z,38b23d1127eb086d775f97b935bbf992,法甲,2026-08-23T15:15:00Z,Le Havre,AS Monaco,paddypower,h2h,AS Monaco,away,away,,1.95,2026-08-23T14:04:26Z
2026-08-23T14:05:22Z,38b23d1127eb086d775f97b935bbf992,法甲,2026-08-23T15:15:00Z,Le Havre,AS Monaco,paddypower,h2h,Le Havre,home,home,,3.6,2026-08-23T14:04:26Z
2026-08-23T14:05:22Z,38b23d1127eb086d775f97b935bbf992,法甲,2026-08-23T15:15:00Z,Le Havre,AS Monaco,paddypower,h2h,Draw,draw,draw,,3.5,2026-08-23T14:04:26Z
2026-08-23T14:05:22Z,38b23d1127eb086d775f97b935bbf992,法甲,2026-08-23T15:15:00Z,Le Havre,AS Monaco,unibet_fr,h2h,AS Monaco,away,away,,1.9,2026-08-23T14:04:50Z
2026-08-23T14:05:22Z,38b23d1127eb086d775f97b935bbf992,法甲,2026-08-23T15:15:00Z,Le Havre,AS Monaco,unibet_fr,h2h,Le Havre,home,home,,3.8,2026-08-23T14:04:50Z
2026-08-23T14:05:22Z,38b23d1127eb086d775f97b935bbf992,法甲,2026-08-23T15:15:00Z,Le Havre,AS Monaco,unibet_fr,h2h,Draw,draw,draw,,3.7,2026-08-23T14:04:50Z
2026-08-23T14:05:22Z,38b23d1127eb086d775f97b935bbf992,法甲,2026-08-23T15:15:00Z,Le Havre,AS Monaco,betclic_fr,h2h,AS Monaco,away,away,,1.95,2026-08-23T14:04:19Z
2026-08-23T14:05:22Z,38b23d1127eb086d775f97b935bbf992,法甲,2026-08-23T15:15:00Z,Le Havre,AS Monaco,betclic_fr,h2h,Le Havre,home,home,,3.78,2026-08-23T14:04:19Z
2026-08-23T14:05:22Z,38b23d1127eb086d775f97b935bbf992,法甲,2026-08-23T15:15:00Z,Le Havre,AS Monaco,betclic_fr,h2h,Draw,draw,draw,,3.68,2026-08-23T14:04:19Z
2026-08-23T14:05:22Z,38b23d1127eb086d775f97b935bbf992,法甲,2026-08-23T15:15:00Z,Le Havre,AS Monaco,betvictor,h2h,AS Monaco,away,away,,2.0,2026-08-23T14:03:35Z
2026-08-23T14:05:22Z,38b23d1127eb086d775f97b935bbf992,法甲,2026-08-23T15:15:00Z,Le Havre,AS Monaco,betvictor,h2h,Le Havre,home,home,,3.6,2026-08-23T14:03:35Z
2026-08-23T14:05:22Z,38b23d1127eb086d775f97b935bbf992,法甲,2026-08-23T15:15:00Z,Le Havre,AS Monaco,betvictor,h2h,Draw,draw,draw,,3.6,2026-08-23T14:03:35Z
2026-08-23T14:05:22Z,38b23d1127eb086d775f97b935bbf992,法甲,2026-08-23T15:15:00Z,Le Havre,AS Monaco,leovegas,h2h,AS Monaco,away,away,,1.98,2026-08-23T14:04:28Z
2026-08-23T14:05:22Z,38b23d1127eb086d775f97b935bbf992,法甲,2026-08-23T15:15:00Z,Le Havre,AS Monaco,leovegas,h2h,Le Havre,home,home,,3.6,2026-08-23T14:04:28Z
2026-08-23T14:05:22Z,38b23d1127eb086d775f97b935bbf992,法甲,2026-08-23T15:15:00Z,Le Havre,AS Monaco,leovegas,h2h,Draw,draw,draw,,3.6,2026-08-23T14:04:28Z
2026-08-23T14:05:22Z,38b23d1127eb086d775f97b935bbf992,法甲,2026-08-23T15:15:00Z,Le Havre,AS Monaco,leovegas,totals,Over,over,over@2.5,2.5,1.7,2026-08-23T14:04:28Z
2026-08-23T14:05:22Z,38b23d1127eb086d775f97b935bbf992,法甲,2026-08-23T15:15:00Z,Le Havre,AS Monaco,leovegas,totals,Under,under,under@2.5,2.5,2.05,2026-08-23T14:04:28Z
2026-08-23T14:05:22Z,38b23d1127eb086d775f97b935bbf992,法甲,2026-08-23T15:15:00Z,Le Havre,AS Monaco,tipico_de,h2h,AS Monaco,away,away,,1.95,2026-08-23T14:04:50Z
2026-08-23T14:05:22Z,38b23d1127eb086d775f97b935bbf992,法甲,2026-08-23T15:15:00Z,Le Havre,AS Monaco,tipico_de,h2h,Le Havre,home,home,,3.7,2026-08-23T14:04:50Z
2026-08-23T14:05:22Z,38b23d1127eb086d775f97b935bbf992,法甲,2026-08-23T15:15:00Z,Le Havre,AS Monaco,tipico_de,h2h,Draw,draw,draw,,3.5,2026-08-23T14:04:50Z
2026-08-23T14:05:22Z,38b23d1127eb086d775f97b935bbf992,法甲,2026-08-23T15:15:00Z,Le Havre,AS Monaco,tipico_de,totals,Over,over,over@2.5,2.5,1.7,2026-08-23T14:04:50Z
2026-08-23T14:05:22Z,38b23d1127eb086d775f97b935bbf992,法甲,2026-08-23T15:15:00Z,Le Havre,AS Monaco,tipico_de,totals,Under,under,under@2.5,2.5,2.1,2026-08-23T14:04:50Z
2026-08-23T14:05:22Z,38b23d1127eb086d775f97b935bbf992,法甲,2026-08-23T15:15:00Z,Le Havre,AS Monaco,coolbet,h2h,AS Monaco,away,away,,1.98,2026-08-23T14:04:51Z
2026-08-23T14:05:22Z,38b23d1127eb086d775f97b935bbf992,法甲,2026-08-23T15:15:00Z,Le Havre,AS Monaco,coolbet,h2h,Le Havre,home,home,,3.8,2026-08-23T14:04:51Z
2026-08-23T14:05:22Z,38b23d1127eb086d775f97b935bbf992,法甲,2026-08-23T15:15:00Z,Le Havre,AS Monaco,coolbet,h2h,Draw,draw,draw,,3.8,2026-08-23T14:04:51Z
2026-08-23T14:05:22Z,38b23d1127eb086d775f97b935bbf992,法甲,2026-08-23T15:15:00Z,Le Havre,AS Monaco,coolbet,spreads,AS Monaco,away,away@-1.0,-1.0,2.8,2026-08-23T14:04:51Z
2026-08-23T14:05:22Z,38b23d1127eb086d775f97b935bbf992,法甲,2026-08-23T15:15:00Z,Le Havre,AS Monaco,coolbet,spreads,Le Havre,home,home@1.0,1.0,1.49,2026-08-23T14:04:51Z
2026-08-23T14:05:22Z,38b23d1127eb086d775f97b935bbf992,法甲,2026-08-23T15:15:00Z,Le Havre,AS Monaco,coolbet,totals,Over,over,over@2.5,2.5,1.75,2026-08-23T14:04:51Z
2026-08-23T14:05:22Z,38b23d1127eb086d775f97b935bbf992,法甲,2026-08-23T15:15:00Z,Le Havre,AS Monaco,coolbet,totals,Under,under,under@2.5,2.5,2.18,2026-08-23T14:04:51Z
2026-08-23T14:05:22Z,38b23d1127eb086d775f97b935bbf992,法甲,2026-08-23T15:15:00Z,Le Havre,AS Monaco,betfair_ex_uk,h2h,AS Monaco,away,away,,2.08,2026-08-23T14:04:50Z
2026-08-23T14:05:22Z,38b23d1127eb086d775f97b935bbf992,法甲,2026-08-23T15:15:00Z,Le Havre,AS Monaco,betfair_ex_uk,h2h,Le Havre,home,home,,3.85,2026-08-23T14:04:50Z
2026-08-23T14:05:22Z,38b23d1127eb086d775f97b935bbf992,法甲,2026-08-23T15:15:00Z,Le Havre,AS Monaco,betfair_ex_uk,h2h,Draw,draw,draw,,3.7,2026-08-23T14:04:50Z
2026-08-23T14:05:22Z,38b23d1127eb086d775f97b935bbf992,法甲,2026-08-23T15:15:00Z,Le Havre,AS Monaco,betfair_ex_eu,h2h,AS Monaco,away,away,,2.08,2026-08-23T14:04:51Z
2026-08-23T14:05:22Z,38b23d1127eb086d775f97b935bbf992,法甲,2026-08-23T15:15:00Z,Le Havre,AS Monaco,betfair_ex_eu,h2h,Le Havre,home,home,,3.85,2026-08-23T14:04:51Z
2026-08-23T14:05:22Z,38b23d1127eb086d775f97b935bbf992,法甲,2026-08-23T15:15:00Z,Le Havre,AS Monaco,betfair_ex_eu,h2h,Draw,draw,draw,,3.75,2026-08-23T14:04:51Z
2026-08-23T14:05:22Z,38b23d1127eb086d775f97b935bbf992,法甲,2026-08-23T15:15:00Z,Le Havre,AS Monaco,pinnacle,h2h,AS Monaco,away,away,,2.05,2026-08-23T14:04:50Z
2026-08-23T14:05:22Z,38b23d1127eb086d775f97b935bbf992,法甲,2026-08-23T15:15:00Z,Le Havre,AS Monaco,pinnacle,h2h,Le Havre,home,home,,3.76,2026-08-23T14:04:50Z
2026-08-23T14:05:22Z,38b23d1127eb086d775f97b935bbf992,法甲,2026-08-23T15:15:00Z,Le Havre,AS Monaco,pinnacle,h2h,Draw,draw,draw,,3.63,2026-08-23T14:04:50Z
2026-08-23T14:05:22Z,38b23d1127eb086d775f97b935bbf992,法甲,2026-08-23T15:15:00Z,Le Havre,AS Monaco,pinnacle,spreads,AS Monaco,away,away@-0.5,-0.5,2.06,2026-08-23T14:04:50Z
2026-08-23T14:05:22Z,38b23d1127eb086d775f97b935bbf992,法甲,2026-08-23T15:15:00Z,Le Havre,AS Monaco,pinnacle,spreads,Le Havre,home,home@0.5,0.5,1.87,2026-08-23T14:04:50Z
2026-08-23T14:05:22Z,38b23d1127eb086d775f97b935bbf992,法甲,2026-08-23T15:15:00Z,Le Havre,AS Monaco,pinnacle,totals,Over,over,over@2.75,2.75,2.04,2026-08-23T14:04:50Z
2026-08-23T14:05:22Z,38b23d1127eb086d775f97b935bbf992,法甲,2026-08-23T15:15:00Z,Le Havre,AS Monaco,pinnacle,totals,Under,under,under@2.75,2.75,1.88,2026-08-23T14:04:50Z
2026-08-23T14:05:22Z,38b23d1127eb086d775f97b935bbf992,法甲,2026-08-23T15:15:00Z,Le Havre,AS Monaco,coral,h2h,AS Monaco,away,away,,2.0,2026-08-23T14:04:27Z
2026-08-23T14:05:22Z,38b23d1127eb086d775f97b935bbf992,法甲,2026-08-23T15:15:00Z,Le Havre,AS Monaco,coral,h2h,Le Havre,home,home,,3.6,2026-08-23T14:04:27Z
2026-08-23T14:05:22Z,38b23d1127eb086d775f97b935bbf992,法甲,2026-08-23T15:15:00Z,Le Havre,AS Monaco,coral,h2h,Draw,draw,draw,,3.6,2026-08-23T14:04:27Z
2026-08-23T14:05:22Z,38b23d1127eb086d775f97b935bbf992,法甲,2026-08-23T15:15:00Z,Le Havre,AS Monaco,ladbrokes_uk,h2h,AS Monaco,away,away,,1.95,2026-08-23T14:04:27Z
2026-08-23T14:05:22Z,38b23d1127eb086d775f97b935bbf992,法甲,2026-08-23T15:15:00Z,Le Havre,AS Monaco,ladbrokes_uk,h2h,Le Havre,home,home,,3.6,2026-08-23T14:04:27Z
2026-08-23T14:05:22Z,38b23d1127eb086d775f97b935bbf992,法甲,2026-08-23T15:15:00Z,Le Havre,AS Monaco,ladbrokes_uk,h2h,Draw,draw,draw,,3.6,2026-08-23T14:04:27Z
2026-08-23T14:05:22Z,38b23d1127eb086d775f97b935bbf992,法甲,2026-08-23T15:15:00Z,Le Havre,AS Monaco,smarkets,h2h,AS Monaco,away,away,,2.08,2026-08-23T14:04:50Z
2026-08-23T14:05:22Z,38b23d1127eb086d775f97b935bbf992,法甲,2026-08-23T15:15:00Z,Le Havre,AS Monaco,smarkets,h2h,Le Havre,home,home,,3.8,2026-08-23T14:04:50Z
2026-08-23T14:05:22Z,38b23d1127eb086d775f97b935bbf992,法甲,2026-08-23T15:15:00Z,Le Havre,AS Monaco,smarkets,h2h,Draw,draw,draw,,3.65,2026-08-23T14:04:50Z
2026-08-23T14:05:22Z,38b23d1127eb086d775f97b935bbf992,法甲,2026-08-23T15:15:00Z,Le Havre,AS Monaco,betfair_sb_uk,h2h,AS Monaco,away,away,,1.95,2026-08-23T14:04:27Z
2026-08-23T14:05:22Z,38b23d1127eb086d775f97b935bbf992,法甲,2026-08-23T15:15:00Z,Le Havre,AS Monaco,betfair_sb_uk,h2h,Le Havre,home,home,,3.6,2026-08-23T14:04:27Z
2026-08-23T14:05:22Z,38b23d1127eb086d775f97b935bbf992,法甲,2026-08-23T15:15:00Z,Le Havre,AS Monaco,betfair_sb_uk,h2h,Draw,draw,draw,,3.5,2026-08-23T14:04:27Z
2026-08-23T14:05:22Z,38b23d1127eb086d775f97b935bbf992,法甲,2026-08-23T15:15:00Z,Le Havre,AS Monaco,betano_uk,h2h,AS Monaco,away,away,,2.0,2026-08-23T14:04:39Z
2026-08-23T14:05:22Z,38b23d1127eb086d775f97b935bbf992,法甲,2026-08-23T15:15:00Z,Le Havre,AS Monaco,betano_uk,h2h,Le Havre,home,home,,3.6,2026-08-23T14:04:39Z
2026-08-23T14:05:22Z,38b23d1127eb086d775f97b935bbf992,法甲,2026-08-23T15:15:00Z,Le Havre,AS Monaco,betano_uk,h2h,Draw,draw,draw,,3.6,2026-08-23T14:04:39Z
2026-08-23T14:05:22Z,38b23d1127eb086d775f97b935bbf992,法甲,2026-08-23T15:15:00Z,Le Havre,AS Monaco,everygame,h2h,AS Monaco,away,away,,1.95,2026-08-23T14:00:38Z
2026-08-23T14:05:22Z,38b23d1127eb086d775f97b935bbf992,法甲,2026-08-23T15:15:00Z,Le Havre,AS Monaco,everygame,h2h,Le Havre,home,home,,3.75,2026-08-23T14:00:38Z
2026-08-23T14:05:22Z,38b23d1127eb086d775f97b935bbf992,法甲,2026-08-23T15:15:00Z,Le Havre,AS Monaco,everygame,h2h,Draw,draw,draw,,3.6,2026-08-23T14:00:38Z
2026-08-23T14:05:22Z,38b23d1127eb086d775f97b935bbf992,法甲,2026-08-23T15:15:00Z,Le Havre,AS Monaco,suprabets,h2h,AS Monaco,away,away,,1.97,2026-08-23T14:00:55Z
2026-08-23T14:05:22Z,38b23d1127eb086d775f97b935bbf992,法甲,2026-08-23T15:15:00Z,Le Havre,AS Monaco,suprabets,h2h,Le Havre,home,home,,3.71,2026-08-23T14:00:55Z
2026-08-23T14:05:22Z,38b23d1127eb086d775f97b935bbf992,法甲,2026-08-23T15:15:00Z,Le Havre,AS Monaco,suprabets,h2h,Draw,draw,draw,,3.58,2026-08-23T14:00:55Z
2026-08-23T14:05:22Z,38b23d1127eb086d775f97b935bbf992,法甲,2026-08-23T15:15:00Z,Le Havre,AS Monaco,unibet_se,h2h,AS Monaco,away,away,,1.96,2026-08-23T14:04:27Z
2026-08-23T14:05:22Z,38b23d1127eb086d775f97b935bbf992,法甲,2026-08-23T15:15:00Z,Le Havre,AS Monaco,unibet_se,h2h,Le Havre,home,home,,3.85,2026-08-23T14:04:27Z
2026-08-23T14:05:22Z,38b23d1127eb086d775f97b935bbf992,法甲,2026-08-23T15:15:00Z,Le Havre,AS Monaco,unibet_se,h2h,Draw,draw,draw,,3.85,2026-08-23T14:04:27Z
2026-08-23T14:05:22Z,38b23d1127eb086d775f97b935bbf992,法甲,2026-08-23T15:15:00Z,Le Havre,AS Monaco,unibet_se,totals,Over,over,over@2.5,2.5,1.67,2026-08-23T14:04:27Z
2026-08-23T14:05:22Z,38b23d1127eb086d775f97b935bbf992,法甲,2026-08-23T15:15:00Z,Le Havre,AS Monaco,unibet_se,totals,Under,under,under@2.5,2.5,2.23,2026-08-23T14:04:27Z
2026-08-23T14:05:22Z,38b23d1127eb086d775f97b935bbf992,法甲,2026-08-23T15:15:00Z,Le Havre,AS Monaco,virginbet,h2h,AS Monaco,away,away,,1.9,2026-08-23T14:04:27Z
2026-08-23T14:05:22Z,38b23d1127eb086d775f97b935bbf992,法甲,2026-08-23T15:15:00Z,Le Havre,AS Monaco,virginbet,h2h,Le Havre,home,home,,3.55,2026-08-23T14:04:27Z
2026-08-23T14:05:22Z,38b23d1127eb086d775f97b935bbf992,法甲,2026-08-23T15:15:00Z,Le Havre,AS Monaco,virginbet,h2h,Draw,draw,draw,,3.65,2026-08-23T14:04:27Z
2026-08-23T14:05:22Z,38b23d1127eb086d775f97b935bbf992,法甲,2026-08-23T15:15:00Z,Le Havre,AS Monaco,unibet_nl,h2h,AS Monaco,away,away,,1.93,2026-08-23T14:04:27Z
2026-08-23T14:05:22Z,38b23d1127eb086d775f97b935bbf992,法甲,2026-08-23T15:15:00Z,Le Havre,AS Monaco,unibet_nl,h2h,Le Havre,home,home,,3.75,2026-08-23T14:04:27Z
2026-08-23T14:05:22Z,38b23d1127eb086d775f97b935bbf992,法甲,2026-08-23T15:15:00Z,Le Havre,AS Monaco,unibet_nl,h2h,Draw,draw,draw,,3.75,2026-08-23T14:04:27Z
2026-08-23T14:05:22Z,38b23d1127eb086d775f97b935bbf992,法甲,2026-08-23T15:15:00Z,Le Havre,AS Monaco,unibet_nl,totals,Over,over,over@2.5,2.5,1.64,2026-08-23T14:04:27Z
2026-08-23T14:05:22Z,38b23d1127eb086d775f97b935bbf992,法甲,2026-08-23T15:15:00Z,Le Havre,AS Monaco,unibet_nl,totals,Under,under,under@2.5,2.5,2.2,2026-08-23T14:04:27Z
2026-08-23T14:05:22Z,38b23d1127eb086d775f97b935bbf992,法甲,2026-08-23T15:15:00Z,Le Havre,AS Monaco,leovegas_se,h2h,AS Monaco,away,away,,1.96,2026-08-23T14:04:29Z
2026-08-23T14:05:22Z,38b23d1127eb086d775f97b935bbf992,法甲,2026-08-23T15:15:00Z,Le Havre,AS Monaco,leovegas_se,h2h,Le Havre,home,home,,3.85,2026-08-23T14:04:29Z
2026-08-23T14:05:22Z,38b23d1127eb086d775f97b935bbf992,法甲,2026-08-23T15:15:00Z,Le Havre,AS Monaco,leovegas_se,h2h,Draw,draw,draw,,3.85,2026-08-23T14:04:29Z
2026-08-23T14:05:22Z,38b23d1127eb086d775f97b935bbf992,法甲,2026-08-23T15:15:00Z,Le Havre,AS Monaco,leovegas_se,totals,Over,over,over@2.5,2.5,1.64,2026-08-23T14:04:29Z
2026-08-23T14:05:22Z,38b23d1127eb086d775f97b935bbf992,法甲,2026-08-23T15:15:00Z,Le Havre,AS Monaco,leovegas_se,totals,Under,under,under@2.5,2.5,2.2,2026-08-23T14:04:29Z
2026-08-23T14:05:22Z,38b23d1127eb086d775f97b935bbf992,法甲,2026-08-23T15:15:00Z,Le Havre,AS Monaco,nordicbet,h2h,AS Monaco,away,away,,1.98,2026-08-23T14:04:27Z
2026-08-23T14:05:22Z,38b23d1127eb086d775f97b935bbf992,法甲,2026-08-23T15:15:00Z,Le Havre,AS Monaco,nordicbet,h2h,Le Havre,home,home,,3.7,2026-08-23T14:04:27Z
2026-08-23T14:05:22Z,38b23d1127eb086d775f97b935bbf992,法甲,2026-08-23T15:15:00Z,Le Havre,AS Monaco,nordicbet,h2h,Draw,draw,draw,,3.45,2026-08-23T14:04:27Z
2026-08-23T14:05:22Z,38b23d1127eb086d775f97b935bbf992,法甲,2026-08-23T15:15:00Z,Le Havre,AS Monaco,nordicbet,totals,Over,over,over@2.5,2.5,1.75,2026-08-23T14:04:27Z
2026-08-23T14:05:22Z,38b23d1127eb086d775f97b935bbf992,法甲,2026-08-23T15:15:00Z,Le Havre,AS Monaco,nordicbet,totals,Under,under,under@2.5,2.5,2.02,2026-08-23T14:04:27Z
2026-08-23T14:05:22Z,38b23d1127eb086d775f97b935bbf992,法甲,2026-08-23T15:15:00Z,Le Havre,AS Monaco,livescorebet,h2h,AS Monaco,away,away,,1.9,2026-08-23T14:04:27Z
2026-08-23T14:05:22Z,38b23d1127eb086d775f97b935bbf992,法甲,2026-08-23T15:15:00Z,Le Havre,AS Monaco,livescorebet,h2h,Le Havre,home,home,,3.55,2026-08-23T14:04:27Z
2026-08-23T14:05:22Z,38b23d1127eb086d775f97b935bbf992,法甲,2026-08-23T15:15:00Z,Le Havre,AS Monaco,livescorebet,h2h,Draw,draw,draw,,3.65,2026-08-23T14:04:27Z
2026-08-23T14:05:22Z,38b23d1127eb086d775f97b935bbf992,法甲,2026-08-23T15:15:00Z,Le Havre,AS Monaco,grosvenor,h2h,AS Monaco,away,away,,1.92,2026-08-23T14:04:28Z
2026-08-23T14:05:22Z,38b23d1127eb086d775f97b935bbf992,法甲,2026-08-23T15:15:00Z,Le Havre,AS Monaco,grosvenor,h2h,Le Havre,home,home,,3.7,2026-08-23T14:04:28Z
2026-08-23T14:05:22Z,38b23d1127eb086d775f97b935bbf992,法甲,2026-08-23T15:15:00Z,Le Havre,AS Monaco,grosvenor,h2h,Draw,draw,draw,,3.75,2026-08-23T14:04:28Z
2026-08-23T14:05:22Z,38b23d1127eb086d775f97b935bbf992,法甲,2026-08-23T15:15:00Z,Le Havre,AS Monaco,grosvenor,totals,Over,over,over@2.5,2.5,1.64,2026-08-23T14:04:28Z
2026-08-23T14:05:22Z,38b23d1127eb086d775f97b935bbf992,法甲,2026-08-23T15:15:00Z,Le Havre,AS Monaco,grosvenor,totals,Under,under,under@2.5,2.5,2.2,2026-08-23T14:04:28Z
2026-08-23T14:05:22Z,38b23d1127eb086d775f97b935bbf992,法甲,2026-08-23T15:15:00Z,Le Havre,AS Monaco,casumo,h2h,AS Monaco,away,away,,1.89,2026-08-23T14:04:26Z
2026-08-23T14:05:22Z,38b23d1127eb086d775f97b935bbf992,法甲,2026-08-23T15:15:00Z,Le Havre,AS Monaco,casumo,h2h,Le Havre,home,home,,3.65,2026-08-23T14:04:26Z
2026-08-23T14:05:22Z,38b23d1127eb086d775f97b935bbf992,法甲,2026-08-23T15:15:00Z,Le Havre,AS Monaco,casumo,h2h,Draw,draw,draw,,3.65,2026-08-23T14:04:26Z
2026-08-23T14:05:22Z,38b23d1127eb086d775f97b935bbf992,法甲,2026-08-23T15:15:00Z,Le Havre,AS Monaco,casumo,totals,Over,over,over@2.5,2.5,1.64,2026-08-23T14:04:26Z
2026-08-23T14:05:22Z,38b23d1127eb086d775f97b935bbf992,法甲,2026-08-23T15:15:00Z,Le Havre,AS Monaco,casumo,totals,Under,under,under@2.5,2.5,2.2,2026-08-23T14:04:26Z
2026-08-23T14:05:22Z,38b23d1127eb086d775f97b935bbf992,法甲,2026-08-23T15:15:00Z,Le Havre,AS Monaco,betway,h2h,AS Monaco,away,away,,2.0,2026-08-23T14:04:53Z
2026-08-23T14:05:22Z,38b23d1127eb086d775f97b935bbf992,法甲,2026-08-23T15:15:00Z,Le Havre,AS Monaco,betway,h2h,Le Havre,home,home,,3.6,2026-08-23T14:04:53Z
2026-08-23T14:05:22Z,38b23d1127eb086d775f97b935bbf992,法甲,2026-08-23T15:15:00Z,Le Havre,AS Monaco,betway,h2h,Draw,draw,draw,,3.5,2026-08-23T14:04:53Z
2026-08-23T14:05:22Z,38b23d1127eb086d775f97b935bbf992,法甲,2026-08-23T15:15:00Z,Le Havre,AS Monaco,pmu_fr,h2h,AS Monaco,away,away,,1.91,2026-08-23T14:04:27Z
2026-08-23T14:05:22Z,38b23d1127eb086d775f97b935bbf992,法甲,2026-08-23T15:15:00Z,Le Havre,AS Monaco,pmu_fr,h2h,Le Havre,home,home,,3.65,2026-08-23T14:04:27Z
2026-08-23T14:05:22Z,38b23d1127eb086d775f97b935bbf992,法甲,2026-08-23T15:15:00Z,Le Havre,AS Monaco,pmu_fr,h2h,Draw,draw,draw,,3.7,2026-08-23T14:04:27Z
2026-08-23T14:05:22Z,38b23d1127eb086d775f97b935bbf992,法甲,2026-08-23T15:15:00Z,Le Havre,AS Monaco,pmu_fr,totals,Over,over,over@2.5,2.5,1.56,2026-08-23T14:04:27Z
2026-08-23T14:05:22Z,38b23d1127eb086d775f97b935bbf992,法甲,2026-08-23T15:15:00Z,Le Havre,AS Monaco,pmu_fr,totals,Under,under,under@2.5,2.5,2.08,2026-08-23T14:04:27Z
2026-08-23T14:05:22Z,38b23d1127eb086d775f97b935bbf992,法甲,2026-08-23T15:15:00Z,Le Havre,AS Monaco,marathonbet,h2h,AS Monaco,away,away,,2.0,2026-08-23T14:04:52Z
2026-08-23T14:05:22Z,38b23d1127eb086d775f97b935bbf992,法甲,2026-08-23T15:15:00Z,Le Havre,AS Monaco,marathonbet,h2h,Le Havre,home,home,,3.72,2026-08-23T14:04:52Z
2026-08-23T14:05:22Z,38b23d1127eb086d775f97b935bbf992,法甲,2026-08-23T15:15:00Z,Le Havre,AS Monaco,marathonbet,h2h,Draw,draw,draw,,3.8,2026-08-23T14:04:52Z
2026-08-23T14:05:22Z,38b23d1127eb086d775f97b935bbf992,法甲,2026-08-23T15:15:00Z,Le Havre,AS Monaco,betsson,h2h,AS Monaco,away,away,,1.98,2026-08-23T14:04:28Z
2026-08-23T14:05:22Z,38b23d1127eb086d775f97b935bbf992,法甲,2026-08-23T15:15:00Z,Le Havre,AS Monaco,betsson,h2h,Le Havre,home,home,,3.7,2026-08-23T14:04:28Z
2026-08-23T14:05:22Z,38b23d1127eb086d775f97b935bbf992,法甲,2026-08-23T15:15:00Z,Le Havre,AS Monaco,betsson,h2h,Draw,draw,draw,,3.45,2026-08-23T14:04:28Z
2026-08-23T14:05:22Z,38b23d1127eb086d775f97b935bbf992,法甲,2026-08-23T15:15:00Z,Le Havre,AS Monaco,betsson,totals,Over,over,over@2.5,2.5,1.75,2026-08-23T14:04:28Z
2026-08-23T14:05:22Z,38b23d1127eb086d775f97b935bbf992,法甲,2026-08-23T15:15:00Z,Le Havre,AS Monaco,betsson,totals,Under,under,under@2.5,2.5,2.02,2026-08-23T14:04:28Z
2026-08-23T14:05:22Z,38b23d1127eb086d775f97b935bbf992,法甲,2026-08-23T15:15:00Z,Le Havre,AS Monaco,betonlineag,h2h,AS Monaco,away,away,,2.0,2026-08-23T14:04:50Z
2026-08-23T14:05:22Z,38b23d1127eb086d775f97b935bbf992,法甲,2026-08-23T15:15:00Z,Le Havre,AS Monaco,betonlineag,h2h,Le Havre,home,home,,3.85,2026-08-23T14:04:50Z
2026-08-23T14:05:22Z,38b23d1127eb086d775f97b935bbf992,法甲,2026-08-23T15:15:00Z,Le Havre,AS Monaco,betonlineag,h2h,Draw,draw,draw,,3.64,2026-08-23T14:04:50Z
2026-08-23T14:05:22Z,38b23d1127eb086d775f97b935bbf992,法甲,2026-08-23T15:15:00Z,Le Havre,AS Monaco,betonlineag,spreads,AS Monaco,away,away@-0.5,-0.5,2.0,2026-08-23T14:04:50Z
2026-08-23T14:05:22Z,38b23d1127eb086d775f97b935bbf992,法甲,2026-08-23T15:15:00Z,Le Havre,AS Monaco,betonlineag,spreads,Le Havre,home,home@0.5,0.5,1.83,2026-08-23T14:04:50Z
2026-08-23T14:05:22Z,38b23d1127eb086d775f97b935bbf992,法甲,2026-08-23T15:15:00Z,Le Havre,AS Monaco,betonlineag,totals,Over,over,over@2.5,2.5,1.78,2026-08-23T14:04:50Z
2026-08-23T14:05:22Z,38b23d1127eb086d775f97b935bbf992,法甲,2026-08-23T15:15:00Z,Le Havre,AS Monaco,betonlineag,totals,Under,under,under@2.5,2.5,2.08,2026-08-23T14:04:50Z
2026-08-23T14:05:22Z,38b23d1127eb086d775f97b935bbf992,法甲,2026-08-23T15:15:00Z,Le Havre,AS Monaco,sport888,h2h,AS Monaco,away,away,,1.95,2026-08-23T14:04:26Z
2026-08-23T14:05:22Z,38b23d1127eb086d775f97b935bbf992,法甲,2026-08-23T15:15:00Z,Le Havre,AS Monaco,sport888,h2h,Le Havre,home,home,,3.5,2026-08-23T14:04:26Z
2026-08-23T14:05:22Z,38b23d1127eb086d775f97b935bbf992,法甲,2026-08-23T15:15:00Z,Le Havre,AS Monaco,sport888,h2h,Draw,draw,draw,,3.5,2026-08-23T14:04:26Z
2026-08-23T14:05:22Z,38b23d1127eb086d775f97b935bbf992,法甲,2026-08-23T15:15:00Z,Le Havre,AS Monaco,williamhill,h2h,AS Monaco,away,away,,1.95,2026-08-23T14:04:50Z
2026-08-23T14:05:22Z,38b23d1127eb086d775f97b935bbf992,法甲,2026-08-23T15:15:00Z,Le Havre,AS Monaco,williamhill,h2h,Le Havre,home,home,,3.5,2026-08-23T14:04:50Z
2026-08-23T14:05:22Z,38b23d1127eb086d775f97b935bbf992,法甲,2026-08-23T15:15:00Z,Le Havre,AS Monaco,williamhill,h2h,Draw,draw,draw,,3.5,2026-08-23T14:04:50Z
2026-08-23T14:05:22Z,38b23d1127eb086d775f97b935bbf992,法甲,2026-08-23T15:15:00Z,Le Havre,AS Monaco,williamhill,totals,Over,over,over@2.5,2.5,1.75,2026-08-23T14:04:50Z
2026-08-23T14:05:22Z,38b23d1127eb086d775f97b935bbf992,法甲,2026-08-23T15:15:00Z,Le Havre,AS Monaco,williamhill,totals,Under,under,under@2.5,2.5,2.05,2026-08-23T14:04:50Z
2026-08-23T14:05:22Z,38b23d1127eb086d775f97b935bbf992,法甲,2026-08-23T15:15:00Z,Le Havre,AS Monaco,boylesports,h2h,AS Monaco,away,away,,1.87,2026-08-23T14:04:05Z
2026-08-23T14:05:22Z,38b23d1127eb086d775f97b935bbf992,法甲,2026-08-23T15:15:00Z,Le Havre,AS Monaco,boylesports,h2h,Le Havre,home,home,,3.4,2026-08-23T14:04:05Z
2026-08-23T14:05:22Z,38b23d1127eb086d775f97b935bbf992,法甲,2026-08-23T15:15:00Z,Le Havre,AS Monaco,boylesports,h2h,Draw,draw,draw,,3.5,2026-08-23T14:04:05Z
2026-08-23T14:05:22Z,38b23d1127eb086d775f97b935bbf992,法甲,2026-08-23T15:15:00Z,Le Havre,AS Monaco,gtbets,h2h,AS Monaco,away,away,,1.96,2026-08-23T14:04:50Z
2026-08-23T14:05:22Z,38b23d1127eb086d775f97b935bbf992,法甲,2026-08-23T15:15:00Z,Le Havre,AS Monaco,gtbets,h2h,Le Havre,home,home,,3.76,2026-08-23T14:04:50Z
2026-08-23T14:05:22Z,38b23d1127eb086d775f97b935bbf992,法甲,2026-08-23T15:15:00Z,Le Havre,AS Monaco,gtbets,h2h,Draw,draw,draw,,3.84,2026-08-23T14:04:50Z
2026-08-23T14:05:22Z,38b23d1127eb086d775f97b935bbf992,法甲,2026-08-23T15:15:00Z,Le Havre,AS Monaco,gtbets,spreads,AS Monaco,away,away@-0.5,-0.5,1.93,2026-08-23T14:04:50Z
2026-08-23T14:05:22Z,38b23d1127eb086d775f97b935bbf992,法甲,2026-08-23T15:15:00Z,Le Havre,AS Monaco,gtbets,spreads,Le Havre,home,home@0.5,0.5,1.85,2026-08-23T14:04:50Z
2026-08-23T14:05:22Z,38b23d1127eb086d775f97b935bbf992,法甲,2026-08-23T15:15:00Z,Le Havre,AS Monaco,gtbets,totals,Over,over,over@2.5,2.5,1.74,2026-08-23T14:04:50Z
2026-08-23T14:05:22Z,38b23d1127eb086d775f97b935bbf992,法甲,2026-08-23T15:15:00Z,Le Havre,AS Monaco,gtbets,totals,Under,under,under@2.5,2.5,2.07,2026-08-23T14:04:50Z
2026-08-23T14:05:22Z,248243c567c4cb2d2fa70f60da2f906b,智利甲,2026-08-23T16:00:00Z,La Serena,Cobresal,nordicbet,h2h,Cobresal,away,away,,4.9,2026-08-23T14:05:00Z
2026-08-23T14:05:22Z,248243c567c4cb2d2fa70f60da2f906b,智利甲,2026-08-23T16:00:00Z,La Serena,Cobresal,nordicbet,h2h,La Serena,home,home,,1.68,2026-08-23T14:05:00Z
2026-08-23T14:05:22Z,248243c567c4cb2d2fa70f60da2f906b,智利甲,2026-08-23T16:00:00Z,La Serena,Cobresal,nordicbet,h2h,Draw,draw,draw,,3.6,2026-08-23T14:05:00Z
2026-08-23T14:05:22Z,248243c567c4cb2d2fa70f60da2f906b,智利甲,2026-08-23T16:00:00Z,La Serena,Cobresal,nordicbet,totals,Over,over,over@2.5,2.5,1.6,2026-08-23T14:05:00Z
2026-08-23T14:05:22Z,248243c567c4cb2d2fa70f60da2f906b,智利甲,2026-08-23T16:00:00Z,La Serena,Cobresal,nordicbet,totals,Under,under,under@2.5,2.5,2.22,2026-08-23T14:05:00Z
2026-08-23T14:05:22Z,248243c567c4cb2d2fa70f60da2f906b,智利甲,2026-08-23T16:00:00Z,La Serena,Cobresal,coolbet,h2h,Cobresal,away,away,,4.9,2026-08-23T14:04:16Z
2026-08-23T14:05:22Z,248243c567c4cb2d2fa70f60da2f906b,智利甲,2026-08-23T16:00:00Z,La Serena,Cobresal,coolbet,h2h,La Serena,home,home,,1.7,2026-08-23T14:04:16Z
2026-08-23T14:05:22Z,248243c567c4cb2d2fa70f60da2f906b,智利甲,2026-08-23T16:00:00Z,La Serena,Cobresal,coolbet,h2h,Draw,draw,draw,,4.0,2026-08-23T14:04:16Z
2026-08-23T14:05:22Z,248243c567c4cb2d2fa70f60da2f906b,智利甲,2026-08-23T16:00:00Z,La Serena,Cobresal,coolbet,spreads,Cobresal,away,away@1.0,1.0,1.66,2026-08-23T14:04:16Z
2026-08-23T14:05:22Z,248243c567c4cb2d2fa70f60da2f906b,智利甲,2026-08-23T16:00:00Z,La Serena,Cobresal,coolbet,spreads,La Serena,home,home@-1.0,-1.0,2.13,2026-08-23T14:04:16Z
2026-08-23T14:05:22Z,248243c567c4cb2d2fa70f60da2f906b,智利甲,2026-08-23T16:00:00Z,La Serena,Cobresal,coolbet,totals,Over,over,over@3.0,3.0,2.07,2026-08-23T14:04:16Z
2026-08-23T14:05:22Z,248243c567c4cb2d2fa70f60da2f906b,智利甲,2026-08-23T16:00:00Z,La Serena,Cobresal,coolbet,totals,Under,under,under@3.0,3.0,1.76,2026-08-23T14:04:16Z
2026-08-23T14:05:22Z,248243c567c4cb2d2fa70f60da2f906b,智利甲,2026-08-23T16:00:00Z,La Serena,Cobresal,winamax_de,h2h,Cobresal,away,away,,4.4,2026-08-23T14:04:37Z
2026-08-23T14:05:22Z,248243c567c4cb2d2fa70f60da2f906b,智利甲,2026-08-23T16:00:00Z,La Serena,Cobresal,winamax_de,h2h,La Serena,home,home,,1.64,2026-08-23T14:04:37Z
2026-08-23T14:05:22Z,248243c567c4cb2d2fa70f60da2f906b,智利甲,2026-08-23T16:00:00Z,La Serena,Cobresal,winamax_de,h2h,Draw,draw,draw,,3.9,2026-08-23T14:04:37Z
2026-08-23T14:05:22Z,248243c567c4cb2d2fa70f60da2f906b,智利甲,2026-08-23T16:00:00Z,La Serena,Cobresal,winamax_fr,h2h,Cobresal,away,away,,4.3,2026-08-23T14:04:14Z
2026-08-23T14:05:22Z,248243c567c4cb2d2fa70f60da2f906b,智利甲,2026-08-23T16:00:00Z,La Serena,Cobresal,winamax_fr,h2h,La Serena,home,home,,1.62,2026-08-23T14:04:14Z
2026-08-23T14:05:22Z,248243c567c4cb2d2fa70f60da2f906b,智利甲,2026-08-23T16:00:00Z,La Serena,Cobresal,winamax_fr,h2h,Draw,draw,draw,,3.8,2026-08-23T14:04:14Z
2026-08-23T14:05:22Z,248243c567c4cb2d2fa70f60da2f906b,智利甲,2026-08-23T16:00:00Z,La Serena,Cobresal,betsson,h2h,Cobresal,away,away,,4.9,2026-08-23T14:04:13Z
2026-08-23T14:05:22Z,248243c567c4cb2d2fa70f60da2f906b,智利甲,2026-08-23T16:00:00Z,La Serena,Cobresal,betsson,h2h,La Serena,home,home,,1.68,2026-08-23T14:04:13Z
2026-08-23T14:05:22Z,248243c567c4cb2d2fa70f60da2f906b,智利甲,2026-08-23T16:00:00Z,La Serena,Cobresal,betsson,h2h,Draw,draw,draw,,3.6,2026-08-23T14:04:13Z
2026-08-23T14:05:22Z,248243c567c4cb2d2fa70f60da2f906b,智利甲,2026-08-23T16:00:00Z,La Serena,Cobresal,betsson,totals,Over,over,over@2.5,2.5,1.6,2026-08-23T14:04:13Z
2026-08-23T14:05:22Z,248243c567c4cb2d2fa70f60da2f906b,智利甲,2026-08-23T16:00:00Z,La Serena,Cobresal,betsson,totals,Under,under,under@2.5,2.5,2.22,2026-08-23T14:04:13Z
2026-08-23T14:05:22Z,248243c567c4cb2d2fa70f60da2f906b,智利甲,2026-08-23T16:00:00Z,La Serena,Cobresal,onexbet,h2h,Cobresal,away,away,,4.54,2026-08-23T14:04:13Z
2026-08-23T14:05:22Z,248243c567c4cb2d2fa70f60da2f906b,智利甲,2026-08-23T16:00:00Z,La Serena,Cobresal,onexbet,h2h,La Serena,home,home,,1.62,2026-08-23T14:04:13Z
2026-08-23T14:05:22Z,248243c567c4cb2d2fa70f60da2f906b,智利甲,2026-08-23T16:00:00Z,La Serena,Cobresal,onexbet,h2h,Draw,draw,draw,,3.9,2026-08-23T14:04:13Z
2026-08-23T14:05:22Z,248243c567c4cb2d2fa70f60da2f906b,智利甲,2026-08-23T16:00:00Z,La Serena,Cobresal,onexbet,spreads,Cobresal,away,away@1.5,1.5,1.42,2026-08-23T14:04:13Z
2026-08-23T14:05:22Z,248243c567c4cb2d2fa70f60da2f906b,智利甲,2026-08-23T16:00:00Z,La Serena,Cobresal,onexbet,spreads,La Serena,home,home@-1.5,-1.5,2.65,2026-08-23T14:04:13Z
2026-08-23T14:05:22Z,248243c567c4cb2d2fa70f60da2f906b,智利甲,2026-08-23T16:00:00Z,La Serena,Cobresal,onexbet,totals,Over,over,over@2.5,2.5,1.6,2026-08-23T14:04:13Z
2026-08-23T14:05:22Z,248243c567c4cb2d2fa70f60da2f906b,智利甲,2026-08-23T16:00:00Z,La Serena,Cobresal,onexbet,totals,Under,under,under@2.5,2.5,2.2,2026-08-23T14:04:13Z
2026-08-23T14:05:22Z,248243c567c4cb2d2fa70f60da2f906b,智利甲,2026-08-23T16:00:00Z,La Serena,Cobresal,skybet,h2h,Cobresal,away,away,,4.0,2026-08-23T14:04:35Z
2026-08-23T14:05:22Z,248243c567c4cb2d2fa70f60da2f906b,智利甲,2026-08-23T16:00:00Z,La Serena,Cobresal,skybet,h2h,La Serena,home,home,,1.67,2026-08-23T14:04:35Z
2026-08-23T14:05:22Z,248243c567c4cb2d2fa70f60da2f906b,智利甲,2026-08-23T16:00:00Z,La Serena,Cobresal,skybet,h2h,Draw,draw,draw,,3.75,2026-08-23T14:04:35Z
2026-08-23T14:05:22Z,248243c567c4cb2d2fa70f60da2f906b,智利甲,2026-08-23T16:00:00Z,La Serena,Cobresal,paddypower,h2h,Cobresal,away,away,,4.2,2026-08-23T14:04:13Z
2026-08-23T14:05:22Z,248243c567c4cb2d2fa70f60da2f906b,智利甲,2026-08-23T16:00:00Z,La Serena,Cobresal,paddypower,h2h,La Serena,home,home,,1.62,2026-08-23T14:04:13Z
2026-08-23T14:05:22Z,248243c567c4cb2d2fa70f60da2f906b,智利甲,2026-08-23T16:00:00Z,La Serena,Cobresal,paddypower,h2h,Draw,draw,draw,,3.8,2026-08-23T14:04:13Z
2026-08-23T14:05:22Z,248243c567c4cb2d2fa70f60da2f906b,智利甲,2026-08-23T16:00:00Z,La Serena,Cobresal,smarkets,h2h,Cobresal,away,away,,5.0,2026-08-23T14:05:00Z
2026-08-23T14:05:22Z,248243c567c4cb2d2fa70f60da2f906b,智利甲,2026-08-23T16:00:00Z,La Serena,Cobresal,smarkets,h2h,La Serena,home,home,,1.71,2026-08-23T14:05:00Z
2026-08-23T14:05:22Z,248243c567c4cb2d2fa70f60da2f906b,智利甲,2026-08-23T16:00:00Z,La Serena,Cobresal,smarkets,h2h,Draw,draw,draw,,4.2,2026-08-23T14:05:00Z
2026-08-23T14:05:22Z,248243c567c4cb2d2fa70f60da2f906b,智利甲,2026-08-23T16:00:00Z,La Serena,Cobresal,marathonbet,h2h,Cobresal,away,away,,4.55,2026-08-23T14:04:15Z
2026-08-23T14:05:22Z,248243c567c4cb2d2fa70f60da2f906b,智利甲,2026-08-23T16:00:00Z,La Serena,Cobresal,marathonbet,h2h,La Serena,home,home,,1.65,2026-08-23T14:04:15Z
2026-08-23T14:05:22Z,248243c567c4cb2d2fa70f60da2f906b,智利甲,2026-08-23T16:00:00Z,La Serena,Cobresal,marathonbet,h2h,Draw,draw,draw,,3.95,2026-08-23T14:04:15Z
2026-08-23T14:05:22Z,248243c567c4cb2d2fa70f60da2f906b,智利甲,2026-08-23T16:00:00Z,La Serena,Cobresal,betfair_sb_uk,h2h,Cobresal,away,away,,4.2,2026-08-23T14:04:36Z
2026-08-23T14:05:22Z,248243c567c4cb2d2fa70f60da2f906b,智利甲,2026-08-23T16:00:00Z,La Serena,Cobresal,betfair_sb_uk,h2h,La Serena,home,home,,1.65,2026-08-23T14:04:36Z
2026-08-23T14:05:22Z,248243c567c4cb2d2fa70f60da2f906b,智利甲,2026-08-23T16:00:00Z,La Serena,Cobresal,betfair_sb_uk,h2h,Draw,draw,draw,,3.9,2026-08-23T14:04:36Z
2026-08-23T14:05:22Z,248243c567c4cb2d2fa70f60da2f906b,智利甲,2026-08-23T16:00:00Z,La Serena,Cobresal,boylesports,h2h,Cobresal,away,away,,4.2,2026-08-23T14:04:15Z
2026-08-23T14:05:22Z,248243c567c4cb2d2fa70f60da2f906b,智利甲,2026-08-23T16:00:00Z,La Serena,Cobresal,boylesports,h2h,La Serena,home,home,,1.57,2026-08-23T14:04:15Z
2026-08-23T14:05:22Z,248243c567c4cb2d2fa70f60da2f906b,智利甲,2026-08-23T16:00:00Z,La Serena,Cobresal,boylesports,h2h,Draw,draw,draw,,3.8,2026-08-23T14:04:15Z
2026-08-23T14:05:22Z,248243c567c4cb2d2fa70f60da2f906b,智利甲,2026-08-23T16:00:00Z,La Serena,Cobresal,unibet_uk,h2h,Cobresal,away,away,,4.6,2026-08-23T14:04:16Z
2026-08-23T14:05:22Z,248243c567c4cb2d2fa70f60da2f906b,智利甲,2026-08-23T16:00:00Z,La Serena,Cobresal,unibet_uk,h2h,La Serena,home,home,,1.67,2026-08-23T14:04:16Z
2026-08-23T14:05:22Z,248243c567c4cb2d2fa70f60da2f906b,智利甲,2026-08-23T16:00:00Z,La Serena,Cobresal,unibet_uk,h2h,Draw,draw,draw,,3.8,2026-08-23T14:04:16Z
2026-08-23T14:05:22Z,248243c567c4cb2d2fa70f60da2f906b,智利甲,2026-08-23T16:00:00Z,La Serena,Cobresal,leovegas,h2h,Cobresal,away,away,,4.33,2026-08-23T14:04:36Z
2026-08-23T14:05:22Z,248243c567c4cb2d2fa70f60da2f906b,智利甲,2026-08-23T16:00:00Z,La Serena,Cobresal,leovegas,h2h,La Serena,home,home,,1.62,2026-08-23T14:04:36Z
2026-08-23T14:05:22Z,248243c567c4cb2d2fa70f60da2f906b,智利甲,2026-08-23T16:00:00Z,La Serena,Cobresal,leovegas,h2h,Draw,draw,draw,,3.75,2026-08-23T14:04:36Z
2026-08-23T14:05:22Z,248243c567c4cb2d2fa70f60da2f906b,智利甲,2026-08-23T16:00:00Z,La Serena,Cobresal,leovegas,totals,Over,over,over@2.5,2.5,1.57,2026-08-23T14:04:36Z
2026-08-23T14:05:22Z,248243c567c4cb2d2fa70f60da2f906b,智利甲,2026-08-23T16:00:00Z,La Serena,Cobresal,leovegas,totals,Under,under,under@2.5,2.5,2.15,2026-08-23T14:04:36Z
2026-08-23T14:05:22Z,248243c567c4cb2d2fa70f60da2f906b,智利甲,2026-08-23T16:00:00Z,La Serena,Cobresal,betfred_uk,h2h,Cobresal,away,away,,4.0,2026-08-23T14:04:14Z
2026-08-23T14:05:22Z,248243c567c4cb2d2fa70f60da2f906b,智利甲,2026-08-23T16:00:00Z,La Serena,Cobresal,betfred_uk,h2h,La Serena,home,home,,1.67,2026-08-23T14:04:14Z
2026-08-23T14:05:22Z,248243c567c4cb2d2fa70f60da2f906b,智利甲,2026-08-23T16:00:00Z,La Serena,Cobresal,betfred_uk,h2h,Draw,draw,draw,,3.75,2026-08-23T14:04:14Z
2026-08-23T14:05:22Z,248243c567c4cb2d2fa70f60da2f906b,智利甲,2026-08-23T16:00:00Z,La Serena,Cobresal,virginbet,h2h,Cobresal,away,away,,3.95,2026-08-23T14:04:13Z
2026-08-23T14:05:22Z,248243c567c4cb2d2fa70f60da2f906b,智利甲,2026-08-23T16:00:00Z,La Serena,Cobresal,virginbet,h2h,La Serena,home,home,,1.68,2026-08-23T14:04:13Z
2026-08-23T14:05:22Z,248243c567c4cb2d2fa70f60da2f906b,智利甲,2026-08-23T16:00:00Z,La Serena,Cobresal,virginbet,h2h,Draw,draw,draw,,3.55,2026-08-23T14:04:13Z
2026-08-23T14:05:22Z,248243c567c4cb2d2fa70f60da2f906b,智利甲,2026-08-23T16:00:00Z,La Serena,Cobresal,unibet_se,h2h,Cobresal,away,away,,4.1,2026-08-23T14:04:13Z
2026-08-23T14:05:22Z,248243c567c4cb2d2fa70f60da2f906b,智利甲,2026-08-23T16:00:00Z,La Serena,Cobresal,unibet_se,h2h,La Serena,home,home,,1.73,2026-08-23T14:04:13Z
2026-08-23T14:05:22Z,248243c567c4cb2d2fa70f60da2f906b,智利甲,2026-08-23T16:00:00Z,La Serena,Cobresal,unibet_se,h2h,Draw,draw,draw,,3.65,2026-08-23T14:04:13Z
2026-08-23T14:05:22Z,248243c567c4cb2d2fa70f60da2f906b,智利甲,2026-08-23T16:00:00Z,La Serena,Cobresal,unibet_se,totals,Over,over,over@2.5,2.5,1.67,2026-08-23T14:04:13Z
2026-08-23T14:05:22Z,248243c567c4cb2d2fa70f60da2f906b,智利甲,2026-08-23T16:00:00Z,La Serena,Cobresal,unibet_se,totals,Under,under,under@2.5,2.5,2.02,2026-08-23T14:04:13Z
2026-08-23T14:05:22Z,248243c567c4cb2d2fa70f60da2f906b,智利甲,2026-08-23T16:00:00Z,La Serena,Cobresal,leovegas_se,h2h,Cobresal,away,away,,4.1,2026-08-23T14:04:15Z
2026-08-23T14:05:22Z,248243c567c4cb2d2fa70f60da2f906b,智利甲,2026-08-23T16:00:00Z,La Serena,Cobresal,leovegas_se,h2h,La Serena,home,home,,1.73,2026-08-23T14:04:15Z
2026-08-23T14:05:22Z,248243c567c4cb2d2fa70f60da2f906b,智利甲,2026-08-23T16:00:00Z,La Serena,Cobresal,leovegas_se,h2h,Draw,draw,draw,,3.65,2026-08-23T14:04:15Z
2026-08-23T14:05:22Z,248243c567c4cb2d2fa70f60da2f906b,智利甲,2026-08-23T16:00:00Z,La Serena,Cobresal,leovegas_se,totals,Over,over,over@2.5,2.5,1.65,2026-08-23T14:04:15Z
2026-08-23T14:05:22Z,248243c567c4cb2d2fa70f60da2f906b,智利甲,2026-08-23T16:00:00Z,La Serena,Cobresal,leovegas_se,totals,Under,under,under@2.5,2.5,2.02,2026-08-23T14:04:15Z
2026-08-23T14:05:22Z,248243c567c4cb2d2fa70f60da2f906b,智利甲,2026-08-23T16:00:00Z,La Serena,Cobresal,grosvenor,h2h,Cobresal,away,away,,4.1,2026-08-23T14:04:34Z
2026-08-23T14:05:22Z,248243c567c4cb2d2fa70f60da2f906b,智利甲,2026-08-23T16:00:00Z,La Serena,Cobresal,grosvenor,h2h,La Serena,home,home,,1.73,2026-08-23T14:04:34Z
2026-08-23T14:05:22Z,248243c567c4cb2d2fa70f60da2f906b,智利甲,2026-08-23T16:00:00Z,La Serena,Cobresal,grosvenor,h2h,Draw,draw,draw,,3.65,2026-08-23T14:04:34Z
2026-08-23T14:05:22Z,248243c567c4cb2d2fa70f60da2f906b,智利甲,2026-08-23T16:00:00Z,La Serena,Cobresal,grosvenor,totals,Over,over,over@2.5,2.5,1.67,2026-08-23T14:04:34Z
2026-08-23T14:05:22Z,248243c567c4cb2d2fa70f60da2f906b,智利甲,2026-08-23T16:00:00Z,La Serena,Cobresal,grosvenor,totals,Under,under,under@2.5,2.5,2.02,2026-08-23T14:04:34Z
2026-08-23T14:05:22Z,248243c567c4cb2d2fa70f60da2f906b,智利甲,2026-08-23T16:00:00Z,La Serena,Cobresal,livescorebet,h2h,Cobresal,away,away,,3.95,2026-08-23T14:04:13Z
2026-08-23T14:05:22Z,248243c567c4cb2d2fa70f60da2f906b,智利甲,2026-08-23T16:00:00Z,La Serena,Cobresal,livescorebet,h2h,La Serena,home,home,,1.68,2026-08-23T14:04:13Z
2026-08-23T14:05:22Z,248243c567c4cb2d2fa70f60da2f906b,智利甲,2026-08-23T16:00:00Z,La Serena,Cobresal,livescorebet,h2h,Draw,draw,draw,,3.55,2026-08-23T14:04:13Z
2026-08-23T14:05:22Z,248243c567c4cb2d2fa70f60da2f906b,智利甲,2026-08-23T16:00:00Z,La Serena,Cobresal,pinnacle,h2h,Cobresal,away,away,,4.79,2026-08-23T14:04:58Z
2026-08-23T14:05:22Z,248243c567c4cb2d2fa70f60da2f906b,智利甲,2026-08-23T16:00:00Z,La Serena,Cobresal,pinnacle,h2h,La Serena,home,home,,1.68,2026-08-23T14:04:58Z
2026-08-23T14:05:22Z,248243c567c4cb2d2fa70f60da2f906b,智利甲,2026-08-23T16:00:00Z,La Serena,Cobresal,pinnacle,h2h,Draw,draw,draw,,4.19,2026-08-23T14:04:58Z
2026-08-23T14:05:22Z,248243c567c4cb2d2fa70f60da2f906b,智利甲,2026-08-23T16:00:00Z,La Serena,Cobresal,pinnacle,spreads,Cobresal,away,away@0.75,0.75,2.02,2026-08-23T14:04:58Z
2026-08-23T14:05:22Z,248243c567c4cb2d2fa70f60da2f906b,智利甲,2026-08-23T16:00:00Z,La Serena,Cobresal,pinnacle,spreads,La Serena,home,home@-0.75,-0.75,1.87,2026-08-23T14:04:58Z
2026-08-23T14:05:22Z,248243c567c4cb2d2fa70f60da2f906b,智利甲,2026-08-23T16:00:00Z,La Serena,Cobresal,pinnacle,totals,Over,over,over@3.0,3.0,2.04,2026-08-23T14:04:58Z
2026-08-23T14:05:22Z,248243c567c4cb2d2fa70f60da2f906b,智利甲,2026-08-23T16:00:00Z,La Serena,Cobresal,pinnacle,totals,Under,under,under@3.0,3.0,1.84,2026-08-23T14:04:58Z
2026-08-23T14:05:22Z,248243c567c4cb2d2fa70f60da2f906b,智利甲,2026-08-23T16:00:00Z,La Serena,Cobresal,sport888,h2h,Cobresal,away,away,,4.4,2026-08-23T14:04:13Z
2026-08-23T14:05:22Z,248243c567c4cb2d2fa70f60da2f906b,智利甲,2026-08-23T16:00:00Z,La Serena,Cobresal,sport888,h2h,La Serena,home,home,,1.65,2026-08-23T14:04:13Z
2026-08-23T14:05:22Z,248243c567c4cb2d2fa70f60da2f906b,智利甲,2026-08-23T16:00:00Z,La Serena,Cobresal,sport888,h2h,Draw,draw,draw,,3.6,2026-08-23T14:04:13Z
2026-08-23T14:05:22Z,248243c567c4cb2d2fa70f60da2f906b,智利甲,2026-08-23T16:00:00Z,La Serena,Cobresal,gtbets,h2h,Cobresal,away,away,,4.67,2026-08-23T14:04:13Z
2026-08-23T14:05:22Z,248243c567c4cb2d2fa70f60da2f906b,智利甲,2026-08-23T16:00:00Z,La Serena,Cobresal,gtbets,h2h,La Serena,home,home,,1.73,2026-08-23T14:04:13Z
2026-08-23T14:05:22Z,248243c567c4cb2d2fa70f60da2f906b,智利甲,2026-08-23T16:00:00Z,La Serena,Cobresal,gtbets,h2h,Draw,draw,draw,,3.89,2026-08-23T14:04:13Z
2026-08-23T14:05:22Z,248243c567c4cb2d2fa70f60da2f906b,智利甲,2026-08-23T16:00:00Z,La Serena,Cobresal,gtbets,spreads,Cobresal,away,away@0.5,0.5,2.15,2026-08-23T14:04:13Z
2026-08-23T14:05:22Z,248243c567c4cb2d2fa70f60da2f906b,智利甲,2026-08-23T16:00:00Z,La Serena,Cobresal,gtbets,spreads,La Serena,home,home@-0.5,-0.5,1.71,2026-08-23T14:04:13Z
2026-08-23T14:05:22Z,248243c567c4cb2d2fa70f60da2f906b,智利甲,2026-08-23T16:00:00Z,La Serena,Cobresal,gtbets,totals,Over,over,over@2.5,2.5,1.65,2026-08-23T14:04:13Z
2026-08-23T14:05:22Z,248243c567c4cb2d2fa70f60da2f906b,智利甲,2026-08-23T16:00:00Z,La Serena,Cobresal,gtbets,totals,Under,under,under@2.5,2.5,2.2,2026-08-23T14:04:13Z
2026-08-23T14:05:22Z,248243c567c4cb2d2fa70f60da2f906b,智利甲,2026-08-23T16:00:00Z,La Serena,Cobresal,tipico_de,h2h,Cobresal,away,away,,4.8,2026-08-23T14:04:13Z
2026-08-23T14:05:22Z,248243c567c4cb2d2fa70f60da2f906b,智利甲,2026-08-23T16:00:00Z,La Serena,Cobresal,tipico_de,h2h,La Serena,home,home,,1.55,2026-08-23T14:04:13Z
2026-08-23T14:05:22Z,248243c567c4cb2d2fa70f60da2f906b,智利甲,2026-08-23T16:00:00Z,La Serena,Cobresal,tipico_de,h2h,Draw,draw,draw,,3.9,2026-08-23T14:04:13Z
2026-08-23T14:05:22Z,248243c567c4cb2d2fa70f60da2f906b,智利甲,2026-08-23T16:00:00Z,La Serena,Cobresal,tipico_de,totals,Over,over,over@2.5,2.5,1.55,2026-08-23T14:04:13Z
2026-08-23T14:05:22Z,248243c567c4cb2d2fa70f60da2f906b,智利甲,2026-08-23T16:00:00Z,La Serena,Cobresal,tipico_de,totals,Under,under,under@2.5,2.5,2.25,2026-08-23T14:04:13Z
2026-08-23T14:05:22Z,248243c567c4cb2d2fa70f60da2f906b,智利甲,2026-08-23T16:00:00Z,La Serena,Cobresal,unibet_fr,h2h,Cobresal,away,away,,4.5,2026-08-23T14:04:58Z
2026-08-23T14:05:22Z,248243c567c4cb2d2fa70f60da2f906b,智利甲,2026-08-23T16:00:00Z,La Serena,Cobresal,unibet_fr,h2h,La Serena,home,home,,1.6,2026-08-23T14:04:58Z
2026-08-23T14:05:22Z,248243c567c4cb2d2fa70f60da2f906b,智利甲,2026-08-23T16:00:00Z,La Serena,Cobresal,unibet_fr,h2h,Draw,draw,draw,,3.8,2026-08-23T14:04:58Z
2026-08-23T14:05:22Z,248243c567c4cb2d2fa70f60da2f906b,智利甲,2026-08-23T16:00:00Z,La Serena,Cobresal,betonlineag,h2h,Cobresal,away,away,,4.25,2026-08-23T14:05:00Z
2026-08-23T14:05:22Z,248243c567c4cb2d2fa70f60da2f906b,智利甲,2026-08-23T16:00:00Z,La Serena,Cobresal,betonlineag,h2h,La Serena,home,home,,1.71,2026-08-23T14:05:00Z
2026-08-23T14:05:22Z,248243c567c4cb2d2fa70f60da2f906b,智利甲,2026-08-23T16:00:00Z,La Serena,Cobresal,betonlineag,h2h,Draw,draw,draw,,3.65,2026-08-23T14:05:00Z
2026-08-23T14:05:22Z,248243c567c4cb2d2fa70f60da2f906b,智利甲,2026-08-23T16:00:00Z,La Serena,Cobresal,betonlineag,spreads,Cobresal,away,away@0.5,0.5,2.2,2026-08-23T14:05:00Z
2026-08-23T14:05:22Z,248243c567c4cb2d2fa70f60da2f906b,智利甲,2026-08-23T16:00:00Z,La Serena,Cobresal,betonlineag,spreads,La Serena,home,home@-0.5,-0.5,1.71,2026-08-23T14:05:00Z
2026-08-23T14:05:22Z,248243c567c4cb2d2fa70f60da2f906b,智利甲,2026-08-23T16:00:00Z,La Serena,Cobresal,betonlineag,totals,Over,over,over@2.75,2.75,1.76,2026-08-23T14:05:00Z
2026-08-23T14:05:22Z,248243c567c4cb2d2fa70f60da2f906b,智利甲,2026-08-23T16:00:00Z,La Serena,Cobresal,betonlineag,totals,Under,under,under@2.75,2.75,2.11,2026-08-23T14:05:00Z
2026-08-23T14:05:22Z,248243c567c4cb2d2fa70f60da2f906b,智利甲,2026-08-23T16:00:00Z,La Serena,Cobresal,ladbrokes_uk,h2h,Cobresal,away,away,,4.2,2026-08-23T14:04:13Z
2026-08-23T14:05:22Z,248243c567c4cb2d2fa70f60da2f906b,智利甲,2026-08-23T16:00:00Z,La Serena,Cobresal,ladbrokes_uk,h2h,La Serena,home,home,,1.65,2026-08-23T14:04:13Z
2026-08-23T14:05:22Z,248243c567c4cb2d2fa70f60da2f906b,智利甲,2026-08-23T16:00:00Z,La Serena,Cobresal,ladbrokes_uk,h2h,Draw,draw,draw,,3.75,2026-08-23T14:04:13Z
2026-08-23T14:05:22Z,248243c567c4cb2d2fa70f60da2f906b,智利甲,2026-08-23T16:00:00Z,La Serena,Cobresal,coral,h2h,Cobresal,away,away,,4.2,2026-08-23T14:04:14Z
2026-08-23T14:05:22Z,248243c567c4cb2d2fa70f60da2f906b,智利甲,2026-08-23T16:00:00Z,La Serena,Cobresal,coral,h2h,La Serena,home,home,,1.65,2026-08-23T14:04:14Z
2026-08-23T14:05:22Z,248243c567c4cb2d2fa70f60da2f906b,智利甲,2026-08-23T16:00:00Z,La Serena,Cobresal,coral,h2h,Draw,draw,draw,,3.75,2026-08-23T14:04:14Z
2026-08-23T14:05:22Z,248243c567c4cb2d2fa70f60da2f906b,智利甲,2026-08-23T16:00:00Z,La Serena,Cobresal,codere_it,h2h,Cobresal,away,away,,4.5,2026-08-23T14:04:13Z
2026-08-23T14:05:22Z,248243c567c4cb2d2fa70f60da2f906b,智利甲,2026-08-23T16:00:00Z,La Serena,Cobresal,codere_it,h2h,La Serena,home,home,,1.65,2026-08-23T14:04:13Z
2026-08-23T14:05:22Z,248243c567c4cb2d2fa70f60da2f906b,智利甲,2026-08-23T16:00:00Z,La Serena,Cobresal,codere_it,h2h,Draw,draw,draw,,3.75,2026-08-23T14:04:13Z
2026-08-23T14:05:22Z,248243c567c4cb2d2fa70f60da2f906b,智利甲,2026-08-23T16:00:00Z,La Serena,Cobresal,codere_it,totals,Over,over,over@2.5,2.5,1.59,2026-08-23T14:04:13Z
2026-08-23T14:05:22Z,248243c567c4cb2d2fa70f60da2f906b,智利甲,2026-08-23T16:00:00Z,La Serena,Cobresal,codere_it,totals,Under,under,under@2.5,2.5,2.17,2026-08-23T14:04:13Z
2026-08-23T14:05:22Z,248243c567c4cb2d2fa70f60da2f906b,智利甲,2026-08-23T16:00:00Z,La Serena,Cobresal,betway,h2h,Cobresal,away,away,,4.5,2026-08-23T14:04:15Z
2026-08-23T14:05:22Z,248243c567c4cb2d2fa70f60da2f906b,智利甲,2026-08-23T16:00:00Z,La Serena,Cobresal,betway,h2h,La Serena,home,home,,1.67,2026-08-23T14:04:15Z
2026-08-23T14:05:22Z,248243c567c4cb2d2fa70f60da2f906b,智利甲,2026-08-23T16:00:00Z,La Serena,Cobresal,betway,h2h,Draw,draw,draw,,4.0,2026-08-23T14:04:15Z
2026-08-23T14:05:22Z,248243c567c4cb2d2fa70f60da2f906b,智利甲,2026-08-23T16:00:00Z,La Serena,Cobresal,betfair_ex_uk,h2h,Cobresal,away,away,,5.0,2026-08-23T14:04:58Z
2026-08-23T14:05:22Z,248243c567c4cb2d2fa70f60da2f906b,智利甲,2026-08-23T16:00:00Z,La Serena,Cobresal,betfair_ex_uk,h2h,La Serena,home,home,,1.71,2026-08-23T14:04:58Z
2026-08-23T14:05:22Z,248243c567c4cb2d2fa70f60da2f906b,智利甲,2026-08-23T16:00:00Z,La Serena,Cobresal,betfair_ex_uk,h2h,Draw,draw,draw,,4.2,2026-08-23T14:04:58Z
2026-08-23T14:05:22Z,248243c567c4cb2d2fa70f60da2f906b,智利甲,2026-08-23T16:00:00Z,La Serena,Cobresal,betfair_ex_eu,h2h,Cobresal,away,away,,4.9,2026-08-23T14:04:58Z
2026-08-23T14:05:22Z,248243c567c4cb2d2fa70f60da2f906b,智利甲,2026-08-23T16:00:00Z,La Serena,Cobresal,betfair_ex_eu,h2h,La Serena,home,home,,1.71,2026-08-23T14:04:58Z
2026-08-23T14:05:22Z,248243c567c4cb2d2fa70f60da2f906b,智利甲,2026-08-23T16:00:00Z,La Serena,Cobresal,betfair_ex_eu,h2h,Draw,draw,draw,,4.2,2026-08-23T14:04:58Z
2026-08-23T14:05:22Z,248243c567c4cb2d2fa70f60da2f906b,智利甲,2026-08-23T16:00:00Z,La Serena,Cobresal,betano_uk,h2h,Cobresal,away,away,,4.75,2026-08-23T14:05:09Z
2026-08-23T14:05:22Z,248243c567c4cb2d2fa70f60da2f906b,智利甲,2026-08-23T16:00:00Z,La Serena,Cobresal,betano_uk,h2h,La Serena,home,home,,1.65,2026-08-23T14:05:09Z
2026-08-23T14:05:22Z,248243c567c4cb2d2fa70f60da2f906b,智利甲,2026-08-23T16:00:00Z,La Serena,Cobresal,betano_uk,h2h,Draw,draw,draw,,4.0,2026-08-23T14:05:09Z
2026-08-23T14:05:22Z,248243c567c4cb2d2fa70f60da2f906b,智利甲,2026-08-23T16:00:00Z,La Serena,Cobresal,betvictor,h2h,Cobresal,away,away,,4.75,2026-08-23T14:04:30Z
2026-08-23T14:05:22Z,248243c567c4cb2d2fa70f60da2f906b,智利甲,2026-08-23T16:00:00Z,La Serena,Cobresal,betvictor,h2h,La Serena,home,home,,1.65,2026-08-23T14:04:30Z
2026-08-23T14:05:22Z,248243c567c4cb2d2fa70f60da2f906b,智利甲,2026-08-23T16:00:00Z,La Serena,Cobresal,betvictor,h2h,Draw,draw,draw,,4.0,2026-08-23T14:04:30Z
2026-08-23T14:05:22Z,248243c567c4cb2d2fa70f60da2f906b,智利甲,2026-08-23T16:00:00Z,La Serena,Cobresal,betanysports,h2h,Cobresal,away,away,,4.25,2026-08-23T14:04:13Z
2026-08-23T14:05:22Z,248243c567c4cb2d2fa70f60da2f906b,智利甲,2026-08-23T16:00:00Z,La Serena,Cobresal,betanysports,h2h,La Serena,home,home,,1.71,2026-08-23T14:04:13Z
2026-08-23T14:05:22Z,248243c567c4cb2d2fa70f60da2f906b,智利甲,2026-08-23T16:00:00Z,La Serena,Cobresal,betanysports,h2h,Draw,draw,draw,,3.65,2026-08-23T14:04:13Z
2026-08-23T14:05:22Z,248243c567c4cb2d2fa70f60da2f906b,智利甲,2026-08-23T16:00:00Z,La Serena,Cobresal,betanysports,spreads,Cobresal,away,away@0.5,0.5,2.1,2026-08-23T14:04:13Z
2026-08-23T14:05:22Z,248243c567c4cb2d2fa70f60da2f906b,智利甲,2026-08-23T16:00:00Z,La Serena,Cobresal,betanysports,spreads,La Serena,home,home@-0.5,-0.5,1.71,2026-08-23T14:04:13Z
2026-08-23T14:05:22Z,248243c567c4cb2d2fa70f60da2f906b,智利甲,2026-08-23T16:00:00Z,La Serena,Cobresal,betanysports,totals,Over,over,over@2.75,2.75,1.76,2026-08-23T14:04:13Z
2026-08-23T14:05:22Z,248243c567c4cb2d2fa70f60da2f906b,智利甲,2026-08-23T16:00:00Z,La Serena,Cobresal,betanysports,totals,Under,under,under@2.75,2.75,2.01,2026-08-23T14:04:13Z
2026-08-23T14:05:22Z,248243c567c4cb2d2fa70f60da2f906b,智利甲,2026-08-23T16:00:00Z,La Serena,Cobresal,matchbook,h2h,Cobresal,away,away,,5.0,2026-08-23T14:04:58Z
2026-08-23T14:05:22Z,248243c567c4cb2d2fa70f60da2f906b,智利甲,2026-08-23T16:00:00Z,La Serena,Cobresal,matchbook,h2h,La Serena,home,home,,1.72,2026-08-23T14:04:58Z
2026-08-23T14:05:22Z,248243c567c4cb2d2fa70f60da2f906b,智利甲,2026-08-23T16:00:00Z,La Serena,Cobresal,matchbook,h2h,Draw,draw,draw,,4.3,2026-08-23T14:04:58Z
2026-08-23T14:05:22Z,248243c567c4cb2d2fa70f60da2f906b,智利甲,2026-08-23T16:00:00Z,La Serena,Cobresal,matchbook,spreads,Cobresal,away,away@0.75,0.75,1.89,2026-08-23T14:04:58Z
2026-08-23T14:05:22Z,248243c567c4cb2d2fa70f60da2f906b,智利甲,2026-08-23T16:00:00Z,La Serena,Cobresal,matchbook,spreads,La Serena,home,home@-0.75,-0.75,1.77,2026-08-23T14:04:58Z
2026-08-23T14:05:22Z,248243c567c4cb2d2fa70f60da2f906b,智利甲,2026-08-23T16:00:00Z,La Serena,Cobresal,matchbook,totals,Over,over,over@2.5,2.5,1.7,2026-08-23T14:04:58Z
2026-08-23T14:05:22Z,248243c567c4cb2d2fa70f60da2f906b,智利甲,2026-08-23T16:00:00Z,La Serena,Cobresal,matchbook,totals,Under,under,under@2.5,2.5,2.38,2026-08-23T14:04:58Z
2026-08-23T14:05:22Z,3a9435e979eddb5ef80dbf75b37028fb,意乙,2026-08-23T19:00:00Z,Palermo,Juve Stabia,sport888,h2h,Juve Stabia,away,away,,6.0,2026-08-23T14:04:08Z
2026-08-23T14:05:22Z,3a9435e979eddb5ef80dbf75b37028fb,意乙,2026-08-23T19:00:00Z,Palermo,Juve Stabia,sport888,h2h,Palermo,home,home,,1.53,2026-08-23T14:04:08Z
2026-08-23T14:05:22Z,3a9435e979eddb5ef80dbf75b37028fb,意乙,2026-08-23T19:00:00Z,Palermo,Juve Stabia,sport888,h2h,Draw,draw,draw,,3.75,2026-08-23T14:04:08Z
2026-08-23T14:05:22Z,3a9435e979eddb5ef80dbf75b37028fb,意乙,2026-08-23T19:00:00Z,Palermo,Juve Stabia,unibet_fr,h2h,Juve Stabia,away,away,,5.7,2026-08-23T14:04:33Z
2026-08-23T14:05:22Z,3a9435e979eddb5ef80dbf75b37028fb,意乙,2026-08-23T19:00:00Z,Palermo,Juve Stabia,unibet_fr,h2h,Palermo,home,home,,1.48,2026-08-23T14:04:33Z
2026-08-23T14:05:22Z,3a9435e979eddb5ef80dbf75b37028fb,意乙,2026-08-23T19:00:00Z,Palermo,Juve Stabia,unibet_fr,h2h,Draw,draw,draw,,3.7,2026-08-23T14:04:33Z
2026-08-23T14:05:22Z,3a9435e979eddb5ef80dbf75b37028fb,意乙,2026-08-23T19:00:00Z,Palermo,Juve Stabia,livescorebet,h2h,Juve Stabia,away,away,,5.75,2026-08-23T14:04:08Z
2026-08-23T14:05:22Z,3a9435e979eddb5ef80dbf75b37028fb,意乙,2026-08-23T19:00:00Z,Palermo,Juve Stabia,livescorebet,h2h,Palermo,home,home,,1.46,2026-08-23T14:04:08Z
2026-08-23T14:05:22Z,3a9435e979eddb5ef80dbf75b37028fb,意乙,2026-08-23T19:00:00Z,Palermo,Juve Stabia,livescorebet,h2h,Draw,draw,draw,,3.7,2026-08-23T14:04:08Z
2026-08-23T14:05:22Z,3a9435e979eddb5ef80dbf75b37028fb,意乙,2026-08-23T19:00:00Z,Palermo,Juve Stabia,grosvenor,h2h,Juve Stabia,away,away,,6.25,2026-08-23T14:04:09Z
2026-08-23T14:05:22Z,3a9435e979eddb5ef80dbf75b37028fb,意乙,2026-08-23T19:00:00Z,Palermo,Juve Stabia,grosvenor,h2h,Palermo,home,home,,1.51,2026-08-23T14:04:09Z
2026-08-23T14:05:22Z,3a9435e979eddb5ef80dbf75b37028fb,意乙,2026-08-23T19:00:00Z,Palermo,Juve Stabia,grosvenor,h2h,Draw,draw,draw,,3.95,2026-08-23T14:04:09Z
2026-08-23T14:05:22Z,3a9435e979eddb5ef80dbf75b37028fb,意乙,2026-08-23T19:00:00Z,Palermo,Juve Stabia,grosvenor,totals,Over,over,over@2.5,2.5,1.87,2026-08-23T14:04:09Z
2026-08-23T14:05:22Z,3a9435e979eddb5ef80dbf75b37028fb,意乙,2026-08-23T19:00:00Z,Palermo,Juve Stabia,grosvenor,totals,Under,under,under@2.5,2.5,1.8,2026-08-23T14:04:09Z
2026-08-23T14:05:22Z,3a9435e979eddb5ef80dbf75b37028fb,意乙,2026-08-23T19:00:00Z,Palermo,Juve Stabia,winamax_de,h2h,Juve Stabia,away,away,,5.6,2026-08-23T14:04:57Z
2026-08-23T14:05:22Z,3a9435e979eddb5ef80dbf75b37028fb,意乙,2026-08-23T19:00:00Z,Palermo,Juve Stabia,winamax_de,h2h,Palermo,home,home,,1.5,2026-08-23T14:04:57Z
2026-08-23T14:05:22Z,3a9435e979eddb5ef80dbf75b37028fb,意乙,2026-08-23T19:00:00Z,Palermo,Juve Stabia,winamax_de,h2h,Draw,draw,draw,,3.95,2026-08-23T14:04:57Z
2026-08-23T14:05:22Z,3a9435e979eddb5ef80dbf75b37028fb,意乙,2026-08-23T19:00:00Z,Palermo,Juve Stabia,winamax_fr,h2h,Juve Stabia,away,away,,5.4,2026-08-23T14:04:33Z
2026-08-23T14:05:22Z,3a9435e979eddb5ef80dbf75b37028fb,意乙,2026-08-23T19:00:00Z,Palermo,Juve Stabia,winamax_fr,h2h,Palermo,home,home,,1.49,2026-08-23T14:04:33Z
2026-08-23T14:05:22Z,3a9435e979eddb5ef80dbf75b37028fb,意乙,2026-08-23T19:00:00Z,Palermo,Juve Stabia,winamax_fr,h2h,Draw,draw,draw,,3.85,2026-08-23T14:04:33Z
2026-08-23T14:05:22Z,3a9435e979eddb5ef80dbf75b37028fb,意乙,2026-08-23T19:00:00Z,Palermo,Juve Stabia,unibet_nl,h2h,Juve Stabia,away,away,,6.25,2026-08-23T14:04:09Z
2026-08-23T14:05:22Z,3a9435e979eddb5ef80dbf75b37028fb,意乙,2026-08-23T19:00:00Z,Palermo,Juve Stabia,unibet_nl,h2h,Palermo,home,home,,1.51,2026-08-23T14:04:09Z
2026-08-23T14:05:22Z,3a9435e979eddb5ef80dbf75b37028fb,意乙,2026-08-23T19:00:00Z,Palermo,Juve Stabia,unibet_nl,h2h,Draw,draw,draw,,3.95,2026-08-23T14:04:09Z
2026-08-23T14:05:22Z,3a9435e979eddb5ef80dbf75b37028fb,意乙,2026-08-23T19:00:00Z,Palermo,Juve Stabia,unibet_nl,totals,Over,over,over@2.5,2.5,1.87,2026-08-23T14:04:09Z
2026-08-23T14:05:22Z,3a9435e979eddb5ef80dbf75b37028fb,意乙,2026-08-23T19:00:00Z,Palermo,Juve Stabia,unibet_nl,totals,Under,under,under@2.5,2.5,1.8,2026-08-23T14:04:09Z
2026-08-23T14:05:22Z,3a9435e979eddb5ef80dbf75b37028fb,意乙,2026-08-23T19:00:00Z,Palermo,Juve Stabia,betsson,h2h,Juve Stabia,away,away,,5.9,2026-08-23T14:04:36Z
2026-08-23T14:05:22Z,3a9435e979eddb5ef80dbf75b37028fb,意乙,2026-08-23T19:00:00Z,Palermo,Juve Stabia,betsson,h2h,Palermo,home,home,,1.52,2026-08-23T14:04:36Z
2026-08-23T14:05:22Z,3a9435e979eddb5ef80dbf75b37028fb,意乙,2026-08-23T19:00:00Z,Palermo,Juve Stabia,betsson,h2h,Draw,draw,draw,,3.8,2026-08-23T14:04:36Z
2026-08-23T14:05:22Z,3a9435e979eddb5ef80dbf75b37028fb,意乙,2026-08-23T19:00:00Z,Palermo,Juve Stabia,betsson,totals,Over,over,over@2.5,2.5,1.92,2026-08-23T14:04:36Z
2026-08-23T14:05:22Z,3a9435e979eddb5ef80dbf75b37028fb,意乙,2026-08-23T19:00:00Z,Palermo,Juve Stabia,betsson,totals,Under,under,under@2.5,2.5,1.78,2026-08-23T14:04:36Z
2026-08-23T14:05:22Z,3a9435e979eddb5ef80dbf75b37028fb,意乙,2026-08-23T19:00:00Z,Palermo,Juve Stabia,onexbet,h2h,Juve Stabia,away,away,,6.24,2026-08-23T14:04:09Z
2026-08-23T14:05:22Z,3a9435e979eddb5ef80dbf75b37028fb,意乙,2026-08-23T19:00:00Z,Palermo,Juve Stabia,onexbet,h2h,Palermo,home,home,,1.53,2026-08-23T14:04:09Z
2026-08-23T14:05:22Z,3a9435e979eddb5ef80dbf75b37028fb,意乙,2026-08-23T19:00:00Z,Palermo,Juve Stabia,onexbet,h2h,Draw,draw,draw,,3.94,2026-08-23T14:04:09Z
2026-08-23T14:05:22Z,3a9435e979eddb5ef80dbf75b37028fb,意乙,2026-08-23T19:00:00Z,Palermo,Juve Stabia,onexbet,spreads,Juve Stabia,away,away@1.5,1.5,1.47,2026-08-23T14:04:09Z
2026-08-23T14:05:22Z,3a9435e979eddb5ef80dbf75b37028fb,意乙,2026-08-23T19:00:00Z,Palermo,Juve Stabia,onexbet,spreads,Palermo,home,home@-1.5,-1.5,2.39,2026-08-23T14:04:09Z
2026-08-23T14:05:22Z,3a9435e979eddb5ef80dbf75b37028fb,意乙,2026-08-23T19:00:00Z,Palermo,Juve Stabia,onexbet,totals,Over,over,over@2.5,2.5,1.85,2026-08-23T14:04:09Z
2026-08-23T14:05:22Z,3a9435e979eddb5ef80dbf75b37028fb,意乙,2026-08-23T19:00:00Z,Palermo,Juve Stabia,onexbet,totals,Under,under,under@2.5,2.5,1.92,2026-08-23T14:04:09Z
2026-08-23T14:05:22Z,3a9435e979eddb5ef80dbf75b37028fb,意乙,2026-08-23T19:00:00Z,Palermo,Juve Stabia,pmu_fr,h2h,Juve Stabia,away,away,,5.6,2026-08-23T14:04:10Z
2026-08-23T14:05:22Z,3a9435e979eddb5ef80dbf75b37028fb,意乙,2026-08-23T19:00:00Z,Palermo,Juve Stabia,pmu_fr,h2h,Palermo,home,home,,1.41,2026-08-23T14:04:10Z
2026-08-23T14:05:22Z,3a9435e979eddb5ef80dbf75b37028fb,意乙,2026-08-23T19:00:00Z,Palermo,Juve Stabia,pmu_fr,h2h,Draw,draw,draw,,3.6,2026-08-23T14:04:10Z
2026-08-23T14:05:22Z,3a9435e979eddb5ef80dbf75b37028fb,意乙,2026-08-23T19:00:00Z,Palermo,Juve Stabia,pmu_fr,totals,Over,over,over@2.5,2.5,1.8,2026-08-23T14:04:10Z
2026-08-23T14:05:22Z,3a9435e979eddb5ef80dbf75b37028fb,意乙,2026-08-23T19:00:00Z,Palermo,Juve Stabia,pmu_fr,totals,Under,under,under@2.5,2.5,1.73,2026-08-23T14:04:10Z
2026-08-23T14:05:22Z,3a9435e979eddb5ef80dbf75b37028fb,意乙,2026-08-23T19:00:00Z,Palermo,Juve Stabia,coolbet,h2h,Juve Stabia,away,away,,6.25,2026-08-23T14:04:56Z
2026-08-23T14:05:22Z,3a9435e979eddb5ef80dbf75b37028fb,意乙,2026-08-23T19:00:00Z,Palermo,Juve Stabia,coolbet,h2h,Palermo,home,home,,1.56,2026-08-23T14:04:56Z
2026-08-23T14:05:22Z,3a9435e979eddb5ef80dbf75b37028fb,意乙,2026-08-23T19:00:00Z,Palermo,Juve Stabia,coolbet,h2h,Draw,draw,draw,,4.0,2026-08-23T14:04:56Z
2026-08-23T14:05:22Z,3a9435e979eddb5ef80dbf75b37028fb,意乙,2026-08-23T19:00:00Z,Palermo,Juve Stabia,coolbet,spreads,Juve Stabia,away,away@1.0,1.0,1.82,2026-08-23T14:04:56Z
2026-08-23T14:05:22Z,3a9435e979eddb5ef80dbf75b37028fb,意乙,2026-08-23T19:00:00Z,Palermo,Juve Stabia,coolbet,spreads,Palermo,home,home@-1.0,-1.0,1.96,2026-08-23T14:04:56Z
2026-08-23T14:05:22Z,3a9435e979eddb5ef80dbf75b37028fb,意乙,2026-08-23T19:00:00Z,Palermo,Juve Stabia,coolbet,totals,Over,over,over@2.5,2.5,1.98,2026-08-23T14:04:56Z
2026-08-23T14:05:22Z,3a9435e979eddb5ef80dbf75b37028fb,意乙,2026-08-23T19:00:00Z,Palermo,Juve Stabia,coolbet,totals,Under,under,under@2.5,2.5,1.8,2026-08-23T14:04:56Z
2026-08-23T14:05:22Z,3a9435e979eddb5ef80dbf75b37028fb,意乙,2026-08-23T19:00:00Z,Palermo,Juve Stabia,unibet_se,h2h,Juve Stabia,away,away,,6.25,2026-08-23T14:04:08Z
2026-08-23T14:05:22Z,3a9435e979eddb5ef80dbf75b37028fb,意乙,2026-08-23T19:00:00Z,Palermo,Juve Stabia,unibet_se,h2h,Palermo,home,home,,1.51,2026-08-23T14:04:08Z
2026-08-23T14:05:22Z,3a9435e979eddb5ef80dbf75b37028fb,意乙,2026-08-23T19:00:00Z,Palermo,Juve Stabia,unibet_se,h2h,Draw,draw,draw,,3.95,2026-08-23T14:04:08Z
2026-08-23T14:05:22Z,3a9435e979eddb5ef80dbf75b37028fb,意乙,2026-08-23T19:00:00Z,Palermo,Juve Stabia,unibet_se,totals,Over,over,over@2.5,2.5,1.87,2026-08-23T14:04:08Z
2026-08-23T14:05:22Z,3a9435e979eddb5ef80dbf75b37028fb,意乙,2026-08-23T19:00:00Z,Palermo,Juve Stabia,unibet_se,totals,Under,under,under@2.5,2.5,1.8,2026-08-23T14:04:08Z
2026-08-23T14:05:22Z,3a9435e979eddb5ef80dbf75b37028fb,意乙,2026-08-23T19:00:00Z,Palermo,Juve Stabia,boylesports,h2h,Juve Stabia,away,away,,5.5,2026-08-23T14:04:32Z
2026-08-23T14:05:22Z,3a9435e979eddb5ef80dbf75b37028fb,意乙,2026-08-23T19:00:00Z,Palermo,Juve Stabia,boylesports,h2h,Palermo,home,home,,1.5,2026-08-23T14:04:32Z
2026-08-23T14:05:22Z,3a9435e979eddb5ef80dbf75b37028fb,意乙,2026-08-23T19:00:00Z,Palermo,Juve Stabia,boylesports,h2h,Draw,draw,draw,,3.75,2026-08-23T14:04:32Z
2026-08-23T14:05:22Z,3a9435e979eddb5ef80dbf75b37028fb,意乙,2026-08-23T19:00:00Z,Palermo,Juve Stabia,casumo,h2h,Juve Stabia,away,away,,6.25,2026-08-23T14:04:09Z
2026-08-23T14:05:22Z,3a9435e979eddb5ef80dbf75b37028fb,意乙,2026-08-23T19:00:00Z,Palermo,Juve Stabia,casumo,h2h,Palermo,home,home,,1.51,2026-08-23T14:04:09Z
2026-08-23T14:05:22Z,3a9435e979eddb5ef80dbf75b37028fb,意乙,2026-08-23T19:00:00Z,Palermo,Juve Stabia,casumo,h2h,Draw,draw,draw,,3.95,2026-08-23T14:04:09Z
2026-08-23T14:05:22Z,3a9435e979eddb5ef80dbf75b37028fb,意乙,2026-08-23T19:00:00Z,Palermo,Juve Stabia,casumo,totals,Over,over,over@2.5,2.5,1.87,2026-08-23T14:04:09Z
2026-08-23T14:05:22Z,3a9435e979eddb5ef80dbf75b37028fb,意乙,2026-08-23T19:00:00Z,Palermo,Juve Stabia,casumo,totals,Under,under,under@2.5,2.5,1.8,2026-08-23T14:04:09Z
2026-08-23T14:05:22Z,3a9435e979eddb5ef80dbf75b37028fb,意乙,2026-08-23T19:00:00Z,Palermo,Juve Stabia,virginbet,h2h,Juve Stabia,away,away,,5.75,2026-08-23T14:04:08Z
2026-08-23T14:05:22Z,3a9435e979eddb5ef80dbf75b37028fb,意乙,2026-08-23T19:00:00Z,Palermo,Juve Stabia,virginbet,h2h,Palermo,home,home,,1.46,2026-08-23T14:04:08Z
2026-08-23T14:05:22Z,3a9435e979eddb5ef80dbf75b37028fb,意乙,2026-08-23T19:00:00Z,Palermo,Juve Stabia,virginbet,h2h,Draw,draw,draw,,3.7,2026-08-23T14:04:08Z
2026-08-23T14:05:22Z,3a9435e979eddb5ef80dbf75b37028fb,意乙,2026-08-23T19:00:00Z,Palermo,Juve Stabia,betclic_fr,h2h,Juve Stabia,away,away,,6.1,2026-08-23T14:03:13Z
2026-08-23T14:05:22Z,3a9435e979eddb5ef80dbf75b37028fb,意乙,2026-08-23T19:00:00Z,Palermo,Juve Stabia,betclic_fr,h2h,Palermo,home,home,,1.51,2026-08-23T14:03:13Z
2026-08-23T14:05:22Z,3a9435e979eddb5ef80dbf75b37028fb,意乙,2026-08-23T19:00:00Z,Palermo,Juve Stabia,betclic_fr,h2h,Draw,draw,draw,,3.98,2026-08-23T14:03:13Z
2026-08-23T14:05:22Z,3a9435e979eddb5ef80dbf75b37028fb,意乙,2026-08-23T19:00:00Z,Palermo,Juve Stabia,williamhill,h2h,Juve Stabia,away,away,,6.0,2026-08-23T14:04:10Z
2026-08-23T14:05:22Z,3a9435e979eddb5ef80dbf75b37028fb,意乙,2026-08-23T19:00:00Z,Palermo,Juve Stabia,williamhill,h2h,Palermo,home,home,,1.53,2026-08-23T14:04:10Z
2026-08-23T14:05:22Z,3a9435e979eddb5ef80dbf75b37028fb,意乙,2026-08-23T19:00:00Z,Palermo,Juve Stabia,williamhill,h2h,Draw,draw,draw,,3.75,2026-08-23T14:04:10Z
2026-08-23T14:05:22Z,3a9435e979eddb5ef80dbf75b37028fb,意乙,2026-08-23T19:00:00Z,Palermo,Juve Stabia,williamhill,totals,Over,over,over@2.5,2.5,1.95,2026-08-23T14:04:10Z
2026-08-23T14:05:22Z,3a9435e979eddb5ef80dbf75b37028fb,意乙,2026-08-23T19:00:00Z,Palermo,Juve Stabia,williamhill,totals,Under,under,under@2.5,2.5,1.75,2026-08-23T14:04:10Z
2026-08-23T14:05:22Z,3a9435e979eddb5ef80dbf75b37028fb,意乙,2026-08-23T19:00:00Z,Palermo,Juve Stabia,marathonbet,h2h,Juve Stabia,away,away,,6.4,2026-08-23T14:04:11Z
2026-08-23T14:05:22Z,3a9435e979eddb5ef80dbf75b37028fb,意乙,2026-08-23T19:00:00Z,Palermo,Juve Stabia,marathonbet,h2h,Palermo,home,home,,1.51,2026-08-23T14:04:11Z
2026-08-23T14:05:22Z,3a9435e979eddb5ef80dbf75b37028fb,意乙,2026-08-23T19:00:00Z,Palermo,Juve Stabia,marathonbet,h2h,Draw,draw,draw,,3.94,2026-08-23T14:04:11Z
2026-08-23T14:05:22Z,3a9435e979eddb5ef80dbf75b37028fb,意乙,2026-08-23T19:00:00Z,Palermo,Juve Stabia,nordicbet,h2h,Juve Stabia,away,away,,5.9,2026-08-23T14:04:32Z
2026-08-23T14:05:22Z,3a9435e979eddb5ef80dbf75b37028fb,意乙,2026-08-23T19:00:00Z,Palermo,Juve Stabia,nordicbet,h2h,Palermo,home,home,,1.52,2026-08-23T14:04:32Z
2026-08-23T14:05:22Z,3a9435e979eddb5ef80dbf75b37028fb,意乙,2026-08-23T19:00:00Z,Palermo,Juve Stabia,nordicbet,h2h,Draw,draw,draw,,3.8,2026-08-23T14:04:32Z
2026-08-23T14:05:22Z,3a9435e979eddb5ef80dbf75b37028fb,意乙,2026-08-23T19:00:00Z,Palermo,Juve Stabia,nordicbet,totals,Over,over,over@2.5,2.5,1.92,2026-08-23T14:04:32Z
2026-08-23T14:05:22Z,3a9435e979eddb5ef80dbf75b37028fb,意乙,2026-08-23T19:00:00Z,Palermo,Juve Stabia,nordicbet,totals,Under,under,under@2.5,2.5,1.78,2026-08-23T14:04:32Z
2026-08-23T14:05:22Z,3a9435e979eddb5ef80dbf75b37028fb,意乙,2026-08-23T19:00:00Z,Palermo,Juve Stabia,leovegas_se,h2h,Juve Stabia,away,away,,5.8,2026-08-23T14:04:10Z
2026-08-23T14:05:22Z,3a9435e979eddb5ef80dbf75b37028fb,意乙,2026-08-23T19:00:00Z,Palermo,Juve Stabia,leovegas_se,h2h,Palermo,home,home,,1.45,2026-08-23T14:04:10Z
2026-08-23T14:05:22Z,3a9435e979eddb5ef80dbf75b37028fb,意乙,2026-08-23T19:00:00Z,Palermo,Juve Stabia,leovegas_se,h2h,Draw,draw,draw,,3.75,2026-08-23T14:04:10Z
2026-08-23T14:05:22Z,3a9435e979eddb5ef80dbf75b37028fb,意乙,2026-08-23T19:00:00Z,Palermo,Juve Stabia,leovegas_se,totals,Over,over,over@2.5,2.5,1.87,2026-08-23T14:04:10Z
2026-08-23T14:05:22Z,3a9435e979eddb5ef80dbf75b37028fb,意乙,2026-08-23T19:00:00Z,Palermo,Juve Stabia,leovegas_se,totals,Under,under,under@2.5,2.5,1.8,2026-08-23T14:04:10Z
2026-08-23T14:05:22Z,3a9435e979eddb5ef80dbf75b37028fb,意乙,2026-08-23T19:00:00Z,Palermo,Juve Stabia,tipico_de,h2h,Juve Stabia,away,away,,6.7,2026-08-23T14:04:32Z
2026-08-23T14:05:22Z,3a9435e979eddb5ef80dbf75b37028fb,意乙,2026-08-23T19:00:00Z,Palermo,Juve Stabia,tipico_de,h2h,Palermo,home,home,,1.47,2026-08-23T14:04:32Z
2026-08-23T14:05:22Z,3a9435e979eddb5ef80dbf75b37028fb,意乙,2026-08-23T19:00:00Z,Palermo,Juve Stabia,tipico_de,h2h,Draw,draw,draw,,3.9,2026-08-23T14:04:32Z
2026-08-23T14:05:22Z,3a9435e979eddb5ef80dbf75b37028fb,意乙,2026-08-23T19:00:00Z,Palermo,Juve Stabia,tipico_de,totals,Over,over,over@2.5,2.5,1.85,2026-08-23T14:04:32Z
2026-08-23T14:05:22Z,3a9435e979eddb5ef80dbf75b37028fb,意乙,2026-08-23T19:00:00Z,Palermo,Juve Stabia,tipico_de,totals,Under,under,under@2.5,2.5,1.83,2026-08-23T14:04:32Z
2026-08-23T14:05:22Z,3a9435e979eddb5ef80dbf75b37028fb,意乙,2026-08-23T19:00:00Z,Palermo,Juve Stabia,pinnacle,h2h,Juve Stabia,away,away,,6.66,2026-08-23T14:04:55Z
2026-08-23T14:05:22Z,3a9435e979eddb5ef80dbf75b37028fb,意乙,2026-08-23T19:00:00Z,Palermo,Juve Stabia,pinnacle,h2h,Palermo,home,home,,1.55,2026-08-23T14:04:55Z
2026-08-23T14:05:22Z,3a9435e979eddb5ef80dbf75b37028fb,意乙,2026-08-23T19:00:00Z,Palermo,Juve Stabia,pinnacle,h2h,Draw,draw,draw,,4.05,2026-08-23T14:04:55Z
2026-08-23T14:05:22Z,3a9435e979eddb5ef80dbf75b37028fb,意乙,2026-08-23T19:00:00Z,Palermo,Juve Stabia,pinnacle,spreads,Juve Stabia,away,away@1.0,1.0,1.92,2026-08-23T14:04:55Z
2026-08-23T14:05:22Z,3a9435e979eddb5ef80dbf75b37028fb,意乙,2026-08-23T19:00:00Z,Palermo,Juve Stabia,pinnacle,spreads,Palermo,home,home@-1.0,-1.0,1.97,2026-08-23T14:04:55Z
2026-08-23T14:05:22Z,3a9435e979eddb5ef80dbf75b37028fb,意乙,2026-08-23T19:00:00Z,Palermo,Juve Stabia,pinnacle,totals,Over,over,over@2.5,2.5,1.96,2026-08-23T14:04:55Z
2026-08-23T14:05:22Z,3a9435e979eddb5ef80dbf75b37028fb,意乙,2026-08-23T19:00:00Z,Palermo,Juve Stabia,pinnacle,totals,Under,under,under@2.5,2.5,1.91,2026-08-23T14:04:55Z
2026-08-23T14:05:22Z,3a9435e979eddb5ef80dbf75b37028fb,意乙,2026-08-23T19:00:00Z,Palermo,Juve Stabia,coral,h2h,Juve Stabia,away,away,,5.25,2026-08-23T14:04:09Z
2026-08-23T14:05:22Z,3a9435e979eddb5ef80dbf75b37028fb,意乙,2026-08-23T19:00:00Z,Palermo,Juve Stabia,coral,h2h,Palermo,home,home,,1.53,2026-08-23T14:04:09Z
2026-08-23T14:05:22Z,3a9435e979eddb5ef80dbf75b37028fb,意乙,2026-08-23T19:00:00Z,Palermo,Juve Stabia,coral,h2h,Draw,draw,draw,,3.7,2026-08-23T14:04:09Z
2026-08-23T14:05:22Z,3a9435e979eddb5ef80dbf75b37028fb,意乙,2026-08-23T19:00:00Z,Palermo,Juve Stabia,ladbrokes_uk,h2h,Juve Stabia,away,away,,5.25,2026-08-23T14:04:56Z
2026-08-23T14:05:22Z,3a9435e979eddb5ef80dbf75b37028fb,意乙,2026-08-23T19:00:00Z,Palermo,Juve Stabia,ladbrokes_uk,h2h,Palermo,home,home,,1.53,2026-08-23T14:04:56Z
2026-08-23T14:05:22Z,3a9435e979eddb5ef80dbf75b37028fb,意乙,2026-08-23T19:00:00Z,Palermo,Juve Stabia,ladbrokes_uk,h2h,Draw,draw,draw,,3.7,2026-08-23T14:04:56Z
2026-08-23T14:05:22Z,3a9435e979eddb5ef80dbf75b37028fb,意乙,2026-08-23T19:00:00Z,Palermo,Juve Stabia,codere_it,h2h,Juve Stabia,away,away,,6.2,2026-08-23T14:04:11Z
2026-08-23T14:05:22Z,3a9435e979eddb5ef80dbf75b37028fb,意乙,2026-08-23T19:00:00Z,Palermo,Juve Stabia,codere_it,h2h,Palermo,home,home,,1.56,2026-08-23T14:04:11Z
2026-08-23T14:05:22Z,3a9435e979eddb5ef80dbf75b37028fb,意乙,2026-08-23T19:00:00Z,Palermo,Juve Stabia,codere_it,h2h,Draw,draw,draw,,4.1,2026-08-23T14:04:11Z
2026-08-23T14:05:22Z,3a9435e979eddb5ef80dbf75b37028fb,意乙,2026-08-23T19:00:00Z,Palermo,Juve Stabia,codere_it,totals,Over,over,over@2.5,2.5,1.91,2026-08-23T14:04:11Z
2026-08-23T14:05:22Z,3a9435e979eddb5ef80dbf75b37028fb,意乙,2026-08-23T19:00:00Z,Palermo,Juve Stabia,codere_it,totals,Under,under,under@2.5,2.5,1.76,2026-08-23T14:04:11Z
2026-08-23T14:05:22Z,3a9435e979eddb5ef80dbf75b37028fb,意乙,2026-08-23T19:00:00Z,Palermo,Juve Stabia,betfred_uk,h2h,Juve Stabia,away,away,,6.0,2026-08-23T14:04:09Z
2026-08-23T14:05:22Z,3a9435e979eddb5ef80dbf75b37028fb,意乙,2026-08-23T19:00:00Z,Palermo,Juve Stabia,betfred_uk,h2h,Palermo,home,home,,1.53,2026-08-23T14:04:09Z
2026-08-23T14:05:22Z,3a9435e979eddb5ef80dbf75b37028fb,意乙,2026-08-23T19:00:00Z,Palermo,Juve Stabia,betfred_uk,h2h,Draw,draw,draw,,3.75,2026-08-23T14:04:09Z
2026-08-23T14:05:22Z,3a9435e979eddb5ef80dbf75b37028fb,意乙,2026-08-23T19:00:00Z,Palermo,Juve Stabia,smarkets,h2h,Juve Stabia,away,away,,7.0,2026-08-23T14:04:55Z
2026-08-23T14:05:22Z,3a9435e979eddb5ef80dbf75b37028fb,意乙,2026-08-23T19:00:00Z,Palermo,Juve Stabia,smarkets,h2h,Palermo,home,home,,1.6,2026-08-23T14:04:55Z
2026-08-23T14:05:22Z,3a9435e979eddb5ef80dbf75b37028fb,意乙,2026-08-23T19:00:00Z,Palermo,Juve Stabia,smarkets,h2h,Draw,draw,draw,,4.1,2026-08-23T14:04:55Z
2026-08-23T14:05:22Z,3a9435e979eddb5ef80dbf75b37028fb,意乙,2026-08-23T19:00:00Z,Palermo,Juve Stabia,betonlineag,h2h,Juve Stabia,away,away,,6.2,2026-08-23T14:04:09Z
2026-08-23T14:05:22Z,3a9435e979eddb5ef80dbf75b37028fb,意乙,2026-08-23T19:00:00Z,Palermo,Juve Stabia,betonlineag,h2h,Palermo,home,home,,1.52,2026-08-23T14:04:09Z
2026-08-23T14:05:22Z,3a9435e979eddb5ef80dbf75b37028fb,意乙,2026-08-23T19:00:00Z,Palermo,Juve Stabia,betonlineag,h2h,Draw,draw,draw,,3.95,2026-08-23T14:04:09Z
2026-08-23T14:05:22Z,3a9435e979eddb5ef80dbf75b37028fb,意乙,2026-08-23T19:00:00Z,Palermo,Juve Stabia,betonlineag,spreads,Juve Stabia,away,away@1.0,1.0,1.88,2026-08-23T14:04:09Z
2026-08-23T14:05:22Z,3a9435e979eddb5ef80dbf75b37028fb,意乙,2026-08-23T19:00:00Z,Palermo,Juve Stabia,betonlineag,spreads,Palermo,home,home@-1.0,-1.0,1.94,2026-08-23T14:04:09Z
2026-08-23T14:05:22Z,3a9435e979eddb5ef80dbf75b37028fb,意乙,2026-08-23T19:00:00Z,Palermo,Juve Stabia,betonlineag,totals,Over,over,over@2.25,2.25,1.75,2026-08-23T14:04:09Z
2026-08-23T14:05:22Z,3a9435e979eddb5ef80dbf75b37028fb,意乙,2026-08-23T19:00:00Z,Palermo,Juve Stabia,betonlineag,totals,Under,under,under@2.25,2.25,2.13,2026-08-23T14:04:09Z
2026-08-23T14:05:22Z,3a9435e979eddb5ef80dbf75b37028fb,意乙,2026-08-23T19:00:00Z,Palermo,Juve Stabia,betway,h2h,Juve Stabia,away,away,,6.0,2026-08-23T14:04:57Z
2026-08-23T14:05:22Z,3a9435e979eddb5ef80dbf75b37028fb,意乙,2026-08-23T19:00:00Z,Palermo,Juve Stabia,betway,h2h,Palermo,home,home,,1.5,2026-08-23T14:04:57Z
2026-08-23T14:05:22Z,3a9435e979eddb5ef80dbf75b37028fb,意乙,2026-08-23T19:00:00Z,Palermo,Juve Stabia,betway,h2h,Draw,draw,draw,,4.0,2026-08-23T14:04:57Z
2026-08-23T14:05:22Z,3a9435e979eddb5ef80dbf75b37028fb,意乙,2026-08-23T19:00:00Z,Palermo,Juve Stabia,skybet,h2h,Juve Stabia,away,away,,5.75,2026-08-23T14:04:09Z
2026-08-23T14:05:22Z,3a9435e979eddb5ef80dbf75b37028fb,意乙,2026-08-23T19:00:00Z,Palermo,Juve Stabia,skybet,h2h,Palermo,home,home,,1.5,2026-08-23T14:04:09Z
2026-08-23T14:05:22Z,3a9435e979eddb5ef80dbf75b37028fb,意乙,2026-08-23T19:00:00Z,Palermo,Juve Stabia,skybet,h2h,Draw,draw,draw,,3.6,2026-08-23T14:04:09Z
2026-08-23T14:05:22Z,3a9435e979eddb5ef80dbf75b37028fb,意乙,2026-08-23T19:00:00Z,Palermo,Juve Stabia,paddypower,h2h,Juve Stabia,away,away,,6.0,2026-08-23T14:03:45Z
2026-08-23T14:05:22Z,3a9435e979eddb5ef80dbf75b37028fb,意乙,2026-08-23T19:00:00Z,Palermo,Juve Stabia,paddypower,h2h,Palermo,home,home,,1.5,2026-08-23T14:03:45Z
2026-08-23T14:05:22Z,3a9435e979eddb5ef80dbf75b37028fb,意乙,2026-08-23T19:00:00Z,Palermo,Juve Stabia,paddypower,h2h,Draw,draw,draw,,3.75,2026-08-23T14:03:45Z
2026-08-23T14:05:22Z,3a9435e979eddb5ef80dbf75b37028fb,意乙,2026-08-23T19:00:00Z,Palermo,Juve Stabia,betano_uk,h2h,Juve Stabia,away,away,,6.0,2026-08-23T14:05:08Z
2026-08-23T14:05:22Z,3a9435e979eddb5ef80dbf75b37028fb,意乙,2026-08-23T19:00:00Z,Palermo,Juve Stabia,betano_uk,h2h,Palermo,home,home,,1.5,2026-08-23T14:05:08Z
2026-08-23T14:05:22Z,3a9435e979eddb5ef80dbf75b37028fb,意乙,2026-08-23T19:00:00Z,Palermo,Juve Stabia,betano_uk,h2h,Draw,draw,draw,,3.8,2026-08-23T14:05:08Z
2026-08-23T14:05:22Z,3a9435e979eddb5ef80dbf75b37028fb,意乙,2026-08-23T19:00:00Z,Palermo,Juve Stabia,betvictor,h2h,Juve Stabia,away,away,,6.0,2026-08-23T14:04:25Z
2026-08-23T14:05:22Z,3a9435e979eddb5ef80dbf75b37028fb,意乙,2026-08-23T19:00:00Z,Palermo,Juve Stabia,betvictor,h2h,Palermo,home,home,,1.5,2026-08-23T14:04:25Z
2026-08-23T14:05:22Z,3a9435e979eddb5ef80dbf75b37028fb,意乙,2026-08-23T19:00:00Z,Palermo,Juve Stabia,betvictor,h2h,Draw,draw,draw,,3.8,2026-08-23T14:04:25Z
2026-08-23T14:05:22Z,3a9435e979eddb5ef80dbf75b37028fb,意乙,2026-08-23T19:00:00Z,Palermo,Juve Stabia,betfair_ex_uk,h2h,Juve Stabia,away,away,,7.0,2026-08-23T14:04:56Z
2026-08-23T14:05:22Z,3a9435e979eddb5ef80dbf75b37028fb,意乙,2026-08-23T19:00:00Z,Palermo,Juve Stabia,betfair_ex_uk,h2h,Palermo,home,home,,1.6,2026-08-23T14:04:56Z
2026-08-23T14:05:22Z,3a9435e979eddb5ef80dbf75b37028fb,意乙,2026-08-23T19:00:00Z,Palermo,Juve Stabia,betfair_ex_uk,h2h,Draw,draw,draw,,4.1,2026-08-23T14:04:56Z
2026-08-23T14:05:22Z,3a9435e979eddb5ef80dbf75b37028fb,意乙,2026-08-23T19:00:00Z,Palermo,Juve Stabia,betfair_ex_eu,h2h,Juve Stabia,away,away,,7.0,2026-08-23T14:04:32Z
2026-08-23T14:05:22Z,3a9435e979eddb5ef80dbf75b37028fb,意乙,2026-08-23T19:00:00Z,Palermo,Juve Stabia,betfair_ex_eu,h2h,Palermo,home,home,,1.6,2026-08-23T14:04:32Z
2026-08-23T14:05:22Z,3a9435e979eddb5ef80dbf75b37028fb,意乙,2026-08-23T19:00:00Z,Palermo,Juve Stabia,betfair_ex_eu,h2h,Draw,draw,draw,,4.1,2026-08-23T14:04:32Z
2026-08-23T14:05:22Z,3a9435e979eddb5ef80dbf75b37028fb,意乙,2026-08-23T19:00:00Z,Palermo,Juve Stabia,unibet_uk,h2h,Juve Stabia,away,away,,6.0,2026-08-23T14:04:34Z
2026-08-23T14:05:22Z,3a9435e979eddb5ef80dbf75b37028fb,意乙,2026-08-23T19:00:00Z,Palermo,Juve Stabia,unibet_uk,h2h,Palermo,home,home,,1.54,2026-08-23T14:04:34Z
2026-08-23T14:05:22Z,3a9435e979eddb5ef80dbf75b37028fb,意乙,2026-08-23T19:00:00Z,Palermo,Juve Stabia,unibet_uk,h2h,Draw,draw,draw,,4.0,2026-08-23T14:04:34Z
2026-08-23T14:05:22Z,3a9435e979eddb5ef80dbf75b37028fb,意乙,2026-08-23T19:00:00Z,Palermo,Juve Stabia,matchbook,h2h,Juve Stabia,away,away,,7.0,2026-08-23T14:04:56Z
2026-08-23T14:05:22Z,3a9435e979eddb5ef80dbf75b37028fb,意乙,2026-08-23T19:00:00Z,Palermo,Juve Stabia,matchbook,h2h,Palermo,home,home,,1.6,2026-08-23T14:04:56Z
2026-08-23T14:05:22Z,3a9435e979eddb5ef80dbf75b37028fb,意乙,2026-08-23T19:00:00Z,Palermo,Juve Stabia,matchbook,h2h,Draw,draw,draw,,4.1,2026-08-23T14:04:56Z
2026-08-23T14:05:22Z,3a9435e979eddb5ef80dbf75b37028fb,意乙,2026-08-23T19:00:00Z,Palermo,Juve Stabia,matchbook,spreads,Juve Stabia,away,away@1.0,1.0,1.91,2026-08-23T14:04:56Z
2026-08-23T14:05:22Z,3a9435e979eddb5ef80dbf75b37028fb,意乙,2026-08-23T19:00:00Z,Palermo,Juve Stabia,matchbook,spreads,Palermo,home,home@-1.0,-1.0,2.04,2026-08-23T14:04:56Z
2026-08-23T14:05:22Z,3a9435e979eddb5ef80dbf75b37028fb,意乙,2026-08-23T19:00:00Z,Palermo,Juve Stabia,matchbook,totals,Over,over,over@2.5,2.5,2.06,2026-08-23T14:04:56Z
2026-08-23T14:05:22Z,3a9435e979eddb5ef80dbf75b37028fb,意乙,2026-08-23T19:00:00Z,Palermo,Juve Stabia,matchbook,totals,Under,under,under@2.5,2.5,1.91,2026-08-23T14:04:56Z
2026-08-23T14:05:22Z,3a9435e979eddb5ef80dbf75b37028fb,意乙,2026-08-23T19:00:00Z,Palermo,Juve Stabia,betfair_sb_uk,h2h,Juve Stabia,away,away,,6.5,2026-08-23T14:04:55Z
2026-08-23T14:05:22Z,3a9435e979eddb5ef80dbf75b37028fb,意乙,2026-08-23T19:00:00Z,Palermo,Juve Stabia,betfair_sb_uk,h2h,Palermo,home,home,,1.5,2026-08-23T14:04:55Z
2026-08-23T14:05:22Z,3a9435e979eddb5ef80dbf75b37028fb,意乙,2026-08-23T19:00:00Z,Palermo,Juve Stabia,betfair_sb_uk,h2h,Draw,draw,draw,,3.8,2026-08-23T14:04:55Z
2026-08-23T14:05:22Z,78ca56174779e66665543752d1db98b4,巴甲,2026-08-23T21:30:00Z,Chapecoense,Sao Paulo,coolbet,h2h,Chapecoense,home,home,,3.78,2026-08-23T14:04:52Z
2026-08-23T14:05:22Z,78ca56174779e66665543752d1db98b4,巴甲,2026-08-23T21:30:00Z,Chapecoense,Sao Paulo,coolbet,h2h,Sao Paulo,away,away,,2.09,2026-08-23T14:04:52Z
2026-08-23T14:05:22Z,78ca56174779e66665543752d1db98b4,巴甲,2026-08-23T21:30:00Z,Chapecoense,Sao Paulo,coolbet,h2h,Draw,draw,draw,,3.26,2026-08-23T14:04:52Z
2026-08-23T14:05:22Z,78ca56174779e66665543752d1db98b4,巴甲,2026-08-23T21:30:00Z,Chapecoense,Sao Paulo,coolbet,spreads,Chapecoense,home,home@1.0,1.0,1.33,2026-08-23T14:04:52Z
2026-08-23T14:05:22Z,78ca56174779e66665543752d1db98b4,巴甲,2026-08-23T21:30:00Z,Chapecoense,Sao Paulo,coolbet,spreads,Sao Paulo,away,away@-1.0,-1.0,3.05,2026-08-23T14:04:52Z
2026-08-23T14:05:22Z,78ca56174779e66665543752d1db98b4,巴甲,2026-08-23T21:30:00Z,Chapecoense,Sao Paulo,coolbet,totals,Over,over,over@2.5,2.5,2.13,2026-08-23T14:04:52Z
2026-08-23T14:05:22Z,78ca56174779e66665543752d1db98b4,巴甲,2026-08-23T21:30:00Z,Chapecoense,Sao Paulo,coolbet,totals,Under,under,under@2.5,2.5,1.72,2026-08-23T14:04:52Z
2026-08-23T14:05:22Z,78ca56174779e66665543752d1db98b4,巴甲,2026-08-23T21:30:00Z,Chapecoense,Sao Paulo,onexbet,h2h,Chapecoense,home,home,,3.75,2026-08-23T14:04:50Z
2026-08-23T14:05:22Z,78ca56174779e66665543752d1db98b4,巴甲,2026-08-23T21:30:00Z,Chapecoense,Sao Paulo,onexbet,h2h,Sao Paulo,away,away,,2.1,2026-08-23T14:04:50Z
2026-08-23T14:05:22Z,78ca56174779e66665543752d1db98b4,巴甲,2026-08-23T21:30:00Z,Chapecoense,Sao Paulo,onexbet,h2h,Draw,draw,draw,,3.33,2026-08-23T14:04:50Z
2026-08-23T14:05:22Z,78ca56174779e66665543752d1db98b4,巴甲,2026-08-23T21:30:00Z,Chapecoense,Sao Paulo,onexbet,spreads,Chapecoense,home,home@0.0,0.0,2.67,2026-08-23T14:04:50Z
2026-08-23T14:05:22Z,78ca56174779e66665543752d1db98b4,巴甲,2026-08-23T21:30:00Z,Chapecoense,Sao Paulo,onexbet,spreads,Sao Paulo,away,away@0.0,0.0,1.5,2026-08-23T14:04:50Z
2026-08-23T14:05:22Z,78ca56174779e66665543752d1db98b4,巴甲,2026-08-23T21:30:00Z,Chapecoense,Sao Paulo,onexbet,totals,Over,over,over@2.5,2.5,2.17,2026-08-23T14:04:50Z
2026-08-23T14:05:22Z,78ca56174779e66665543752d1db98b4,巴甲,2026-08-23T21:30:00Z,Chapecoense,Sao Paulo,onexbet,totals,Under,under,under@2.5,2.5,1.72,2026-08-23T14:04:50Z
2026-08-23T14:05:22Z,78ca56174779e66665543752d1db98b4,巴甲,2026-08-23T21:30:00Z,Chapecoense,Sao Paulo,winamax_fr,h2h,Chapecoense,home,home,,3.35,2026-08-23T14:04:30Z
2026-08-23T14:05:22Z,78ca56174779e66665543752d1db98b4,巴甲,2026-08-23T21:30:00Z,Chapecoense,Sao Paulo,winamax_fr,h2h,Sao Paulo,away,away,,1.94,2026-08-23T14:04:30Z
2026-08-23T14:05:22Z,78ca56174779e66665543752d1db98b4,巴甲,2026-08-23T21:30:00Z,Chapecoense,Sao Paulo,winamax_fr,h2h,Draw,draw,draw,,3.2,2026-08-23T14:04:30Z
2026-08-23T14:05:22Z,78ca56174779e66665543752d1db98b4,巴甲,2026-08-23T21:30:00Z,Chapecoense,Sao Paulo,winamax_de,h2h,Chapecoense,home,home,,3.4,2026-08-23T14:04:52Z
2026-08-23T14:05:22Z,78ca56174779e66665543752d1db98b4,巴甲,2026-08-23T21:30:00Z,Chapecoense,Sao Paulo,winamax_de,h2h,Sao Paulo,away,away,,1.98,2026-08-23T14:04:52Z
2026-08-23T14:05:22Z,78ca56174779e66665543752d1db98b4,巴甲,2026-08-23T21:30:00Z,Chapecoense,Sao Paulo,winamax_de,h2h,Draw,draw,draw,,3.25,2026-08-23T14:04:52Z
2026-08-23T14:05:22Z,78ca56174779e66665543752d1db98b4,巴甲,2026-08-23T21:30:00Z,Chapecoense,Sao Paulo,paddypower,h2h,Chapecoense,home,home,,3.5,2026-08-23T14:03:41Z
2026-08-23T14:05:22Z,78ca56174779e66665543752d1db98b4,巴甲,2026-08-23T21:30:00Z,Chapecoense,Sao Paulo,paddypower,h2h,Sao Paulo,away,away,,2.0,2026-08-23T14:03:41Z
2026-08-23T14:05:22Z,78ca56174779e66665543752d1db98b4,巴甲,2026-08-23T21:30:00Z,Chapecoense,Sao Paulo,paddypower,h2h,Draw,draw,draw,,3.3,2026-08-23T14:03:41Z
2026-08-23T14:05:22Z,78ca56174779e66665543752d1db98b4,巴甲,2026-08-23T21:30:00Z,Chapecoense,Sao Paulo,codere_it,h2h,Chapecoense,home,home,,3.65,2026-08-23T14:04:51Z
2026-08-23T14:05:22Z,78ca56174779e66665543752d1db98b4,巴甲,2026-08-23T21:30:00Z,Chapecoense,Sao Paulo,codere_it,h2h,Sao Paulo,away,away,,2.06,2026-08-23T14:04:51Z
2026-08-23T14:05:22Z,78ca56174779e66665543752d1db98b4,巴甲,2026-08-23T21:30:00Z,Chapecoense,Sao Paulo,codere_it,h2h,Draw,draw,draw,,3.35,2026-08-23T14:04:51Z
2026-08-23T14:05:22Z,78ca56174779e66665543752d1db98b4,巴甲,2026-08-23T21:30:00Z,Chapecoense,Sao Paulo,codere_it,totals,Over,over,over@2.5,2.5,2.06,2026-08-23T14:04:51Z
2026-08-23T14:05:22Z,78ca56174779e66665543752d1db98b4,巴甲,2026-08-23T21:30:00Z,Chapecoense,Sao Paulo,codere_it,totals,Under,under,under@2.5,2.5,1.66,2026-08-23T14:04:51Z
2026-08-23T14:05:22Z,78ca56174779e66665543752d1db98b4,巴甲,2026-08-23T21:30:00Z,Chapecoense,Sao Paulo,williamhill,h2h,Chapecoense,home,home,,3.5,2026-08-23T14:05:16Z
2026-08-23T14:05:22Z,78ca56174779e66665543752d1db98b4,巴甲,2026-08-23T21:30:00Z,Chapecoense,Sao Paulo,williamhill,h2h,Sao Paulo,away,away,,2.0,2026-08-23T14:05:16Z
2026-08-23T14:05:22Z,78ca56174779e66665543752d1db98b4,巴甲,2026-08-23T21:30:00Z,Chapecoense,Sao Paulo,williamhill,h2h,Draw,draw,draw,,3.2,2026-08-23T14:05:16Z
2026-08-23T14:05:22Z,78ca56174779e66665543752d1db98b4,巴甲,2026-08-23T21:30:00Z,Chapecoense,Sao Paulo,williamhill,totals,Over,over,over@2.5,2.5,2.05,2026-08-23T14:05:16Z
2026-08-23T14:05:22Z,78ca56174779e66665543752d1db98b4,巴甲,2026-08-23T21:30:00Z,Chapecoense,Sao Paulo,williamhill,totals,Under,under,under@2.5,2.5,1.73,2026-08-23T14:05:16Z
2026-08-23T14:05:22Z,78ca56174779e66665543752d1db98b4,巴甲,2026-08-23T21:30:00Z,Chapecoense,Sao Paulo,boylesports,h2h,Chapecoense,home,home,,3.5,2026-08-23T14:04:29Z
2026-08-23T14:05:22Z,78ca56174779e66665543752d1db98b4,巴甲,2026-08-23T21:30:00Z,Chapecoense,Sao Paulo,boylesports,h2h,Sao Paulo,away,away,,2.0,2026-08-23T14:04:29Z
2026-08-23T14:05:22Z,78ca56174779e66665543752d1db98b4,巴甲,2026-08-23T21:30:00Z,Chapecoense,Sao Paulo,boylesports,h2h,Draw,draw,draw,,3.25,2026-08-23T14:04:29Z
2026-08-23T14:05:22Z,78ca56174779e66665543752d1db98b4,巴甲,2026-08-23T21:30:00Z,Chapecoense,Sao Paulo,sport888,h2h,Chapecoense,home,home,,3.5,2026-08-23T14:04:51Z
2026-08-23T14:05:22Z,78ca56174779e66665543752d1db98b4,巴甲,2026-08-23T21:30:00Z,Chapecoense,Sao Paulo,sport888,h2h,Sao Paulo,away,away,,2.0,2026-08-23T14:04:51Z
2026-08-23T14:05:22Z,78ca56174779e66665543752d1db98b4,巴甲,2026-08-23T21:30:00Z,Chapecoense,Sao Paulo,sport888,h2h,Draw,draw,draw,,3.2,2026-08-23T14:04:51Z
2026-08-23T14:05:22Z,78ca56174779e66665543752d1db98b4,巴甲,2026-08-23T21:30:00Z,Chapecoense,Sao Paulo,unibet_fr,h2h,Chapecoense,home,home,,3.55,2026-08-23T14:05:16Z
2026-08-23T14:05:22Z,78ca56174779e66665543752d1db98b4,巴甲,2026-08-23T21:30:00Z,Chapecoense,Sao Paulo,unibet_fr,h2h,Sao Paulo,away,away,,1.92,2026-08-23T14:05:16Z
2026-08-23T14:05:22Z,78ca56174779e66665543752d1db98b4,巴甲,2026-08-23T21:30:00Z,Chapecoense,Sao Paulo,unibet_fr,h2h,Draw,draw,draw,,3.25,2026-08-23T14:05:16Z
2026-08-23T14:05:22Z,78ca56174779e66665543752d1db98b4,巴甲,2026-08-23T21:30:00Z,Chapecoense,Sao Paulo,betsson,h2h,Chapecoense,home,home,,3.7,2026-08-23T14:04:53Z
2026-08-23T14:05:22Z,78ca56174779e66665543752d1db98b4,巴甲,2026-08-23T21:30:00Z,Chapecoense,Sao Paulo,betsson,h2h,Sao Paulo,away,away,,2.02,2026-08-23T14:04:53Z
2026-08-23T14:05:22Z,78ca56174779e66665543752d1db98b4,巴甲,2026-08-23T21:30:00Z,Chapecoense,Sao Paulo,betsson,h2h,Draw,draw,draw,,3.15,2026-08-23T14:04:53Z
2026-08-23T14:05:22Z,78ca56174779e66665543752d1db98b4,巴甲,2026-08-23T21:30:00Z,Chapecoense,Sao Paulo,betsson,totals,Over,over,over@2.5,2.5,2.12,2026-08-23T14:04:53Z
2026-08-23T14:05:22Z,78ca56174779e66665543752d1db98b4,巴甲,2026-08-23T21:30:00Z,Chapecoense,Sao Paulo,betsson,totals,Under,under,under@2.5,2.5,1.65,2026-08-23T14:04:53Z
2026-08-23T14:05:22Z,78ca56174779e66665543752d1db98b4,巴甲,2026-08-23T21:30:00Z,Chapecoense,Sao Paulo,leovegas,h2h,Chapecoense,home,home,,3.7,2026-08-23T14:04:52Z
2026-08-23T14:05:22Z,78ca56174779e66665543752d1db98b4,巴甲,2026-08-23T21:30:00Z,Chapecoense,Sao Paulo,leovegas,h2h,Sao Paulo,away,away,,2.05,2026-08-23T14:04:52Z
2026-08-23T14:05:22Z,78ca56174779e66665543752d1db98b4,巴甲,2026-08-23T21:30:00Z,Chapecoense,Sao Paulo,leovegas,h2h,Draw,draw,draw,,3.3,2026-08-23T14:04:52Z
2026-08-23T14:05:22Z,78ca56174779e66665543752d1db98b4,巴甲,2026-08-23T21:30:00Z,Chapecoense,Sao Paulo,leovegas,totals,Over,over,over@2.5,2.5,2.1,2026-08-23T14:04:52Z
2026-08-23T14:05:22Z,78ca56174779e66665543752d1db98b4,巴甲,2026-08-23T21:30:00Z,Chapecoense,Sao Paulo,leovegas,totals,Under,under,under@2.5,2.5,1.7,2026-08-23T14:04:52Z
2026-08-23T14:05:22Z,78ca56174779e66665543752d1db98b4,巴甲,2026-08-23T21:30:00Z,Chapecoense,Sao Paulo,skybet,h2h,Chapecoense,home,home,,3.4,2026-08-23T14:04:51Z
2026-08-23T14:05:22Z,78ca56174779e66665543752d1db98b4,巴甲,2026-08-23T21:30:00Z,Chapecoense,Sao Paulo,skybet,h2h,Sao Paulo,away,away,,1.95,2026-08-23T14:04:51Z
2026-08-23T14:05:22Z,78ca56174779e66665543752d1db98b4,巴甲,2026-08-23T21:30:00Z,Chapecoense,Sao Paulo,skybet,h2h,Draw,draw,draw,,3.1,2026-08-23T14:04:51Z
2026-08-23T14:05:22Z,78ca56174779e66665543752d1db98b4,巴甲,2026-08-23T21:30:00Z,Chapecoense,Sao Paulo,nordicbet,h2h,Chapecoense,home,home,,3.7,2026-08-23T14:04:52Z
2026-08-23T14:05:22Z,78ca56174779e66665543752d1db98b4,巴甲,2026-08-23T21:30:00Z,Chapecoense,Sao Paulo,nordicbet,h2h,Sao Paulo,away,away,,2.02,2026-08-23T14:04:52Z
2026-08-23T14:05:22Z,78ca56174779e66665543752d1db98b4,巴甲,2026-08-23T21:30:00Z,Chapecoense,Sao Paulo,nordicbet,h2h,Draw,draw,draw,,3.15,2026-08-23T14:04:52Z
2026-08-23T14:05:22Z,78ca56174779e66665543752d1db98b4,巴甲,2026-08-23T21:30:00Z,Chapecoense,Sao Paulo,nordicbet,totals,Over,over,over@2.5,2.5,2.12,2026-08-23T14:04:52Z
2026-08-23T14:05:22Z,78ca56174779e66665543752d1db98b4,巴甲,2026-08-23T21:30:00Z,Chapecoense,Sao Paulo,nordicbet,totals,Under,under,under@2.5,2.5,1.65,2026-08-23T14:04:52Z
2026-08-23T14:05:22Z,78ca56174779e66665543752d1db98b4,巴甲,2026-08-23T21:30:00Z,Chapecoense,Sao Paulo,betclic_fr,h2h,Chapecoense,home,home,,3.63,2026-08-23T14:05:15Z
2026-08-23T14:05:22Z,78ca56174779e66665543752d1db98b4,巴甲,2026-08-23T21:30:00Z,Chapecoense,Sao Paulo,betclic_fr,h2h,Sao Paulo,away,away,,1.98,2026-08-23T14:05:15Z
2026-08-23T14:05:22Z,78ca56174779e66665543752d1db98b4,巴甲,2026-08-23T21:30:00Z,Chapecoense,Sao Paulo,betclic_fr,h2h,Draw,draw,draw,,3.32,2026-08-23T14:05:15Z
2026-08-23T14:05:22Z,78ca56174779e66665543752d1db98b4,巴甲,2026-08-23T21:30:00Z,Chapecoense,Sao Paulo,marathonbet,h2h,Chapecoense,home,home,,3.7,2026-08-23T14:04:51Z
2026-08-23T14:05:22Z,78ca56174779e66665543752d1db98b4,巴甲,2026-08-23T21:30:00Z,Chapecoense,Sao Paulo,marathonbet,h2h,Sao Paulo,away,away,,2.03,2026-08-23T14:04:51Z
2026-08-23T14:05:22Z,78ca56174779e66665543752d1db98b4,巴甲,2026-08-23T21:30:00Z,Chapecoense,Sao Paulo,marathonbet,h2h,Draw,draw,draw,,3.24,2026-08-23T14:04:51Z
2026-08-23T14:05:22Z,78ca56174779e66665543752d1db98b4,巴甲,2026-08-23T21:30:00Z,Chapecoense,Sao Paulo,casumo,h2h,Chapecoense,home,home,,3.5,2026-08-23T14:04:52Z
2026-08-23T14:05:22Z,78ca56174779e66665543752d1db98b4,巴甲,2026-08-23T21:30:00Z,Chapecoense,Sao Paulo,casumo,h2h,Sao Paulo,away,away,,2.08,2026-08-23T14:04:52Z
2026-08-23T14:05:22Z,78ca56174779e66665543752d1db98b4,巴甲,2026-08-23T21:30:00Z,Chapecoense,Sao Paulo,casumo,h2h,Draw,draw,draw,,3.25,2026-08-23T14:04:52Z
2026-08-23T14:05:22Z,78ca56174779e66665543752d1db98b4,巴甲,2026-08-23T21:30:00Z,Chapecoense,Sao Paulo,casumo,totals,Over,over,over@2.5,2.5,2.05,2026-08-23T14:04:52Z
2026-08-23T14:05:22Z,78ca56174779e66665543752d1db98b4,巴甲,2026-08-23T21:30:00Z,Chapecoense,Sao Paulo,casumo,totals,Under,under,under@2.5,2.5,1.74,2026-08-23T14:04:52Z
2026-08-23T14:05:22Z,78ca56174779e66665543752d1db98b4,巴甲,2026-08-23T21:30:00Z,Chapecoense,Sao Paulo,virginbet,h2h,Chapecoense,home,home,,3.3,2026-08-23T14:04:51Z
2026-08-23T14:05:22Z,78ca56174779e66665543752d1db98b4,巴甲,2026-08-23T21:30:00Z,Chapecoense,Sao Paulo,virginbet,h2h,Sao Paulo,away,away,,2.0,2026-08-23T14:04:51Z
2026-08-23T14:05:22Z,78ca56174779e66665543752d1db98b4,巴甲,2026-08-23T21:30:00Z,Chapecoense,Sao Paulo,virginbet,h2h,Draw,draw,draw,,3.05,2026-08-23T14:04:51Z
2026-08-23T14:05:22Z,78ca56174779e66665543752d1db98b4,巴甲,2026-08-23T21:30:00Z,Chapecoense,Sao Paulo,unibet_nl,h2h,Chapecoense,home,home,,3.5,2026-08-23T14:04:28Z
2026-08-23T14:05:22Z,78ca56174779e66665543752d1db98b4,巴甲,2026-08-23T21:30:00Z,Chapecoense,Sao Paulo,unibet_nl,h2h,Sao Paulo,away,away,,2.08,2026-08-23T14:04:28Z
2026-08-23T14:05:22Z,78ca56174779e66665543752d1db98b4,巴甲,2026-08-23T21:30:00Z,Chapecoense,Sao Paulo,unibet_nl,h2h,Draw,draw,draw,,3.25,2026-08-23T14:04:28Z
2026-08-23T14:05:22Z,78ca56174779e66665543752d1db98b4,巴甲,2026-08-23T21:30:00Z,Chapecoense,Sao Paulo,unibet_nl,totals,Over,over,over@2.5,2.5,2.05,2026-08-23T14:04:28Z
2026-08-23T14:05:22Z,78ca56174779e66665543752d1db98b4,巴甲,2026-08-23T21:30:00Z,Chapecoense,Sao Paulo,unibet_nl,totals,Under,under,under@2.5,2.5,1.74,2026-08-23T14:04:28Z
2026-08-23T14:05:22Z,78ca56174779e66665543752d1db98b4,巴甲,2026-08-23T21:30:00Z,Chapecoense,Sao Paulo,livescorebet,h2h,Chapecoense,home,home,,3.3,2026-08-23T14:04:28Z
2026-08-23T14:05:22Z,78ca56174779e66665543752d1db98b4,巴甲,2026-08-23T21:30:00Z,Chapecoense,Sao Paulo,livescorebet,h2h,Sao Paulo,away,away,,2.0,2026-08-23T14:04:28Z
2026-08-23T14:05:22Z,78ca56174779e66665543752d1db98b4,巴甲,2026-08-23T21:30:00Z,Chapecoense,Sao Paulo,livescorebet,h2h,Draw,draw,draw,,3.05,2026-08-23T14:04:28Z
2026-08-23T14:05:22Z,78ca56174779e66665543752d1db98b4,巴甲,2026-08-23T21:30:00Z,Chapecoense,Sao Paulo,grosvenor,h2h,Chapecoense,home,home,,3.5,2026-08-23T14:04:28Z
2026-08-23T14:05:22Z,78ca56174779e66665543752d1db98b4,巴甲,2026-08-23T21:30:00Z,Chapecoense,Sao Paulo,grosvenor,h2h,Sao Paulo,away,away,,2.08,2026-08-23T14:04:28Z
2026-08-23T14:05:22Z,78ca56174779e66665543752d1db98b4,巴甲,2026-08-23T21:30:00Z,Chapecoense,Sao Paulo,grosvenor,h2h,Draw,draw,draw,,3.25,2026-08-23T14:04:28Z
2026-08-23T14:05:22Z,78ca56174779e66665543752d1db98b4,巴甲,2026-08-23T21:30:00Z,Chapecoense,Sao Paulo,grosvenor,totals,Over,over,over@2.5,2.5,2.05,2026-08-23T14:04:28Z
2026-08-23T14:05:22Z,78ca56174779e66665543752d1db98b4,巴甲,2026-08-23T21:30:00Z,Chapecoense,Sao Paulo,grosvenor,totals,Under,under,under@2.5,2.5,1.74,2026-08-23T14:04:28Z
2026-08-23T14:05:22Z,78ca56174779e66665543752d1db98b4,巴甲,2026-08-23T21:30:00Z,Chapecoense,Sao Paulo,pmu_fr,h2h,Chapecoense,home,home,,3.35,2026-08-23T14:04:30Z
2026-08-23T14:05:22Z,78ca56174779e66665543752d1db98b4,巴甲,2026-08-23T21:30:00Z,Chapecoense,Sao Paulo,pmu_fr,h2h,Sao Paulo,away,away,,2.02,2026-08-23T14:04:30Z
2026-08-23T14:05:22Z,78ca56174779e66665543752d1db98b4,巴甲,2026-08-23T21:30:00Z,Chapecoense,Sao Paulo,pmu_fr,h2h,Draw,draw,draw,,3.1,2026-08-23T14:04:30Z
2026-08-23T14:05:22Z,78ca56174779e66665543752d1db98b4,巴甲,2026-08-23T21:30:00Z,Chapecoense,Sao Paulo,pmu_fr,totals,Over,over,over@2.5,2.5,1.92,2026-08-23T14:04:30Z
2026-08-23T14:05:22Z,78ca56174779e66665543752d1db98b4,巴甲,2026-08-23T21:30:00Z,Chapecoense,Sao Paulo,pmu_fr,totals,Under,under,under@2.5,2.5,1.63,2026-08-23T14:04:30Z
2026-08-23T14:05:22Z,78ca56174779e66665543752d1db98b4,巴甲,2026-08-23T21:30:00Z,Chapecoense,Sao Paulo,leovegas_se,h2h,Chapecoense,home,home,,3.35,2026-08-23T14:04:52Z
2026-08-23T14:05:22Z,78ca56174779e66665543752d1db98b4,巴甲,2026-08-23T21:30:00Z,Chapecoense,Sao Paulo,leovegas_se,h2h,Sao Paulo,away,away,,2.02,2026-08-23T14:04:52Z
2026-08-23T14:05:22Z,78ca56174779e66665543752d1db98b4,巴甲,2026-08-23T21:30:00Z,Chapecoense,Sao Paulo,leovegas_se,h2h,Draw,draw,draw,,3.1,2026-08-23T14:04:52Z
2026-08-23T14:05:22Z,78ca56174779e66665543752d1db98b4,巴甲,2026-08-23T21:30:00Z,Chapecoense,Sao Paulo,leovegas_se,totals,Over,over,over@2.5,2.5,2.0,2026-08-23T14:04:52Z
2026-08-23T14:05:22Z,78ca56174779e66665543752d1db98b4,巴甲,2026-08-23T21:30:00Z,Chapecoense,Sao Paulo,leovegas_se,totals,Under,under,under@2.5,2.5,1.7,2026-08-23T14:04:52Z
2026-08-23T14:05:22Z,78ca56174779e66665543752d1db98b4,巴甲,2026-08-23T21:30:00Z,Chapecoense,Sao Paulo,unibet_se,h2h,Chapecoense,home,home,,3.5,2026-08-23T14:04:51Z
2026-08-23T14:05:22Z,78ca56174779e66665543752d1db98b4,巴甲,2026-08-23T21:30:00Z,Chapecoense,Sao Paulo,unibet_se,h2h,Sao Paulo,away,away,,2.08,2026-08-23T14:04:51Z
2026-08-23T14:05:22Z,78ca56174779e66665543752d1db98b4,巴甲,2026-08-23T21:30:00Z,Chapecoense,Sao Paulo,unibet_se,h2h,Draw,draw,draw,,3.25,2026-08-23T14:04:51Z
2026-08-23T14:05:22Z,78ca56174779e66665543752d1db98b4,巴甲,2026-08-23T21:30:00Z,Chapecoense,Sao Paulo,unibet_se,totals,Over,over,over@2.5,2.5,2.05,2026-08-23T14:04:51Z
2026-08-23T14:05:22Z,78ca56174779e66665543752d1db98b4,巴甲,2026-08-23T21:30:00Z,Chapecoense,Sao Paulo,unibet_se,totals,Under,under,under@2.5,2.5,1.74,2026-08-23T14:04:51Z
2026-08-23T14:05:22Z,78ca56174779e66665543752d1db98b4,巴甲,2026-08-23T21:30:00Z,Chapecoense,Sao Paulo,smarkets,h2h,Chapecoense,home,home,,3.95,2026-08-23T14:05:16Z
2026-08-23T14:05:22Z,78ca56174779e66665543752d1db98b4,巴甲,2026-08-23T21:30:00Z,Chapecoense,Sao Paulo,smarkets,h2h,Sao Paulo,away,away,,2.12,2026-08-23T14:05:16Z
2026-08-23T14:05:22Z,78ca56174779e66665543752d1db98b4,巴甲,2026-08-23T21:30:00Z,Chapecoense,Sao Paulo,smarkets,h2h,Draw,draw,draw,,3.4,2026-08-23T14:05:16Z
2026-08-23T14:05:22Z,78ca56174779e66665543752d1db98b4,巴甲,2026-08-23T21:30:00Z,Chapecoense,Sao Paulo,betfred_uk,h2h,Chapecoense,home,home,,3.5,2026-08-23T14:04:51Z
2026-08-23T14:05:22Z,78ca56174779e66665543752d1db98b4,巴甲,2026-08-23T21:30:00Z,Chapecoense,Sao Paulo,betfred_uk,h2h,Sao Paulo,away,away,,2.0,2026-08-23T14:04:51Z
2026-08-23T14:05:22Z,78ca56174779e66665543752d1db98b4,巴甲,2026-08-23T21:30:00Z,Chapecoense,Sao Paulo,betfred_uk,h2h,Draw,draw,draw,,3.3,2026-08-23T14:04:51Z
2026-08-23T14:05:22Z,78ca56174779e66665543752d1db98b4,巴甲,2026-08-23T21:30:00Z,Chapecoense,Sao Paulo,mybookieag,h2h,Chapecoense,home,home,,3.65,2026-08-23T14:03:19Z
2026-08-23T14:05:22Z,78ca56174779e66665543752d1db98b4,巴甲,2026-08-23T21:30:00Z,Chapecoense,Sao Paulo,mybookieag,h2h,Sao Paulo,away,away,,2.06,2026-08-23T14:03:19Z
2026-08-23T14:05:22Z,78ca56174779e66665543752d1db98b4,巴甲,2026-08-23T21:30:00Z,Chapecoense,Sao Paulo,mybookieag,h2h,Draw,draw,draw,,3.32,2026-08-23T14:03:19Z
2026-08-23T14:05:22Z,78ca56174779e66665543752d1db98b4,巴甲,2026-08-23T21:30:00Z,Chapecoense,Sao Paulo,mybookieag,spreads,Chapecoense,home,home@0.5,0.5,1.75,2026-08-23T14:03:19Z
2026-08-23T14:05:22Z,78ca56174779e66665543752d1db98b4,巴甲,2026-08-23T21:30:00Z,Chapecoense,Sao Paulo,mybookieag,spreads,Sao Paulo,away,away@-0.5,-0.5,2.01,2026-08-23T14:03:19Z
2026-08-23T14:05:22Z,78ca56174779e66665543752d1db98b4,巴甲,2026-08-23T21:30:00Z,Chapecoense,Sao Paulo,mybookieag,totals,Over,over,over@2.5,2.5,2.1,2026-08-23T14:03:19Z
2026-08-23T14:05:22Z,78ca56174779e66665543752d1db98b4,巴甲,2026-08-23T21:30:00Z,Chapecoense,Sao Paulo,mybookieag,totals,Under,under,under@2.5,2.5,1.68,2026-08-23T14:03:19Z
2026-08-23T14:05:22Z,78ca56174779e66665543752d1db98b4,巴甲,2026-08-23T21:30:00Z,Chapecoense,Sao Paulo,ladbrokes_uk,h2h,Chapecoense,home,home,,3.5,2026-08-23T14:04:51Z
2026-08-23T14:05:22Z,78ca56174779e66665543752d1db98b4,巴甲,2026-08-23T21:30:00Z,Chapecoense,Sao Paulo,ladbrokes_uk,h2h,Sao Paulo,away,away,,2.1,2026-08-23T14:04:51Z
2026-08-23T14:05:22Z,78ca56174779e66665543752d1db98b4,巴甲,2026-08-23T21:30:00Z,Chapecoense,Sao Paulo,ladbrokes_uk,h2h,Draw,draw,draw,,3.3,2026-08-23T14:04:51Z
2026-08-23T14:05:22Z,78ca56174779e66665543752d1db98b4,巴甲,2026-08-23T21:30:00Z,Chapecoense,Sao Paulo,betvictor,h2h,Chapecoense,home,home,,3.7,2026-08-23T14:04:21Z
2026-08-23T14:05:22Z,78ca56174779e66665543752d1db98b4,巴甲,2026-08-23T21:30:00Z,Chapecoense,Sao Paulo,betvictor,h2h,Sao Paulo,away,away,,2.05,2026-08-23T14:04:21Z
2026-08-23T14:05:22Z,78ca56174779e66665543752d1db98b4,巴甲,2026-08-23T21:30:00Z,Chapecoense,Sao Paulo,betvictor,h2h,Draw,draw,draw,,3.3,2026-08-23T14:04:21Z
2026-08-23T14:05:22Z,78ca56174779e66665543752d1db98b4,巴甲,2026-08-23T21:30:00Z,Chapecoense,Sao Paulo,betano_uk,h2h,Chapecoense,home,home,,3.7,2026-08-23T14:05:05Z
2026-08-23T14:05:22Z,78ca56174779e66665543752d1db98b4,巴甲,2026-08-23T21:30:00Z,Chapecoense,Sao Paulo,betano_uk,h2h,Sao Paulo,away,away,,2.05,2026-08-23T14:05:05Z
2026-08-23T14:05:22Z,78ca56174779e66665543752d1db98b4,巴甲,2026-08-23T21:30:00Z,Chapecoense,Sao Paulo,betano_uk,h2h,Draw,draw,draw,,3.3,2026-08-23T14:05:05Z
2026-08-23T14:05:22Z,78ca56174779e66665543752d1db98b4,巴甲,2026-08-23T21:30:00Z,Chapecoense,Sao Paulo,pinnacle,h2h,Chapecoense,home,home,,3.82,2026-08-23T14:05:16Z
2026-08-23T14:05:22Z,78ca56174779e66665543752d1db98b4,巴甲,2026-08-23T21:30:00Z,Chapecoense,Sao Paulo,pinnacle,h2h,Sao Paulo,away,away,,2.11,2026-08-23T14:05:16Z
2026-08-23T14:05:22Z,78ca56174779e66665543752d1db98b4,巴甲,2026-08-23T21:30:00Z,Chapecoense,Sao Paulo,pinnacle,h2h,Draw,draw,draw,,3.36,2026-08-23T14:05:16Z
2026-08-23T14:05:22Z,78ca56174779e66665543752d1db98b4,巴甲,2026-08-23T21:30:00Z,Chapecoense,Sao Paulo,pinnacle,spreads,Chapecoense,home,home@0.25,0.25,2.11,2026-08-23T14:05:16Z
2026-08-23T14:05:22Z,78ca56174779e66665543752d1db98b4,巴甲,2026-08-23T21:30:00Z,Chapecoense,Sao Paulo,pinnacle,spreads,Sao Paulo,away,away@-0.25,-0.25,1.81,2026-08-23T14:05:16Z
2026-08-23T14:05:22Z,78ca56174779e66665543752d1db98b4,巴甲,2026-08-23T21:30:00Z,Chapecoense,Sao Paulo,pinnacle,totals,Over,over,over@2.25,2.25,1.93,2026-08-23T14:05:16Z
2026-08-23T14:05:22Z,78ca56174779e66665543752d1db98b4,巴甲,2026-08-23T21:30:00Z,Chapecoense,Sao Paulo,pinnacle,totals,Under,under,under@2.25,2.25,1.95,2026-08-23T14:05:16Z
2026-08-23T14:05:22Z,78ca56174779e66665543752d1db98b4,巴甲,2026-08-23T21:30:00Z,Chapecoense,Sao Paulo,coral,h2h,Chapecoense,home,home,,3.6,2026-08-23T14:04:05Z
2026-08-23T14:05:22Z,78ca56174779e66665543752d1db98b4,巴甲,2026-08-23T21:30:00Z,Chapecoense,Sao Paulo,coral,h2h,Sao Paulo,away,away,,2.1,2026-08-23T14:04:05Z
2026-08-23T14:05:22Z,78ca56174779e66665543752d1db98b4,巴甲,2026-08-23T21:30:00Z,Chapecoense,Sao Paulo,coral,h2h,Draw,draw,draw,,3.3,2026-08-23T14:04:05Z
2026-08-23T14:05:22Z,78ca56174779e66665543752d1db98b4,巴甲,2026-08-23T21:30:00Z,Chapecoense,Sao Paulo,unibet_uk,h2h,Chapecoense,home,home,,3.6,2026-08-23T14:04:30Z
2026-08-23T14:05:22Z,78ca56174779e66665543752d1db98b4,巴甲,2026-08-23T21:30:00Z,Chapecoense,Sao Paulo,unibet_uk,h2h,Sao Paulo,away,away,,2.05,2026-08-23T14:04:30Z
2026-08-23T14:05:22Z,78ca56174779e66665543752d1db98b4,巴甲,2026-08-23T21:30:00Z,Chapecoense,Sao Paulo,unibet_uk,h2h,Draw,draw,draw,,3.3,2026-08-23T14:04:30Z
2026-08-23T14:05:22Z,78ca56174779e66665543752d1db98b4,巴甲,2026-08-23T21:30:00Z,Chapecoense,Sao Paulo,matchbook,h2h,Chapecoense,home,home,,4.1,2026-08-23T14:05:16Z
2026-08-23T14:05:22Z,78ca56174779e66665543752d1db98b4,巴甲,2026-08-23T21:30:00Z,Chapecoense,Sao Paulo,matchbook,h2h,Sao Paulo,away,away,,2.12,2026-08-23T14:05:16Z
2026-08-23T14:05:22Z,78ca56174779e66665543752d1db98b4,巴甲,2026-08-23T21:30:00Z,Chapecoense,Sao Paulo,matchbook,h2h,Draw,draw,draw,,3.4,2026-08-23T14:05:16Z
2026-08-23T14:05:22Z,78ca56174779e66665543752d1db98b4,巴甲,2026-08-23T21:30:00Z,Chapecoense,Sao Paulo,matchbook,spreads,Chapecoense,home,home@0.5,0.5,1.84,2026-08-23T14:05:16Z
2026-08-23T14:05:22Z,78ca56174779e66665543752d1db98b4,巴甲,2026-08-23T21:30:00Z,Chapecoense,Sao Paulo,matchbook,spreads,Sao Paulo,away,away@-0.5,-0.5,2.12,2026-08-23T14:05:16Z
2026-08-23T14:05:22Z,78ca56174779e66665543752d1db98b4,巴甲,2026-08-23T21:30:00Z,Chapecoense,Sao Paulo,matchbook,totals,Over,over,over@2.5,2.5,2.32,2026-08-23T14:05:16Z
2026-08-23T14:05:22Z,78ca56174779e66665543752d1db98b4,巴甲,2026-08-23T21:30:00Z,Chapecoense,Sao Paulo,matchbook,totals,Under,under,under@2.5,2.5,1.73,2026-08-23T14:05:16Z
2026-08-23T14:05:22Z,78ca56174779e66665543752d1db98b4,巴甲,2026-08-23T21:30:00Z,Chapecoense,Sao Paulo,gtbets,h2h,Chapecoense,home,home,,3.63,2026-08-23T14:04:28Z
2026-08-23T14:05:22Z,78ca56174779e66665543752d1db98b4,巴甲,2026-08-23T21:30:00Z,Chapecoense,Sao Paulo,gtbets,h2h,Sao Paulo,away,away,,2.07,2026-08-23T14:04:28Z
2026-08-23T14:05:22Z,78ca56174779e66665543752d1db98b4,巴甲,2026-08-23T21:30:00Z,Chapecoense,Sao Paulo,gtbets,h2h,Draw,draw,draw,,3.33,2026-08-23T14:04:28Z
2026-08-23T14:05:22Z,78ca56174779e66665543752d1db98b4,巴甲,2026-08-23T21:30:00Z,Chapecoense,Sao Paulo,gtbets,spreads,Chapecoense,home,home@0.5,0.5,1.74,2026-08-23T14:04:28Z
2026-08-23T14:05:22Z,78ca56174779e66665543752d1db98b4,巴甲,2026-08-23T21:30:00Z,Chapecoense,Sao Paulo,gtbets,spreads,Sao Paulo,away,away@-0.5,-0.5,2.07,2026-08-23T14:04:28Z
2026-08-23T14:05:22Z,78ca56174779e66665543752d1db98b4,巴甲,2026-08-23T21:30:00Z,Chapecoense,Sao Paulo,gtbets,totals,Over,over,over@2.5,2.5,2.13,2026-08-23T14:04:28Z
2026-08-23T14:05:22Z,78ca56174779e66665543752d1db98b4,巴甲,2026-08-23T21:30:00Z,Chapecoense,Sao Paulo,gtbets,totals,Under,under,under@2.5,2.5,1.68,2026-08-23T14:04:28Z
2026-08-23T14:05:22Z,78ca56174779e66665543752d1db98b4,巴甲,2026-08-23T21:30:00Z,Chapecoense,Sao Paulo,tipico_de,h2h,Chapecoense,home,home,,3.9,2026-08-23T14:04:52Z
2026-08-23T14:05:22Z,78ca56174779e66665543752d1db98b4,巴甲,2026-08-23T21:30:00Z,Chapecoense,Sao Paulo,tipico_de,h2h,Sao Paulo,away,away,,1.93,2026-08-23T14:04:52Z
2026-08-23T14:05:22Z,78ca56174779e66665543752d1db98b4,巴甲,2026-08-23T21:30:00Z,Chapecoense,Sao Paulo,tipico_de,h2h,Draw,draw,draw,,3.2,2026-08-23T14:04:52Z
2026-08-23T14:05:22Z,78ca56174779e66665543752d1db98b4,巴甲,2026-08-23T21:30:00Z,Chapecoense,Sao Paulo,tipico_de,totals,Over,over,over@2.5,2.5,2.05,2026-08-23T14:04:52Z
2026-08-23T14:05:22Z,78ca56174779e66665543752d1db98b4,巴甲,2026-08-23T21:30:00Z,Chapecoense,Sao Paulo,tipico_de,totals,Under,under,under@2.5,2.5,1.67,2026-08-23T14:04:52Z
2026-08-23T14:05:22Z,78ca56174779e66665543752d1db98b4,巴甲,2026-08-23T21:30:00Z,Chapecoense,Sao Paulo,betfair_sb_uk,h2h,Chapecoense,home,home,,3.6,2026-08-23T14:04:28Z
2026-08-23T14:05:22Z,78ca56174779e66665543752d1db98b4,巴甲,2026-08-23T21:30:00Z,Chapecoense,Sao Paulo,betfair_sb_uk,h2h,Sao Paulo,away,away,,2.0,2026-08-23T14:04:28Z
2026-08-23T14:05:22Z,78ca56174779e66665543752d1db98b4,巴甲,2026-08-23T21:30:00Z,Chapecoense,Sao Paulo,betfair_sb_uk,h2h,Draw,draw,draw,,3.3,2026-08-23T14:04:28Z
2026-08-23T14:05:22Z,78ca56174779e66665543752d1db98b4,巴甲,2026-08-23T21:30:00Z,Chapecoense,Sao Paulo,betonlineag,h2h,Chapecoense,home,home,,3.8,2026-08-23T14:04:50Z
2026-08-23T14:05:22Z,78ca56174779e66665543752d1db98b4,巴甲,2026-08-23T21:30:00Z,Chapecoense,Sao Paulo,betonlineag,h2h,Sao Paulo,away,away,,2.11,2026-08-23T14:04:50Z
2026-08-23T14:05:22Z,78ca56174779e66665543752d1db98b4,巴甲,2026-08-23T21:30:00Z,Chapecoense,Sao Paulo,betonlineag,h2h,Draw,draw,draw,,3.36,2026-08-23T14:04:50Z
2026-08-23T14:05:22Z,78ca56174779e66665543752d1db98b4,巴甲,2026-08-23T21:30:00Z,Chapecoense,Sao Paulo,betonlineag,spreads,Chapecoense,home,home@0.5,0.5,1.76,2026-08-23T14:04:50Z
2026-08-23T14:05:22Z,78ca56174779e66665543752d1db98b4,巴甲,2026-08-23T21:30:00Z,Chapecoense,Sao Paulo,betonlineag,spreads,Sao Paulo,away,away@-0.5,-0.5,2.11,2026-08-23T14:04:50Z
2026-08-23T14:05:22Z,78ca56174779e66665543752d1db98b4,巴甲,2026-08-23T21:30:00Z,Chapecoense,Sao Paulo,betonlineag,totals,Over,over,over@2.5,2.5,2.2,2026-08-23T14:04:50Z
2026-08-23T14:05:22Z,78ca56174779e66665543752d1db98b4,巴甲,2026-08-23T21:30:00Z,Chapecoense,Sao Paulo,betonlineag,totals,Under,under,under@2.5,2.5,1.71,2026-08-23T14:04:50Z
2026-08-23T14:05:22Z,78ca56174779e66665543752d1db98b4,巴甲,2026-08-23T21:30:00Z,Chapecoense,Sao Paulo,betway,h2h,Chapecoense,home,home,,3.6,2026-08-23T14:05:18Z
2026-08-23T14:05:22Z,78ca56174779e66665543752d1db98b4,巴甲,2026-08-23T21:30:00Z,Chapecoense,Sao Paulo,betway,h2h,Sao Paulo,away,away,,2.05,2026-08-23T14:05:18Z
2026-08-23T14:05:22Z,78ca56174779e66665543752d1db98b4,巴甲,2026-08-23T21:30:00Z,Chapecoense,Sao Paulo,betway,h2h,Draw,draw,draw,,3.3,2026-08-23T14:05:18Z
2026-08-23T14:05:22Z,78ca56174779e66665543752d1db98b4,巴甲,2026-08-23T21:30:00Z,Chapecoense,Sao Paulo,betanysports,h2h,Chapecoense,home,home,,3.8,2026-08-23T14:04:27Z
2026-08-23T14:05:22Z,78ca56174779e66665543752d1db98b4,巴甲,2026-08-23T21:30:00Z,Chapecoense,Sao Paulo,betanysports,h2h,Sao Paulo,away,away,,2.11,2026-08-23T14:04:27Z
2026-08-23T14:05:22Z,78ca56174779e66665543752d1db98b4,巴甲,2026-08-23T21:30:00Z,Chapecoense,Sao Paulo,betanysports,h2h,Draw,draw,draw,,3.36,2026-08-23T14:04:27Z
2026-08-23T14:05:22Z,78ca56174779e66665543752d1db98b4,巴甲,2026-08-23T21:30:00Z,Chapecoense,Sao Paulo,betanysports,spreads,Chapecoense,home,home@0.5,0.5,1.76,2026-08-23T14:04:27Z
2026-08-23T14:05:22Z,78ca56174779e66665543752d1db98b4,巴甲,2026-08-23T21:30:00Z,Chapecoense,Sao Paulo,betanysports,spreads,Sao Paulo,away,away@-0.5,-0.5,2.01,2026-08-23T14:04:27Z
2026-08-23T14:05:22Z,78ca56174779e66665543752d1db98b4,巴甲,2026-08-23T21:30:00Z,Chapecoense,Sao Paulo,betanysports,totals,Over,over,over@2.5,2.5,2.1,2026-08-23T14:04:27Z
2026-08-23T14:05:22Z,78ca56174779e66665543752d1db98b4,巴甲,2026-08-23T21:30:00Z,Chapecoense,Sao Paulo,betanysports,totals,Under,under,under@2.5,2.5,1.71,2026-08-23T14:04:27Z
2026-08-23T14:05:22Z,78ca56174779e66665543752d1db98b4,巴甲,2026-08-23T21:30:00Z,Chapecoense,Sao Paulo,betfair_ex_eu,h2h,Chapecoense,home,home,,3.95,2026-08-23T14:05:18Z
2026-08-23T14:05:22Z,78ca56174779e66665543752d1db98b4,巴甲,2026-08-23T21:30:00Z,Chapecoense,Sao Paulo,betfair_ex_eu,h2h,Sao Paulo,away,away,,2.12,2026-08-23T14:05:18Z
2026-08-23T14:05:22Z,78ca56174779e66665543752d1db98b4,巴甲,2026-08-23T21:30:00Z,Chapecoense,Sao Paulo,betfair_ex_eu,h2h,Draw,draw,draw,,3.4,2026-08-23T14:05:18Z
2026-08-23T14:05:22Z,78ca56174779e66665543752d1db98b4,巴甲,2026-08-23T21:30:00Z,Chapecoense,Sao Paulo,betfair_ex_uk,h2h,Chapecoense,home,home,,3.95,2026-08-23T14:05:16Z
2026-08-23T14:05:22Z,78ca56174779e66665543752d1db98b4,巴甲,2026-08-23T21:30:00Z,Chapecoense,Sao Paulo,betfair_ex_uk,h2h,Sao Paulo,away,away,,2.12,2026-08-23T14:05:16Z
2026-08-23T14:05:22Z,78ca56174779e66665543752d1db98b4,巴甲,2026-08-23T21:30:00Z,Chapecoense,Sao Paulo,betfair_ex_uk,h2h,Draw,draw,draw,,3.4,2026-08-23T14:05:16Z
2026-08-23T14:05:22Z,ea99934e318b2a1a4e57993d0edd5b84,墨超,2026-08-24T01:00:00Z,Pumas,Necaxa,casumo,h2h,Necaxa,away,away,,3.65,2026-08-23T14:04:10Z
2026-08-23T14:05:22Z,ea99934e318b2a1a4e57993d0edd5b84,墨超,2026-08-24T01:00:00Z,Pumas,Necaxa,casumo,h2h,Pumas,home,home,,1.88,2026-08-23T14:04:10Z
2026-08-23T14:05:22Z,ea99934e318b2a1a4e57993d0edd5b84,墨超,2026-08-24T01:00:00Z,Pumas,Necaxa,casumo,h2h,Draw,draw,draw,,3.55,2026-08-23T14:04:10Z
2026-08-23T14:05:22Z,ea99934e318b2a1a4e57993d0edd5b84,墨超,2026-08-24T01:00:00Z,Pumas,Necaxa,casumo,totals,Over,over,over@2.5,2.5,1.66,2026-08-23T14:04:10Z
2026-08-23T14:05:22Z,ea99934e318b2a1a4e57993d0edd5b84,墨超,2026-08-24T01:00:00Z,Pumas,Necaxa,casumo,totals,Under,under,under@2.5,2.5,2.1,2026-08-23T14:04:10Z
2026-08-23T14:05:22Z,ea99934e318b2a1a4e57993d0edd5b84,墨超,2026-08-24T01:00:00Z,Pumas,Necaxa,unibet_nl,h2h,Necaxa,away,away,,3.65,2026-08-23T14:04:11Z
2026-08-23T14:05:22Z,ea99934e318b2a1a4e57993d0edd5b84,墨超,2026-08-24T01:00:00Z,Pumas,Necaxa,unibet_nl,h2h,Pumas,home,home,,1.88,2026-08-23T14:04:11Z
2026-08-23T14:05:22Z,ea99934e318b2a1a4e57993d0edd5b84,墨超,2026-08-24T01:00:00Z,Pumas,Necaxa,unibet_nl,h2h,Draw,draw,draw,,3.55,2026-08-23T14:04:11Z
2026-08-23T14:05:22Z,ea99934e318b2a1a4e57993d0edd5b84,墨超,2026-08-24T01:00:00Z,Pumas,Necaxa,unibet_nl,totals,Over,over,over@2.5,2.5,1.66,2026-08-23T14:04:11Z
2026-08-23T14:05:22Z,ea99934e318b2a1a4e57993d0edd5b84,墨超,2026-08-24T01:00:00Z,Pumas,Necaxa,unibet_nl,totals,Under,under,under@2.5,2.5,2.1,2026-08-23T14:04:11Z
2026-08-23T14:05:22Z,ea99934e318b2a1a4e57993d0edd5b84,墨超,2026-08-24T01:00:00Z,Pumas,Necaxa,unibet_se,h2h,Necaxa,away,away,,3.65,2026-08-23T14:04:11Z
2026-08-23T14:05:22Z,ea99934e318b2a1a4e57993d0edd5b84,墨超,2026-08-24T01:00:00Z,Pumas,Necaxa,unibet_se,h2h,Pumas,home,home,,1.88,2026-08-23T14:04:11Z
2026-08-23T14:05:22Z,ea99934e318b2a1a4e57993d0edd5b84,墨超,2026-08-24T01:00:00Z,Pumas,Necaxa,unibet_se,h2h,Draw,draw,draw,,3.55,2026-08-23T14:04:11Z
2026-08-23T14:05:22Z,ea99934e318b2a1a4e57993d0edd5b84,墨超,2026-08-24T01:00:00Z,Pumas,Necaxa,unibet_se,totals,Over,over,over@2.5,2.5,1.66,2026-08-23T14:04:11Z
2026-08-23T14:05:22Z,ea99934e318b2a1a4e57993d0edd5b84,墨超,2026-08-24T01:00:00Z,Pumas,Necaxa,unibet_se,totals,Under,under,under@2.5,2.5,2.1,2026-08-23T14:04:11Z
2026-08-23T14:05:22Z,ea99934e318b2a1a4e57993d0edd5b84,墨超,2026-08-24T01:00:00Z,Pumas,Necaxa,livescorebet,h2h,Necaxa,away,away,,3.5,2026-08-23T14:04:10Z
2026-08-23T14:05:22Z,ea99934e318b2a1a4e57993d0edd5b84,墨超,2026-08-24T01:00:00Z,Pumas,Necaxa,livescorebet,h2h,Pumas,home,home,,1.82,2026-08-23T14:04:10Z
2026-08-23T14:05:22Z,ea99934e318b2a1a4e57993d0edd5b84,墨超,2026-08-24T01:00:00Z,Pumas,Necaxa,livescorebet,h2h,Draw,draw,draw,,3.4,2026-08-23T14:04:10Z
2026-08-23T14:05:22Z,ea99934e318b2a1a4e57993d0edd5b84,墨超,2026-08-24T01:00:00Z,Pumas,Necaxa,pmu_fr,h2h,Necaxa,away,away,,3.4,2026-08-23T14:04:11Z
2026-08-23T14:05:22Z,ea99934e318b2a1a4e57993d0edd5b84,墨超,2026-08-24T01:00:00Z,Pumas,Necaxa,pmu_fr,h2h,Pumas,home,home,,1.76,2026-08-23T14:04:11Z
2026-08-23T14:05:22Z,ea99934e318b2a1a4e57993d0edd5b84,墨超,2026-08-24T01:00:00Z,Pumas,Necaxa,pmu_fr,h2h,Draw,draw,draw,,3.3,2026-08-23T14:04:11Z
2026-08-23T14:05:22Z,ea99934e318b2a1a4e57993d0edd5b84,墨超,2026-08-24T01:00:00Z,Pumas,Necaxa,pmu_fr,totals,Over,over,over@2.5,2.5,1.57,2026-08-23T14:04:11Z
2026-08-23T14:05:22Z,ea99934e318b2a1a4e57993d0edd5b84,墨超,2026-08-24T01:00:00Z,Pumas,Necaxa,pmu_fr,totals,Under,under,under@2.5,2.5,1.97,2026-08-23T14:04:11Z
2026-08-23T14:05:22Z,ea99934e318b2a1a4e57993d0edd5b84,墨超,2026-08-24T01:00:00Z,Pumas,Necaxa,virginbet,h2h,Necaxa,away,away,,3.5,2026-08-23T14:04:11Z
2026-08-23T14:05:22Z,ea99934e318b2a1a4e57993d0edd5b84,墨超,2026-08-24T01:00:00Z,Pumas,Necaxa,virginbet,h2h,Pumas,home,home,,1.82,2026-08-23T14:04:11Z
2026-08-23T14:05:22Z,ea99934e318b2a1a4e57993d0edd5b84,墨超,2026-08-24T01:00:00Z,Pumas,Necaxa,virginbet,h2h,Draw,draw,draw,,3.4,2026-08-23T14:04:11Z
2026-08-23T14:05:22Z,ea99934e318b2a1a4e57993d0edd5b84,墨超,2026-08-24T01:00:00Z,Pumas,Necaxa,leovegas_se,h2h,Necaxa,away,away,,3.5,2026-08-23T14:04:12Z
2026-08-23T14:05:22Z,ea99934e318b2a1a4e57993d0edd5b84,墨超,2026-08-24T01:00:00Z,Pumas,Necaxa,leovegas_se,h2h,Pumas,home,home,,1.82,2026-08-23T14:04:12Z
2026-08-23T14:05:22Z,ea99934e318b2a1a4e57993d0edd5b84,墨超,2026-08-24T01:00:00Z,Pumas,Necaxa,leovegas_se,h2h,Draw,draw,draw,,3.4,2026-08-23T14:04:12Z
2026-08-23T14:05:22Z,ea99934e318b2a1a4e57993d0edd5b84,墨超,2026-08-24T01:00:00Z,Pumas,Necaxa,leovegas_se,totals,Over,over,over@2.5,2.5,1.63,2026-08-23T14:04:12Z
2026-08-23T14:05:22Z,ea99934e318b2a1a4e57993d0edd5b84,墨超,2026-08-24T01:00:00Z,Pumas,Necaxa,leovegas_se,totals,Under,under,under@2.5,2.5,2.06,2026-08-23T14:04:12Z
2026-08-23T14:05:22Z,ea99934e318b2a1a4e57993d0edd5b84,墨超,2026-08-24T01:00:00Z,Pumas,Necaxa,grosvenor,h2h,Necaxa,away,away,,3.65,2026-08-23T14:04:11Z
2026-08-23T14:05:22Z,ea99934e318b2a1a4e57993d0edd5b84,墨超,2026-08-24T01:00:00Z,Pumas,Necaxa,grosvenor,h2h,Pumas,home,home,,1.88,2026-08-23T14:04:11Z
2026-08-23T14:05:22Z,ea99934e318b2a1a4e57993d0edd5b84,墨超,2026-08-24T01:00:00Z,Pumas,Necaxa,grosvenor,h2h,Draw,draw,draw,,3.55,2026-08-23T14:04:11Z
2026-08-23T14:05:22Z,ea99934e318b2a1a4e57993d0edd5b84,墨超,2026-08-24T01:00:00Z,Pumas,Necaxa,grosvenor,totals,Over,over,over@2.5,2.5,1.66,2026-08-23T14:04:11Z
2026-08-23T14:05:22Z,ea99934e318b2a1a4e57993d0edd5b84,墨超,2026-08-24T01:00:00Z,Pumas,Necaxa,grosvenor,totals,Under,under,under@2.5,2.5,2.1,2026-08-23T14:04:11Z
2026-08-23T14:05:22Z,ea99934e318b2a1a4e57993d0edd5b84,墨超,2026-08-24T01:00:00Z,Pumas,Necaxa,betsson,h2h,Necaxa,away,away,,3.7,2026-08-23T14:04:34Z
2026-08-23T14:05:22Z,ea99934e318b2a1a4e57993d0edd5b84,墨超,2026-08-24T01:00:00Z,Pumas,Necaxa,betsson,h2h,Pumas,home,home,,1.92,2026-08-23T14:04:34Z
2026-08-23T14:05:22Z,ea99934e318b2a1a4e57993d0edd5b84,墨超,2026-08-24T01:00:00Z,Pumas,Necaxa,betsson,h2h,Draw,draw,draw,,3.4,2026-08-23T14:04:34Z
2026-08-23T14:05:22Z,ea99934e318b2a1a4e57993d0edd5b84,墨超,2026-08-24T01:00:00Z,Pumas,Necaxa,betsson,totals,Over,over,over@2.5,2.5,1.7,2026-08-23T14:04:34Z
2026-08-23T14:05:22Z,ea99934e318b2a1a4e57993d0edd5b84,墨超,2026-08-24T01:00:00Z,Pumas,Necaxa,betsson,totals,Under,under,under@2.5,2.5,2.08,2026-08-23T14:04:34Z
2026-08-23T14:05:22Z,ea99934e318b2a1a4e57993d0edd5b84,墨超,2026-08-24T01:00:00Z,Pumas,Necaxa,nordicbet,h2h,Necaxa,away,away,,3.7,2026-08-23T14:04:57Z
2026-08-23T14:05:22Z,ea99934e318b2a1a4e57993d0edd5b84,墨超,2026-08-24T01:00:00Z,Pumas,Necaxa,nordicbet,h2h,Pumas,home,home,,1.92,2026-08-23T14:04:57Z
2026-08-23T14:05:22Z,ea99934e318b2a1a4e57993d0edd5b84,墨超,2026-08-24T01:00:00Z,Pumas,Necaxa,nordicbet,h2h,Draw,draw,draw,,3.4,2026-08-23T14:04:57Z
2026-08-23T14:05:22Z,ea99934e318b2a1a4e57993d0edd5b84,墨超,2026-08-24T01:00:00Z,Pumas,Necaxa,nordicbet,totals,Over,over,over@2.5,2.5,1.7,2026-08-23T14:04:57Z
2026-08-23T14:05:22Z,ea99934e318b2a1a4e57993d0edd5b84,墨超,2026-08-24T01:00:00Z,Pumas,Necaxa,nordicbet,totals,Under,under,under@2.5,2.5,2.08,2026-08-23T14:04:57Z
2026-08-23T14:05:22Z,ea99934e318b2a1a4e57993d0edd5b84,墨超,2026-08-24T01:00:00Z,Pumas,Necaxa,betclic_fr,h2h,Necaxa,away,away,,3.5,2026-08-23T14:04:47Z
2026-08-23T14:05:22Z,ea99934e318b2a1a4e57993d0edd5b84,墨超,2026-08-24T01:00:00Z,Pumas,Necaxa,betclic_fr,h2h,Pumas,home,home,,1.92,2026-08-23T14:04:47Z
2026-08-23T14:05:22Z,ea99934e318b2a1a4e57993d0edd5b84,墨超,2026-08-24T01:00:00Z,Pumas,Necaxa,betclic_fr,h2h,Draw,draw,draw,,3.4,2026-08-23T14:04:47Z
2026-08-23T14:05:22Z,ea99934e318b2a1a4e57993d0edd5b84,墨超,2026-08-24T01:00:00Z,Pumas,Necaxa,leovegas,h2h,Necaxa,away,away,,3.5,2026-08-23T14:04:10Z
2026-08-23T14:05:22Z,ea99934e318b2a1a4e57993d0edd5b84,墨超,2026-08-24T01:00:00Z,Pumas,Necaxa,leovegas,h2h,Pumas,home,home,,1.92,2026-08-23T14:04:10Z
2026-08-23T14:05:22Z,ea99934e318b2a1a4e57993d0edd5b84,墨超,2026-08-24T01:00:00Z,Pumas,Necaxa,leovegas,h2h,Draw,draw,draw,,3.5,2026-08-23T14:04:10Z
2026-08-23T14:05:22Z,ea99934e318b2a1a4e57993d0edd5b84,墨超,2026-08-24T01:00:00Z,Pumas,Necaxa,leovegas,totals,Over,over,over@2.5,2.5,1.7,2026-08-23T14:04:10Z
2026-08-23T14:05:22Z,ea99934e318b2a1a4e57993d0edd5b84,墨超,2026-08-24T01:00:00Z,Pumas,Necaxa,leovegas,totals,Under,under,under@2.5,2.5,2.02,2026-08-23T14:04:10Z
2026-08-23T14:05:22Z,ea99934e318b2a1a4e57993d0edd5b84,墨超,2026-08-24T01:00:00Z,Pumas,Necaxa,onexbet,h2h,Necaxa,away,away,,3.69,2026-08-23T14:04:10Z
2026-08-23T14:05:22Z,ea99934e318b2a1a4e57993d0edd5b84,墨超,2026-08-24T01:00:00Z,Pumas,Necaxa,onexbet,h2h,Pumas,home,home,,1.92,2026-08-23T14:04:10Z
2026-08-23T14:05:22Z,ea99934e318b2a1a4e57993d0edd5b84,墨超,2026-08-24T01:00:00Z,Pumas,Necaxa,onexbet,h2h,Draw,draw,draw,,3.55,2026-08-23T14:04:10Z
2026-08-23T14:05:22Z,ea99934e318b2a1a4e57993d0edd5b84,墨超,2026-08-24T01:00:00Z,Pumas,Necaxa,onexbet,spreads,Necaxa,away,away@0.0,0.0,2.62,2026-08-23T14:04:10Z
2026-08-23T14:05:22Z,ea99934e318b2a1a4e57993d0edd5b84,墨超,2026-08-24T01:00:00Z,Pumas,Necaxa,onexbet,spreads,Pumas,home,home@0.0,0.0,1.38,2026-08-23T14:04:10Z
2026-08-23T14:05:22Z,ea99934e318b2a1a4e57993d0edd5b84,墨超,2026-08-24T01:00:00Z,Pumas,Necaxa,onexbet,totals,Over,over,over@2.5,2.5,1.72,2026-08-23T14:04:10Z
2026-08-23T14:05:22Z,ea99934e318b2a1a4e57993d0edd5b84,墨超,2026-08-24T01:00:00Z,Pumas,Necaxa,onexbet,totals,Under,under,under@2.5,2.5,2.06,2026-08-23T14:04:10Z
2026-08-23T14:05:22Z,ea99934e318b2a1a4e57993d0edd5b84,墨超,2026-08-24T01:00:00Z,Pumas,Necaxa,coolbet,h2h,Necaxa,away,away,,3.75,2026-08-23T14:04:12Z
2026-08-23T14:05:22Z,ea99934e318b2a1a4e57993d0edd5b84,墨超,2026-08-24T01:00:00Z,Pumas,Necaxa,coolbet,h2h,Pumas,home,home,,2.0,2026-08-23T14:04:12Z
2026-08-23T14:05:22Z,ea99934e318b2a1a4e57993d0edd5b84,墨超,2026-08-24T01:00:00Z,Pumas,Necaxa,coolbet,h2h,Draw,draw,draw,,3.52,2026-08-23T14:04:12Z
2026-08-23T14:05:22Z,ea99934e318b2a1a4e57993d0edd5b84,墨超,2026-08-24T01:00:00Z,Pumas,Necaxa,coolbet,spreads,Necaxa,away,away@1.0,1.0,1.4,2026-08-23T14:04:12Z
2026-08-23T14:05:22Z,ea99934e318b2a1a4e57993d0edd5b84,墨超,2026-08-24T01:00:00Z,Pumas,Necaxa,coolbet,spreads,Pumas,home,home@-1.0,-1.0,2.75,2026-08-23T14:04:12Z
2026-08-23T14:05:22Z,ea99934e318b2a1a4e57993d0edd5b84,墨超,2026-08-24T01:00:00Z,Pumas,Necaxa,coolbet,totals,Over,over,over@2.5,2.5,1.78,2026-08-23T14:04:12Z
2026-08-23T14:05:22Z,ea99934e318b2a1a4e57993d0edd5b84,墨超,2026-08-24T01:00:00Z,Pumas,Necaxa,coolbet,totals,Under,under,under@2.5,2.5,2.05,2026-08-23T14:04:12Z
2026-08-23T14:05:22Z,ea99934e318b2a1a4e57993d0edd5b84,墨超,2026-08-24T01:00:00Z,Pumas,Necaxa,skybet,h2h,Necaxa,away,away,,3.3,2026-08-23T14:04:12Z
2026-08-23T14:05:22Z,ea99934e318b2a1a4e57993d0edd5b84,墨超,2026-08-24T01:00:00Z,Pumas,Necaxa,skybet,h2h,Pumas,home,home,,1.91,2026-08-23T14:04:12Z
2026-08-23T14:05:22Z,ea99934e318b2a1a4e57993d0edd5b84,墨超,2026-08-24T01:00:00Z,Pumas,Necaxa,skybet,h2h,Draw,draw,draw,,3.4,2026-08-23T14:04:12Z
2026-08-23T14:05:22Z,ea99934e318b2a1a4e57993d0edd5b84,墨超,2026-08-24T01:00:00Z,Pumas,Necaxa,paddypower,h2h,Necaxa,away,away,,3.4,2026-08-23T14:03:45Z
2026-08-23T14:05:22Z,ea99934e318b2a1a4e57993d0edd5b84,墨超,2026-08-24T01:00:00Z,Pumas,Necaxa,paddypower,h2h,Pumas,home,home,,1.95,2026-08-23T14:03:45Z
2026-08-23T14:05:22Z,ea99934e318b2a1a4e57993d0edd5b84,墨超,2026-08-24T01:00:00Z,Pumas,Necaxa,paddypower,h2h,Draw,draw,draw,,3.5,2026-08-23T14:03:45Z
2026-08-23T14:05:22Z,ea99934e318b2a1a4e57993d0edd5b84,墨超,2026-08-24T01:00:00Z,Pumas,Necaxa,marathonbet,h2h,Necaxa,away,away,,3.68,2026-08-23T14:03:47Z
2026-08-23T14:05:22Z,ea99934e318b2a1a4e57993d0edd5b84,墨超,2026-08-24T01:00:00Z,Pumas,Necaxa,marathonbet,h2h,Pumas,home,home,,1.9,2026-08-23T14:03:47Z
2026-08-23T14:05:22Z,ea99934e318b2a1a4e57993d0edd5b84,墨超,2026-08-24T01:00:00Z,Pumas,Necaxa,marathonbet,h2h,Draw,draw,draw,,3.55,2026-08-23T14:03:47Z
2026-08-23T14:05:22Z,ea99934e318b2a1a4e57993d0edd5b84,墨超,2026-08-24T01:00:00Z,Pumas,Necaxa,smarkets,h2h,Necaxa,away,away,,3.85,2026-08-23T14:04:57Z
2026-08-23T14:05:22Z,ea99934e318b2a1a4e57993d0edd5b84,墨超,2026-08-24T01:00:00Z,Pumas,Necaxa,smarkets,h2h,Pumas,home,home,,1.98,2026-08-23T14:04:57Z
2026-08-23T14:05:22Z,ea99934e318b2a1a4e57993d0edd5b84,墨超,2026-08-24T01:00:00Z,Pumas,Necaxa,smarkets,h2h,Draw,draw,draw,,3.8,2026-08-23T14:04:57Z
2026-08-23T14:05:22Z,ea99934e318b2a1a4e57993d0edd5b84,墨超,2026-08-24T01:00:00Z,Pumas,Necaxa,sport888,h2h,Necaxa,away,away,,3.4,2026-08-23T14:04:10Z
2026-08-23T14:05:22Z,ea99934e318b2a1a4e57993d0edd5b84,墨超,2026-08-24T01:00:00Z,Pumas,Necaxa,sport888,h2h,Pumas,home,home,,1.91,2026-08-23T14:04:10Z
2026-08-23T14:05:22Z,ea99934e318b2a1a4e57993d0edd5b84,墨超,2026-08-24T01:00:00Z,Pumas,Necaxa,sport888,h2h,Draw,draw,draw,,3.25,2026-08-23T14:04:10Z
2026-08-23T14:05:22Z,ea99934e318b2a1a4e57993d0edd5b84,墨超,2026-08-24T01:00:00Z,Pumas,Necaxa,williamhill,h2h,Necaxa,away,away,,3.4,2026-08-23T14:04:56Z
2026-08-23T14:05:22Z,ea99934e318b2a1a4e57993d0edd5b84,墨超,2026-08-24T01:00:00Z,Pumas,Necaxa,williamhill,h2h,Pumas,home,home,,1.91,2026-08-23T14:04:56Z
2026-08-23T14:05:22Z,ea99934e318b2a1a4e57993d0edd5b84,墨超,2026-08-24T01:00:00Z,Pumas,Necaxa,williamhill,h2h,Draw,draw,draw,,3.25,2026-08-23T14:04:56Z
2026-08-23T14:05:22Z,ea99934e318b2a1a4e57993d0edd5b84,墨超,2026-08-24T01:00:00Z,Pumas,Necaxa,williamhill,totals,Over,over,over@2.5,2.5,1.67,2026-08-23T14:04:56Z
2026-08-23T14:05:22Z,ea99934e318b2a1a4e57993d0edd5b84,墨超,2026-08-24T01:00:00Z,Pumas,Necaxa,williamhill,totals,Under,under,under@2.5,2.5,2.0,2026-08-23T14:04:56Z
2026-08-23T14:05:22Z,ea99934e318b2a1a4e57993d0edd5b84,墨超,2026-08-24T01:00:00Z,Pumas,Necaxa,unibet_uk,h2h,Necaxa,away,away,,3.6,2026-08-23T14:04:58Z
2026-08-23T14:05:22Z,ea99934e318b2a1a4e57993d0edd5b84,墨超,2026-08-24T01:00:00Z,Pumas,Necaxa,unibet_uk,h2h,Pumas,home,home,,1.98,2026-08-23T14:04:58Z
2026-08-23T14:05:22Z,ea99934e318b2a1a4e57993d0edd5b84,墨超,2026-08-24T01:00:00Z,Pumas,Necaxa,unibet_uk,h2h,Draw,draw,draw,,3.5,2026-08-23T14:04:58Z
2026-08-23T14:05:22Z,ea99934e318b2a1a4e57993d0edd5b84,墨超,2026-08-24T01:00:00Z,Pumas,Necaxa,betfred_uk,h2h,Necaxa,away,away,,3.3,2026-08-23T14:04:10Z
2026-08-23T14:05:22Z,ea99934e318b2a1a4e57993d0edd5b84,墨超,2026-08-24T01:00:00Z,Pumas,Necaxa,betfred_uk,h2h,Pumas,home,home,,1.95,2026-08-23T14:04:10Z
2026-08-23T14:05:22Z,ea99934e318b2a1a4e57993d0edd5b84,墨超,2026-08-24T01:00:00Z,Pumas,Necaxa,betfred_uk,h2h,Draw,draw,draw,,3.4,2026-08-23T14:04:10Z
2026-08-23T14:05:22Z,ea99934e318b2a1a4e57993d0edd5b84,墨超,2026-08-24T01:00:00Z,Pumas,Necaxa,betano_uk,h2h,Necaxa,away,away,,3.6,2026-08-23T14:03:40Z
2026-08-23T14:05:22Z,ea99934e318b2a1a4e57993d0edd5b84,墨超,2026-08-24T01:00:00Z,Pumas,Necaxa,betano_uk,h2h,Pumas,home,home,,1.93,2026-08-23T14:03:40Z
2026-08-23T14:05:22Z,ea99934e318b2a1a4e57993d0edd5b84,墨超,2026-08-24T01:00:00Z,Pumas,Necaxa,betano_uk,h2h,Draw,draw,draw,,3.7,2026-08-23T14:03:40Z
2026-08-23T14:05:22Z,ea99934e318b2a1a4e57993d0edd5b84,墨超,2026-08-24T01:00:00Z,Pumas,Necaxa,betvictor,h2h,Necaxa,away,away,,3.6,2026-08-23T14:05:12Z
2026-08-23T14:05:22Z,ea99934e318b2a1a4e57993d0edd5b84,墨超,2026-08-24T01:00:00Z,Pumas,Necaxa,betvictor,h2h,Pumas,home,home,,1.93,2026-08-23T14:05:12Z
2026-08-23T14:05:22Z,ea99934e318b2a1a4e57993d0edd5b84,墨超,2026-08-24T01:00:00Z,Pumas,Necaxa,betvictor,h2h,Draw,draw,draw,,3.7,2026-08-23T14:05:12Z
2026-08-23T14:05:22Z,ea99934e318b2a1a4e57993d0edd5b84,墨超,2026-08-24T01:00:00Z,Pumas,Necaxa,tipico_de,h2h,Necaxa,away,away,,3.8,2026-08-23T14:04:11Z
2026-08-23T14:05:22Z,ea99934e318b2a1a4e57993d0edd5b84,墨超,2026-08-24T01:00:00Z,Pumas,Necaxa,tipico_de,h2h,Pumas,home,home,,1.83,2026-08-23T14:04:11Z
2026-08-23T14:05:22Z,ea99934e318b2a1a4e57993d0edd5b84,墨超,2026-08-24T01:00:00Z,Pumas,Necaxa,tipico_de,h2h,Draw,draw,draw,,3.6,2026-08-23T14:04:11Z
2026-08-23T14:05:22Z,ea99934e318b2a1a4e57993d0edd5b84,墨超,2026-08-24T01:00:00Z,Pumas,Necaxa,tipico_de,totals,Over,over,over@2.5,2.5,1.65,2026-08-23T14:04:11Z
2026-08-23T14:05:22Z,ea99934e318b2a1a4e57993d0edd5b84,墨超,2026-08-24T01:00:00Z,Pumas,Necaxa,tipico_de,totals,Under,under,under@2.5,2.5,2.1,2026-08-23T14:04:11Z
2026-08-23T14:05:22Z,ea99934e318b2a1a4e57993d0edd5b84,墨超,2026-08-24T01:00:00Z,Pumas,Necaxa,gtbets,h2h,Necaxa,away,away,,3.61,2026-08-23T14:04:33Z
2026-08-23T14:05:22Z,ea99934e318b2a1a4e57993d0edd5b84,墨超,2026-08-24T01:00:00Z,Pumas,Necaxa,gtbets,h2h,Pumas,home,home,,1.94,2026-08-23T14:04:33Z
2026-08-23T14:05:22Z,ea99934e318b2a1a4e57993d0edd5b84,墨超,2026-08-24T01:00:00Z,Pumas,Necaxa,gtbets,h2h,Draw,draw,draw,,3.6,2026-08-23T14:04:33Z
2026-08-23T14:05:22Z,ea99934e318b2a1a4e57993d0edd5b84,墨超,2026-08-24T01:00:00Z,Pumas,Necaxa,gtbets,spreads,Necaxa,away,away@0.5,0.5,1.86,2026-08-23T14:04:33Z
2026-08-23T14:05:22Z,ea99934e318b2a1a4e57993d0edd5b84,墨超,2026-08-24T01:00:00Z,Pumas,Necaxa,gtbets,spreads,Pumas,home,home@-0.5,-0.5,1.91,2026-08-23T14:04:33Z
2026-08-23T14:05:22Z,ea99934e318b2a1a4e57993d0edd5b84,墨超,2026-08-24T01:00:00Z,Pumas,Necaxa,gtbets,totals,Over,over,over@2.5,2.5,1.76,2026-08-23T14:04:33Z
2026-08-23T14:05:22Z,ea99934e318b2a1a4e57993d0edd5b84,墨超,2026-08-24T01:00:00Z,Pumas,Necaxa,gtbets,totals,Under,under,under@2.5,2.5,2.05,2026-08-23T14:04:33Z
2026-08-23T14:05:22Z,ea99934e318b2a1a4e57993d0edd5b84,墨超,2026-08-24T01:00:00Z,Pumas,Necaxa,pinnacle,h2h,Necaxa,away,away,,3.81,2026-08-23T14:04:56Z
2026-08-23T14:05:22Z,ea99934e318b2a1a4e57993d0edd5b84,墨超,2026-08-24T01:00:00Z,Pumas,Necaxa,pinnacle,h2h,Pumas,home,home,,1.98,2026-08-23T14:04:56Z
2026-08-23T14:05:22Z,ea99934e318b2a1a4e57993d0edd5b84,墨超,2026-08-24T01:00:00Z,Pumas,Necaxa,pinnacle,h2h,Draw,draw,draw,,3.75,2026-08-23T14:04:56Z
2026-08-23T14:05:22Z,ea99934e318b2a1a4e57993d0edd5b84,墨超,2026-08-24T01:00:00Z,Pumas,Necaxa,pinnacle,spreads,Necaxa,away,away@0.5,0.5,1.92,2026-08-23T14:04:56Z
2026-08-23T14:05:22Z,ea99934e318b2a1a4e57993d0edd5b84,墨超,2026-08-24T01:00:00Z,Pumas,Necaxa,pinnacle,spreads,Pumas,home,home@-0.5,-0.5,1.99,2026-08-23T14:04:56Z
2026-08-23T14:05:22Z,ea99934e318b2a1a4e57993d0edd5b84,墨超,2026-08-24T01:00:00Z,Pumas,Necaxa,pinnacle,totals,Over,over,over@2.75,2.75,1.95,2026-08-23T14:04:56Z
2026-08-23T14:05:22Z,ea99934e318b2a1a4e57993d0edd5b84,墨超,2026-08-24T01:00:00Z,Pumas,Necaxa,pinnacle,totals,Under,under,under@2.75,2.75,1.93,2026-08-23T14:04:56Z
2026-08-23T14:05:22Z,ea99934e318b2a1a4e57993d0edd5b84,墨超,2026-08-24T01:00:00Z,Pumas,Necaxa,betonlineag,h2h,Necaxa,away,away,,3.82,2026-08-23T14:04:56Z
2026-08-23T14:05:22Z,ea99934e318b2a1a4e57993d0edd5b84,墨超,2026-08-24T01:00:00Z,Pumas,Necaxa,betonlineag,h2h,Pumas,home,home,,2.0,2026-08-23T14:04:56Z
2026-08-23T14:05:22Z,ea99934e318b2a1a4e57993d0edd5b84,墨超,2026-08-24T01:00:00Z,Pumas,Necaxa,betonlineag,h2h,Draw,draw,draw,,3.66,2026-08-23T14:04:56Z
2026-08-23T14:05:22Z,ea99934e318b2a1a4e57993d0edd5b84,墨超,2026-08-24T01:00:00Z,Pumas,Necaxa,betonlineag,spreads,Necaxa,away,away@0.5,0.5,1.83,2026-08-23T14:04:56Z
2026-08-23T14:05:22Z,ea99934e318b2a1a4e57993d0edd5b84,墨超,2026-08-24T01:00:00Z,Pumas,Necaxa,betonlineag,spreads,Pumas,home,home@-0.5,-0.5,2.0,2026-08-23T14:04:56Z
2026-08-23T14:05:22Z,ea99934e318b2a1a4e57993d0edd5b84,墨超,2026-08-24T01:00:00Z,Pumas,Necaxa,betonlineag,totals,Over,over,over@2.5,2.5,1.8,2026-08-23T14:04:56Z
2026-08-23T14:05:22Z,ea99934e318b2a1a4e57993d0edd5b84,墨超,2026-08-24T01:00:00Z,Pumas,Necaxa,betonlineag,totals,Under,under,under@2.5,2.5,2.05,2026-08-23T14:04:56Z
2026-08-23T14:05:22Z,ea99934e318b2a1a4e57993d0edd5b84,墨超,2026-08-24T01:00:00Z,Pumas,Necaxa,betfair_sb_uk,h2h,Necaxa,away,away,,3.5,2026-08-23T14:04:10Z
2026-08-23T14:05:22Z,ea99934e318b2a1a4e57993d0edd5b84,墨超,2026-08-24T01:00:00Z,Pumas,Necaxa,betfair_sb_uk,h2h,Pumas,home,home,,1.95,2026-08-23T14:04:10Z
2026-08-23T14:05:22Z,ea99934e318b2a1a4e57993d0edd5b84,墨超,2026-08-24T01:00:00Z,Pumas,Necaxa,betfair_sb_uk,h2h,Draw,draw,draw,,3.6,2026-08-23T14:04:10Z
2026-08-23T14:05:22Z,ea99934e318b2a1a4e57993d0edd5b84,墨超,2026-08-24T01:00:00Z,Pumas,Necaxa,betfair_ex_uk,h2h,Necaxa,away,away,,3.9,2026-08-23T14:04:57Z
2026-08-23T14:05:22Z,ea99934e318b2a1a4e57993d0edd5b84,墨超,2026-08-24T01:00:00Z,Pumas,Necaxa,betfair_ex_uk,h2h,Pumas,home,home,,2.0,2026-08-23T14:04:57Z
2026-08-23T14:05:22Z,ea99934e318b2a1a4e57993d0edd5b84,墨超,2026-08-24T01:00:00Z,Pumas,Necaxa,betfair_ex_uk,h2h,Draw,draw,draw,,3.85,2026-08-23T14:04:57Z
2026-08-23T14:05:22Z,ea99934e318b2a1a4e57993d0edd5b84,墨超,2026-08-24T01:00:00Z,Pumas,Necaxa,betfair_ex_eu,h2h,Necaxa,away,away,,3.9,2026-08-23T14:04:57Z
2026-08-23T14:05:22Z,ea99934e318b2a1a4e57993d0edd5b84,墨超,2026-08-24T01:00:00Z,Pumas,Necaxa,betfair_ex_eu,h2h,Pumas,home,home,,2.0,2026-08-23T14:04:57Z
2026-08-23T14:05:22Z,ea99934e318b2a1a4e57993d0edd5b84,墨超,2026-08-24T01:00:00Z,Pumas,Necaxa,betfair_ex_eu,h2h,Draw,draw,draw,,3.85,2026-08-23T14:04:57Z
2026-08-23T14:05:22Z,ea99934e318b2a1a4e57993d0edd5b84,墨超,2026-08-24T01:00:00Z,Pumas,Necaxa,matchbook,h2h,Necaxa,away,away,,3.9,2026-08-23T14:04:57Z
2026-08-23T14:05:22Z,ea99934e318b2a1a4e57993d0edd5b84,墨超,2026-08-24T01:00:00Z,Pumas,Necaxa,matchbook,h2h,Pumas,home,home,,2.0,2026-08-23T14:04:57Z
2026-08-23T14:05:22Z,ea99934e318b2a1a4e57993d0edd5b84,墨超,2026-08-24T01:00:00Z,Pumas,Necaxa,matchbook,h2h,Draw,draw,draw,,3.85,2026-08-23T14:04:57Z
2026-08-23T14:05:22Z,ea99934e318b2a1a4e57993d0edd5b84,墨超,2026-08-24T01:00:00Z,Pumas,Necaxa,matchbook,spreads,Necaxa,away,away@0.5,0.5,1.95,2026-08-23T14:04:57Z
2026-08-23T14:05:22Z,ea99934e318b2a1a4e57993d0edd5b84,墨超,2026-08-24T01:00:00Z,Pumas,Necaxa,matchbook,spreads,Pumas,home,home@-0.5,-0.5,2.0,2026-08-23T14:04:57Z
2026-08-23T14:05:22Z,ea99934e318b2a1a4e57993d0edd5b84,墨超,2026-08-24T01:00:00Z,Pumas,Necaxa,matchbook,totals,Over,over,over@2.5,2.5,1.8,2026-08-23T14:04:57Z
2026-08-23T14:05:22Z,ea99934e318b2a1a4e57993d0edd5b84,墨超,2026-08-24T01:00:00Z,Pumas,Necaxa,matchbook,totals,Under,under,under@2.5,2.5,2.2,2026-08-23T14:04:57Z
2026-08-23T14:05:22Z,ea99934e318b2a1a4e57993d0edd5b84,墨超,2026-08-24T01:00:00Z,Pumas,Necaxa,boylesports,h2h,Necaxa,away,away,,3.4,2026-08-23T14:04:57Z
2026-08-23T14:05:22Z,ea99934e318b2a1a4e57993d0edd5b84,墨超,2026-08-24T01:00:00Z,Pumas,Necaxa,boylesports,h2h,Pumas,home,home,,1.83,2026-08-23T14:04:57Z
2026-08-23T14:05:22Z,ea99934e318b2a1a4e57993d0edd5b84,墨超,2026-08-24T01:00:00Z,Pumas,Necaxa,boylesports,h2h,Draw,draw,draw,,3.5,2026-08-23T14:04:57Z
2026-08-23T14:05:22Z,ea99934e318b2a1a4e57993d0edd5b84,墨超,2026-08-24T01:00:00Z,Pumas,Necaxa,betway,h2h,Necaxa,away,away,,3.6,2026-08-23T14:04:34Z
2026-08-23T14:05:22Z,ea99934e318b2a1a4e57993d0edd5b84,墨超,2026-08-24T01:00:00Z,Pumas,Necaxa,betway,h2h,Pumas,home,home,,1.91,2026-08-23T14:04:34Z
2026-08-23T14:05:22Z,ea99934e318b2a1a4e57993d0edd5b84,墨超,2026-08-24T01:00:00Z,Pumas,Necaxa,betway,h2h,Draw,draw,draw,,3.6,2026-08-23T14:04:34Z
2026-08-23T14:05:22Z,b1803f4997955b3cc6e9cf7a2263c766,波甲,2026-08-23T18:15:00Z,Pogoń Szczecin,Wisła Kraków,livescorebet,h2h,Pogoń Szczecin,home,home,,2.02,2026-08-23T14:05:45Z
2026-08-23T14:05:22Z,b1803f4997955b3cc6e9cf7a2263c766,波甲,2026-08-23T18:15:00Z,Pogoń Szczecin,Wisła Kraków,livescorebet,h2h,Wisła Kraków,away,away,,3.0,2026-08-23T14:05:45Z
2026-08-23T14:05:22Z,b1803f4997955b3cc6e9cf7a2263c766,波甲,2026-08-23T18:15:00Z,Pogoń Szczecin,Wisła Kraków,livescorebet,h2h,Draw,draw,draw,,3.3,2026-08-23T14:05:45Z
2026-08-23T14:05:22Z,b1803f4997955b3cc6e9cf7a2263c766,波甲,2026-08-23T18:15:00Z,Pogoń Szczecin,Wisła Kraków,casumo,h2h,Pogoń Szczecin,home,home,,2.08,2026-08-23T14:05:45Z
2026-08-23T14:05:22Z,b1803f4997955b3cc6e9cf7a2263c766,波甲,2026-08-23T18:15:00Z,Pogoń Szczecin,Wisła Kraków,casumo,h2h,Wisła Kraków,away,away,,3.1,2026-08-23T14:05:45Z
2026-08-23T14:05:22Z,b1803f4997955b3cc6e9cf7a2263c766,波甲,2026-08-23T18:15:00Z,Pogoń Szczecin,Wisła Kraków,casumo,h2h,Draw,draw,draw,,3.4,2026-08-23T14:05:45Z
2026-08-23T14:05:22Z,b1803f4997955b3cc6e9cf7a2263c766,波甲,2026-08-23T18:15:00Z,Pogoń Szczecin,Wisła Kraków,casumo,totals,Over,over,over@2.5,2.5,1.64,2026-08-23T14:05:45Z
2026-08-23T14:05:22Z,b1803f4997955b3cc6e9cf7a2263c766,波甲,2026-08-23T18:15:00Z,Pogoń Szczecin,Wisła Kraków,casumo,totals,Under,under,under@2.5,2.5,2.08,2026-08-23T14:05:45Z
2026-08-23T14:05:22Z,b1803f4997955b3cc6e9cf7a2263c766,波甲,2026-08-23T18:15:00Z,Pogoń Szczecin,Wisła Kraków,leovegas_se,h2h,Pogoń Szczecin,home,home,,2.02,2026-08-23T14:05:46Z
2026-08-23T14:05:22Z,b1803f4997955b3cc6e9cf7a2263c766,波甲,2026-08-23T18:15:00Z,Pogoń Szczecin,Wisła Kraków,leovegas_se,h2h,Wisła Kraków,away,away,,3.0,2026-08-23T14:05:46Z
2026-08-23T14:05:22Z,b1803f4997955b3cc6e9cf7a2263c766,波甲,2026-08-23T18:15:00Z,Pogoń Szczecin,Wisła Kraków,leovegas_se,h2h,Draw,draw,draw,,3.3,2026-08-23T14:05:46Z
2026-08-23T14:05:22Z,b1803f4997955b3cc6e9cf7a2263c766,波甲,2026-08-23T18:15:00Z,Pogoń Szczecin,Wisła Kraków,leovegas_se,totals,Over,over,over@2.5,2.5,1.62,2026-08-23T14:05:46Z
2026-08-23T14:05:22Z,b1803f4997955b3cc6e9cf7a2263c766,波甲,2026-08-23T18:15:00Z,Pogoń Szczecin,Wisła Kraków,leovegas_se,totals,Under,under,under@2.5,2.5,2.08,2026-08-23T14:05:46Z
2026-08-23T14:05:22Z,b1803f4997955b3cc6e9cf7a2263c766,波甲,2026-08-23T18:15:00Z,Pogoń Szczecin,Wisła Kraków,grosvenor,h2h,Pogoń Szczecin,home,home,,2.08,2026-08-23T14:05:25Z
2026-08-23T14:05:22Z,b1803f4997955b3cc6e9cf7a2263c766,波甲,2026-08-23T18:15:00Z,Pogoń Szczecin,Wisła Kraków,grosvenor,h2h,Wisła Kraków,away,away,,3.1,2026-08-23T14:05:25Z
2026-08-23T14:05:22Z,b1803f4997955b3cc6e9cf7a2263c766,波甲,2026-08-23T18:15:00Z,Pogoń Szczecin,Wisła Kraków,grosvenor,h2h,Draw,draw,draw,,3.4,2026-08-23T14:05:25Z
2026-08-23T14:05:22Z,b1803f4997955b3cc6e9cf7a2263c766,波甲,2026-08-23T18:15:00Z,Pogoń Szczecin,Wisła Kraków,grosvenor,totals,Over,over,over@2.5,2.5,1.64,2026-08-23T14:05:25Z
2026-08-23T14:05:22Z,b1803f4997955b3cc6e9cf7a2263c766,波甲,2026-08-23T18:15:00Z,Pogoń Szczecin,Wisła Kraków,grosvenor,totals,Under,under,under@2.5,2.5,2.08,2026-08-23T14:05:25Z
2026-08-23T14:05:22Z,b1803f4997955b3cc6e9cf7a2263c766,波甲,2026-08-23T18:15:00Z,Pogoń Szczecin,Wisła Kraków,virginbet,h2h,Pogoń Szczecin,home,home,,2.02,2026-08-23T14:05:47Z
2026-08-23T14:05:22Z,b1803f4997955b3cc6e9cf7a2263c766,波甲,2026-08-23T18:15:00Z,Pogoń Szczecin,Wisła Kraków,virginbet,h2h,Wisła Kraków,away,away,,3.0,2026-08-23T14:05:47Z
2026-08-23T14:05:22Z,b1803f4997955b3cc6e9cf7a2263c766,波甲,2026-08-23T18:15:00Z,Pogoń Szczecin,Wisła Kraków,virginbet,h2h,Draw,draw,draw,,3.3,2026-08-23T14:05:47Z
2026-08-23T14:05:22Z,b1803f4997955b3cc6e9cf7a2263c766,波甲,2026-08-23T18:15:00Z,Pogoń Szczecin,Wisła Kraków,unibet_se,h2h,Pogoń Szczecin,home,home,,2.08,2026-08-23T14:05:46Z
2026-08-23T14:05:22Z,b1803f4997955b3cc6e9cf7a2263c766,波甲,2026-08-23T18:15:00Z,Pogoń Szczecin,Wisła Kraków,unibet_se,h2h,Wisła Kraków,away,away,,3.1,2026-08-23T14:05:46Z
2026-08-23T14:05:22Z,b1803f4997955b3cc6e9cf7a2263c766,波甲,2026-08-23T18:15:00Z,Pogoń Szczecin,Wisła Kraków,unibet_se,h2h,Draw,draw,draw,,3.4,2026-08-23T14:05:46Z
2026-08-23T14:05:22Z,b1803f4997955b3cc6e9cf7a2263c766,波甲,2026-08-23T18:15:00Z,Pogoń Szczecin,Wisła Kraków,unibet_se,totals,Over,over,over@2.5,2.5,1.64,2026-08-23T14:05:46Z
2026-08-23T14:05:22Z,b1803f4997955b3cc6e9cf7a2263c766,波甲,2026-08-23T18:15:00Z,Pogoń Szczecin,Wisła Kraków,unibet_se,totals,Under,under,under@2.5,2.5,2.08,2026-08-23T14:05:46Z
2026-08-23T14:05:22Z,b1803f4997955b3cc6e9cf7a2263c766,波甲,2026-08-23T18:15:00Z,Pogoń Szczecin,Wisła Kraków,pmu_fr,h2h,Pogoń Szczecin,home,home,,2.02,2026-08-23T14:05:46Z
2026-08-23T14:05:22Z,b1803f4997955b3cc6e9cf7a2263c766,波甲,2026-08-23T18:15:00Z,Pogoń Szczecin,Wisła Kraków,pmu_fr,h2h,Wisła Kraków,away,away,,3.0,2026-08-23T14:05:46Z
2026-08-23T14:05:22Z,b1803f4997955b3cc6e9cf7a2263c766,波甲,2026-08-23T18:15:00Z,Pogoń Szczecin,Wisła Kraków,pmu_fr,h2h,Draw,draw,draw,,3.3,2026-08-23T14:05:46Z
2026-08-23T14:05:22Z,b1803f4997955b3cc6e9cf7a2263c766,波甲,2026-08-23T18:15:00Z,Pogoń Szczecin,Wisła Kraków,pmu_fr,totals,Over,over,over@2.5,2.5,1.56,2026-08-23T14:05:46Z
2026-08-23T14:05:22Z,b1803f4997955b3cc6e9cf7a2263c766,波甲,2026-08-23T18:15:00Z,Pogoń Szczecin,Wisła Kraków,pmu_fr,totals,Under,under,under@2.5,2.5,2.0,2026-08-23T14:05:46Z
2026-08-23T14:05:22Z,b1803f4997955b3cc6e9cf7a2263c766,波甲,2026-08-23T18:15:00Z,Pogoń Szczecin,Wisła Kraków,unibet_nl,h2h,Pogoń Szczecin,home,home,,2.08,2026-08-23T14:05:25Z
2026-08-23T14:05:22Z,b1803f4997955b3cc6e9cf7a2263c766,波甲,2026-08-23T18:15:00Z,Pogoń Szczecin,Wisła Kraków,unibet_nl,h2h,Wisła Kraków,away,away,,3.1,2026-08-23T14:05:25Z
2026-08-23T14:05:22Z,b1803f4997955b3cc6e9cf7a2263c766,波甲,2026-08-23T18:15:00Z,Pogoń Szczecin,Wisła Kraków,unibet_nl,h2h,Draw,draw,draw,,3.4,2026-08-23T14:05:25Z
2026-08-23T14:05:22Z,b1803f4997955b3cc6e9cf7a2263c766,波甲,2026-08-23T18:15:00Z,Pogoń Szczecin,Wisła Kraków,unibet_nl,totals,Over,over,over@2.5,2.5,1.64,2026-08-23T14:05:25Z
2026-08-23T14:05:22Z,b1803f4997955b3cc6e9cf7a2263c766,波甲,2026-08-23T18:15:00Z,Pogoń Szczecin,Wisła Kraków,unibet_nl,totals,Under,under,under@2.5,2.5,2.08,2026-08-23T14:05:25Z
2026-08-23T14:05:22Z,b1803f4997955b3cc6e9cf7a2263c766,波甲,2026-08-23T18:15:00Z,Pogoń Szczecin,Wisła Kraków,betsson,h2h,Pogoń Szczecin,home,home,,2.05,2026-08-23T14:05:26Z
2026-08-23T14:05:22Z,b1803f4997955b3cc6e9cf7a2263c766,波甲,2026-08-23T18:15:00Z,Pogoń Szczecin,Wisła Kraków,betsson,h2h,Wisła Kraków,away,away,,3.15,2026-08-23T14:05:26Z
2026-08-23T14:05:22Z,b1803f4997955b3cc6e9cf7a2263c766,波甲,2026-08-23T18:15:00Z,Pogoń Szczecin,Wisła Kraków,betsson,h2h,Draw,draw,draw,,3.45,2026-08-23T14:05:26Z
2026-08-23T14:05:22Z,b1803f4997955b3cc6e9cf7a2263c766,波甲,2026-08-23T18:15:00Z,Pogoń Szczecin,Wisła Kraków,betsson,totals,Over,over,over@2.5,2.5,1.58,2026-08-23T14:05:26Z
2026-08-23T14:05:22Z,b1803f4997955b3cc6e9cf7a2263c766,波甲,2026-08-23T18:15:00Z,Pogoń Szczecin,Wisła Kraków,betsson,totals,Under,under,under@2.5,2.5,2.25,2026-08-23T14:05:26Z
2026-08-23T14:05:22Z,b1803f4997955b3cc6e9cf7a2263c766,波甲,2026-08-23T18:15:00Z,Pogoń Szczecin,Wisła Kraków,nordicbet,h2h,Pogoń Szczecin,home,home,,2.05,2026-08-23T14:04:36Z
2026-08-23T14:05:22Z,b1803f4997955b3cc6e9cf7a2263c766,波甲,2026-08-23T18:15:00Z,Pogoń Szczecin,Wisła Kraków,nordicbet,h2h,Wisła Kraków,away,away,,3.15,2026-08-23T14:04:36Z
2026-08-23T14:05:22Z,b1803f4997955b3cc6e9cf7a2263c766,波甲,2026-08-23T18:15:00Z,Pogoń Szczecin,Wisła Kraków,nordicbet,h2h,Draw,draw,draw,,3.45,2026-08-23T14:04:36Z
2026-08-23T14:05:22Z,b1803f4997955b3cc6e9cf7a2263c766,波甲,2026-08-23T18:15:00Z,Pogoń Szczecin,Wisła Kraków,nordicbet,totals,Over,over,over@2.5,2.5,1.58,2026-08-23T14:04:36Z
2026-08-23T14:05:22Z,b1803f4997955b3cc6e9cf7a2263c766,波甲,2026-08-23T18:15:00Z,Pogoń Szczecin,Wisła Kraków,nordicbet,totals,Under,under,under@2.5,2.5,2.25,2026-08-23T14:04:36Z
2026-08-23T14:05:22Z,b1803f4997955b3cc6e9cf7a2263c766,波甲,2026-08-23T18:15:00Z,Pogoń Szczecin,Wisła Kraków,unibet_uk,h2h,Pogoń Szczecin,home,home,,2.08,2026-08-23T14:05:47Z
2026-08-23T14:05:22Z,b1803f4997955b3cc6e9cf7a2263c766,波甲,2026-08-23T18:15:00Z,Pogoń Szczecin,Wisła Kraków,unibet_uk,h2h,Wisła Kraków,away,away,,3.2,2026-08-23T14:05:47Z
2026-08-23T14:05:22Z,b1803f4997955b3cc6e9cf7a2263c766,波甲,2026-08-23T18:15:00Z,Pogoń Szczecin,Wisła Kraków,unibet_uk,h2h,Draw,draw,draw,,3.6,2026-08-23T14:05:47Z
2026-08-23T14:05:22Z,b1803f4997955b3cc6e9cf7a2263c766,波甲,2026-08-23T18:15:00Z,Pogoń Szczecin,Wisła Kraków,betfred_uk,h2h,Pogoń Szczecin,home,home,,2.0,2026-08-23T14:05:25Z
2026-08-23T14:05:22Z,b1803f4997955b3cc6e9cf7a2263c766,波甲,2026-08-23T18:15:00Z,Pogoń Szczecin,Wisła Kraków,betfred_uk,h2h,Wisła Kraków,away,away,,3.2,2026-08-23T14:05:25Z
2026-08-23T14:05:22Z,b1803f4997955b3cc6e9cf7a2263c766,波甲,2026-08-23T18:15:00Z,Pogoń Szczecin,Wisła Kraków,betfred_uk,h2h,Draw,draw,draw,,3.6,2026-08-23T14:05:25Z
2026-08-23T14:05:22Z,b1803f4997955b3cc6e9cf7a2263c766,波甲,2026-08-23T18:15:00Z,Pogoń Szczecin,Wisła Kraków,coolbet,h2h,Pogoń Szczecin,home,home,,2.08,2026-08-23T14:05:46Z
2026-08-23T14:05:22Z,b1803f4997955b3cc6e9cf7a2263c766,波甲,2026-08-23T18:15:00Z,Pogoń Szczecin,Wisła Kraków,coolbet,h2h,Wisła Kraków,away,away,,3.3,2026-08-23T14:05:46Z
2026-08-23T14:05:22Z,b1803f4997955b3cc6e9cf7a2263c766,波甲,2026-08-23T18:15:00Z,Pogoń Szczecin,Wisła Kraków,coolbet,h2h,Draw,draw,draw,,3.75,2026-08-23T14:05:46Z
2026-08-23T14:05:22Z,b1803f4997955b3cc6e9cf7a2263c766,波甲,2026-08-23T18:15:00Z,Pogoń Szczecin,Wisła Kraków,coolbet,spreads,Pogoń Szczecin,home,home@-1.0,-1.0,2.94,2026-08-23T14:05:46Z
2026-08-23T14:05:22Z,b1803f4997955b3cc6e9cf7a2263c766,波甲,2026-08-23T18:15:00Z,Pogoń Szczecin,Wisła Kraków,coolbet,spreads,Wisła Kraków,away,away@1.0,1.0,1.39,2026-08-23T14:05:46Z
2026-08-23T14:05:22Z,b1803f4997955b3cc6e9cf7a2263c766,波甲,2026-08-23T18:15:00Z,Pogoń Szczecin,Wisła Kraków,coolbet,totals,Over,over,over@3.0,3.0,1.96,2026-08-23T14:05:46Z
2026-08-23T14:05:22Z,b1803f4997955b3cc6e9cf7a2263c766,波甲,2026-08-23T18:15:00Z,Pogoń Szczecin,Wisła Kraków,coolbet,totals,Under,under,under@3.0,3.0,1.82,2026-08-23T14:05:46Z
2026-08-23T14:05:22Z,b1803f4997955b3cc6e9cf7a2263c766,波甲,2026-08-23T18:15:00Z,Pogoń Szczecin,Wisła Kraków,smarkets,h2h,Pogoń Szczecin,home,home,,2.18,2026-08-23T14:05:46Z
2026-08-23T14:05:22Z,b1803f4997955b3cc6e9cf7a2263c766,波甲,2026-08-23T18:15:00Z,Pogoń Szczecin,Wisła Kraków,smarkets,h2h,Wisła Kraków,away,away,,3.45,2026-08-23T14:05:46Z
2026-08-23T14:05:22Z,b1803f4997955b3cc6e9cf7a2263c766,波甲,2026-08-23T18:15:00Z,Pogoń Szczecin,Wisła Kraków,smarkets,h2h,Draw,draw,draw,,3.75,2026-08-23T14:05:46Z
2026-08-23T14:05:22Z,b1803f4997955b3cc6e9cf7a2263c766,波甲,2026-08-23T18:15:00Z,Pogoń Szczecin,Wisła Kraków,skybet,h2h,Pogoń Szczecin,home,home,,1.95,2026-08-23T14:05:25Z
2026-08-23T14:05:22Z,b1803f4997955b3cc6e9cf7a2263c766,波甲,2026-08-23T18:15:00Z,Pogoń Szczecin,Wisła Kraków,skybet,h2h,Wisła Kraków,away,away,,3.1,2026-08-23T14:05:25Z
2026-08-23T14:05:22Z,b1803f4997955b3cc6e9cf7a2263c766,波甲,2026-08-23T18:15:00Z,Pogoń Szczecin,Wisła Kraków,skybet,h2h,Draw,draw,draw,,3.5,2026-08-23T14:05:25Z
2026-08-23T14:05:22Z,b1803f4997955b3cc6e9cf7a2263c766,波甲,2026-08-23T18:15:00Z,Pogoń Szczecin,Wisła Kraków,paddypower,h2h,Pogoń Szczecin,home,home,,2.0,2026-08-23T14:05:46Z
2026-08-23T14:05:22Z,b1803f4997955b3cc6e9cf7a2263c766,波甲,2026-08-23T18:15:00Z,Pogoń Szczecin,Wisła Kraków,paddypower,h2h,Wisła Kraków,away,away,,3.2,2026-08-23T14:05:46Z
2026-08-23T14:05:22Z,b1803f4997955b3cc6e9cf7a2263c766,波甲,2026-08-23T18:15:00Z,Pogoń Szczecin,Wisła Kraków,paddypower,h2h,Draw,draw,draw,,3.6,2026-08-23T14:05:46Z
2026-08-23T14:05:22Z,b1803f4997955b3cc6e9cf7a2263c766,波甲,2026-08-23T18:15:00Z,Pogoń Szczecin,Wisła Kraków,onexbet,h2h,Pogoń Szczecin,home,home,,2.09,2026-08-23T14:05:25Z
2026-08-23T14:05:22Z,b1803f4997955b3cc6e9cf7a2263c766,波甲,2026-08-23T18:15:00Z,Pogoń Szczecin,Wisła Kraków,onexbet,h2h,Wisła Kraków,away,away,,3.31,2026-08-23T14:05:25Z
2026-08-23T14:05:22Z,b1803f4997955b3cc6e9cf7a2263c766,波甲,2026-08-23T18:15:00Z,Pogoń Szczecin,Wisła Kraków,onexbet,h2h,Draw,draw,draw,,3.42,2026-08-23T14:05:25Z
2026-08-23T14:05:22Z,b1803f4997955b3cc6e9cf7a2263c766,波甲,2026-08-23T18:15:00Z,Pogoń Szczecin,Wisła Kraków,onexbet,spreads,Pogoń Szczecin,home,home@0.0,0.0,1.52,2026-08-23T14:05:25Z
2026-08-23T14:05:22Z,b1803f4997955b3cc6e9cf7a2263c766,波甲,2026-08-23T18:15:00Z,Pogoń Szczecin,Wisła Kraków,onexbet,spreads,Wisła Kraków,away,away@0.0,0.0,2.41,2026-08-23T14:05:25Z
2026-08-23T14:05:22Z,b1803f4997955b3cc6e9cf7a2263c766,波甲,2026-08-23T18:15:00Z,Pogoń Szczecin,Wisła Kraków,onexbet,totals,Over,over,over@2.5,2.5,1.61,2026-08-23T14:05:25Z
2026-08-23T14:05:22Z,b1803f4997955b3cc6e9cf7a2263c766,波甲,2026-08-23T18:15:00Z,Pogoń Szczecin,Wisła Kraków,onexbet,totals,Under,under,under@2.5,2.5,2.25,2026-08-23T14:05:25Z
2026-08-23T14:05:22Z,b1803f4997955b3cc6e9cf7a2263c766,波甲,2026-08-23T18:15:00Z,Pogoń Szczecin,Wisła Kraków,betfair_sb_uk,h2h,Pogoń Szczecin,home,home,,2.0,2026-08-23T14:05:25Z
2026-08-23T14:05:22Z,b1803f4997955b3cc6e9cf7a2263c766,波甲,2026-08-23T18:15:00Z,Pogoń Szczecin,Wisła Kraków,betfair_sb_uk,h2h,Wisła Kraków,away,away,,3.25,2026-08-23T14:05:25Z
2026-08-23T14:05:22Z,b1803f4997955b3cc6e9cf7a2263c766,波甲,2026-08-23T18:15:00Z,Pogoń Szczecin,Wisła Kraków,betfair_sb_uk,h2h,Draw,draw,draw,,3.7,2026-08-23T14:05:25Z
2026-08-23T14:05:22Z,b1803f4997955b3cc6e9cf7a2263c766,波甲,2026-08-23T18:15:00Z,Pogoń Szczecin,Wisła Kraków,marathonbet,h2h,Pogoń Szczecin,home,home,,2.07,2026-08-23T14:05:26Z
2026-08-23T14:05:22Z,b1803f4997955b3cc6e9cf7a2263c766,波甲,2026-08-23T18:15:00Z,Pogoń Szczecin,Wisła Kraków,marathonbet,h2h,Wisła Kraków,away,away,,3.3,2026-08-23T14:05:26Z
2026-08-23T14:05:22Z,b1803f4997955b3cc6e9cf7a2263c766,波甲,2026-08-23T18:15:00Z,Pogoń Szczecin,Wisła Kraków,marathonbet,h2h,Draw,draw,draw,,3.42,2026-08-23T14:05:26Z
2026-08-23T14:05:22Z,b1803f4997955b3cc6e9cf7a2263c766,波甲,2026-08-23T18:15:00Z,Pogoń Szczecin,Wisła Kraków,boylesports,h2h,Pogoń Szczecin,home,home,,1.95,2026-08-23T14:05:47Z
2026-08-23T14:05:22Z,b1803f4997955b3cc6e9cf7a2263c766,波甲,2026-08-23T18:15:00Z,Pogoń Szczecin,Wisła Kraków,boylesports,h2h,Wisła Kraków,away,away,,3.0,2026-08-23T14:05:47Z
2026-08-23T14:05:22Z,b1803f4997955b3cc6e9cf7a2263c766,波甲,2026-08-23T18:15:00Z,Pogoń Szczecin,Wisła Kraków,boylesports,h2h,Draw,draw,draw,,3.3,2026-08-23T14:05:47Z
2026-08-23T14:05:22Z,b1803f4997955b3cc6e9cf7a2263c766,波甲,2026-08-23T18:15:00Z,Pogoń Szczecin,Wisła Kraków,betonlineag,h2h,Pogoń Szczecin,home,home,,2.08,2026-08-23T14:05:24Z
2026-08-23T14:05:22Z,b1803f4997955b3cc6e9cf7a2263c766,波甲,2026-08-23T18:15:00Z,Pogoń Szczecin,Wisła Kraków,betonlineag,h2h,Wisła Kraków,away,away,,3.3,2026-08-23T14:05:24Z
2026-08-23T14:05:22Z,b1803f4997955b3cc6e9cf7a2263c766,波甲,2026-08-23T18:15:00Z,Pogoń Szczecin,Wisła Kraków,betonlineag,h2h,Draw,draw,draw,,3.5,2026-08-23T14:05:24Z
2026-08-23T14:05:22Z,b1803f4997955b3cc6e9cf7a2263c766,波甲,2026-08-23T18:15:00Z,Pogoń Szczecin,Wisła Kraków,betonlineag,spreads,Pogoń Szczecin,home,home@-0.5,-0.5,2.08,2026-08-23T14:05:24Z
2026-08-23T14:05:22Z,b1803f4997955b3cc6e9cf7a2263c766,波甲,2026-08-23T18:15:00Z,Pogoń Szczecin,Wisła Kraków,betonlineag,spreads,Wisła Kraków,away,away@0.5,0.5,1.78,2026-08-23T14:05:24Z
2026-08-23T14:05:22Z,b1803f4997955b3cc6e9cf7a2263c766,波甲,2026-08-23T18:15:00Z,Pogoń Szczecin,Wisła Kraków,betonlineag,totals,Over,over,over@2.75,2.75,1.76,2026-08-23T14:05:24Z
2026-08-23T14:05:22Z,b1803f4997955b3cc6e9cf7a2263c766,波甲,2026-08-23T18:15:00Z,Pogoń Szczecin,Wisła Kraków,betonlineag,totals,Under,under,under@2.75,2.75,2.11,2026-08-23T14:05:24Z
2026-08-23T14:05:22Z,b1803f4997955b3cc6e9cf7a2263c766,波甲,2026-08-23T18:15:00Z,Pogoń Szczecin,Wisła Kraków,sport888,h2h,Pogoń Szczecin,home,home,,2.05,2026-08-23T14:05:45Z
2026-08-23T14:05:22Z,b1803f4997955b3cc6e9cf7a2263c766,波甲,2026-08-23T18:15:00Z,Pogoń Szczecin,Wisła Kraków,sport888,h2h,Wisła Kraków,away,away,,3.25,2026-08-23T14:05:45Z
2026-08-23T14:05:22Z,b1803f4997955b3cc6e9cf7a2263c766,波甲,2026-08-23T18:15:00Z,Pogoń Szczecin,Wisła Kraków,sport888,h2h,Draw,draw,draw,,3.3,2026-08-23T14:05:45Z
2026-08-23T14:05:22Z,b1803f4997955b3cc6e9cf7a2263c766,波甲,2026-08-23T18:15:00Z,Pogoń Szczecin,Wisła Kraków,pinnacle,h2h,Pogoń Szczecin,home,home,,2.13,2026-08-23T14:05:45Z
2026-08-23T14:05:22Z,b1803f4997955b3cc6e9cf7a2263c766,波甲,2026-08-23T18:15:00Z,Pogoń Szczecin,Wisła Kraków,pinnacle,h2h,Wisła Kraków,away,away,,3.43,2026-08-23T14:05:45Z
2026-08-23T14:05:22Z,b1803f4997955b3cc6e9cf7a2263c766,波甲,2026-08-23T18:15:00Z,Pogoń Szczecin,Wisła Kraków,pinnacle,h2h,Draw,draw,draw,,3.59,2026-08-23T14:05:45Z
2026-08-23T14:05:22Z,b1803f4997955b3cc6e9cf7a2263c766,波甲,2026-08-23T18:15:00Z,Pogoń Szczecin,Wisła Kraków,pinnacle,spreads,Pogoń Szczecin,home,home@-0.25,-0.25,1.85,2026-08-23T14:05:45Z
2026-08-23T14:05:22Z,b1803f4997955b3cc6e9cf7a2263c766,波甲,2026-08-23T18:15:00Z,Pogoń Szczecin,Wisła Kraków,pinnacle,spreads,Wisła Kraków,away,away@0.25,0.25,2.04,2026-08-23T14:05:45Z
2026-08-23T14:05:22Z,b1803f4997955b3cc6e9cf7a2263c766,波甲,2026-08-23T18:15:00Z,Pogoń Szczecin,Wisła Kraków,pinnacle,totals,Over,over,over@3.0,3.0,2.05,2026-08-23T14:05:45Z
2026-08-23T14:05:22Z,b1803f4997955b3cc6e9cf7a2263c766,波甲,2026-08-23T18:15:00Z,Pogoń Szczecin,Wisła Kraków,pinnacle,totals,Under,under,under@3.0,3.0,1.83,2026-08-23T14:05:45Z
2026-08-23T14:05:22Z,b1803f4997955b3cc6e9cf7a2263c766,波甲,2026-08-23T18:15:00Z,Pogoń Szczecin,Wisła Kraków,coral,h2h,Pogoń Szczecin,home,home,,2.05,2026-08-23T14:05:24Z
2026-08-23T14:05:22Z,b1803f4997955b3cc6e9cf7a2263c766,波甲,2026-08-23T18:15:00Z,Pogoń Szczecin,Wisła Kraków,coral,h2h,Wisła Kraków,away,away,,3.0,2026-08-23T14:05:24Z
2026-08-23T14:05:22Z,b1803f4997955b3cc6e9cf7a2263c766,波甲,2026-08-23T18:15:00Z,Pogoń Szczecin,Wisła Kraków,coral,h2h,Draw,draw,draw,,3.3,2026-08-23T14:05:24Z
2026-08-23T14:05:22Z,b1803f4997955b3cc6e9cf7a2263c766,波甲,2026-08-23T18:15:00Z,Pogoń Szczecin,Wisła Kraków,ladbrokes_uk,h2h,Pogoń Szczecin,home,home,,2.05,2026-08-23T14:05:24Z
2026-08-23T14:05:22Z,b1803f4997955b3cc6e9cf7a2263c766,波甲,2026-08-23T18:15:00Z,Pogoń Szczecin,Wisła Kraków,ladbrokes_uk,h2h,Wisła Kraków,away,away,,3.0,2026-08-23T14:05:24Z
2026-08-23T14:05:22Z,b1803f4997955b3cc6e9cf7a2263c766,波甲,2026-08-23T18:15:00Z,Pogoń Szczecin,Wisła Kraków,ladbrokes_uk,h2h,Draw,draw,draw,,3.3,2026-08-23T14:05:24Z
2026-08-23T14:05:22Z,b1803f4997955b3cc6e9cf7a2263c766,波甲,2026-08-23T18:15:00Z,Pogoń Szczecin,Wisła Kraków,betway,h2h,Pogoń Szczecin,home,home,,2.05,2026-08-23T14:05:46Z
2026-08-23T14:05:22Z,b1803f4997955b3cc6e9cf7a2263c766,波甲,2026-08-23T18:15:00Z,Pogoń Szczecin,Wisła Kraków,betway,h2h,Wisła Kraków,away,away,,3.2,2026-08-23T14:05:46Z
2026-08-23T14:05:22Z,b1803f4997955b3cc6e9cf7a2263c766,波甲,2026-08-23T18:15:00Z,Pogoń Szczecin,Wisła Kraków,betway,h2h,Draw,draw,draw,,3.5,2026-08-23T14:05:46Z
2026-08-23T14:05:22Z,b1803f4997955b3cc6e9cf7a2263c766,波甲,2026-08-23T18:15:00Z,Pogoń Szczecin,Wisła Kraków,betvictor,h2h,Pogoń Szczecin,home,home,,2.0,2026-08-23T14:05:40Z
2026-08-23T14:05:22Z,b1803f4997955b3cc6e9cf7a2263c766,波甲,2026-08-23T18:15:00Z,Pogoń Szczecin,Wisła Kraków,betvictor,h2h,Wisła Kraków,away,away,,3.1,2026-08-23T14:05:40Z
2026-08-23T14:05:22Z,b1803f4997955b3cc6e9cf7a2263c766,波甲,2026-08-23T18:15:00Z,Pogoń Szczecin,Wisła Kraków,betvictor,h2h,Draw,draw,draw,,3.6,2026-08-23T14:05:40Z
2026-08-23T14:05:22Z,b1803f4997955b3cc6e9cf7a2263c766,波甲,2026-08-23T18:15:00Z,Pogoń Szczecin,Wisła Kraków,betano_uk,h2h,Pogoń Szczecin,home,home,,2.0,2026-08-23T14:05:13Z
2026-08-23T14:05:22Z,b1803f4997955b3cc6e9cf7a2263c766,波甲,2026-08-23T18:15:00Z,Pogoń Szczecin,Wisła Kraków,betano_uk,h2h,Wisła Kraków,away,away,,3.1,2026-08-23T14:05:13Z
2026-08-23T14:05:22Z,b1803f4997955b3cc6e9cf7a2263c766,波甲,2026-08-23T18:15:00Z,Pogoń Szczecin,Wisła Kraków,betano_uk,h2h,Draw,draw,draw,,3.6,2026-08-23T14:05:13Z
2026-08-23T14:05:22Z,b1803f4997955b3cc6e9cf7a2263c766,波甲,2026-08-23T18:15:00Z,Pogoń Szczecin,Wisła Kraków,betfair_ex_eu,h2h,Pogoń Szczecin,home,home,,2.18,2026-08-23T14:05:26Z
2026-08-23T14:05:22Z,b1803f4997955b3cc6e9cf7a2263c766,波甲,2026-08-23T18:15:00Z,Pogoń Szczecin,Wisła Kraków,betfair_ex_eu,h2h,Wisła Kraków,away,away,,3.5,2026-08-23T14:05:26Z
2026-08-23T14:05:22Z,b1803f4997955b3cc6e9cf7a2263c766,波甲,2026-08-23T18:15:00Z,Pogoń Szczecin,Wisła Kraków,betfair_ex_eu,h2h,Draw,draw,draw,,3.75,2026-08-23T14:05:26Z
2026-08-23T14:05:22Z,b1803f4997955b3cc6e9cf7a2263c766,波甲,2026-08-23T18:15:00Z,Pogoń Szczecin,Wisła Kraków,betfair_ex_uk,h2h,Pogoń Szczecin,home,home,,2.18,2026-08-23T14:05:45Z
2026-08-23T14:05:22Z,b1803f4997955b3cc6e9cf7a2263c766,波甲,2026-08-23T18:15:00Z,Pogoń Szczecin,Wisła Kraków,betfair_ex_uk,h2h,Wisła Kraków,away,away,,3.5,2026-08-23T14:05:45Z
2026-08-23T14:05:22Z,b1803f4997955b3cc6e9cf7a2263c766,波甲,2026-08-23T18:15:00Z,Pogoń Szczecin,Wisła Kraków,betfair_ex_uk,h2h,Draw,draw,draw,,3.75,2026-08-23T14:05:45Z
2026-08-23T14:05:22Z,b1803f4997955b3cc6e9cf7a2263c766,波甲,2026-08-23T18:15:00Z,Pogoń Szczecin,Wisła Kraków,matchbook,h2h,Pogoń Szczecin,home,home,,2.18,2026-08-23T14:05:46Z
2026-08-23T14:05:22Z,b1803f4997955b3cc6e9cf7a2263c766,波甲,2026-08-23T18:15:00Z,Pogoń Szczecin,Wisła Kraków,matchbook,h2h,Wisła Kraków,away,away,,3.5,2026-08-23T14:05:46Z
2026-08-23T14:05:22Z,b1803f4997955b3cc6e9cf7a2263c766,波甲,2026-08-23T18:15:00Z,Pogoń Szczecin,Wisła Kraków,matchbook,h2h,Draw,draw,draw,,3.75,2026-08-23T14:05:46Z
2026-08-23T14:05:22Z,b1803f4997955b3cc6e9cf7a2263c766,波甲,2026-08-23T18:15:00Z,Pogoń Szczecin,Wisła Kraków,matchbook,spreads,Pogoń Szczecin,home,home@-0.5,-0.5,2.16,2026-08-23T14:05:46Z
2026-08-23T14:05:22Z,b1803f4997955b3cc6e9cf7a2263c766,波甲,2026-08-23T18:15:00Z,Pogoń Szczecin,Wisła Kraków,matchbook,spreads,Wisła Kraków,away,away@0.5,0.5,1.82,2026-08-23T14:05:46Z
2026-08-23T14:05:22Z,b1803f4997955b3cc6e9cf7a2263c766,波甲,2026-08-23T18:15:00Z,Pogoń Szczecin,Wisła Kraków,matchbook,totals,Over,over,over@2.5,2.5,1.65,2026-08-23T14:05:46Z
2026-08-23T14:05:22Z,b1803f4997955b3cc6e9cf7a2263c766,波甲,2026-08-23T18:15:00Z,Pogoń Szczecin,Wisła Kraków,matchbook,totals,Under,under,under@2.5,2.5,2.46,2026-08-23T14:05:46Z
