snapshot_ts,event_id,league,commence_time,home_team,away_team,bookmaker,market,outcome,side,side_key,point,price,last_update
2026-08-21T14:32:46Z,46444,Allsvenskan,2026-08-21T17:00:00Z,IK Sirius,BK Häcken,betrivers,h2h,BK Hacken,away,away,,3.9,2026-08-21T14:32:48Z
2026-08-21T14:32:46Z,46444,Allsvenskan,2026-08-21T17:00:00Z,IK Sirius,BK Häcken,betrivers,h2h,IK Sirius,home,home,,1.67,2026-08-21T14:32:48Z
2026-08-21T14:32:46Z,46444,Allsvenskan,2026-08-21T17:00:00Z,IK Sirius,BK Häcken,betrivers,h2h,Draw,draw,draw,,3.9,2026-08-21T14:32:48Z
2026-08-21T14:32:46Z,46444,Allsvenskan,2026-08-21T17:00:00Z,IK Sirius,BK Häcken,betrivers,totals,Over,over,over@3.5,3.50,1.93,2026-08-21T14:32:48Z
2026-08-21T14:32:46Z,46444,Allsvenskan,2026-08-21T17:00:00Z,IK Sirius,BK Häcken,betrivers,totals,Under,under,under@3.5,3.50,1.75,2026-08-21T14:32:48Z
2026-08-21T14:32:46Z,46444,Allsvenskan,2026-08-21T17:00:00Z,IK Sirius,BK Häcken,virginbet,h2h,BK Hacken,away,away,,3.8,2026-08-21T14:32:49Z
2026-08-21T14:32:46Z,46444,Allsvenskan,2026-08-21T17:00:00Z,IK Sirius,BK Häcken,virginbet,h2h,IK Sirius,home,home,,1.64,2026-08-21T14:32:49Z
2026-08-21T14:32:46Z,46444,Allsvenskan,2026-08-21T17:00:00Z,IK Sirius,BK Häcken,virginbet,h2h,Draw,draw,draw,,3.85,2026-08-21T14:32:49Z
2026-08-21T14:32:46Z,46444,Allsvenskan,2026-08-21T17:00:00Z,IK Sirius,BK Häcken,unibet_nl,h2h,BK Hacken,away,away,,4.1,2026-08-21T14:32:21Z
2026-08-21T14:32:46Z,46444,Allsvenskan,2026-08-21T17:00:00Z,IK Sirius,BK Häcken,unibet_nl,h2h,IK Sirius,home,home,,1.71,2026-08-21T14:32:21Z
2026-08-21T14:32:46Z,46444,Allsvenskan,2026-08-21T17:00:00Z,IK Sirius,BK Häcken,unibet_nl,h2h,Draw,draw,draw,,4.1,2026-08-21T14:32:21Z
2026-08-21T14:32:46Z,46444,Allsvenskan,2026-08-21T17:00:00Z,IK Sirius,BK Häcken,unibet_nl,totals,Over,over,over@3.5,3.50,1.93,2026-08-21T14:32:21Z
2026-08-21T14:32:46Z,46444,Allsvenskan,2026-08-21T17:00:00Z,IK Sirius,BK Häcken,unibet_nl,totals,Under,under,under@3.5,3.50,1.75,2026-08-21T14:32:21Z
2026-08-21T14:32:46Z,46444,Allsvenskan,2026-08-21T17:00:00Z,IK Sirius,BK Häcken,casumo,h2h,BK Hacken,away,away,,4.1,2026-08-21T14:32:50Z
2026-08-21T14:32:46Z,46444,Allsvenskan,2026-08-21T17:00:00Z,IK Sirius,BK Häcken,casumo,h2h,IK Sirius,home,home,,1.71,2026-08-21T14:32:50Z
2026-08-21T14:32:46Z,46444,Allsvenskan,2026-08-21T17:00:00Z,IK Sirius,BK Häcken,casumo,h2h,Draw,draw,draw,,4.1,2026-08-21T14:32:50Z
2026-08-21T14:32:46Z,46444,Allsvenskan,2026-08-21T17:00:00Z,IK Sirius,BK Häcken,casumo,totals,Over,over,over@3.5,3.50,1.93,2026-08-21T14:32:50Z
2026-08-21T14:32:46Z,46444,Allsvenskan,2026-08-21T17:00:00Z,IK Sirius,BK Häcken,casumo,totals,Under,under,under@3.5,3.50,1.75,2026-08-21T14:32:50Z
2026-08-21T14:32:46Z,46444,Allsvenskan,2026-08-21T17:00:00Z,IK Sirius,BK Häcken,livescorebet,h2h,BK Hacken,away,away,,3.8,2026-08-21T14:32:49Z
2026-08-21T14:32:46Z,46444,Allsvenskan,2026-08-21T17:00:00Z,IK Sirius,BK Häcken,livescorebet,h2h,IK Sirius,home,home,,1.64,2026-08-21T14:32:49Z
2026-08-21T14:32:46Z,46444,Allsvenskan,2026-08-21T17:00:00Z,IK Sirius,BK Häcken,livescorebet,h2h,Draw,draw,draw,,3.85,2026-08-21T14:32:49Z
2026-08-21T14:32:46Z,46444,Allsvenskan,2026-08-21T17:00:00Z,IK Sirius,BK Häcken,unibet_se,h2h,BK Hacken,away,away,,4.3,2026-08-21T14:32:49Z
2026-08-21T14:32:46Z,46444,Allsvenskan,2026-08-21T17:00:00Z,IK Sirius,BK Häcken,unibet_se,h2h,IK Sirius,home,home,,1.77,2026-08-21T14:32:49Z
2026-08-21T14:32:46Z,46444,Allsvenskan,2026-08-21T17:00:00Z,IK Sirius,BK Häcken,unibet_se,h2h,Draw,draw,draw,,4.35,2026-08-21T14:32:49Z
2026-08-21T14:32:46Z,46444,Allsvenskan,2026-08-21T17:00:00Z,IK Sirius,BK Häcken,unibet_se,totals,Over,over,over@3.5,3.50,1.93,2026-08-21T14:32:49Z
2026-08-21T14:32:46Z,46444,Allsvenskan,2026-08-21T17:00:00Z,IK Sirius,BK Häcken,unibet_se,totals,Under,under,under@3.5,3.50,1.75,2026-08-21T14:32:49Z
2026-08-21T14:32:46Z,46444,Allsvenskan,2026-08-21T17:00:00Z,IK Sirius,BK Häcken,grosvenor,h2h,BK Hacken,away,away,,4.1,2026-08-21T14:32:50Z
2026-08-21T14:32:46Z,46444,Allsvenskan,2026-08-21T17:00:00Z,IK Sirius,BK Häcken,grosvenor,h2h,IK Sirius,home,home,,1.71,2026-08-21T14:32:50Z
2026-08-21T14:32:46Z,46444,Allsvenskan,2026-08-21T17:00:00Z,IK Sirius,BK Häcken,grosvenor,h2h,Draw,draw,draw,,4.1,2026-08-21T14:32:50Z
2026-08-21T14:32:46Z,46444,Allsvenskan,2026-08-21T17:00:00Z,IK Sirius,BK Häcken,grosvenor,totals,Over,over,over@3.5,3.50,1.93,2026-08-21T14:32:50Z
2026-08-21T14:32:46Z,46444,Allsvenskan,2026-08-21T17:00:00Z,IK Sirius,BK Häcken,grosvenor,totals,Under,under,under@3.5,3.50,1.75,2026-08-21T14:32:50Z
2026-08-21T14:32:46Z,46444,Allsvenskan,2026-08-21T17:00:00Z,IK Sirius,BK Häcken,pmu_fr,h2h,BK Hacken,away,away,,3.8,2026-08-21T14:32:20Z
2026-08-21T14:32:46Z,46444,Allsvenskan,2026-08-21T17:00:00Z,IK Sirius,BK Häcken,pmu_fr,h2h,IK Sirius,home,home,,1.64,2026-08-21T14:32:20Z
2026-08-21T14:32:46Z,46444,Allsvenskan,2026-08-21T17:00:00Z,IK Sirius,BK Häcken,pmu_fr,h2h,Draw,draw,draw,,3.85,2026-08-21T14:32:20Z
2026-08-21T14:32:46Z,46444,Allsvenskan,2026-08-21T17:00:00Z,IK Sirius,BK Häcken,pmu_fr,totals,Over,over,over@3.5,3.50,1.85,2026-08-21T14:32:20Z
2026-08-21T14:32:46Z,46444,Allsvenskan,2026-08-21T17:00:00Z,IK Sirius,BK Häcken,pmu_fr,totals,Under,under,under@3.5,3.50,1.67,2026-08-21T14:32:20Z
2026-08-21T14:32:46Z,46444,Allsvenskan,2026-08-21T17:00:00Z,IK Sirius,BK Häcken,leovegas_se,h2h,BK Hacken,away,away,,4.1,2026-08-21T14:32:48Z
2026-08-21T14:32:46Z,46444,Allsvenskan,2026-08-21T17:00:00Z,IK Sirius,BK Häcken,leovegas_se,h2h,IK Sirius,home,home,,1.71,2026-08-21T14:32:48Z
2026-08-21T14:32:46Z,46444,Allsvenskan,2026-08-21T17:00:00Z,IK Sirius,BK Häcken,leovegas_se,h2h,Draw,draw,draw,,4.1,2026-08-21T14:32:48Z
2026-08-21T14:32:46Z,46444,Allsvenskan,2026-08-21T17:00:00Z,IK Sirius,BK Häcken,leovegas_se,totals,Over,over,over@3.5,3.50,1.93,2026-08-21T14:32:48Z
2026-08-21T14:32:46Z,46444,Allsvenskan,2026-08-21T17:00:00Z,IK Sirius,BK Häcken,leovegas_se,totals,Under,under,under@3.5,3.50,1.75,2026-08-21T14:32:48Z
2026-08-21T14:32:46Z,46444,Allsvenskan,2026-08-21T17:00:00Z,IK Sirius,BK Häcken,leovegas,h2h,BK Hacken,away,away,,4.0,2026-08-21T14:32:49Z
2026-08-21T14:32:46Z,46444,Allsvenskan,2026-08-21T17:00:00Z,IK Sirius,BK Häcken,leovegas,h2h,IK Sirius,home,home,,1.73,2026-08-21T14:32:49Z
2026-08-21T14:32:46Z,46444,Allsvenskan,2026-08-21T17:00:00Z,IK Sirius,BK Häcken,leovegas,h2h,Draw,draw,draw,,4.33,2026-08-21T14:32:49Z
2026-08-21T14:32:46Z,46444,Allsvenskan,2026-08-21T17:00:00Z,IK Sirius,BK Häcken,leovegas,totals,Over,over,over@3.5,3.50,2.05,2026-08-21T14:32:49Z
2026-08-21T14:32:46Z,46444,Allsvenskan,2026-08-21T17:00:00Z,IK Sirius,BK Häcken,leovegas,totals,Under,under,under@3.5,3.50,1.7,2026-08-21T14:32:49Z
2026-08-21T14:32:46Z,46444,Allsvenskan,2026-08-21T17:00:00Z,IK Sirius,BK Häcken,unibet_fr,h2h,BK Hacken,away,away,,4.0,2026-08-21T14:31:56Z
2026-08-21T14:32:46Z,46444,Allsvenskan,2026-08-21T17:00:00Z,IK Sirius,BK Häcken,unibet_fr,h2h,IK Sirius,home,home,,1.64,2026-08-21T14:31:56Z
2026-08-21T14:32:46Z,46444,Allsvenskan,2026-08-21T17:00:00Z,IK Sirius,BK Häcken,unibet_fr,h2h,Draw,draw,draw,,4.15,2026-08-21T14:31:56Z
2026-08-21T14:32:46Z,46444,Allsvenskan,2026-08-21T17:00:00Z,IK Sirius,BK Häcken,betclic_fr,h2h,BK Hacken,away,away,,4.05,2026-08-21T14:31:49Z
2026-08-21T14:32:46Z,46444,Allsvenskan,2026-08-21T17:00:00Z,IK Sirius,BK Häcken,betclic_fr,h2h,IK Sirius,home,home,,1.68,2026-08-21T14:31:49Z
2026-08-21T14:32:46Z,46444,Allsvenskan,2026-08-21T17:00:00Z,IK Sirius,BK Häcken,betclic_fr,h2h,Draw,draw,draw,,4.2,2026-08-21T14:31:49Z
2026-08-21T14:32:46Z,46444,Allsvenskan,2026-08-21T17:00:00Z,IK Sirius,BK Häcken,winamax_fr,h2h,BK Hacken,away,away,,3.75,2026-08-21T14:32:21Z
2026-08-21T14:32:46Z,46444,Allsvenskan,2026-08-21T17:00:00Z,IK Sirius,BK Häcken,winamax_fr,h2h,IK Sirius,home,home,,1.64,2026-08-21T14:32:21Z
2026-08-21T14:32:46Z,46444,Allsvenskan,2026-08-21T17:00:00Z,IK Sirius,BK Häcken,winamax_fr,h2h,Draw,draw,draw,,4.1,2026-08-21T14:32:21Z
2026-08-21T14:32:46Z,46444,Allsvenskan,2026-08-21T17:00:00Z,IK Sirius,BK Häcken,winamax_de,h2h,BK Hacken,away,away,,3.85,2026-08-21T14:32:50Z
2026-08-21T14:32:46Z,46444,Allsvenskan,2026-08-21T17:00:00Z,IK Sirius,BK Häcken,winamax_de,h2h,IK Sirius,home,home,,1.66,2026-08-21T14:32:50Z
2026-08-21T14:32:46Z,46444,Allsvenskan,2026-08-21T17:00:00Z,IK Sirius,BK Häcken,winamax_de,h2h,Draw,draw,draw,,4.2,2026-08-21T14:32:50Z
2026-08-21T14:32:46Z,46444,Allsvenskan,2026-08-21T17:00:00Z,IK Sirius,BK Häcken,smarkets,h2h,BK Hacken,away,away,,4.3,2026-08-21T14:32:49Z
2026-08-21T14:32:46Z,46444,Allsvenskan,2026-08-21T17:00:00Z,IK Sirius,BK Häcken,smarkets,h2h,IK Sirius,home,home,,1.79,2026-08-21T14:32:49Z
2026-08-21T14:32:46Z,46444,Allsvenskan,2026-08-21T17:00:00Z,IK Sirius,BK Häcken,smarkets,h2h,Draw,draw,draw,,4.6,2026-08-21T14:32:49Z
2026-08-21T14:32:46Z,46444,Allsvenskan,2026-08-21T17:00:00Z,IK Sirius,BK Häcken,smarkets,h2h_lay,BK Hacken,h2h_lay,h2h_lay,,4.5,2026-08-21T14:32:49Z
2026-08-21T14:32:46Z,46444,Allsvenskan,2026-08-21T17:00:00Z,IK Sirius,BK Häcken,smarkets,h2h_lay,IK Sirius,h2h_lay,h2h_lay,,1.81,2026-08-21T14:32:49Z
2026-08-21T14:32:46Z,46444,Allsvenskan,2026-08-21T17:00:00Z,IK Sirius,BK Häcken,smarkets,h2h_lay,Draw,h2h_lay,h2h_lay,,4.7,2026-08-21T14:32:49Z
2026-08-21T14:32:46Z,46444,Allsvenskan,2026-08-21T17:00:00Z,IK Sirius,BK Häcken,onexbet,h2h,BK Hacken,away,away,,4.07,2026-08-21T14:32:49Z
2026-08-21T14:32:46Z,46444,Allsvenskan,2026-08-21T17:00:00Z,IK Sirius,BK Häcken,onexbet,h2h,IK Sirius,home,home,,1.73,2026-08-21T14:32:49Z
2026-08-21T14:32:46Z,46444,Allsvenskan,2026-08-21T17:00:00Z,IK Sirius,BK Häcken,onexbet,h2h,Draw,draw,draw,,4.1,2026-08-21T14:32:49Z
2026-08-21T14:32:46Z,46444,Allsvenskan,2026-08-21T17:00:00Z,IK Sirius,BK Häcken,onexbet,spreads,BK Hacken,away,away@1.5,1.50,1.39,2026-08-21T14:32:49Z
2026-08-21T14:32:46Z,46444,Allsvenskan,2026-08-21T17:00:00Z,IK Sirius,BK Häcken,onexbet,spreads,IK Sirius,home,home@-1.5,-1.50,2.64,2026-08-21T14:32:49Z
2026-08-21T14:32:46Z,46444,Allsvenskan,2026-08-21T17:00:00Z,IK Sirius,BK Häcken,onexbet,totals,Over,over,over@3.5,3.50,2.07,2026-08-21T14:32:49Z
2026-08-21T14:32:46Z,46444,Allsvenskan,2026-08-21T17:00:00Z,IK Sirius,BK Häcken,onexbet,totals,Under,under,under@3.5,3.50,1.73,2026-08-21T14:32:49Z
2026-08-21T14:32:46Z,46444,Allsvenskan,2026-08-21T17:00:00Z,IK Sirius,BK Häcken,gtbets,h2h,BK Hacken,away,away,,4.14,2026-08-21T14:32:20Z
2026-08-21T14:32:46Z,46444,Allsvenskan,2026-08-21T17:00:00Z,IK Sirius,BK Häcken,gtbets,h2h,IK Sirius,home,home,,1.81,2026-08-21T14:32:20Z
2026-08-21T14:32:46Z,46444,Allsvenskan,2026-08-21T17:00:00Z,IK Sirius,BK Häcken,gtbets,h2h,Draw,draw,draw,,4.03,2026-08-21T14:32:20Z
2026-08-21T14:32:46Z,46444,Allsvenskan,2026-08-21T17:00:00Z,IK Sirius,BK Häcken,gtbets,spreads,BK Hacken,away,away@0.5,0.50,2.06,2026-08-21T14:32:20Z
2026-08-21T14:32:46Z,46444,Allsvenskan,2026-08-21T17:00:00Z,IK Sirius,BK Häcken,gtbets,spreads,IK Sirius,home,home@-0.5,-0.50,1.72,2026-08-21T14:32:20Z
2026-08-21T14:32:46Z,46444,Allsvenskan,2026-08-21T17:00:00Z,IK Sirius,BK Häcken,gtbets,totals,Over,over,over@3.5,3.50,2.05,2026-08-21T14:32:20Z
2026-08-21T14:32:46Z,46444,Allsvenskan,2026-08-21T17:00:00Z,IK Sirius,BK Häcken,gtbets,totals,Under,under,under@3.5,3.50,1.75,2026-08-21T14:32:20Z
2026-08-21T14:32:46Z,46444,Allsvenskan,2026-08-21T17:00:00Z,IK Sirius,BK Häcken,betsson,h2h,BK Hacken,away,away,,4.05,2026-08-21T14:32:20Z
2026-08-21T14:32:46Z,46444,Allsvenskan,2026-08-21T17:00:00Z,IK Sirius,BK Häcken,betsson,h2h,IK Sirius,home,home,,1.72,2026-08-21T14:32:20Z
2026-08-21T14:32:46Z,46444,Allsvenskan,2026-08-21T17:00:00Z,IK Sirius,BK Häcken,betsson,h2h,Draw,draw,draw,,3.95,2026-08-21T14:32:20Z
2026-08-21T14:32:46Z,46444,Allsvenskan,2026-08-21T17:00:00Z,IK Sirius,BK Häcken,betsson,totals,Over,over,over@2.5,2.50,1.43,2026-08-21T14:32:20Z
2026-08-21T14:32:46Z,46444,Allsvenskan,2026-08-21T17:00:00Z,IK Sirius,BK Häcken,betsson,totals,Under,under,under@2.5,2.50,2.75,2026-08-21T14:32:20Z
2026-08-21T14:32:46Z,46444,Allsvenskan,2026-08-21T17:00:00Z,IK Sirius,BK Häcken,nordicbet,h2h,BK Hacken,away,away,,4.05,2026-08-21T14:32:21Z
2026-08-21T14:32:46Z,46444,Allsvenskan,2026-08-21T17:00:00Z,IK Sirius,BK Häcken,nordicbet,h2h,IK Sirius,home,home,,1.72,2026-08-21T14:32:21Z
2026-08-21T14:32:46Z,46444,Allsvenskan,2026-08-21T17:00:00Z,IK Sirius,BK Häcken,nordicbet,h2h,Draw,draw,draw,,3.95,2026-08-21T14:32:21Z
2026-08-21T14:32:46Z,46444,Allsvenskan,2026-08-21T17:00:00Z,IK Sirius,BK Häcken,nordicbet,totals,Over,over,over@2.5,2.50,1.43,2026-08-21T14:32:21Z
2026-08-21T14:32:46Z,46444,Allsvenskan,2026-08-21T17:00:00Z,IK Sirius,BK Häcken,nordicbet,totals,Under,under,under@2.5,2.50,2.75,2026-08-21T14:32:21Z
2026-08-21T14:32:46Z,46444,Allsvenskan,2026-08-21T17:00:00Z,IK Sirius,BK Häcken,unibet_uk,h2h,BK Hacken,away,away,,4.0,2026-08-21T14:32:23Z
2026-08-21T14:32:46Z,46444,Allsvenskan,2026-08-21T17:00:00Z,IK Sirius,BK Häcken,unibet_uk,h2h,IK Sirius,home,home,,1.7,2026-08-21T14:32:23Z
2026-08-21T14:32:46Z,46444,Allsvenskan,2026-08-21T17:00:00Z,IK Sirius,BK Häcken,unibet_uk,h2h,Draw,draw,draw,,4.2,2026-08-21T14:32:23Z
2026-08-21T14:32:46Z,46444,Allsvenskan,2026-08-21T17:00:00Z,IK Sirius,BK Häcken,betfred_uk,h2h,BK Hacken,away,away,,4.0,2026-08-21T14:32:49Z
2026-08-21T14:32:46Z,46444,Allsvenskan,2026-08-21T17:00:00Z,IK Sirius,BK Häcken,betfred_uk,h2h,IK Sirius,home,home,,1.7,2026-08-21T14:32:49Z
2026-08-21T14:32:46Z,46444,Allsvenskan,2026-08-21T17:00:00Z,IK Sirius,BK Häcken,betfred_uk,h2h,Draw,draw,draw,,4.0,2026-08-21T14:32:49Z
2026-08-21T14:32:46Z,46444,Allsvenskan,2026-08-21T17:00:00Z,IK Sirius,BK Häcken,skybet,h2h,BK Hacken,away,away,,3.75,2026-08-21T14:32:49Z
2026-08-21T14:32:46Z,46444,Allsvenskan,2026-08-21T17:00:00Z,IK Sirius,BK Häcken,skybet,h2h,IK Sirius,home,home,,1.67,2026-08-21T14:32:49Z
2026-08-21T14:32:46Z,46444,Allsvenskan,2026-08-21T17:00:00Z,IK Sirius,BK Häcken,skybet,h2h,Draw,draw,draw,,3.9,2026-08-21T14:32:49Z
2026-08-21T14:32:46Z,46444,Allsvenskan,2026-08-21T17:00:00Z,IK Sirius,BK Häcken,fanduel,h2h,BK Hacken,away,away,,4.1,2026-08-21T14:32:48Z
2026-08-21T14:32:46Z,46444,Allsvenskan,2026-08-21T17:00:00Z,IK Sirius,BK Häcken,fanduel,h2h,IK Sirius,home,home,,1.69,2026-08-21T14:32:48Z
2026-08-21T14:32:46Z,46444,Allsvenskan,2026-08-21T17:00:00Z,IK Sirius,BK Häcken,fanduel,h2h,Draw,draw,draw,,4.3,2026-08-21T14:32:48Z
2026-08-21T14:32:46Z,46444,Allsvenskan,2026-08-21T17:00:00Z,IK Sirius,BK Häcken,paddypower,h2h,BK Hacken,away,away,,3.8,2026-08-21T14:32:19Z
2026-08-21T14:32:46Z,46444,Allsvenskan,2026-08-21T17:00:00Z,IK Sirius,BK Häcken,paddypower,h2h,IK Sirius,home,home,,1.67,2026-08-21T14:32:19Z
2026-08-21T14:32:46Z,46444,Allsvenskan,2026-08-21T17:00:00Z,IK Sirius,BK Häcken,paddypower,h2h,Draw,draw,draw,,4.0,2026-08-21T14:32:19Z
2026-08-21T14:32:46Z,46444,Allsvenskan,2026-08-21T17:00:00Z,IK Sirius,BK Häcken,betway,h2h,BK Hacken,away,away,,4.0,2026-08-21T14:31:58Z
2026-08-21T14:32:46Z,46444,Allsvenskan,2026-08-21T17:00:00Z,IK Sirius,BK Häcken,betway,h2h,IK Sirius,home,home,,1.7,2026-08-21T14:31:58Z
2026-08-21T14:32:46Z,46444,Allsvenskan,2026-08-21T17:00:00Z,IK Sirius,BK Häcken,betway,h2h,Draw,draw,draw,,4.33,2026-08-21T14:31:58Z
2026-08-21T14:32:46Z,46444,Allsvenskan,2026-08-21T17:00:00Z,IK Sirius,BK Häcken,betonlineag,h2h,BK Hacken,away,away,,4.1,2026-08-21T14:32:21Z
2026-08-21T14:32:46Z,46444,Allsvenskan,2026-08-21T17:00:00Z,IK Sirius,BK Häcken,betonlineag,h2h,IK Sirius,home,home,,1.74,2026-08-21T14:32:21Z
2026-08-21T14:32:46Z,46444,Allsvenskan,2026-08-21T17:00:00Z,IK Sirius,BK Häcken,betonlineag,h2h,Draw,draw,draw,,4.2,2026-08-21T14:32:21Z
2026-08-21T14:32:46Z,46444,Allsvenskan,2026-08-21T17:00:00Z,IK Sirius,BK Häcken,betonlineag,spreads,BK Hacken,away,away@0.75,0.75,1.92,2026-08-21T14:32:21Z
2026-08-21T14:32:46Z,46444,Allsvenskan,2026-08-21T17:00:00Z,IK Sirius,BK Häcken,betonlineag,spreads,IK Sirius,home,home@-0.75,-0.75,1.9,2026-08-21T14:32:21Z
2026-08-21T14:32:46Z,46444,Allsvenskan,2026-08-21T17:00:00Z,IK Sirius,BK Häcken,betonlineag,totals,Over,over,over@3.25,3.25,1.89,2026-08-21T14:32:21Z
2026-08-21T14:32:46Z,46444,Allsvenskan,2026-08-21T17:00:00Z,IK Sirius,BK Häcken,betonlineag,totals,Under,under,under@3.25,3.25,1.93,2026-08-21T14:32:21Z
2026-08-21T14:32:46Z,46444,Allsvenskan,2026-08-21T17:00:00Z,IK Sirius,BK Häcken,ladbrokes_uk,h2h,BK Hacken,away,away,,3.8,2026-08-21T14:32:24Z
2026-08-21T14:32:46Z,46444,Allsvenskan,2026-08-21T17:00:00Z,IK Sirius,BK Häcken,ladbrokes_uk,h2h,IK Sirius,home,home,,1.67,2026-08-21T14:32:24Z
2026-08-21T14:32:46Z,46444,Allsvenskan,2026-08-21T17:00:00Z,IK Sirius,BK Häcken,ladbrokes_uk,h2h,Draw,draw,draw,,3.8,2026-08-21T14:32:24Z
2026-08-21T14:32:46Z,46444,Allsvenskan,2026-08-21T17:00:00Z,IK Sirius,BK Häcken,coral,h2h,BK Hacken,away,away,,3.8,2026-08-21T14:32:49Z
2026-08-21T14:32:46Z,46444,Allsvenskan,2026-08-21T17:00:00Z,IK Sirius,BK Häcken,coral,h2h,IK Sirius,home,home,,1.67,2026-08-21T14:32:49Z
2026-08-21T14:32:46Z,46444,Allsvenskan,2026-08-21T17:00:00Z,IK Sirius,BK Häcken,coral,h2h,Draw,draw,draw,,3.8,2026-08-21T14:32:49Z
2026-08-21T14:32:46Z,46444,Allsvenskan,2026-08-21T17:00:00Z,IK Sirius,BK Häcken,lowvig,h2h,BK Hacken,away,away,,4.1,2026-08-21T14:32:50Z
2026-08-21T14:32:46Z,46444,Allsvenskan,2026-08-21T17:00:00Z,IK Sirius,BK Häcken,lowvig,h2h,IK Sirius,home,home,,1.74,2026-08-21T14:32:50Z
2026-08-21T14:32:46Z,46444,Allsvenskan,2026-08-21T17:00:00Z,IK Sirius,BK Häcken,lowvig,h2h,Draw,draw,draw,,4.2,2026-08-21T14:32:50Z
2026-08-21T14:32:46Z,46444,Allsvenskan,2026-08-21T17:00:00Z,IK Sirius,BK Häcken,lowvig,spreads,BK Hacken,away,away@0.75,0.75,1.92,2026-08-21T14:32:50Z
2026-08-21T14:32:46Z,46444,Allsvenskan,2026-08-21T17:00:00Z,IK Sirius,BK Häcken,lowvig,spreads,IK Sirius,home,home@-0.75,-0.75,1.9,2026-08-21T14:32:50Z
2026-08-21T14:32:46Z,46444,Allsvenskan,2026-08-21T17:00:00Z,IK Sirius,BK Häcken,lowvig,totals,Over,over,over@3.25,3.25,1.89,2026-08-21T14:32:50Z
2026-08-21T14:32:46Z,46444,Allsvenskan,2026-08-21T17:00:00Z,IK Sirius,BK Häcken,lowvig,totals,Under,under,under@3.25,3.25,1.93,2026-08-21T14:32:50Z
2026-08-21T14:32:46Z,46444,Allsvenskan,2026-08-21T17:00:00Z,IK Sirius,BK Häcken,betmgm,h2h,BK Hacken,away,away,,4.1,2026-08-21T14:32:49Z
2026-08-21T14:32:46Z,46444,Allsvenskan,2026-08-21T17:00:00Z,IK Sirius,BK Häcken,betmgm,h2h,IK Sirius,home,home,,1.71,2026-08-21T14:32:49Z
2026-08-21T14:32:46Z,46444,Allsvenskan,2026-08-21T17:00:00Z,IK Sirius,BK Häcken,betmgm,h2h,Draw,draw,draw,,4.1,2026-08-21T14:32:49Z
2026-08-21T14:32:46Z,46444,Allsvenskan,2026-08-21T17:00:00Z,IK Sirius,BK Häcken,betmgm,totals,Over,over,over@3.5,3.50,2.05,2026-08-21T14:32:49Z
2026-08-21T14:32:46Z,46444,Allsvenskan,2026-08-21T17:00:00Z,IK Sirius,BK Häcken,betmgm,totals,Under,under,under@3.5,3.50,1.69,2026-08-21T14:32:49Z
2026-08-21T14:32:46Z,46444,Allsvenskan,2026-08-21T17:00:00Z,IK Sirius,BK Häcken,betfair_sb_uk,h2h,BK Hacken,away,away,,4.0,2026-08-21T14:32:20Z
2026-08-21T14:32:46Z,46444,Allsvenskan,2026-08-21T17:00:00Z,IK Sirius,BK Häcken,betfair_sb_uk,h2h,IK Sirius,home,home,,1.7,2026-08-21T14:32:20Z
2026-08-21T14:32:46Z,46444,Allsvenskan,2026-08-21T17:00:00Z,IK Sirius,BK Häcken,betfair_sb_uk,h2h,Draw,draw,draw,,4.2,2026-08-21T14:32:20Z
2026-08-21T14:32:46Z,46444,Allsvenskan,2026-08-21T17:00:00Z,IK Sirius,BK Häcken,betfair_ex_eu,h2h,BK Hacken,away,away,,4.3,2026-08-21T14:32:49Z
2026-08-21T14:32:46Z,46444,Allsvenskan,2026-08-21T17:00:00Z,IK Sirius,BK Häcken,betfair_ex_eu,h2h,IK Sirius,home,home,,1.79,2026-08-21T14:32:49Z
2026-08-21T14:32:46Z,46444,Allsvenskan,2026-08-21T17:00:00Z,IK Sirius,BK Häcken,betfair_ex_eu,h2h,Draw,draw,draw,,4.6,2026-08-21T14:32:49Z
2026-08-21T14:32:46Z,46444,Allsvenskan,2026-08-21T17:00:00Z,IK Sirius,BK Häcken,betfair_ex_eu,h2h_lay,BK Hacken,h2h_lay,h2h_lay,,4.5,2026-08-21T14:32:49Z
2026-08-21T14:32:46Z,46444,Allsvenskan,2026-08-21T17:00:00Z,IK Sirius,BK Häcken,betfair_ex_eu,h2h_lay,IK Sirius,h2h_lay,h2h_lay,,1.81,2026-08-21T14:32:49Z
2026-08-21T14:32:46Z,46444,Allsvenskan,2026-08-21T17:00:00Z,IK Sirius,BK Häcken,betfair_ex_eu,h2h_lay,Draw,h2h_lay,h2h_lay,,4.7,2026-08-21T14:32:49Z
2026-08-21T14:32:46Z,46444,Allsvenskan,2026-08-21T17:00:00Z,IK Sirius,BK Häcken,betfair_ex_uk,h2h,BK Hacken,away,away,,4.3,2026-08-21T14:32:48Z
2026-08-21T14:32:46Z,46444,Allsvenskan,2026-08-21T17:00:00Z,IK Sirius,BK Häcken,betfair_ex_uk,h2h,IK Sirius,home,home,,1.79,2026-08-21T14:32:48Z
2026-08-21T14:32:46Z,46444,Allsvenskan,2026-08-21T17:00:00Z,IK Sirius,BK Häcken,betfair_ex_uk,h2h,Draw,draw,draw,,4.6,2026-08-21T14:32:48Z
2026-08-21T14:32:46Z,46444,Allsvenskan,2026-08-21T17:00:00Z,IK Sirius,BK Häcken,betfair_ex_uk,h2h_lay,BK Hacken,h2h_lay,h2h_lay,,4.5,2026-08-21T14:32:48Z
2026-08-21T14:32:46Z,46444,Allsvenskan,2026-08-21T17:00:00Z,IK Sirius,BK Häcken,betfair_ex_uk,h2h_lay,IK Sirius,h2h_lay,h2h_lay,,1.81,2026-08-21T14:32:48Z
2026-08-21T14:32:46Z,46444,Allsvenskan,2026-08-21T17:00:00Z,IK Sirius,BK Häcken,betfair_ex_uk,h2h_lay,Draw,h2h_lay,h2h_lay,,4.7,2026-08-21T14:32:48Z
2026-08-21T14:32:46Z,46444,Allsvenskan,2026-08-21T17:00:00Z,IK Sirius,BK Häcken,boylesports,h2h,BK Hacken,away,away,,3.5,2026-08-21T14:31:37Z
2026-08-21T14:32:46Z,46444,Allsvenskan,2026-08-21T17:00:00Z,IK Sirius,BK Häcken,boylesports,h2h,IK Sirius,home,home,,1.62,2026-08-21T14:31:37Z
2026-08-21T14:32:46Z,46444,Allsvenskan,2026-08-21T17:00:00Z,IK Sirius,BK Häcken,boylesports,h2h,Draw,draw,draw,,4.0,2026-08-21T14:31:37Z
2026-08-21T14:32:46Z,46444,Allsvenskan,2026-08-21T17:00:00Z,IK Sirius,BK Häcken,sport888,h2h,BK Hacken,away,away,,4.0,2026-08-21T14:32:20Z
2026-08-21T14:32:46Z,46444,Allsvenskan,2026-08-21T17:00:00Z,IK Sirius,BK Häcken,sport888,h2h,IK Sirius,home,home,,1.7,2026-08-21T14:32:20Z
2026-08-21T14:32:46Z,46444,Allsvenskan,2026-08-21T17:00:00Z,IK Sirius,BK Häcken,sport888,h2h,Draw,draw,draw,,4.0,2026-08-21T14:32:20Z
2026-08-21T14:32:46Z,46444,Allsvenskan,2026-08-21T17:00:00Z,IK Sirius,BK Häcken,williamhill,h2h,BK Hacken,away,away,,4.0,2026-08-21T14:31:55Z
2026-08-21T14:32:46Z,46444,Allsvenskan,2026-08-21T17:00:00Z,IK Sirius,BK Häcken,williamhill,h2h,IK Sirius,home,home,,1.7,2026-08-21T14:31:55Z
2026-08-21T14:32:46Z,46444,Allsvenskan,2026-08-21T17:00:00Z,IK Sirius,BK Häcken,williamhill,h2h,Draw,draw,draw,,4.0,2026-08-21T14:31:55Z
2026-08-21T14:32:46Z,46444,Allsvenskan,2026-08-21T17:00:00Z,IK Sirius,BK Häcken,williamhill,totals,Over,over,over@2.5,2.50,1.4,2026-08-21T14:31:55Z
2026-08-21T14:32:46Z,46444,Allsvenskan,2026-08-21T17:00:00Z,IK Sirius,BK Häcken,williamhill,totals,Under,under,under@2.5,2.50,2.7,2026-08-21T14:31:55Z
2026-08-21T14:32:46Z,46444,Allsvenskan,2026-08-21T17:00:00Z,IK Sirius,BK Häcken,betano_uk,h2h,BK Hacken,away,away,,3.9,2026-08-21T14:30:56Z
2026-08-21T14:32:46Z,46444,Allsvenskan,2026-08-21T17:00:00Z,IK Sirius,BK Häcken,betano_uk,h2h,IK Sirius,home,home,,1.7,2026-08-21T14:30:56Z
2026-08-21T14:32:46Z,46444,Allsvenskan,2026-08-21T17:00:00Z,IK Sirius,BK Häcken,betano_uk,h2h,Draw,draw,draw,,4.0,2026-08-21T14:30:56Z
2026-08-21T14:32:46Z,46444,Allsvenskan,2026-08-21T17:00:00Z,IK Sirius,BK Häcken,betvictor,h2h,BK Hacken,away,away,,3.9,2026-08-21T14:30:36Z
2026-08-21T14:32:46Z,46444,Allsvenskan,2026-08-21T17:00:00Z,IK Sirius,BK Häcken,betvictor,h2h,IK Sirius,home,home,,1.7,2026-08-21T14:30:36Z
2026-08-21T14:32:46Z,46444,Allsvenskan,2026-08-21T17:00:00Z,IK Sirius,BK Häcken,betvictor,h2h,Draw,draw,draw,,4.0,2026-08-21T14:30:36Z
2026-08-21T14:32:46Z,46444,Allsvenskan,2026-08-21T17:00:00Z,IK Sirius,BK Häcken,tipico_de,h2h,BK Hacken,away,away,,4.2,2026-08-21T14:32:49Z
2026-08-21T14:32:46Z,46444,Allsvenskan,2026-08-21T17:00:00Z,IK Sirius,BK Häcken,tipico_de,h2h,IK Sirius,home,home,,1.62,2026-08-21T14:32:49Z
2026-08-21T14:32:46Z,46444,Allsvenskan,2026-08-21T17:00:00Z,IK Sirius,BK Häcken,tipico_de,h2h,Draw,draw,draw,,4.3,2026-08-21T14:32:49Z
2026-08-21T14:32:46Z,46444,Allsvenskan,2026-08-21T17:00:00Z,IK Sirius,BK Häcken,tipico_de,totals,Over,over,over@3.5,3.50,1.95,2026-08-21T14:32:49Z
2026-08-21T14:32:46Z,46444,Allsvenskan,2026-08-21T17:00:00Z,IK Sirius,BK Häcken,tipico_de,totals,Under,under,under@3.5,3.50,1.75,2026-08-21T14:32:49Z
2026-08-21T14:32:46Z,46444,Allsvenskan,2026-08-21T17:00:00Z,IK Sirius,BK Häcken,pinnacle,h2h,BK Hacken,away,away,,4.13,2026-08-21T14:32:48Z
2026-08-21T14:32:46Z,46444,Allsvenskan,2026-08-21T17:00:00Z,IK Sirius,BK Häcken,pinnacle,h2h,IK Sirius,home,home,,1.74,2026-08-21T14:32:48Z
2026-08-21T14:32:46Z,46444,Allsvenskan,2026-08-21T17:00:00Z,IK Sirius,BK Häcken,pinnacle,h2h,Draw,draw,draw,,4.37,2026-08-21T14:32:48Z
2026-08-21T14:32:46Z,46444,Allsvenskan,2026-08-21T17:00:00Z,IK Sirius,BK Häcken,pinnacle,spreads,BK Hacken,away,away@0.75,0.75,1.93,2026-08-21T14:32:48Z
2026-08-21T14:32:46Z,46444,Allsvenskan,2026-08-21T17:00:00Z,IK Sirius,BK Häcken,pinnacle,spreads,IK Sirius,home,home@-0.75,-0.75,1.94,2026-08-21T14:32:48Z
2026-08-21T14:32:46Z,46444,Allsvenskan,2026-08-21T17:00:00Z,IK Sirius,BK Häcken,pinnacle,totals,Over,over,over@3.25,3.25,1.91,2026-08-21T14:32:48Z
2026-08-21T14:32:46Z,46444,Allsvenskan,2026-08-21T17:00:00Z,IK Sirius,BK Häcken,pinnacle,totals,Under,under,under@3.25,3.25,1.94,2026-08-21T14:32:48Z
2026-08-21T14:32:46Z,46444,Allsvenskan,2026-08-21T17:00:00Z,IK Sirius,BK Häcken,coolbet,h2h,BK Hacken,away,away,,4.15,2026-08-21T14:32:52Z
2026-08-21T14:32:46Z,46444,Allsvenskan,2026-08-21T17:00:00Z,IK Sirius,BK Häcken,coolbet,h2h,IK Sirius,home,home,,1.76,2026-08-21T14:32:52Z
2026-08-21T14:32:46Z,46444,Allsvenskan,2026-08-21T17:00:00Z,IK Sirius,BK Häcken,coolbet,h2h,Draw,draw,draw,,4.3,2026-08-21T14:32:52Z
2026-08-21T14:32:46Z,46444,Allsvenskan,2026-08-21T17:00:00Z,IK Sirius,BK Häcken,coolbet,spreads,BK Hacken,away,away@1.0,1,1.69,2026-08-21T14:32:52Z
2026-08-21T14:32:46Z,46444,Allsvenskan,2026-08-21T17:00:00Z,IK Sirius,BK Häcken,coolbet,spreads,IK Sirius,home,home@-1.0,-1,2.23,2026-08-21T14:32:52Z
2026-08-21T14:32:46Z,46444,Allsvenskan,2026-08-21T17:00:00Z,IK Sirius,BK Häcken,coolbet,totals,Over,over,over@3.5,3.50,2.12,2026-08-21T14:32:52Z
2026-08-21T14:32:46Z,46444,Allsvenskan,2026-08-21T17:00:00Z,IK Sirius,BK Häcken,coolbet,totals,Under,under,under@3.5,3.50,1.73,2026-08-21T14:32:52Z
2026-08-21T14:32:46Z,46444,Allsvenskan,2026-08-21T17:00:00Z,IK Sirius,BK Häcken,draftkings,h2h,BK Hacken,away,away,,4.1,2026-08-21T14:32:48Z
2026-08-21T14:32:46Z,46444,Allsvenskan,2026-08-21T17:00:00Z,IK Sirius,BK Häcken,draftkings,h2h,IK Sirius,home,home,,1.71,2026-08-21T14:32:48Z
2026-08-21T14:32:46Z,46444,Allsvenskan,2026-08-21T17:00:00Z,IK Sirius,BK Häcken,draftkings,h2h,Draw,draw,draw,,4.3,2026-08-21T14:32:48Z
2026-08-21T14:32:46Z,46444,Allsvenskan,2026-08-21T17:00:00Z,IK Sirius,BK Häcken,bovada,h2h,BK Hacken,away,away,,4.05,2026-08-21T14:32:52Z
2026-08-21T14:32:46Z,46444,Allsvenskan,2026-08-21T17:00:00Z,IK Sirius,BK Häcken,bovada,h2h,IK Sirius,home,home,,1.72,2026-08-21T14:32:52Z
2026-08-21T14:32:46Z,46444,Allsvenskan,2026-08-21T17:00:00Z,IK Sirius,BK Häcken,bovada,h2h,Draw,draw,draw,,4.25,2026-08-21T14:32:52Z
2026-08-21T14:32:46Z,46444,Allsvenskan,2026-08-21T17:00:00Z,IK Sirius,BK Häcken,bovada,spreads,BK Hacken,away,away@0.75,0.75,1.89,2026-08-21T14:32:52Z
2026-08-21T14:32:46Z,46444,Allsvenskan,2026-08-21T17:00:00Z,IK Sirius,BK Häcken,bovada,spreads,IK Sirius,home,home@-0.75,-0.75,1.93,2026-08-21T14:32:52Z
2026-08-21T14:32:46Z,46444,Allsvenskan,2026-08-21T17:00:00Z,IK Sirius,BK Häcken,bovada,totals,Over,over,over@3.25,3.25,1.89,2026-08-21T14:32:52Z
2026-08-21T14:32:46Z,46444,Allsvenskan,2026-08-21T17:00:00Z,IK Sirius,BK Häcken,bovada,totals,Under,under,under@3.25,3.25,1.93,2026-08-21T14:32:52Z
2026-08-21T14:32:46Z,46444,Allsvenskan,2026-08-21T17:00:00Z,IK Sirius,BK Häcken,betanysports,h2h,BK Hacken,away,away,,4.1,2026-08-21T14:31:08Z
2026-08-21T14:32:46Z,46444,Allsvenskan,2026-08-21T17:00:00Z,IK Sirius,BK Häcken,betanysports,h2h,IK Sirius,home,home,,1.74,2026-08-21T14:31:08Z
2026-08-21T14:32:46Z,46444,Allsvenskan,2026-08-21T17:00:00Z,IK Sirius,BK Häcken,betanysports,h2h,Draw,draw,draw,,4.2,2026-08-21T14:31:08Z
2026-08-21T14:32:46Z,46444,Allsvenskan,2026-08-21T17:00:00Z,IK Sirius,BK Häcken,betanysports,spreads,BK Hacken,away,away@0.75,0.75,1.84,2026-08-21T14:31:08Z
2026-08-21T14:32:46Z,46444,Allsvenskan,2026-08-21T17:00:00Z,IK Sirius,BK Häcken,betanysports,spreads,IK Sirius,home,home@-0.75,-0.75,1.9,2026-08-21T14:31:08Z
2026-08-21T14:32:46Z,46444,Allsvenskan,2026-08-21T17:00:00Z,IK Sirius,BK Häcken,betanysports,totals,Over,over,over@3.25,3.25,1.89,2026-08-21T14:31:08Z
2026-08-21T14:32:46Z,46444,Allsvenskan,2026-08-21T17:00:00Z,IK Sirius,BK Häcken,betanysports,totals,Under,under,under@3.25,3.25,1.85,2026-08-21T14:31:08Z
2026-08-21T14:32:46Z,46444,Allsvenskan,2026-08-21T17:00:00Z,IK Sirius,BK Häcken,matchbook,h2h,BK Hacken,away,away,,4.3,2026-08-21T14:32:50Z
2026-08-21T14:32:46Z,46444,Allsvenskan,2026-08-21T17:00:00Z,IK Sirius,BK Häcken,matchbook,h2h,IK Sirius,home,home,,1.79,2026-08-21T14:32:50Z
2026-08-21T14:32:46Z,46444,Allsvenskan,2026-08-21T17:00:00Z,IK Sirius,BK Häcken,matchbook,h2h,Draw,draw,draw,,4.6,2026-08-21T14:32:50Z
2026-08-21T14:32:46Z,46444,Allsvenskan,2026-08-21T17:00:00Z,IK Sirius,BK Häcken,matchbook,h2h_lay,BK Hacken,h2h_lay,h2h_lay,,4.5,2026-08-21T14:32:50Z
2026-08-21T14:32:46Z,46444,Allsvenskan,2026-08-21T17:00:00Z,IK Sirius,BK Häcken,matchbook,h2h_lay,IK Sirius,h2h_lay,h2h_lay,,1.8,2026-08-21T14:32:50Z
2026-08-21T14:32:46Z,46444,Allsvenskan,2026-08-21T17:00:00Z,IK Sirius,BK Häcken,matchbook,h2h_lay,Draw,h2h_lay,h2h_lay,,4.7,2026-08-21T14:32:50Z
2026-08-21T14:32:46Z,46444,Allsvenskan,2026-08-21T17:00:00Z,IK Sirius,BK Häcken,matchbook,spreads,BK Hacken,away,away@0.75,0.75,1.98,2026-08-21T14:32:50Z
2026-08-21T14:32:46Z,46444,Allsvenskan,2026-08-21T17:00:00Z,IK Sirius,BK Häcken,matchbook,spreads,IK Sirius,home,home@-0.75,-0.75,1.98,2026-08-21T14:32:50Z
2026-08-21T14:32:46Z,46444,Allsvenskan,2026-08-21T17:00:00Z,IK Sirius,BK Häcken,matchbook,totals,Over,over,over@3.5,3.50,2.22,2026-08-21T14:32:50Z
2026-08-21T14:32:46Z,46444,Allsvenskan,2026-08-21T17:00:00Z,IK Sirius,BK Häcken,matchbook,totals,Under,under,under@3.5,3.50,1.8,2026-08-21T14:32:50Z
2026-08-21T14:32:46Z,46444,Allsvenskan,2026-08-21T17:00:00Z,IK Sirius,BK Häcken,betus,h2h,BK Hacken,away,away,,4.05,2026-08-21T14:32:22Z
2026-08-21T14:32:46Z,46444,Allsvenskan,2026-08-21T17:00:00Z,IK Sirius,BK Häcken,betus,h2h,IK Sirius,home,home,,1.72,2026-08-21T14:32:22Z
2026-08-21T14:32:46Z,46444,Allsvenskan,2026-08-21T17:00:00Z,IK Sirius,BK Häcken,betus,h2h,Draw,draw,draw,,4.25,2026-08-21T14:32:22Z
2026-08-21T14:32:46Z,46444,Allsvenskan,2026-08-21T17:00:00Z,IK Sirius,BK Häcken,betus,totals,Over,over,over@3.25,3.25,1.89,2026-08-21T14:32:22Z
2026-08-21T14:32:46Z,46444,Allsvenskan,2026-08-21T17:00:00Z,IK Sirius,BK Häcken,betus,totals,Under,under,under@3.25,3.25,1.87,2026-08-21T14:32:22Z
2026-08-21T14:32:46Z,207298,Veikkausliiga,2026-08-21T16:00:00Z,SJK,FC Lahti,casumo,h2h,FC Lahti,away,away,,2.48,2026-08-21T14:32:50Z
2026-08-21T14:32:46Z,207298,Veikkausliiga,2026-08-21T16:00:00Z,SJK,FC Lahti,casumo,h2h,SJK Seinäjoki,home,home,,2.5,2026-08-21T14:32:50Z
2026-08-21T14:32:46Z,207298,Veikkausliiga,2026-08-21T16:00:00Z,SJK,FC Lahti,casumo,h2h,Draw,draw,draw,,3.35,2026-08-21T14:32:50Z
2026-08-21T14:32:46Z,207298,Veikkausliiga,2026-08-21T16:00:00Z,SJK,FC Lahti,casumo,totals,Over,over,over@2.5,2.50,1.65,2026-08-21T14:32:50Z
2026-08-21T14:32:46Z,207298,Veikkausliiga,2026-08-21T16:00:00Z,SJK,FC Lahti,casumo,totals,Under,under,under@2.5,2.50,2.06,2026-08-21T14:32:50Z
2026-08-21T14:32:46Z,207298,Veikkausliiga,2026-08-21T16:00:00Z,SJK,FC Lahti,unibet_se,h2h,FC Lahti,away,away,,2.48,2026-08-21T14:32:48Z
2026-08-21T14:32:46Z,207298,Veikkausliiga,2026-08-21T16:00:00Z,SJK,FC Lahti,unibet_se,h2h,SJK Seinäjoki,home,home,,2.5,2026-08-21T14:32:48Z
2026-08-21T14:32:46Z,207298,Veikkausliiga,2026-08-21T16:00:00Z,SJK,FC Lahti,unibet_se,h2h,Draw,draw,draw,,3.35,2026-08-21T14:32:48Z
2026-08-21T14:32:46Z,207298,Veikkausliiga,2026-08-21T16:00:00Z,SJK,FC Lahti,unibet_se,totals,Over,over,over@2.5,2.50,1.65,2026-08-21T14:32:48Z
2026-08-21T14:32:46Z,207298,Veikkausliiga,2026-08-21T16:00:00Z,SJK,FC Lahti,unibet_se,totals,Under,under,under@2.5,2.50,2.06,2026-08-21T14:32:48Z
2026-08-21T14:32:46Z,207298,Veikkausliiga,2026-08-21T16:00:00Z,SJK,FC Lahti,virginbet,h2h,FC Lahti,away,away,,2.4,2026-08-21T14:32:48Z
2026-08-21T14:32:46Z,207298,Veikkausliiga,2026-08-21T16:00:00Z,SJK,FC Lahti,virginbet,h2h,SJK Seinäjoki,home,home,,2.45,2026-08-21T14:32:48Z
2026-08-21T14:32:46Z,207298,Veikkausliiga,2026-08-21T16:00:00Z,SJK,FC Lahti,virginbet,h2h,Draw,draw,draw,,3.3,2026-08-21T14:32:48Z
2026-08-21T14:32:46Z,207298,Veikkausliiga,2026-08-21T16:00:00Z,SJK,FC Lahti,betrivers,h2h,FC Lahti,away,away,,2.43,2026-08-21T14:32:48Z
2026-08-21T14:32:46Z,207298,Veikkausliiga,2026-08-21T16:00:00Z,SJK,FC Lahti,betrivers,h2h,SJK Seinäjoki,home,home,,2.45,2026-08-21T14:32:48Z
2026-08-21T14:32:46Z,207298,Veikkausliiga,2026-08-21T16:00:00Z,SJK,FC Lahti,betrivers,h2h,Draw,draw,draw,,3.3,2026-08-21T14:32:48Z
2026-08-21T14:32:46Z,207298,Veikkausliiga,2026-08-21T16:00:00Z,SJK,FC Lahti,betrivers,totals,Over,over,over@2.5,2.50,1.65,2026-08-21T14:32:48Z
2026-08-21T14:32:46Z,207298,Veikkausliiga,2026-08-21T16:00:00Z,SJK,FC Lahti,betrivers,totals,Under,under,under@2.5,2.50,2.06,2026-08-21T14:32:48Z
2026-08-21T14:32:46Z,207298,Veikkausliiga,2026-08-21T16:00:00Z,SJK,FC Lahti,leovegas_se,h2h,FC Lahti,away,away,,2.43,2026-08-21T14:32:48Z
2026-08-21T14:32:46Z,207298,Veikkausliiga,2026-08-21T16:00:00Z,SJK,FC Lahti,leovegas_se,h2h,SJK Seinäjoki,home,home,,2.45,2026-08-21T14:32:48Z
2026-08-21T14:32:46Z,207298,Veikkausliiga,2026-08-21T16:00:00Z,SJK,FC Lahti,leovegas_se,h2h,Draw,draw,draw,,3.3,2026-08-21T14:32:48Z
2026-08-21T14:32:46Z,207298,Veikkausliiga,2026-08-21T16:00:00Z,SJK,FC Lahti,leovegas_se,totals,Over,over,over@2.5,2.50,1.65,2026-08-21T14:32:48Z
2026-08-21T14:32:46Z,207298,Veikkausliiga,2026-08-21T16:00:00Z,SJK,FC Lahti,leovegas_se,totals,Under,under,under@2.5,2.50,2.06,2026-08-21T14:32:48Z
2026-08-21T14:32:46Z,207298,Veikkausliiga,2026-08-21T16:00:00Z,SJK,FC Lahti,grosvenor,h2h,FC Lahti,away,away,,2.48,2026-08-21T14:32:22Z
2026-08-21T14:32:46Z,207298,Veikkausliiga,2026-08-21T16:00:00Z,SJK,FC Lahti,grosvenor,h2h,SJK Seinäjoki,home,home,,2.5,2026-08-21T14:32:22Z
2026-08-21T14:32:46Z,207298,Veikkausliiga,2026-08-21T16:00:00Z,SJK,FC Lahti,grosvenor,h2h,Draw,draw,draw,,3.35,2026-08-21T14:32:22Z
2026-08-21T14:32:46Z,207298,Veikkausliiga,2026-08-21T16:00:00Z,SJK,FC Lahti,grosvenor,totals,Over,over,over@2.5,2.50,1.65,2026-08-21T14:32:22Z
2026-08-21T14:32:46Z,207298,Veikkausliiga,2026-08-21T16:00:00Z,SJK,FC Lahti,grosvenor,totals,Under,under,under@2.5,2.50,2.06,2026-08-21T14:32:22Z
2026-08-21T14:32:46Z,207298,Veikkausliiga,2026-08-21T16:00:00Z,SJK,FC Lahti,leovegas,h2h,FC Lahti,away,away,,2.38,2026-08-21T14:32:48Z
2026-08-21T14:32:46Z,207298,Veikkausliiga,2026-08-21T16:00:00Z,SJK,FC Lahti,leovegas,h2h,SJK Seinäjoki,home,home,,2.65,2026-08-21T14:32:48Z
2026-08-21T14:32:46Z,207298,Veikkausliiga,2026-08-21T16:00:00Z,SJK,FC Lahti,leovegas,h2h,Draw,draw,draw,,3.4,2026-08-21T14:32:48Z
2026-08-21T14:32:46Z,207298,Veikkausliiga,2026-08-21T16:00:00Z,SJK,FC Lahti,leovegas,totals,Over,over,over@2.5,2.50,1.6,2026-08-21T14:32:48Z
2026-08-21T14:32:46Z,207298,Veikkausliiga,2026-08-21T16:00:00Z,SJK,FC Lahti,leovegas,totals,Under,under,under@2.5,2.50,2.15,2026-08-21T14:32:48Z
2026-08-21T14:32:46Z,207298,Veikkausliiga,2026-08-21T16:00:00Z,SJK,FC Lahti,livescorebet,h2h,FC Lahti,away,away,,2.4,2026-08-21T14:32:48Z
2026-08-21T14:32:46Z,207298,Veikkausliiga,2026-08-21T16:00:00Z,SJK,FC Lahti,livescorebet,h2h,SJK Seinäjoki,home,home,,2.45,2026-08-21T14:32:48Z
2026-08-21T14:32:46Z,207298,Veikkausliiga,2026-08-21T16:00:00Z,SJK,FC Lahti,livescorebet,h2h,Draw,draw,draw,,3.3,2026-08-21T14:32:48Z
2026-08-21T14:32:46Z,207298,Veikkausliiga,2026-08-21T16:00:00Z,SJK,FC Lahti,unibet_nl,h2h,FC Lahti,away,away,,2.48,2026-08-21T14:32:22Z
2026-08-21T14:32:46Z,207298,Veikkausliiga,2026-08-21T16:00:00Z,SJK,FC Lahti,unibet_nl,h2h,SJK Seinäjoki,home,home,,2.5,2026-08-21T14:32:22Z
2026-08-21T14:32:46Z,207298,Veikkausliiga,2026-08-21T16:00:00Z,SJK,FC Lahti,unibet_nl,h2h,Draw,draw,draw,,3.35,2026-08-21T14:32:22Z
2026-08-21T14:32:46Z,207298,Veikkausliiga,2026-08-21T16:00:00Z,SJK,FC Lahti,unibet_nl,totals,Over,over,over@2.5,2.50,1.65,2026-08-21T14:32:22Z
2026-08-21T14:32:46Z,207298,Veikkausliiga,2026-08-21T16:00:00Z,SJK,FC Lahti,unibet_nl,totals,Under,under,under@2.5,2.50,2.06,2026-08-21T14:32:22Z
2026-08-21T14:32:46Z,207298,Veikkausliiga,2026-08-21T16:00:00Z,SJK,FC Lahti,pmu_fr,h2h,FC Lahti,away,away,,2.33,2026-08-21T14:32:19Z
2026-08-21T14:32:46Z,207298,Veikkausliiga,2026-08-21T16:00:00Z,SJK,FC Lahti,pmu_fr,h2h,SJK Seinäjoki,home,home,,2.38,2026-08-21T14:32:19Z
2026-08-21T14:32:46Z,207298,Veikkausliiga,2026-08-21T16:00:00Z,SJK,FC Lahti,pmu_fr,h2h,Draw,draw,draw,,3.2,2026-08-21T14:32:19Z
2026-08-21T14:32:46Z,207298,Veikkausliiga,2026-08-21T16:00:00Z,SJK,FC Lahti,pmu_fr,totals,Over,over,over@2.5,2.50,1.57,2026-08-21T14:32:19Z
2026-08-21T14:32:46Z,207298,Veikkausliiga,2026-08-21T16:00:00Z,SJK,FC Lahti,pmu_fr,totals,Under,under,under@2.5,2.50,1.97,2026-08-21T14:32:19Z
2026-08-21T14:32:46Z,207298,Veikkausliiga,2026-08-21T16:00:00Z,SJK,FC Lahti,unibet_fr,h2h,FC Lahti,away,away,,2.25,2026-08-21T14:32:20Z
2026-08-21T14:32:46Z,207298,Veikkausliiga,2026-08-21T16:00:00Z,SJK,FC Lahti,unibet_fr,h2h,SJK Seinäjoki,home,home,,2.65,2026-08-21T14:32:20Z
2026-08-21T14:32:46Z,207298,Veikkausliiga,2026-08-21T16:00:00Z,SJK,FC Lahti,unibet_fr,h2h,Draw,draw,draw,,3.45,2026-08-21T14:32:20Z
2026-08-21T14:32:46Z,207298,Veikkausliiga,2026-08-21T16:00:00Z,SJK,FC Lahti,onexbet,h2h,FC Lahti,away,away,,2.37,2026-08-21T14:32:48Z
2026-08-21T14:32:46Z,207298,Veikkausliiga,2026-08-21T16:00:00Z,SJK,FC Lahti,onexbet,h2h,SJK Seinäjoki,home,home,,2.79,2026-08-21T14:32:48Z
2026-08-21T14:32:46Z,207298,Veikkausliiga,2026-08-21T16:00:00Z,SJK,FC Lahti,onexbet,h2h,Draw,draw,draw,,3.48,2026-08-21T14:32:48Z
2026-08-21T14:32:46Z,207298,Veikkausliiga,2026-08-21T16:00:00Z,SJK,FC Lahti,onexbet,spreads,FC Lahti,away,away@0.0,0,1.73,2026-08-21T14:32:48Z
2026-08-21T14:32:46Z,207298,Veikkausliiga,2026-08-21T16:00:00Z,SJK,FC Lahti,onexbet,spreads,SJK Seinäjoki,home,home@0.0,0,2.04,2026-08-21T14:32:48Z
2026-08-21T14:32:46Z,207298,Veikkausliiga,2026-08-21T16:00:00Z,SJK,FC Lahti,onexbet,totals,Over,over,over@2.5,2.50,1.65,2026-08-21T14:32:48Z
2026-08-21T14:32:46Z,207298,Veikkausliiga,2026-08-21T16:00:00Z,SJK,FC Lahti,onexbet,totals,Under,under,under@2.5,2.50,2.19,2026-08-21T14:32:48Z
2026-08-21T14:32:46Z,207298,Veikkausliiga,2026-08-21T16:00:00Z,SJK,FC Lahti,gtbets,h2h,FC Lahti,away,away,,2.53,2026-08-21T14:32:20Z
2026-08-21T14:32:46Z,207298,Veikkausliiga,2026-08-21T16:00:00Z,SJK,FC Lahti,gtbets,h2h,SJK Seinäjoki,home,home,,2.65,2026-08-21T14:32:20Z
2026-08-21T14:32:46Z,207298,Veikkausliiga,2026-08-21T16:00:00Z,SJK,FC Lahti,gtbets,h2h,Draw,draw,draw,,3.45,2026-08-21T14:32:20Z
2026-08-21T14:32:46Z,207298,Veikkausliiga,2026-08-21T16:00:00Z,SJK,FC Lahti,gtbets,spreads,FC Lahti,away,away@-0.5,-0.50,2.41,2026-08-21T14:32:20Z
2026-08-21T14:32:46Z,207298,Veikkausliiga,2026-08-21T16:00:00Z,SJK,FC Lahti,gtbets,spreads,SJK Seinäjoki,home,home@0.5,0.50,1.52,2026-08-21T14:32:20Z
2026-08-21T14:32:46Z,207298,Veikkausliiga,2026-08-21T16:00:00Z,SJK,FC Lahti,gtbets,totals,Over,over,over@2.5,2.50,1.68,2026-08-21T14:32:20Z
2026-08-21T14:32:46Z,207298,Veikkausliiga,2026-08-21T16:00:00Z,SJK,FC Lahti,gtbets,totals,Under,under,under@2.5,2.50,2.15,2026-08-21T14:32:20Z
2026-08-21T14:32:46Z,207298,Veikkausliiga,2026-08-21T16:00:00Z,SJK,FC Lahti,nordicbet,h2h,FC Lahti,away,away,,2.42,2026-08-21T14:32:48Z
2026-08-21T14:32:46Z,207298,Veikkausliiga,2026-08-21T16:00:00Z,SJK,FC Lahti,nordicbet,h2h,SJK Seinäjoki,home,home,,2.72,2026-08-21T14:32:48Z
2026-08-21T14:32:46Z,207298,Veikkausliiga,2026-08-21T16:00:00Z,SJK,FC Lahti,nordicbet,h2h,Draw,draw,draw,,3.4,2026-08-21T14:32:48Z
2026-08-21T14:32:46Z,207298,Veikkausliiga,2026-08-21T16:00:00Z,SJK,FC Lahti,nordicbet,totals,Over,over,over@2.5,2.50,1.62,2026-08-21T14:32:48Z
2026-08-21T14:32:46Z,207298,Veikkausliiga,2026-08-21T16:00:00Z,SJK,FC Lahti,nordicbet,totals,Under,under,under@2.5,2.50,2.22,2026-08-21T14:32:48Z
2026-08-21T14:32:46Z,207298,Veikkausliiga,2026-08-21T16:00:00Z,SJK,FC Lahti,betsson,h2h,FC Lahti,away,away,,2.42,2026-08-21T14:32:50Z
2026-08-21T14:32:46Z,207298,Veikkausliiga,2026-08-21T16:00:00Z,SJK,FC Lahti,betsson,h2h,SJK Seinäjoki,home,home,,2.72,2026-08-21T14:32:50Z
2026-08-21T14:32:46Z,207298,Veikkausliiga,2026-08-21T16:00:00Z,SJK,FC Lahti,betsson,h2h,Draw,draw,draw,,3.4,2026-08-21T14:32:50Z
2026-08-21T14:32:46Z,207298,Veikkausliiga,2026-08-21T16:00:00Z,SJK,FC Lahti,betsson,totals,Over,over,over@2.5,2.50,1.62,2026-08-21T14:32:50Z
2026-08-21T14:32:46Z,207298,Veikkausliiga,2026-08-21T16:00:00Z,SJK,FC Lahti,betsson,totals,Under,under,under@2.5,2.50,2.22,2026-08-21T14:32:50Z
2026-08-21T14:32:46Z,207298,Veikkausliiga,2026-08-21T16:00:00Z,SJK,FC Lahti,unibet_uk,h2h,FC Lahti,away,away,,2.45,2026-08-21T14:32:49Z
2026-08-21T14:32:46Z,207298,Veikkausliiga,2026-08-21T16:00:00Z,SJK,FC Lahti,unibet_uk,h2h,SJK Seinäjoki,home,home,,2.7,2026-08-21T14:32:49Z
2026-08-21T14:32:46Z,207298,Veikkausliiga,2026-08-21T16:00:00Z,SJK,FC Lahti,unibet_uk,h2h,Draw,draw,draw,,3.5,2026-08-21T14:32:49Z
2026-08-21T14:32:46Z,207298,Veikkausliiga,2026-08-21T16:00:00Z,SJK,FC Lahti,betfred_uk,h2h,FC Lahti,away,away,,2.3,2026-08-21T14:32:48Z
2026-08-21T14:32:46Z,207298,Veikkausliiga,2026-08-21T16:00:00Z,SJK,FC Lahti,betfred_uk,h2h,SJK Seinäjoki,home,home,,2.6,2026-08-21T14:32:48Z
2026-08-21T14:32:46Z,207298,Veikkausliiga,2026-08-21T16:00:00Z,SJK,FC Lahti,betfred_uk,h2h,Draw,draw,draw,,3.5,2026-08-21T14:32:48Z
2026-08-21T14:32:46Z,207298,Veikkausliiga,2026-08-21T16:00:00Z,SJK,FC Lahti,betonlineag,h2h,FC Lahti,away,away,,2.4,2026-08-21T14:32:48Z
2026-08-21T14:32:46Z,207298,Veikkausliiga,2026-08-21T16:00:00Z,SJK,FC Lahti,betonlineag,h2h,SJK Seinäjoki,home,home,,2.88,2026-08-21T14:32:48Z
2026-08-21T14:32:46Z,207298,Veikkausliiga,2026-08-21T16:00:00Z,SJK,FC Lahti,betonlineag,h2h,Draw,draw,draw,,3.45,2026-08-21T14:32:48Z
2026-08-21T14:32:46Z,207298,Veikkausliiga,2026-08-21T16:00:00Z,SJK,FC Lahti,betonlineag,spreads,FC Lahti,away,away@0.0,0,1.83,2026-08-21T14:32:48Z
2026-08-21T14:32:46Z,207298,Veikkausliiga,2026-08-21T16:00:00Z,SJK,FC Lahti,betonlineag,spreads,SJK Seinäjoki,home,home@0.0,0,2.0,2026-08-21T14:32:48Z
2026-08-21T14:32:46Z,207298,Veikkausliiga,2026-08-21T16:00:00Z,SJK,FC Lahti,betonlineag,totals,Over,over,over@2.75,2.75,1.85,2026-08-21T14:32:48Z
2026-08-21T14:32:46Z,207298,Veikkausliiga,2026-08-21T16:00:00Z,SJK,FC Lahti,betonlineag,totals,Under,under,under@2.75,2.75,1.98,2026-08-21T14:32:48Z
2026-08-21T14:32:46Z,207298,Veikkausliiga,2026-08-21T16:00:00Z,SJK,FC Lahti,betway,h2h,FC Lahti,away,away,,2.3,2026-08-21T14:32:49Z
2026-08-21T14:32:46Z,207298,Veikkausliiga,2026-08-21T16:00:00Z,SJK,FC Lahti,betway,h2h,SJK Seinäjoki,home,home,,2.75,2026-08-21T14:32:49Z
2026-08-21T14:32:46Z,207298,Veikkausliiga,2026-08-21T16:00:00Z,SJK,FC Lahti,betway,h2h,Draw,draw,draw,,3.5,2026-08-21T14:32:49Z
2026-08-21T14:32:46Z,207298,Veikkausliiga,2026-08-21T16:00:00Z,SJK,FC Lahti,lowvig,h2h,FC Lahti,away,away,,2.4,2026-08-21T14:32:49Z
2026-08-21T14:32:46Z,207298,Veikkausliiga,2026-08-21T16:00:00Z,SJK,FC Lahti,lowvig,h2h,SJK Seinäjoki,home,home,,2.88,2026-08-21T14:32:49Z
2026-08-21T14:32:46Z,207298,Veikkausliiga,2026-08-21T16:00:00Z,SJK,FC Lahti,lowvig,h2h,Draw,draw,draw,,3.45,2026-08-21T14:32:49Z
2026-08-21T14:32:46Z,207298,Veikkausliiga,2026-08-21T16:00:00Z,SJK,FC Lahti,lowvig,spreads,FC Lahti,away,away@0.0,0,1.83,2026-08-21T14:32:49Z
2026-08-21T14:32:46Z,207298,Veikkausliiga,2026-08-21T16:00:00Z,SJK,FC Lahti,lowvig,spreads,SJK Seinäjoki,home,home@0.0,0,2.0,2026-08-21T14:32:49Z
2026-08-21T14:32:46Z,207298,Veikkausliiga,2026-08-21T16:00:00Z,SJK,FC Lahti,lowvig,totals,Over,over,over@2.75,2.75,1.85,2026-08-21T14:32:49Z
2026-08-21T14:32:46Z,207298,Veikkausliiga,2026-08-21T16:00:00Z,SJK,FC Lahti,lowvig,totals,Under,under,under@2.75,2.75,1.98,2026-08-21T14:32:49Z
2026-08-21T14:32:46Z,207298,Veikkausliiga,2026-08-21T16:00:00Z,SJK,FC Lahti,fanduel,h2h,FC Lahti,away,away,,2.3,2026-08-21T14:32:21Z
2026-08-21T14:32:46Z,207298,Veikkausliiga,2026-08-21T16:00:00Z,SJK,FC Lahti,fanduel,h2h,SJK Seinäjoki,home,home,,2.8,2026-08-21T14:32:21Z
2026-08-21T14:32:46Z,207298,Veikkausliiga,2026-08-21T16:00:00Z,SJK,FC Lahti,fanduel,h2h,Draw,draw,draw,,3.5,2026-08-21T14:32:21Z
2026-08-21T14:32:46Z,207298,Veikkausliiga,2026-08-21T16:00:00Z,SJK,FC Lahti,skybet,h2h,FC Lahti,away,away,,2.25,2026-08-21T14:32:48Z
2026-08-21T14:32:46Z,207298,Veikkausliiga,2026-08-21T16:00:00Z,SJK,FC Lahti,skybet,h2h,SJK Seinäjoki,home,home,,2.63,2026-08-21T14:32:48Z
2026-08-21T14:32:46Z,207298,Veikkausliiga,2026-08-21T16:00:00Z,SJK,FC Lahti,skybet,h2h,Draw,draw,draw,,3.3,2026-08-21T14:32:48Z
2026-08-21T14:32:46Z,207298,Veikkausliiga,2026-08-21T16:00:00Z,SJK,FC Lahti,paddypower,h2h,FC Lahti,away,away,,2.25,2026-08-21T14:31:55Z
2026-08-21T14:32:46Z,207298,Veikkausliiga,2026-08-21T16:00:00Z,SJK,FC Lahti,paddypower,h2h,SJK Seinäjoki,home,home,,2.62,2026-08-21T14:31:55Z
2026-08-21T14:32:46Z,207298,Veikkausliiga,2026-08-21T16:00:00Z,SJK,FC Lahti,paddypower,h2h,Draw,draw,draw,,3.4,2026-08-21T14:31:55Z
2026-08-21T14:32:46Z,207298,Veikkausliiga,2026-08-21T16:00:00Z,SJK,FC Lahti,betfair_sb_uk,h2h,FC Lahti,away,away,,2.25,2026-08-21T14:32:48Z
2026-08-21T14:32:46Z,207298,Veikkausliiga,2026-08-21T16:00:00Z,SJK,FC Lahti,betfair_sb_uk,h2h,SJK Seinäjoki,home,home,,2.7,2026-08-21T14:32:48Z
2026-08-21T14:32:46Z,207298,Veikkausliiga,2026-08-21T16:00:00Z,SJK,FC Lahti,betfair_sb_uk,h2h,Draw,draw,draw,,3.4,2026-08-21T14:32:48Z
2026-08-21T14:32:46Z,207298,Veikkausliiga,2026-08-21T16:00:00Z,SJK,FC Lahti,boylesports,h2h,FC Lahti,away,away,,2.2,2026-08-21T14:31:39Z
2026-08-21T14:32:46Z,207298,Veikkausliiga,2026-08-21T16:00:00Z,SJK,FC Lahti,boylesports,h2h,SJK Seinäjoki,home,home,,2.5,2026-08-21T14:31:39Z
2026-08-21T14:32:46Z,207298,Veikkausliiga,2026-08-21T16:00:00Z,SJK,FC Lahti,boylesports,h2h,Draw,draw,draw,,3.3,2026-08-21T14:31:39Z
2026-08-21T14:32:46Z,207298,Veikkausliiga,2026-08-21T16:00:00Z,SJK,FC Lahti,marathonbet,h2h,FC Lahti,away,away,,2.34,2026-08-21T14:32:48Z
2026-08-21T14:32:46Z,207298,Veikkausliiga,2026-08-21T16:00:00Z,SJK,FC Lahti,marathonbet,h2h,SJK Seinäjoki,home,home,,2.8,2026-08-21T14:32:48Z
2026-08-21T14:32:46Z,207298,Veikkausliiga,2026-08-21T16:00:00Z,SJK,FC Lahti,marathonbet,h2h,Draw,draw,draw,,3.48,2026-08-21T14:32:48Z
2026-08-21T14:32:46Z,207298,Veikkausliiga,2026-08-21T16:00:00Z,SJK,FC Lahti,bovada,h2h,FC Lahti,away,away,,2.35,2026-08-21T14:29:54Z
2026-08-21T14:32:46Z,207298,Veikkausliiga,2026-08-21T16:00:00Z,SJK,FC Lahti,bovada,h2h,SJK Seinäjoki,home,home,,2.75,2026-08-21T14:29:54Z
2026-08-21T14:32:46Z,207298,Veikkausliiga,2026-08-21T16:00:00Z,SJK,FC Lahti,bovada,h2h,Draw,draw,draw,,3.5,2026-08-21T14:29:54Z
2026-08-21T14:32:46Z,207298,Veikkausliiga,2026-08-21T16:00:00Z,SJK,FC Lahti,bovada,spreads,FC Lahti,away,away@0.0,0,1.74,2026-08-21T14:29:54Z
2026-08-21T14:32:46Z,207298,Veikkausliiga,2026-08-21T16:00:00Z,SJK,FC Lahti,bovada,spreads,SJK Seinäjoki,home,home@0.0,0,2.05,2026-08-21T14:29:54Z
2026-08-21T14:32:46Z,207298,Veikkausliiga,2026-08-21T16:00:00Z,SJK,FC Lahti,bovada,totals,Over,over,over@3.0,3,2.05,2026-08-21T14:29:54Z
2026-08-21T14:32:46Z,207298,Veikkausliiga,2026-08-21T16:00:00Z,SJK,FC Lahti,bovada,totals,Under,under,under@3.0,3,1.74,2026-08-21T14:29:54Z
2026-08-21T14:32:46Z,207298,Veikkausliiga,2026-08-21T16:00:00Z,SJK,FC Lahti,pinnacle,h2h,FC Lahti,away,away,,2.47,2026-08-21T14:32:48Z
2026-08-21T14:32:46Z,207298,Veikkausliiga,2026-08-21T16:00:00Z,SJK,FC Lahti,pinnacle,h2h,SJK Seinäjoki,home,home,,2.84,2026-08-21T14:32:48Z
2026-08-21T14:32:46Z,207298,Veikkausliiga,2026-08-21T16:00:00Z,SJK,FC Lahti,pinnacle,h2h,Draw,draw,draw,,3.61,2026-08-21T14:32:48Z
2026-08-21T14:32:46Z,207298,Veikkausliiga,2026-08-21T16:00:00Z,SJK,FC Lahti,pinnacle,spreads,FC Lahti,away,away@-0.0,-0,1.83,2026-08-21T14:32:48Z
2026-08-21T14:32:46Z,207298,Veikkausliiga,2026-08-21T16:00:00Z,SJK,FC Lahti,pinnacle,spreads,SJK Seinäjoki,home,home@0.0,0,2.1,2026-08-21T14:32:48Z
2026-08-21T14:32:46Z,207298,Veikkausliiga,2026-08-21T16:00:00Z,SJK,FC Lahti,pinnacle,totals,Over,over,over@2.75,2.75,1.83,2026-08-21T14:32:48Z
2026-08-21T14:32:46Z,207298,Veikkausliiga,2026-08-21T16:00:00Z,SJK,FC Lahti,pinnacle,totals,Under,under,under@2.75,2.75,2.06,2026-08-21T14:32:48Z
2026-08-21T14:32:46Z,207298,Veikkausliiga,2026-08-21T16:00:00Z,SJK,FC Lahti,tipico_de,h2h,FC Lahti,away,away,,2.4,2026-08-21T14:32:20Z
2026-08-21T14:32:46Z,207298,Veikkausliiga,2026-08-21T16:00:00Z,SJK,FC Lahti,tipico_de,h2h,SJK Seinäjoki,home,home,,2.8,2026-08-21T14:32:20Z
2026-08-21T14:32:46Z,207298,Veikkausliiga,2026-08-21T16:00:00Z,SJK,FC Lahti,tipico_de,h2h,Draw,draw,draw,,3.2,2026-08-21T14:32:20Z
2026-08-21T14:32:46Z,207298,Veikkausliiga,2026-08-21T16:00:00Z,SJK,FC Lahti,tipico_de,totals,Over,over,over@2.5,2.50,1.55,2026-08-21T14:32:20Z
2026-08-21T14:32:46Z,207298,Veikkausliiga,2026-08-21T16:00:00Z,SJK,FC Lahti,tipico_de,totals,Under,under,under@2.5,2.50,2.25,2026-08-21T14:32:20Z
2026-08-21T14:32:46Z,207298,Veikkausliiga,2026-08-21T16:00:00Z,SJK,FC Lahti,coral,h2h,FC Lahti,away,away,,2.3,2026-08-21T14:31:55Z
2026-08-21T14:32:46Z,207298,Veikkausliiga,2026-08-21T16:00:00Z,SJK,FC Lahti,coral,h2h,SJK Seinäjoki,home,home,,2.6,2026-08-21T14:31:55Z
2026-08-21T14:32:46Z,207298,Veikkausliiga,2026-08-21T16:00:00Z,SJK,FC Lahti,coral,h2h,Draw,draw,draw,,3.25,2026-08-21T14:31:55Z
2026-08-21T14:32:46Z,207298,Veikkausliiga,2026-08-21T16:00:00Z,SJK,FC Lahti,ladbrokes_uk,h2h,FC Lahti,away,away,,2.3,2026-08-21T14:32:48Z
2026-08-21T14:32:46Z,207298,Veikkausliiga,2026-08-21T16:00:00Z,SJK,FC Lahti,ladbrokes_uk,h2h,SJK Seinäjoki,home,home,,2.6,2026-08-21T14:32:48Z
2026-08-21T14:32:46Z,207298,Veikkausliiga,2026-08-21T16:00:00Z,SJK,FC Lahti,ladbrokes_uk,h2h,Draw,draw,draw,,3.25,2026-08-21T14:32:48Z
2026-08-21T14:32:46Z,207298,Veikkausliiga,2026-08-21T16:00:00Z,SJK,FC Lahti,betmgm,h2h,FC Lahti,away,away,,2.4,2026-08-21T14:31:07Z
2026-08-21T14:32:46Z,207298,Veikkausliiga,2026-08-21T16:00:00Z,SJK,FC Lahti,betmgm,h2h,SJK Seinäjoki,home,home,,2.7,2026-08-21T14:31:07Z
2026-08-21T14:32:46Z,207298,Veikkausliiga,2026-08-21T16:00:00Z,SJK,FC Lahti,betmgm,h2h,Draw,draw,draw,,3.4,2026-08-21T14:31:07Z
2026-08-21T14:32:46Z,207298,Veikkausliiga,2026-08-21T16:00:00Z,SJK,FC Lahti,betmgm,totals,Over,over,over@2.5,2.50,1.62,2026-08-21T14:31:07Z
2026-08-21T14:32:46Z,207298,Veikkausliiga,2026-08-21T16:00:00Z,SJK,FC Lahti,betmgm,totals,Under,under,under@2.5,2.50,2.1,2026-08-21T14:31:07Z
2026-08-21T14:32:46Z,207298,Veikkausliiga,2026-08-21T16:00:00Z,SJK,FC Lahti,betfair_ex_eu,h2h,FC Lahti,away,away,,2.46,2026-08-21T14:32:48Z
2026-08-21T14:32:46Z,207298,Veikkausliiga,2026-08-21T16:00:00Z,SJK,FC Lahti,betfair_ex_eu,h2h,SJK Seinäjoki,home,home,,2.94,2026-08-21T14:32:48Z
2026-08-21T14:32:46Z,207298,Veikkausliiga,2026-08-21T16:00:00Z,SJK,FC Lahti,betfair_ex_eu,h2h,Draw,draw,draw,,3.8,2026-08-21T14:32:48Z
2026-08-21T14:32:46Z,207298,Veikkausliiga,2026-08-21T16:00:00Z,SJK,FC Lahti,betfair_ex_eu,h2h_lay,FC Lahti,h2h_lay,h2h_lay,,2.54,2026-08-21T14:32:48Z
2026-08-21T14:32:46Z,207298,Veikkausliiga,2026-08-21T16:00:00Z,SJK,FC Lahti,betfair_ex_eu,h2h_lay,SJK Seinäjoki,h2h_lay,h2h_lay,,3.05,2026-08-21T14:32:48Z
2026-08-21T14:32:46Z,207298,Veikkausliiga,2026-08-21T16:00:00Z,SJK,FC Lahti,betfair_ex_eu,h2h_lay,Draw,h2h_lay,h2h_lay,,3.9,2026-08-21T14:32:48Z
2026-08-21T14:32:46Z,207298,Veikkausliiga,2026-08-21T16:00:00Z,SJK,FC Lahti,betfair_ex_uk,h2h,FC Lahti,away,away,,2.46,2026-08-21T14:32:49Z
2026-08-21T14:32:46Z,207298,Veikkausliiga,2026-08-21T16:00:00Z,SJK,FC Lahti,betfair_ex_uk,h2h,SJK Seinäjoki,home,home,,2.94,2026-08-21T14:32:49Z
2026-08-21T14:32:46Z,207298,Veikkausliiga,2026-08-21T16:00:00Z,SJK,FC Lahti,betfair_ex_uk,h2h,Draw,draw,draw,,3.8,2026-08-21T14:32:49Z
2026-08-21T14:32:46Z,207298,Veikkausliiga,2026-08-21T16:00:00Z,SJK,FC Lahti,betfair_ex_uk,h2h_lay,FC Lahti,h2h_lay,h2h_lay,,2.52,2026-08-21T14:32:49Z
2026-08-21T14:32:46Z,207298,Veikkausliiga,2026-08-21T16:00:00Z,SJK,FC Lahti,betfair_ex_uk,h2h_lay,SJK Seinäjoki,h2h_lay,h2h_lay,,3.05,2026-08-21T14:32:49Z
2026-08-21T14:32:46Z,207298,Veikkausliiga,2026-08-21T16:00:00Z,SJK,FC Lahti,betfair_ex_uk,h2h_lay,Draw,h2h_lay,h2h_lay,,3.9,2026-08-21T14:32:49Z
2026-08-21T14:32:46Z,207298,Veikkausliiga,2026-08-21T16:00:00Z,SJK,FC Lahti,draftkings,h2h,FC Lahti,away,away,,2.4,2026-08-21T14:32:48Z
2026-08-21T14:32:46Z,207298,Veikkausliiga,2026-08-21T16:00:00Z,SJK,FC Lahti,draftkings,h2h,SJK Seinäjoki,home,home,,2.8,2026-08-21T14:32:48Z
2026-08-21T14:32:46Z,207298,Veikkausliiga,2026-08-21T16:00:00Z,SJK,FC Lahti,draftkings,h2h,Draw,draw,draw,,3.55,2026-08-21T14:32:48Z
2026-08-21T14:32:46Z,207298,Veikkausliiga,2026-08-21T16:00:00Z,SJK,FC Lahti,coolbet,h2h,FC Lahti,away,away,,2.57,2026-08-21T14:31:57Z
2026-08-21T14:32:46Z,207298,Veikkausliiga,2026-08-21T16:00:00Z,SJK,FC Lahti,coolbet,h2h,SJK Seinäjoki,home,home,,2.63,2026-08-21T14:31:57Z
2026-08-21T14:32:46Z,207298,Veikkausliiga,2026-08-21T16:00:00Z,SJK,FC Lahti,coolbet,h2h,Draw,draw,draw,,3.7,2026-08-21T14:31:57Z
2026-08-21T14:32:46Z,207298,Veikkausliiga,2026-08-21T16:00:00Z,SJK,FC Lahti,coolbet,spreads,FC Lahti,away,away@-1.0,-1,4.1,2026-08-21T14:31:57Z
2026-08-21T14:32:46Z,207298,Veikkausliiga,2026-08-21T16:00:00Z,SJK,FC Lahti,coolbet,spreads,SJK Seinäjoki,home,home@1.0,1,1.25,2026-08-21T14:31:57Z
2026-08-21T14:32:46Z,207298,Veikkausliiga,2026-08-21T16:00:00Z,SJK,FC Lahti,coolbet,totals,Over,over,over@3.0,3,2.09,2026-08-21T14:31:57Z
2026-08-21T14:32:46Z,207298,Veikkausliiga,2026-08-21T16:00:00Z,SJK,FC Lahti,coolbet,totals,Under,under,under@3.0,3,1.78,2026-08-21T14:31:57Z
2026-08-21T14:32:46Z,207298,Veikkausliiga,2026-08-21T16:00:00Z,SJK,FC Lahti,betanysports,h2h,FC Lahti,away,away,,2.4,2026-08-21T14:30:42Z
2026-08-21T14:32:46Z,207298,Veikkausliiga,2026-08-21T16:00:00Z,SJK,FC Lahti,betanysports,h2h,SJK Seinäjoki,home,home,,2.88,2026-08-21T14:30:42Z
2026-08-21T14:32:46Z,207298,Veikkausliiga,2026-08-21T16:00:00Z,SJK,FC Lahti,betanysports,h2h,Draw,draw,draw,,3.45,2026-08-21T14:30:42Z
2026-08-21T14:32:46Z,207298,Veikkausliiga,2026-08-21T16:00:00Z,SJK,FC Lahti,betanysports,spreads,FC Lahti,away,away@0.0,0,1.83,2026-08-21T14:30:42Z
2026-08-21T14:32:46Z,207298,Veikkausliiga,2026-08-21T16:00:00Z,SJK,FC Lahti,betanysports,spreads,SJK Seinäjoki,home,home@0.0,0,1.91,2026-08-21T14:30:42Z
2026-08-21T14:32:46Z,207298,Veikkausliiga,2026-08-21T16:00:00Z,SJK,FC Lahti,betanysports,totals,Over,over,over@2.75,2.75,1.85,2026-08-21T14:30:42Z
2026-08-21T14:32:46Z,207298,Veikkausliiga,2026-08-21T16:00:00Z,SJK,FC Lahti,betanysports,totals,Under,under,under@2.75,2.75,1.89,2026-08-21T14:30:42Z
2026-08-21T14:32:46Z,207298,Veikkausliiga,2026-08-21T16:00:00Z,SJK,FC Lahti,betano_uk,h2h,FC Lahti,away,away,,2.3,2026-08-21T14:32:33Z
2026-08-21T14:32:46Z,207298,Veikkausliiga,2026-08-21T16:00:00Z,SJK,FC Lahti,betano_uk,h2h,SJK Seinäjoki,home,home,,2.7,2026-08-21T14:32:33Z
2026-08-21T14:32:46Z,207298,Veikkausliiga,2026-08-21T16:00:00Z,SJK,FC Lahti,betano_uk,h2h,Draw,draw,draw,,3.5,2026-08-21T14:32:33Z
2026-08-21T14:32:46Z,207298,Veikkausliiga,2026-08-21T16:00:00Z,SJK,FC Lahti,betvictor,h2h,FC Lahti,away,away,,2.3,2026-08-21T14:32:11Z
2026-08-21T14:32:46Z,207298,Veikkausliiga,2026-08-21T16:00:00Z,SJK,FC Lahti,betvictor,h2h,SJK Seinäjoki,home,home,,2.7,2026-08-21T14:32:11Z
2026-08-21T14:32:46Z,207298,Veikkausliiga,2026-08-21T16:00:00Z,SJK,FC Lahti,betvictor,h2h,Draw,draw,draw,,3.5,2026-08-21T14:32:11Z
2026-08-21T14:32:46Z,207298,Veikkausliiga,2026-08-21T16:00:00Z,SJK,FC Lahti,sport888,h2h,FC Lahti,away,away,,2.6,2026-08-21T14:32:48Z
2026-08-21T14:32:46Z,207298,Veikkausliiga,2026-08-21T16:00:00Z,SJK,FC Lahti,sport888,h2h,SJK Seinäjoki,home,home,,2.4,2026-08-21T14:32:48Z
2026-08-21T14:32:46Z,207298,Veikkausliiga,2026-08-21T16:00:00Z,SJK,FC Lahti,sport888,h2h,Draw,draw,draw,,3.4,2026-08-21T14:32:48Z
2026-08-21T14:32:46Z,207298,Veikkausliiga,2026-08-21T16:00:00Z,SJK,FC Lahti,williamhill,h2h,FC Lahti,away,away,,2.6,2026-08-21T14:30:42Z
2026-08-21T14:32:46Z,207298,Veikkausliiga,2026-08-21T16:00:00Z,SJK,FC Lahti,williamhill,h2h,SJK Seinäjoki,home,home,,2.4,2026-08-21T14:30:42Z
2026-08-21T14:32:46Z,207298,Veikkausliiga,2026-08-21T16:00:00Z,SJK,FC Lahti,williamhill,h2h,Draw,draw,draw,,3.4,2026-08-21T14:30:42Z
2026-08-21T14:32:46Z,207298,Veikkausliiga,2026-08-21T16:00:00Z,SJK,FC Lahti,williamhill,totals,Over,over,over@2.5,2.50,1.65,2026-08-21T14:30:42Z
2026-08-21T14:32:46Z,207298,Veikkausliiga,2026-08-21T16:00:00Z,SJK,FC Lahti,williamhill,totals,Under,under,under@2.5,2.50,2.15,2026-08-21T14:30:42Z
2026-08-21T14:32:46Z,207298,Veikkausliiga,2026-08-21T16:00:00Z,SJK,FC Lahti,matchbook,h2h,FC Lahti,away,away,,2.46,2026-08-21T14:32:49Z
2026-08-21T14:32:46Z,207298,Veikkausliiga,2026-08-21T16:00:00Z,SJK,FC Lahti,matchbook,h2h,SJK Seinäjoki,home,home,,2.98,2026-08-21T14:32:49Z
2026-08-21T14:32:46Z,207298,Veikkausliiga,2026-08-21T16:00:00Z,SJK,FC Lahti,matchbook,h2h,Draw,draw,draw,,3.8,2026-08-21T14:32:49Z
2026-08-21T14:32:46Z,207298,Veikkausliiga,2026-08-21T16:00:00Z,SJK,FC Lahti,matchbook,h2h_lay,FC Lahti,h2h_lay,h2h_lay,,2.5,2026-08-21T14:32:49Z
2026-08-21T14:32:46Z,207298,Veikkausliiga,2026-08-21T16:00:00Z,SJK,FC Lahti,matchbook,h2h_lay,SJK Seinäjoki,h2h_lay,h2h_lay,,3.0,2026-08-21T14:32:49Z
2026-08-21T14:32:46Z,207298,Veikkausliiga,2026-08-21T16:00:00Z,SJK,FC Lahti,matchbook,h2h_lay,Draw,h2h_lay,h2h_lay,,3.85,2026-08-21T14:32:49Z
2026-08-21T14:32:46Z,207298,Veikkausliiga,2026-08-21T16:00:00Z,SJK,FC Lahti,matchbook,spreads,FC Lahti,away,away@-0.25,-0.25,2.08,2026-08-21T14:32:49Z
2026-08-21T14:32:46Z,207298,Veikkausliiga,2026-08-21T16:00:00Z,SJK,FC Lahti,matchbook,spreads,SJK Seinäjoki,home,home@0.25,0.25,1.82,2026-08-21T14:32:49Z
2026-08-21T14:32:46Z,207298,Veikkausliiga,2026-08-21T16:00:00Z,SJK,FC Lahti,matchbook,totals,Over,over,over@2.5,2.50,1.72,2026-08-21T14:32:49Z
2026-08-21T14:32:46Z,207298,Veikkausliiga,2026-08-21T16:00:00Z,SJK,FC Lahti,matchbook,totals,Under,under,under@2.5,2.50,2.34,2026-08-21T14:32:49Z
2026-08-21T14:32:46Z,207298,Veikkausliiga,2026-08-21T16:00:00Z,SJK,FC Lahti,betus,h2h,FC Lahti,away,away,,2.35,2026-08-21T14:32:19Z
2026-08-21T14:32:46Z,207298,Veikkausliiga,2026-08-21T16:00:00Z,SJK,FC Lahti,betus,h2h,SJK Seinäjoki,home,home,,2.62,2026-08-21T14:32:19Z
2026-08-21T14:32:46Z,207298,Veikkausliiga,2026-08-21T16:00:00Z,SJK,FC Lahti,betus,h2h,Draw,draw,draw,,3.4,2026-08-21T14:32:19Z
2026-08-21T14:32:46Z,207298,Veikkausliiga,2026-08-21T16:00:00Z,SJK,FC Lahti,betus,spreads,FC Lahti,away,away@0.0,0,1.78,2026-08-21T14:32:19Z
2026-08-21T14:32:46Z,207298,Veikkausliiga,2026-08-21T16:00:00Z,SJK,FC Lahti,betus,spreads,SJK Seinäjoki,home,home@0.0,0,1.98,2026-08-21T14:32:19Z
2026-08-21T14:32:46Z,207298,Veikkausliiga,2026-08-21T16:00:00Z,SJK,FC Lahti,betus,totals,Over,over,over@2.5,2.50,1.67,2026-08-21T14:32:19Z
2026-08-21T14:32:46Z,207298,Veikkausliiga,2026-08-21T16:00:00Z,SJK,FC Lahti,betus,totals,Under,under,under@2.5,2.50,2.19,2026-08-21T14:32:19Z
2026-08-21T14:32:46Z,209535,Premier League,2026-08-21T19:00:00Z,Arsenal,Coventry City,pinnacle,h2h,Arsenal,home,home,,1.22,2026-08-21T14:32:47Z
2026-08-21T14:32:46Z,209535,Premier League,2026-08-21T19:00:00Z,Arsenal,Coventry City,pinnacle,h2h,Coventry City,away,away,,15.0,2026-08-21T14:32:47Z
2026-08-21T14:32:46Z,209535,Premier League,2026-08-21T19:00:00Z,Arsenal,Coventry City,pinnacle,h2h,Draw,draw,draw,,7.0,2026-08-21T14:32:47Z
2026-08-21T14:32:46Z,209535,Premier League,2026-08-21T19:00:00Z,Arsenal,Coventry City,pinnacle,spreads,Arsenal,home,home@-2.0,-2,2.08,2026-08-21T14:32:47Z
2026-08-21T14:32:46Z,209535,Premier League,2026-08-21T19:00:00Z,Arsenal,Coventry City,pinnacle,spreads,Coventry City,away,away@2.0,2,1.84,2026-08-21T14:32:47Z
2026-08-21T14:32:46Z,209535,Premier League,2026-08-21T19:00:00Z,Arsenal,Coventry City,pinnacle,totals,Over,over,over@3.0,3,1.9,2026-08-21T14:32:47Z
2026-08-21T14:32:46Z,209535,Premier League,2026-08-21T19:00:00Z,Arsenal,Coventry City,pinnacle,totals,Under,under,under@3.0,3,1.98,2026-08-21T14:32:47Z
2026-08-21T14:32:46Z,209535,Premier League,2026-08-21T19:00:00Z,Arsenal,Coventry City,onexbet,h2h,Arsenal,home,home,,1.24,2026-08-21T14:32:47Z
2026-08-21T14:32:46Z,209535,Premier League,2026-08-21T19:00:00Z,Arsenal,Coventry City,onexbet,h2h,Coventry City,away,away,,13.7,2026-08-21T14:32:47Z
2026-08-21T14:32:46Z,209535,Premier League,2026-08-21T19:00:00Z,Arsenal,Coventry City,onexbet,h2h,Draw,draw,draw,,7.31,2026-08-21T14:32:47Z
2026-08-21T14:32:46Z,209535,Premier League,2026-08-21T19:00:00Z,Arsenal,Coventry City,onexbet,spreads,Arsenal,home,home@-1.5,-1.50,1.7,2026-08-21T14:32:47Z
2026-08-21T14:32:46Z,209535,Premier League,2026-08-21T19:00:00Z,Arsenal,Coventry City,onexbet,spreads,Coventry City,away,away@1.5,1.50,2.34,2026-08-21T14:32:47Z
2026-08-21T14:32:46Z,209535,Premier League,2026-08-21T19:00:00Z,Arsenal,Coventry City,onexbet,totals,Over,over,over@3.5,3.50,2.46,2026-08-21T14:32:47Z
2026-08-21T14:32:46Z,209535,Premier League,2026-08-21T19:00:00Z,Arsenal,Coventry City,onexbet,totals,Under,under,under@3.5,3.50,1.64,2026-08-21T14:32:47Z
2026-08-21T14:32:46Z,209535,Premier League,2026-08-21T19:00:00Z,Arsenal,Coventry City,betfair_sb_uk,h2h,Arsenal,home,home,,1.18,2026-08-21T14:32:47Z
2026-08-21T14:32:46Z,209535,Premier League,2026-08-21T19:00:00Z,Arsenal,Coventry City,betfair_sb_uk,h2h,Coventry City,away,away,,15.0,2026-08-21T14:32:47Z
2026-08-21T14:32:46Z,209535,Premier League,2026-08-21T19:00:00Z,Arsenal,Coventry City,betfair_sb_uk,h2h,Draw,draw,draw,,7.0,2026-08-21T14:32:47Z
2026-08-21T14:32:46Z,209535,Premier League,2026-08-21T19:00:00Z,Arsenal,Coventry City,betfred_uk,h2h,Arsenal,home,home,,1.2,2026-08-21T14:32:47Z
2026-08-21T14:32:46Z,209535,Premier League,2026-08-21T19:00:00Z,Arsenal,Coventry City,betfred_uk,h2h,Coventry City,away,away,,15.0,2026-08-21T14:32:47Z
2026-08-21T14:32:46Z,209535,Premier League,2026-08-21T19:00:00Z,Arsenal,Coventry City,betfred_uk,h2h,Draw,draw,draw,,6.5,2026-08-21T14:32:47Z
2026-08-21T14:32:46Z,209535,Premier League,2026-08-21T19:00:00Z,Arsenal,Coventry City,betfair_ex_uk,h2h,Arsenal,home,home,,1.23,2026-08-21T14:32:47Z
2026-08-21T14:32:46Z,209535,Premier League,2026-08-21T19:00:00Z,Arsenal,Coventry City,betfair_ex_uk,h2h,Coventry City,away,away,,17.0,2026-08-21T14:32:47Z
2026-08-21T14:32:46Z,209535,Premier League,2026-08-21T19:00:00Z,Arsenal,Coventry City,betfair_ex_uk,h2h,Draw,draw,draw,,7.6,2026-08-21T14:32:47Z
2026-08-21T14:32:46Z,209535,Premier League,2026-08-21T19:00:00Z,Arsenal,Coventry City,betfair_ex_uk,h2h_lay,Arsenal,h2h_lay,h2h_lay,,1.24,2026-08-21T14:32:47Z
2026-08-21T14:32:46Z,209535,Premier League,2026-08-21T19:00:00Z,Arsenal,Coventry City,betfair_ex_uk,h2h_lay,Coventry City,h2h_lay,h2h_lay,,17.5,2026-08-21T14:32:47Z
2026-08-21T14:32:46Z,209535,Premier League,2026-08-21T19:00:00Z,Arsenal,Coventry City,betfair_ex_uk,h2h_lay,Draw,h2h_lay,h2h_lay,,7.8,2026-08-21T14:32:47Z
2026-08-21T14:32:46Z,209535,Premier League,2026-08-21T19:00:00Z,Arsenal,Coventry City,betfair_ex_eu,h2h,Arsenal,home,home,,1.23,2026-08-21T14:32:47Z
2026-08-21T14:32:46Z,209535,Premier League,2026-08-21T19:00:00Z,Arsenal,Coventry City,betfair_ex_eu,h2h,Coventry City,away,away,,17.0,2026-08-21T14:32:47Z
2026-08-21T14:32:46Z,209535,Premier League,2026-08-21T19:00:00Z,Arsenal,Coventry City,betfair_ex_eu,h2h,Draw,draw,draw,,7.6,2026-08-21T14:32:47Z
2026-08-21T14:32:46Z,209535,Premier League,2026-08-21T19:00:00Z,Arsenal,Coventry City,betfair_ex_eu,h2h_lay,Arsenal,h2h_lay,h2h_lay,,1.24,2026-08-21T14:32:47Z
2026-08-21T14:32:46Z,209535,Premier League,2026-08-21T19:00:00Z,Arsenal,Coventry City,betfair_ex_eu,h2h_lay,Coventry City,h2h_lay,h2h_lay,,17.5,2026-08-21T14:32:47Z
2026-08-21T14:32:46Z,209535,Premier League,2026-08-21T19:00:00Z,Arsenal,Coventry City,betfair_ex_eu,h2h_lay,Draw,h2h_lay,h2h_lay,,7.8,2026-08-21T14:32:47Z
2026-08-21T14:32:46Z,209535,Premier League,2026-08-21T19:00:00Z,Arsenal,Coventry City,codere_it,h2h,Arsenal,home,home,,1.21,2026-08-21T14:32:48Z
2026-08-21T14:32:46Z,209535,Premier League,2026-08-21T19:00:00Z,Arsenal,Coventry City,codere_it,h2h,Coventry City,away,away,,13.0,2026-08-21T14:32:48Z
2026-08-21T14:32:46Z,209535,Premier League,2026-08-21T19:00:00Z,Arsenal,Coventry City,codere_it,h2h,Draw,draw,draw,,6.8,2026-08-21T14:32:48Z
2026-08-21T14:32:46Z,209535,Premier League,2026-08-21T19:00:00Z,Arsenal,Coventry City,codere_it,totals,Over,over,over@3.5,3.50,2.28,2026-08-21T14:32:48Z
2026-08-21T14:32:46Z,209535,Premier League,2026-08-21T19:00:00Z,Arsenal,Coventry City,codere_it,totals,Under,under,under@3.5,3.50,1.53,2026-08-21T14:32:48Z
2026-08-21T14:32:46Z,209535,Premier League,2026-08-21T19:00:00Z,Arsenal,Coventry City,fanduel,h2h,Arsenal,home,home,,1.18,2026-08-21T14:32:47Z
2026-08-21T14:32:46Z,209535,Premier League,2026-08-21T19:00:00Z,Arsenal,Coventry City,fanduel,h2h,Coventry City,away,away,,15.0,2026-08-21T14:32:47Z
2026-08-21T14:32:46Z,209535,Premier League,2026-08-21T19:00:00Z,Arsenal,Coventry City,fanduel,h2h,Draw,draw,draw,,7.0,2026-08-21T14:32:47Z
2026-08-21T14:32:46Z,209535,Premier League,2026-08-21T19:00:00Z,Arsenal,Coventry City,marathonbet,h2h,Arsenal,home,home,,1.22,2026-08-21T14:32:20Z
2026-08-21T14:32:46Z,209535,Premier League,2026-08-21T19:00:00Z,Arsenal,Coventry City,marathonbet,h2h,Coventry City,away,away,,13.5,2026-08-21T14:32:20Z
2026-08-21T14:32:46Z,209535,Premier League,2026-08-21T19:00:00Z,Arsenal,Coventry City,marathonbet,h2h,Draw,draw,draw,,7.2,2026-08-21T14:32:20Z
2026-08-21T14:32:46Z,209535,Premier League,2026-08-21T19:00:00Z,Arsenal,Coventry City,coral,h2h,Arsenal,home,home,,1.22,2026-08-21T14:32:47Z
2026-08-21T14:32:46Z,209535,Premier League,2026-08-21T19:00:00Z,Arsenal,Coventry City,coral,h2h,Coventry City,away,away,,12.0,2026-08-21T14:32:47Z
2026-08-21T14:32:46Z,209535,Premier League,2026-08-21T19:00:00Z,Arsenal,Coventry City,coral,h2h,Draw,draw,draw,,7.0,2026-08-21T14:32:47Z
2026-08-21T14:32:46Z,209535,Premier League,2026-08-21T19:00:00Z,Arsenal,Coventry City,paddypower,h2h,Arsenal,home,home,,1.17,2026-08-21T14:29:50Z
2026-08-21T14:32:46Z,209535,Premier League,2026-08-21T19:00:00Z,Arsenal,Coventry City,paddypower,h2h,Coventry City,away,away,,15.0,2026-08-21T14:29:50Z
2026-08-21T14:32:46Z,209535,Premier League,2026-08-21T19:00:00Z,Arsenal,Coventry City,paddypower,h2h,Draw,draw,draw,,7.0,2026-08-21T14:29:50Z
2026-08-21T14:32:46Z,209535,Premier League,2026-08-21T19:00:00Z,Arsenal,Coventry City,unibet_fr,h2h,Arsenal,home,home,,1.2,2026-08-21T14:32:17Z
2026-08-21T14:32:46Z,209535,Premier League,2026-08-21T19:00:00Z,Arsenal,Coventry City,unibet_fr,h2h,Coventry City,away,away,,15.0,2026-08-21T14:32:17Z
2026-08-21T14:32:46Z,209535,Premier League,2026-08-21T19:00:00Z,Arsenal,Coventry City,unibet_fr,h2h,Draw,draw,draw,,7.5,2026-08-21T14:32:17Z
2026-08-21T14:32:46Z,209535,Premier League,2026-08-21T19:00:00Z,Arsenal,Coventry City,williamhill,h2h,Arsenal,home,home,,1.2,2026-08-21T14:30:39Z
2026-08-21T14:32:46Z,209535,Premier League,2026-08-21T19:00:00Z,Arsenal,Coventry City,williamhill,h2h,Coventry City,away,away,,13.0,2026-08-21T14:30:39Z
2026-08-21T14:32:46Z,209535,Premier League,2026-08-21T19:00:00Z,Arsenal,Coventry City,williamhill,h2h,Draw,draw,draw,,6.5,2026-08-21T14:30:39Z
2026-08-21T14:32:46Z,209535,Premier League,2026-08-21T19:00:00Z,Arsenal,Coventry City,williamhill,totals,Over,over,over@2.5,2.50,1.53,2026-08-21T14:30:39Z
2026-08-21T14:32:46Z,209535,Premier League,2026-08-21T19:00:00Z,Arsenal,Coventry City,williamhill,totals,Under,under,under@2.5,2.50,2.4,2026-08-21T14:30:39Z
2026-08-21T14:32:46Z,209535,Premier League,2026-08-21T19:00:00Z,Arsenal,Coventry City,betclic_fr,h2h,Arsenal,home,home,,1.21,2026-08-21T14:30:32Z
2026-08-21T14:32:46Z,209535,Premier League,2026-08-21T19:00:00Z,Arsenal,Coventry City,betclic_fr,h2h,Coventry City,away,away,,15.0,2026-08-21T14:30:32Z
2026-08-21T14:32:46Z,209535,Premier League,2026-08-21T19:00:00Z,Arsenal,Coventry City,betclic_fr,h2h,Draw,draw,draw,,7.0,2026-08-21T14:30:32Z
2026-08-21T14:32:46Z,209535,Premier League,2026-08-21T19:00:00Z,Arsenal,Coventry City,betmgm,h2h,Arsenal,home,home,,1.2,2026-08-21T14:32:47Z
2026-08-21T14:32:46Z,209535,Premier League,2026-08-21T19:00:00Z,Arsenal,Coventry City,betmgm,h2h,Coventry City,away,away,,11.5,2026-08-21T14:32:47Z
2026-08-21T14:32:46Z,209535,Premier League,2026-08-21T19:00:00Z,Arsenal,Coventry City,betmgm,h2h,Draw,draw,draw,,6.5,2026-08-21T14:32:47Z
2026-08-21T14:32:46Z,209535,Premier League,2026-08-21T19:00:00Z,Arsenal,Coventry City,betmgm,totals,Over,over,over@2.5,2.50,1.53,2026-08-21T14:32:47Z
2026-08-21T14:32:46Z,209535,Premier League,2026-08-21T19:00:00Z,Arsenal,Coventry City,betmgm,totals,Under,under,under@2.5,2.50,2.35,2026-08-21T14:32:47Z
2026-08-21T14:32:46Z,209535,Premier League,2026-08-21T19:00:00Z,Arsenal,Coventry City,betvictor,h2h,Arsenal,home,home,,1.18,2026-08-21T14:33:04Z
2026-08-21T14:32:46Z,209535,Premier League,2026-08-21T19:00:00Z,Arsenal,Coventry City,betvictor,h2h,Coventry City,away,away,,15.0,2026-08-21T14:33:04Z
2026-08-21T14:32:46Z,209535,Premier League,2026-08-21T19:00:00Z,Arsenal,Coventry City,betvictor,h2h,Draw,draw,draw,,7.0,2026-08-21T14:33:04Z
2026-08-21T14:32:46Z,209535,Premier League,2026-08-21T19:00:00Z,Arsenal,Coventry City,sport888,h2h,Arsenal,home,home,,1.2,2026-08-21T14:32:47Z
2026-08-21T14:32:46Z,209535,Premier League,2026-08-21T19:00:00Z,Arsenal,Coventry City,sport888,h2h,Coventry City,away,away,,12.0,2026-08-21T14:32:47Z
2026-08-21T14:32:46Z,209535,Premier League,2026-08-21T19:00:00Z,Arsenal,Coventry City,sport888,h2h,Draw,draw,draw,,6.0,2026-08-21T14:32:47Z
2026-08-21T14:32:46Z,209535,Premier League,2026-08-21T19:00:00Z,Arsenal,Coventry City,draftkings,h2h,Arsenal,home,home,,1.2,2026-08-21T14:32:20Z
2026-08-21T14:32:46Z,209535,Premier League,2026-08-21T19:00:00Z,Arsenal,Coventry City,draftkings,h2h,Coventry City,away,away,,14.0,2026-08-21T14:32:20Z
2026-08-21T14:32:46Z,209535,Premier League,2026-08-21T19:00:00Z,Arsenal,Coventry City,draftkings,h2h,Draw,draw,draw,,7.0,2026-08-21T14:32:20Z
2026-08-21T14:32:46Z,209535,Premier League,2026-08-21T19:00:00Z,Arsenal,Coventry City,ladbrokes_uk,h2h,Arsenal,home,home,,1.22,2026-08-21T14:32:17Z
2026-08-21T14:32:46Z,209535,Premier League,2026-08-21T19:00:00Z,Arsenal,Coventry City,ladbrokes_uk,h2h,Coventry City,away,away,,12.0,2026-08-21T14:32:17Z
2026-08-21T14:32:46Z,209535,Premier League,2026-08-21T19:00:00Z,Arsenal,Coventry City,ladbrokes_uk,h2h,Draw,draw,draw,,6.5,2026-08-21T14:32:17Z
2026-08-21T14:32:46Z,209535,Premier League,2026-08-21T19:00:00Z,Arsenal,Coventry City,tipico_de,h2h,Arsenal,home,home,,1.17,2026-08-21T14:32:47Z
2026-08-21T14:32:46Z,209535,Premier League,2026-08-21T19:00:00Z,Arsenal,Coventry City,tipico_de,h2h,Coventry City,away,away,,15.0,2026-08-21T14:32:47Z
2026-08-21T14:32:46Z,209535,Premier League,2026-08-21T19:00:00Z,Arsenal,Coventry City,tipico_de,h2h,Draw,draw,draw,,7.2,2026-08-21T14:32:47Z
2026-08-21T14:32:46Z,209535,Premier League,2026-08-21T19:00:00Z,Arsenal,Coventry City,tipico_de,totals,Over,over,over@3.5,3.50,2.2,2026-08-21T14:32:47Z
2026-08-21T14:32:46Z,209535,Premier League,2026-08-21T19:00:00Z,Arsenal,Coventry City,tipico_de,totals,Under,under,under@3.5,3.50,1.6,2026-08-21T14:32:47Z
2026-08-21T14:32:46Z,209535,Premier League,2026-08-21T19:00:00Z,Arsenal,Coventry City,skybet,h2h,Arsenal,home,home,,1.17,2026-08-21T14:31:53Z
2026-08-21T14:32:46Z,209535,Premier League,2026-08-21T19:00:00Z,Arsenal,Coventry City,skybet,h2h,Coventry City,away,away,,14.0,2026-08-21T14:31:53Z
2026-08-21T14:32:46Z,209535,Premier League,2026-08-21T19:00:00Z,Arsenal,Coventry City,skybet,h2h,Draw,draw,draw,,7.5,2026-08-21T14:31:53Z
2026-08-21T14:32:46Z,209535,Premier League,2026-08-21T19:00:00Z,Arsenal,Coventry City,unibet_uk,h2h,Arsenal,home,home,,1.2,2026-08-21T14:29:50Z
2026-08-21T14:32:46Z,209535,Premier League,2026-08-21T19:00:00Z,Arsenal,Coventry City,unibet_uk,h2h,Coventry City,away,away,,15.0,2026-08-21T14:29:50Z
2026-08-21T14:32:46Z,209535,Premier League,2026-08-21T19:00:00Z,Arsenal,Coventry City,unibet_uk,h2h,Draw,draw,draw,,7.0,2026-08-21T14:29:50Z
2026-08-21T14:32:46Z,209535,Premier League,2026-08-21T19:00:00Z,Arsenal,Coventry City,boylesports,h2h,Arsenal,home,home,,1.18,2026-08-21T14:31:54Z
2026-08-21T14:32:46Z,209535,Premier League,2026-08-21T19:00:00Z,Arsenal,Coventry City,boylesports,h2h,Coventry City,away,away,,15.0,2026-08-21T14:31:54Z
2026-08-21T14:32:46Z,209535,Premier League,2026-08-21T19:00:00Z,Arsenal,Coventry City,boylesports,h2h,Draw,draw,draw,,6.0,2026-08-21T14:31:54Z
2026-08-21T14:32:46Z,209535,Premier League,2026-08-21T19:00:00Z,Arsenal,Coventry City,winamax_de,h2h,Arsenal,home,home,,1.2,2026-08-21T14:31:55Z
2026-08-21T14:32:46Z,209535,Premier League,2026-08-21T19:00:00Z,Arsenal,Coventry City,winamax_de,h2h,Coventry City,away,away,,12.5,2026-08-21T14:31:55Z
2026-08-21T14:32:46Z,209535,Premier League,2026-08-21T19:00:00Z,Arsenal,Coventry City,winamax_de,h2h,Draw,draw,draw,,7.0,2026-08-21T14:31:55Z
2026-08-21T14:32:46Z,209535,Premier League,2026-08-21T19:00:00Z,Arsenal,Coventry City,winamax_fr,h2h,Arsenal,home,home,,1.19,2026-08-21T14:31:56Z
2026-08-21T14:32:46Z,209535,Premier League,2026-08-21T19:00:00Z,Arsenal,Coventry City,winamax_fr,h2h,Coventry City,away,away,,12.0,2026-08-21T14:31:56Z
2026-08-21T14:32:46Z,209535,Premier League,2026-08-21T19:00:00Z,Arsenal,Coventry City,winamax_fr,h2h,Draw,draw,draw,,6.75,2026-08-21T14:31:56Z
2026-08-21T14:32:46Z,209535,Premier League,2026-08-21T19:00:00Z,Arsenal,Coventry City,smarkets,h2h,Arsenal,home,home,,1.22,2026-08-21T14:32:47Z
2026-08-21T14:32:46Z,209535,Premier League,2026-08-21T19:00:00Z,Arsenal,Coventry City,smarkets,h2h,Coventry City,away,away,,17.51,2026-08-21T14:32:47Z
2026-08-21T14:32:46Z,209535,Premier League,2026-08-21T19:00:00Z,Arsenal,Coventry City,smarkets,h2h,Draw,draw,draw,,7.6,2026-08-21T14:32:47Z
2026-08-21T14:32:46Z,209535,Premier League,2026-08-21T19:00:00Z,Arsenal,Coventry City,smarkets,h2h_lay,Arsenal,h2h_lay,h2h_lay,,1.23,2026-08-21T14:32:47Z
2026-08-21T14:32:46Z,209535,Premier League,2026-08-21T19:00:00Z,Arsenal,Coventry City,smarkets,h2h_lay,Coventry City,h2h_lay,h2h_lay,,17.99,2026-08-21T14:32:47Z
2026-08-21T14:32:46Z,209535,Premier League,2026-08-21T19:00:00Z,Arsenal,Coventry City,smarkets,h2h_lay,Draw,h2h_lay,h2h_lay,,7.8,2026-08-21T14:32:47Z
2026-08-21T14:32:46Z,209535,Premier League,2026-08-21T19:00:00Z,Arsenal,Coventry City,casumo,h2h,Arsenal,home,home,,1.19,2026-08-21T14:32:18Z
2026-08-21T14:32:46Z,209535,Premier League,2026-08-21T19:00:00Z,Arsenal,Coventry City,casumo,h2h,Coventry City,away,away,,14.0,2026-08-21T14:32:18Z
2026-08-21T14:32:46Z,209535,Premier League,2026-08-21T19:00:00Z,Arsenal,Coventry City,casumo,h2h,Draw,draw,draw,,7.0,2026-08-21T14:32:18Z
2026-08-21T14:32:46Z,209535,Premier League,2026-08-21T19:00:00Z,Arsenal,Coventry City,casumo,totals,Over,over,over@2.5,2.50,1.55,2026-08-21T14:32:18Z
2026-08-21T14:32:46Z,209535,Premier League,2026-08-21T19:00:00Z,Arsenal,Coventry City,casumo,totals,Under,under,under@2.5,2.50,2.43,2026-08-21T14:32:18Z
2026-08-21T14:32:46Z,209535,Premier League,2026-08-21T19:00:00Z,Arsenal,Coventry City,livescorebet,h2h,Arsenal,home,home,,1.17,2026-08-21T14:32:48Z
2026-08-21T14:32:46Z,209535,Premier League,2026-08-21T19:00:00Z,Arsenal,Coventry City,livescorebet,h2h,Coventry City,away,away,,12.0,2026-08-21T14:32:48Z
2026-08-21T14:32:46Z,209535,Premier League,2026-08-21T19:00:00Z,Arsenal,Coventry City,livescorebet,h2h,Draw,draw,draw,,6.5,2026-08-21T14:32:48Z
2026-08-21T14:32:46Z,209535,Premier League,2026-08-21T19:00:00Z,Arsenal,Coventry City,unibet_se,h2h,Arsenal,home,home,,1.21,2026-08-21T14:32:18Z
2026-08-21T14:32:46Z,209535,Premier League,2026-08-21T19:00:00Z,Arsenal,Coventry City,unibet_se,h2h,Coventry City,away,away,,15.0,2026-08-21T14:32:18Z
2026-08-21T14:32:46Z,209535,Premier League,2026-08-21T19:00:00Z,Arsenal,Coventry City,unibet_se,h2h,Draw,draw,draw,,7.5,2026-08-21T14:32:18Z
2026-08-21T14:32:46Z,209535,Premier League,2026-08-21T19:00:00Z,Arsenal,Coventry City,unibet_se,totals,Over,over,over@2.5,2.50,1.56,2026-08-21T14:32:18Z
2026-08-21T14:32:46Z,209535,Premier League,2026-08-21T19:00:00Z,Arsenal,Coventry City,unibet_se,totals,Under,under,under@2.5,2.50,2.45,2026-08-21T14:32:18Z
2026-08-21T14:32:46Z,209535,Premier League,2026-08-21T19:00:00Z,Arsenal,Coventry City,leovegas_se,h2h,Arsenal,home,home,,1.19,2026-08-21T14:32:47Z
2026-08-21T14:32:46Z,209535,Premier League,2026-08-21T19:00:00Z,Arsenal,Coventry City,leovegas_se,h2h,Coventry City,away,away,,14.0,2026-08-21T14:32:47Z
2026-08-21T14:32:46Z,209535,Premier League,2026-08-21T19:00:00Z,Arsenal,Coventry City,leovegas_se,h2h,Draw,draw,draw,,7.0,2026-08-21T14:32:47Z
2026-08-21T14:32:46Z,209535,Premier League,2026-08-21T19:00:00Z,Arsenal,Coventry City,leovegas_se,totals,Over,over,over@2.5,2.50,1.56,2026-08-21T14:32:47Z
2026-08-21T14:32:46Z,209535,Premier League,2026-08-21T19:00:00Z,Arsenal,Coventry City,leovegas_se,totals,Under,under,under@2.5,2.50,2.45,2026-08-21T14:32:47Z
2026-08-21T14:32:46Z,209535,Premier League,2026-08-21T19:00:00Z,Arsenal,Coventry City,grosvenor,h2h,Arsenal,home,home,,1.17,2026-08-21T14:32:47Z
2026-08-21T14:32:46Z,209535,Premier League,2026-08-21T19:00:00Z,Arsenal,Coventry City,grosvenor,h2h,Coventry City,away,away,,15.0,2026-08-21T14:32:47Z
2026-08-21T14:32:46Z,209535,Premier League,2026-08-21T19:00:00Z,Arsenal,Coventry City,grosvenor,h2h,Draw,draw,draw,,7.0,2026-08-21T14:32:47Z
2026-08-21T14:32:46Z,209535,Premier League,2026-08-21T19:00:00Z,Arsenal,Coventry City,grosvenor,totals,Over,over,over@2.5,2.50,1.54,2026-08-21T14:32:47Z
2026-08-21T14:32:46Z,209535,Premier League,2026-08-21T19:00:00Z,Arsenal,Coventry City,grosvenor,totals,Under,under,under@2.5,2.50,2.4,2026-08-21T14:32:47Z
2026-08-21T14:32:46Z,209535,Premier League,2026-08-21T19:00:00Z,Arsenal,Coventry City,virginbet,h2h,Arsenal,home,home,,1.17,2026-08-21T14:32:18Z
2026-08-21T14:32:46Z,209535,Premier League,2026-08-21T19:00:00Z,Arsenal,Coventry City,virginbet,h2h,Coventry City,away,away,,12.0,2026-08-21T14:32:18Z
2026-08-21T14:32:46Z,209535,Premier League,2026-08-21T19:00:00Z,Arsenal,Coventry City,virginbet,h2h,Draw,draw,draw,,6.5,2026-08-21T14:32:18Z
2026-08-21T14:32:46Z,209535,Premier League,2026-08-21T19:00:00Z,Arsenal,Coventry City,unibet_nl,h2h,Arsenal,home,home,,1.2,2026-08-21T14:32:17Z
2026-08-21T14:32:46Z,209535,Premier League,2026-08-21T19:00:00Z,Arsenal,Coventry City,unibet_nl,h2h,Coventry City,away,away,,15.0,2026-08-21T14:32:17Z
2026-08-21T14:32:46Z,209535,Premier League,2026-08-21T19:00:00Z,Arsenal,Coventry City,unibet_nl,h2h,Draw,draw,draw,,7.5,2026-08-21T14:32:17Z
2026-08-21T14:32:46Z,209535,Premier League,2026-08-21T19:00:00Z,Arsenal,Coventry City,unibet_nl,totals,Over,over,over@2.5,2.50,1.55,2026-08-21T14:32:17Z
2026-08-21T14:32:46Z,209535,Premier League,2026-08-21T19:00:00Z,Arsenal,Coventry City,unibet_nl,totals,Under,under,under@2.5,2.50,2.43,2026-08-21T14:32:17Z
2026-08-21T14:32:46Z,209535,Premier League,2026-08-21T19:00:00Z,Arsenal,Coventry City,coolbet,h2h,Arsenal,home,home,,1.22,2026-08-21T14:32:50Z
2026-08-21T14:32:46Z,209535,Premier League,2026-08-21T19:00:00Z,Arsenal,Coventry City,coolbet,h2h,Coventry City,away,away,,16.0,2026-08-21T14:32:50Z
2026-08-21T14:32:46Z,209535,Premier League,2026-08-21T19:00:00Z,Arsenal,Coventry City,coolbet,h2h,Draw,draw,draw,,7.25,2026-08-21T14:32:50Z
2026-08-21T14:32:46Z,209535,Premier League,2026-08-21T19:00:00Z,Arsenal,Coventry City,coolbet,spreads,Arsenal,home,home@-2.0,-2,2.04,2026-08-21T14:32:50Z
2026-08-21T14:32:46Z,209535,Premier League,2026-08-21T19:00:00Z,Arsenal,Coventry City,coolbet,spreads,Coventry City,away,away@2.0,2,1.83,2026-08-21T14:32:50Z
2026-08-21T14:32:46Z,209535,Premier League,2026-08-21T19:00:00Z,Arsenal,Coventry City,coolbet,totals,Over,over,over@3.0,3,1.94,2026-08-21T14:32:50Z
2026-08-21T14:32:46Z,209535,Premier League,2026-08-21T19:00:00Z,Arsenal,Coventry City,coolbet,totals,Under,under,under@3.0,3,1.92,2026-08-21T14:32:50Z
2026-08-21T14:32:46Z,209535,Premier League,2026-08-21T19:00:00Z,Arsenal,Coventry City,betrivers,h2h,Arsenal,home,home,,1.19,2026-08-21T14:32:47Z
2026-08-21T14:32:46Z,209535,Premier League,2026-08-21T19:00:00Z,Arsenal,Coventry City,betrivers,h2h,Coventry City,away,away,,14.0,2026-08-21T14:32:47Z
2026-08-21T14:32:46Z,209535,Premier League,2026-08-21T19:00:00Z,Arsenal,Coventry City,betrivers,h2h,Draw,draw,draw,,7.0,2026-08-21T14:32:47Z
2026-08-21T14:32:46Z,209535,Premier League,2026-08-21T19:00:00Z,Arsenal,Coventry City,betrivers,totals,Over,over,over@3.5,3.50,2.38,2026-08-21T14:32:47Z
2026-08-21T14:32:46Z,209535,Premier League,2026-08-21T19:00:00Z,Arsenal,Coventry City,betrivers,totals,Under,under,under@3.5,3.50,1.56,2026-08-21T14:32:47Z
2026-08-21T14:32:46Z,209535,Premier League,2026-08-21T19:00:00Z,Arsenal,Coventry City,everygame,h2h,Arsenal,home,home,,1.2,2026-08-21T14:32:29Z
2026-08-21T14:32:46Z,209535,Premier League,2026-08-21T19:00:00Z,Arsenal,Coventry City,everygame,h2h,Coventry City,away,away,,15.0,2026-08-21T14:32:29Z
2026-08-21T14:32:46Z,209535,Premier League,2026-08-21T19:00:00Z,Arsenal,Coventry City,everygame,h2h,Draw,draw,draw,,6.5,2026-08-21T14:32:29Z
2026-08-21T14:32:46Z,209535,Premier League,2026-08-21T19:00:00Z,Arsenal,Coventry City,betonlineag,h2h,Arsenal,home,home,,1.22,2026-08-21T14:32:16Z
2026-08-21T14:32:46Z,209535,Premier League,2026-08-21T19:00:00Z,Arsenal,Coventry City,betonlineag,h2h,Coventry City,away,away,,14.0,2026-08-21T14:32:16Z
2026-08-21T14:32:46Z,209535,Premier League,2026-08-21T19:00:00Z,Arsenal,Coventry City,betonlineag,h2h,Draw,draw,draw,,7.0,2026-08-21T14:32:16Z
2026-08-21T14:32:46Z,209535,Premier League,2026-08-21T19:00:00Z,Arsenal,Coventry City,betonlineag,spreads,Arsenal,home,home@-2.0,-2,2.05,2026-08-21T14:32:16Z
2026-08-21T14:32:46Z,209535,Premier League,2026-08-21T19:00:00Z,Arsenal,Coventry City,betonlineag,spreads,Coventry City,away,away@2.0,2,1.83,2026-08-21T14:32:16Z
2026-08-21T14:32:46Z,209535,Premier League,2026-08-21T19:00:00Z,Arsenal,Coventry City,betonlineag,totals,Over,over,over@3.0,3,1.93,2026-08-21T14:32:16Z
2026-08-21T14:32:46Z,209535,Premier League,2026-08-21T19:00:00Z,Arsenal,Coventry City,betonlineag,totals,Under,under,under@3.0,3,1.93,2026-08-21T14:32:16Z
2026-08-21T14:32:46Z,209535,Premier League,2026-08-21T19:00:00Z,Arsenal,Coventry City,lowvig,h2h,Arsenal,home,home,,1.22,2026-08-21T14:32:19Z
2026-08-21T14:32:46Z,209535,Premier League,2026-08-21T19:00:00Z,Arsenal,Coventry City,lowvig,h2h,Coventry City,away,away,,14.0,2026-08-21T14:32:19Z
2026-08-21T14:32:46Z,209535,Premier League,2026-08-21T19:00:00Z,Arsenal,Coventry City,lowvig,h2h,Draw,draw,draw,,7.0,2026-08-21T14:32:19Z
2026-08-21T14:32:46Z,209535,Premier League,2026-08-21T19:00:00Z,Arsenal,Coventry City,lowvig,spreads,Arsenal,home,home@-2.0,-2,2.05,2026-08-21T14:32:19Z
2026-08-21T14:32:46Z,209535,Premier League,2026-08-21T19:00:00Z,Arsenal,Coventry City,lowvig,spreads,Coventry City,away,away@2.0,2,1.83,2026-08-21T14:32:19Z
2026-08-21T14:32:46Z,209535,Premier League,2026-08-21T19:00:00Z,Arsenal,Coventry City,lowvig,totals,Over,over,over@3.0,3,1.93,2026-08-21T14:32:19Z
2026-08-21T14:32:46Z,209535,Premier League,2026-08-21T19:00:00Z,Arsenal,Coventry City,lowvig,totals,Under,under,under@3.0,3,1.93,2026-08-21T14:32:19Z
2026-08-21T14:32:46Z,209535,Premier League,2026-08-21T19:00:00Z,Arsenal,Coventry City,leovegas,h2h,Arsenal,home,home,,1.2,2026-08-21T14:31:54Z
2026-08-21T14:32:46Z,209535,Premier League,2026-08-21T19:00:00Z,Arsenal,Coventry City,leovegas,h2h,Coventry City,away,away,,13.0,2026-08-21T14:31:54Z
2026-08-21T14:32:46Z,209535,Premier League,2026-08-21T19:00:00Z,Arsenal,Coventry City,leovegas,h2h,Draw,draw,draw,,7.0,2026-08-21T14:31:54Z
2026-08-21T14:32:46Z,209535,Premier League,2026-08-21T19:00:00Z,Arsenal,Coventry City,leovegas,totals,Over,over,over@3.5,3.50,2.35,2026-08-21T14:31:54Z
2026-08-21T14:32:46Z,209535,Premier League,2026-08-21T19:00:00Z,Arsenal,Coventry City,leovegas,totals,Under,under,under@3.5,3.50,1.55,2026-08-21T14:31:54Z
2026-08-21T14:32:46Z,209535,Premier League,2026-08-21T19:00:00Z,Arsenal,Coventry City,bovada,h2h,Arsenal,home,home,,1.2,2026-08-21T14:32:20Z
2026-08-21T14:32:46Z,209535,Premier League,2026-08-21T19:00:00Z,Arsenal,Coventry City,bovada,h2h,Coventry City,away,away,,14.0,2026-08-21T14:32:20Z
2026-08-21T14:32:46Z,209535,Premier League,2026-08-21T19:00:00Z,Arsenal,Coventry City,bovada,h2h,Draw,draw,draw,,6.75,2026-08-21T14:32:20Z
2026-08-21T14:32:46Z,209535,Premier League,2026-08-21T19:00:00Z,Arsenal,Coventry City,bovada,spreads,Arsenal,home,home@-2.0,-2,2.0,2026-08-21T14:32:20Z
2026-08-21T14:32:46Z,209535,Premier League,2026-08-21T19:00:00Z,Arsenal,Coventry City,bovada,spreads,Coventry City,away,away@2.0,2,1.83,2026-08-21T14:32:20Z
2026-08-21T14:32:46Z,209535,Premier League,2026-08-21T19:00:00Z,Arsenal,Coventry City,bovada,totals,Over,over,over@2.5,2.50,1.6,2026-08-21T14:32:20Z
2026-08-21T14:32:46Z,209535,Premier League,2026-08-21T19:00:00Z,Arsenal,Coventry City,bovada,totals,Under,under,under@2.5,2.50,2.38,2026-08-21T14:32:20Z
2026-08-21T14:32:46Z,209535,Premier League,2026-08-21T19:00:00Z,Arsenal,Coventry City,nordicbet,h2h,Arsenal,home,home,,1.22,2026-08-21T14:32:51Z
2026-08-21T14:32:46Z,209535,Premier League,2026-08-21T19:00:00Z,Arsenal,Coventry City,nordicbet,h2h,Coventry City,away,away,,15.0,2026-08-21T14:32:51Z
2026-08-21T14:32:46Z,209535,Premier League,2026-08-21T19:00:00Z,Arsenal,Coventry City,nordicbet,h2h,Draw,draw,draw,,6.1,2026-08-21T14:32:51Z
2026-08-21T14:32:46Z,209535,Premier League,2026-08-21T19:00:00Z,Arsenal,Coventry City,nordicbet,totals,Over,over,over@2.5,2.50,1.55,2026-08-21T14:32:51Z
2026-08-21T14:32:46Z,209535,Premier League,2026-08-21T19:00:00Z,Arsenal,Coventry City,nordicbet,totals,Under,under,under@2.5,2.50,2.45,2026-08-21T14:32:51Z
2026-08-21T14:32:46Z,209535,Premier League,2026-08-21T19:00:00Z,Arsenal,Coventry City,betsson,h2h,Arsenal,home,home,,1.22,2026-08-21T14:32:21Z
2026-08-21T14:32:46Z,209535,Premier League,2026-08-21T19:00:00Z,Arsenal,Coventry City,betsson,h2h,Coventry City,away,away,,15.0,2026-08-21T14:32:21Z
2026-08-21T14:32:46Z,209535,Premier League,2026-08-21T19:00:00Z,Arsenal,Coventry City,betsson,h2h,Draw,draw,draw,,6.1,2026-08-21T14:32:21Z
2026-08-21T14:32:46Z,209535,Premier League,2026-08-21T19:00:00Z,Arsenal,Coventry City,betsson,totals,Over,over,over@2.5,2.50,1.55,2026-08-21T14:32:21Z
2026-08-21T14:32:46Z,209535,Premier League,2026-08-21T19:00:00Z,Arsenal,Coventry City,betsson,totals,Under,under,under@2.5,2.50,2.45,2026-08-21T14:32:21Z
2026-08-21T14:32:46Z,209535,Premier League,2026-08-21T19:00:00Z,Arsenal,Coventry City,betus,h2h,Arsenal,home,home,,1.2,2026-08-21T14:31:54Z
2026-08-21T14:32:46Z,209535,Premier League,2026-08-21T19:00:00Z,Arsenal,Coventry City,betus,h2h,Coventry City,away,away,,12.0,2026-08-21T14:31:54Z
2026-08-21T14:32:46Z,209535,Premier League,2026-08-21T19:00:00Z,Arsenal,Coventry City,betus,h2h,Draw,draw,draw,,7.0,2026-08-21T14:31:54Z
2026-08-21T14:32:46Z,209535,Premier League,2026-08-21T19:00:00Z,Arsenal,Coventry City,betus,spreads,Arsenal,home,home@-2.0,-2,2.0,2026-08-21T14:31:54Z
2026-08-21T14:32:46Z,209535,Premier League,2026-08-21T19:00:00Z,Arsenal,Coventry City,betus,spreads,Coventry City,away,away@2.0,2,1.83,2026-08-21T14:31:54Z
2026-08-21T14:32:46Z,209535,Premier League,2026-08-21T19:00:00Z,Arsenal,Coventry City,betus,totals,Over,over,over@3.0,3,1.91,2026-08-21T14:31:54Z
2026-08-21T14:32:46Z,209535,Premier League,2026-08-21T19:00:00Z,Arsenal,Coventry City,betus,totals,Under,under,under@3.0,3,1.91,2026-08-21T14:31:54Z
2026-08-21T14:32:46Z,209535,Premier League,2026-08-21T19:00:00Z,Arsenal,Coventry City,betano_uk,h2h,Arsenal,home,home,,1.18,2026-08-21T14:31:18Z
2026-08-21T14:32:46Z,209535,Premier League,2026-08-21T19:00:00Z,Arsenal,Coventry City,betano_uk,h2h,Coventry City,away,away,,15.0,2026-08-21T14:31:18Z
2026-08-21T14:32:46Z,209535,Premier League,2026-08-21T19:00:00Z,Arsenal,Coventry City,betano_uk,h2h,Draw,draw,draw,,7.0,2026-08-21T14:31:18Z
2026-08-21T14:32:46Z,209535,Premier League,2026-08-21T19:00:00Z,Arsenal,Coventry City,pmu_fr,h2h,Arsenal,home,home,,1.2,2026-08-21T14:32:17Z
2026-08-21T14:32:46Z,209535,Premier League,2026-08-21T19:00:00Z,Arsenal,Coventry City,pmu_fr,h2h,Coventry City,away,away,,14.0,2026-08-21T14:32:17Z
2026-08-21T14:32:46Z,209535,Premier League,2026-08-21T19:00:00Z,Arsenal,Coventry City,pmu_fr,h2h,Draw,draw,draw,,7.0,2026-08-21T14:32:17Z
2026-08-21T14:32:46Z,209535,Premier League,2026-08-21T19:00:00Z,Arsenal,Coventry City,pmu_fr,totals,Over,over,over@2.5,2.50,1.45,2026-08-21T14:32:17Z
2026-08-21T14:32:46Z,209535,Premier League,2026-08-21T19:00:00Z,Arsenal,Coventry City,pmu_fr,totals,Under,under,under@2.5,2.50,2.28,2026-08-21T14:32:17Z
2026-08-21T14:32:46Z,209535,Premier League,2026-08-21T19:00:00Z,Arsenal,Coventry City,betway,h2h,Arsenal,home,home,,1.2,2026-08-21T14:31:53Z
2026-08-21T14:32:46Z,209535,Premier League,2026-08-21T19:00:00Z,Arsenal,Coventry City,betway,h2h,Coventry City,away,away,,12.0,2026-08-21T14:31:53Z
2026-08-21T14:32:46Z,209535,Premier League,2026-08-21T19:00:00Z,Arsenal,Coventry City,betway,h2h,Draw,draw,draw,,6.5,2026-08-21T14:31:53Z
2026-08-21T14:32:46Z,209535,Premier League,2026-08-21T19:00:00Z,Arsenal,Coventry City,mybookieag,h2h,Arsenal,home,home,,1.2,2026-08-21T14:31:33Z
2026-08-21T14:32:46Z,209535,Premier League,2026-08-21T19:00:00Z,Arsenal,Coventry City,mybookieag,h2h,Coventry City,away,away,,13.0,2026-08-21T14:31:33Z
2026-08-21T14:32:46Z,209535,Premier League,2026-08-21T19:00:00Z,Arsenal,Coventry City,mybookieag,h2h,Draw,draw,draw,,6.6,2026-08-21T14:31:33Z
2026-08-21T14:32:46Z,209535,Premier League,2026-08-21T19:00:00Z,Arsenal,Coventry City,mybookieag,spreads,Arsenal,home,home@-2.0,-2,1.99,2026-08-21T14:31:33Z
2026-08-21T14:32:46Z,209535,Premier League,2026-08-21T19:00:00Z,Arsenal,Coventry City,mybookieag,spreads,Coventry City,away,away@2.0,2,1.76,2026-08-21T14:31:33Z
2026-08-21T14:32:46Z,209535,Premier League,2026-08-21T19:00:00Z,Arsenal,Coventry City,mybookieag,totals,Over,over,over@3.0,3,1.85,2026-08-21T14:31:33Z
2026-08-21T14:32:46Z,209535,Premier League,2026-08-21T19:00:00Z,Arsenal,Coventry City,mybookieag,totals,Under,under,under@3.0,3,1.88,2026-08-21T14:31:33Z
2026-08-21T14:32:46Z,209535,Premier League,2026-08-21T19:00:00Z,Arsenal,Coventry City,matchbook,h2h,Arsenal,home,home,,1.23,2026-08-21T14:32:47Z
2026-08-21T14:32:46Z,209535,Premier League,2026-08-21T19:00:00Z,Arsenal,Coventry City,matchbook,h2h,Coventry City,away,away,,17.5,2026-08-21T14:32:47Z
2026-08-21T14:32:46Z,209535,Premier League,2026-08-21T19:00:00Z,Arsenal,Coventry City,matchbook,h2h,Draw,draw,draw,,7.6,2026-08-21T14:32:47Z
2026-08-21T14:32:46Z,209535,Premier League,2026-08-21T19:00:00Z,Arsenal,Coventry City,matchbook,h2h_lay,Arsenal,h2h_lay,h2h_lay,,1.24,2026-08-21T14:32:47Z
2026-08-21T14:32:46Z,209535,Premier League,2026-08-21T19:00:00Z,Arsenal,Coventry City,matchbook,h2h_lay,Coventry City,h2h_lay,h2h_lay,,18.0,2026-08-21T14:32:47Z
2026-08-21T14:32:46Z,209535,Premier League,2026-08-21T19:00:00Z,Arsenal,Coventry City,matchbook,h2h_lay,Draw,h2h_lay,h2h_lay,,7.8,2026-08-21T14:32:47Z
2026-08-21T14:32:46Z,209535,Premier League,2026-08-21T19:00:00Z,Arsenal,Coventry City,matchbook,spreads,Arsenal,home,home@-2.0,-2,2.1,2026-08-21T14:32:47Z
2026-08-21T14:32:46Z,209535,Premier League,2026-08-21T19:00:00Z,Arsenal,Coventry City,matchbook,spreads,Coventry City,away,away@2.0,2,1.88,2026-08-21T14:32:47Z
2026-08-21T14:32:46Z,209535,Premier League,2026-08-21T19:00:00Z,Arsenal,Coventry City,gtbets,h2h,Arsenal,home,home,,1.18,2026-08-21T14:32:18Z
2026-08-21T14:32:46Z,209535,Premier League,2026-08-21T19:00:00Z,Arsenal,Coventry City,gtbets,h2h,Coventry City,away,away,,12.89,2026-08-21T14:32:18Z
2026-08-21T14:32:46Z,209535,Premier League,2026-08-21T19:00:00Z,Arsenal,Coventry City,gtbets,h2h,Draw,draw,draw,,6.63,2026-08-21T14:32:18Z
2026-08-21T14:32:46Z,209535,Premier League,2026-08-21T19:00:00Z,Arsenal,Coventry City,gtbets,spreads,Arsenal,home,home@-1.5,-1.50,1.62,2026-08-21T14:32:18Z
2026-08-21T14:32:46Z,209535,Premier League,2026-08-21T19:00:00Z,Arsenal,Coventry City,gtbets,spreads,Coventry City,away,away@1.5,1.50,2.24,2026-08-21T14:32:18Z
2026-08-21T14:32:46Z,209535,Premier League,2026-08-21T19:00:00Z,Arsenal,Coventry City,gtbets,totals,Over,over,over@2.5,2.50,1.57,2026-08-21T14:32:18Z
2026-08-21T14:32:46Z,209535,Premier League,2026-08-21T19:00:00Z,Arsenal,Coventry City,gtbets,totals,Under,under,under@2.5,2.50,2.35,2026-08-21T14:32:18Z
2026-08-21T14:32:46Z,209535,Premier League,2026-08-21T19:00:00Z,Arsenal,Coventry City,betanysports,h2h,Arsenal,home,home,,1.22,2026-08-21T14:32:48Z
2026-08-21T14:32:46Z,209535,Premier League,2026-08-21T19:00:00Z,Arsenal,Coventry City,betanysports,h2h,Coventry City,away,away,,14.0,2026-08-21T14:32:48Z
2026-08-21T14:32:46Z,209535,Premier League,2026-08-21T19:00:00Z,Arsenal,Coventry City,betanysports,h2h,Draw,draw,draw,,7.0,2026-08-21T14:32:48Z
2026-08-21T14:32:46Z,209535,Premier League,2026-08-21T19:00:00Z,Arsenal,Coventry City,betanysports,spreads,Arsenal,home,home@-2.0,-2,2.01,2026-08-21T14:32:48Z
2026-08-21T14:32:46Z,209535,Premier League,2026-08-21T19:00:00Z,Arsenal,Coventry City,betanysports,spreads,Coventry City,away,away@2.0,2,1.83,2026-08-21T14:32:48Z
2026-08-21T14:32:46Z,209535,Premier League,2026-08-21T19:00:00Z,Arsenal,Coventry City,betanysports,totals,Over,over,over@3.0,3,1.91,2026-08-21T14:32:48Z
2026-08-21T14:32:46Z,209535,Premier League,2026-08-21T19:00:00Z,Arsenal,Coventry City,betanysports,totals,Under,under,under@3.0,3,1.91,2026-08-21T14:32:48Z
2026-08-21T14:32:46Z,210441,Ligue 1,2026-08-21T18:45:00Z,Olympique de Marseille,RC Strasbourg,pinnacle,h2h,Marseille,home,home,,1.74,2026-08-21T14:32:51Z
2026-08-21T14:32:46Z,210441,Ligue 1,2026-08-21T18:45:00Z,Olympique de Marseille,RC Strasbourg,pinnacle,h2h,Strasbourg,away,away,,4.62,2026-08-21T14:32:51Z
2026-08-21T14:32:46Z,210441,Ligue 1,2026-08-21T18:45:00Z,Olympique de Marseille,RC Strasbourg,pinnacle,h2h,Draw,draw,draw,,4.14,2026-08-21T14:32:51Z
2026-08-21T14:32:46Z,210441,Ligue 1,2026-08-21T18:45:00Z,Olympique de Marseille,RC Strasbourg,pinnacle,spreads,Marseille,home,home@-0.75,-0.75,1.94,2026-08-21T14:32:51Z
2026-08-21T14:32:46Z,210441,Ligue 1,2026-08-21T18:45:00Z,Olympique de Marseille,RC Strasbourg,pinnacle,spreads,Strasbourg,away,away@0.75,0.75,1.98,2026-08-21T14:32:51Z
2026-08-21T14:32:46Z,210441,Ligue 1,2026-08-21T18:45:00Z,Olympique de Marseille,RC Strasbourg,pinnacle,totals,Over,over,over@3.0,3,1.89,2026-08-21T14:32:51Z
2026-08-21T14:32:46Z,210441,Ligue 1,2026-08-21T18:45:00Z,Olympique de Marseille,RC Strasbourg,pinnacle,totals,Under,under,under@3.0,3,2.01,2026-08-21T14:32:51Z
2026-08-21T14:32:46Z,210441,Ligue 1,2026-08-21T18:45:00Z,Olympique de Marseille,RC Strasbourg,winamax_fr,h2h,Marseille,home,home,,1.68,2026-08-21T14:32:00Z
2026-08-21T14:32:46Z,210441,Ligue 1,2026-08-21T18:45:00Z,Olympique de Marseille,RC Strasbourg,winamax_fr,h2h,Strasbourg,away,away,,4.3,2026-08-21T14:32:00Z
2026-08-21T14:32:46Z,210441,Ligue 1,2026-08-21T18:45:00Z,Olympique de Marseille,RC Strasbourg,winamax_fr,h2h,Draw,draw,draw,,4.1,2026-08-21T14:32:00Z
2026-08-21T14:32:46Z,210441,Ligue 1,2026-08-21T18:45:00Z,Olympique de Marseille,RC Strasbourg,codere_it,h2h,Marseille,home,home,,1.72,2026-08-21T14:32:24Z
2026-08-21T14:32:46Z,210441,Ligue 1,2026-08-21T18:45:00Z,Olympique de Marseille,RC Strasbourg,codere_it,h2h,Strasbourg,away,away,,4.4,2026-08-21T14:32:24Z
2026-08-21T14:32:46Z,210441,Ligue 1,2026-08-21T18:45:00Z,Olympique de Marseille,RC Strasbourg,codere_it,h2h,Draw,draw,draw,,4.1,2026-08-21T14:32:24Z
2026-08-21T14:32:46Z,210441,Ligue 1,2026-08-21T18:45:00Z,Olympique de Marseille,RC Strasbourg,codere_it,totals,Over,over,over@3.5,3.50,2.23,2026-08-21T14:32:24Z
2026-08-21T14:32:46Z,210441,Ligue 1,2026-08-21T18:45:00Z,Olympique de Marseille,RC Strasbourg,codere_it,totals,Under,under,under@3.5,3.50,1.56,2026-08-21T14:32:24Z
2026-08-21T14:32:46Z,210441,Ligue 1,2026-08-21T18:45:00Z,Olympique de Marseille,RC Strasbourg,winamax_de,h2h,Marseille,home,home,,1.68,2026-08-21T14:32:26Z
2026-08-21T14:32:46Z,210441,Ligue 1,2026-08-21T18:45:00Z,Olympique de Marseille,RC Strasbourg,winamax_de,h2h,Strasbourg,away,away,,4.3,2026-08-21T14:32:26Z
2026-08-21T14:32:46Z,210441,Ligue 1,2026-08-21T18:45:00Z,Olympique de Marseille,RC Strasbourg,winamax_de,h2h,Draw,draw,draw,,4.1,2026-08-21T14:32:26Z
2026-08-21T14:32:46Z,210441,Ligue 1,2026-08-21T18:45:00Z,Olympique de Marseille,RC Strasbourg,unibet_uk,h2h,Marseille,home,home,,1.7,2026-08-21T14:32:26Z
2026-08-21T14:32:46Z,210441,Ligue 1,2026-08-21T18:45:00Z,Olympique de Marseille,RC Strasbourg,unibet_uk,h2h,Strasbourg,away,away,,4.35,2026-08-21T14:32:26Z
2026-08-21T14:32:46Z,210441,Ligue 1,2026-08-21T18:45:00Z,Olympique de Marseille,RC Strasbourg,unibet_uk,h2h,Draw,draw,draw,,4.0,2026-08-21T14:32:26Z
2026-08-21T14:32:46Z,210441,Ligue 1,2026-08-21T18:45:00Z,Olympique de Marseille,RC Strasbourg,tipico_de,h2h,Marseille,home,home,,1.67,2026-08-21T14:32:00Z
2026-08-21T14:32:46Z,210441,Ligue 1,2026-08-21T18:45:00Z,Olympique de Marseille,RC Strasbourg,tipico_de,h2h,Strasbourg,away,away,,4.4,2026-08-21T14:32:00Z
2026-08-21T14:32:46Z,210441,Ligue 1,2026-08-21T18:45:00Z,Olympique de Marseille,RC Strasbourg,tipico_de,h2h,Draw,draw,draw,,4.1,2026-08-21T14:32:00Z
2026-08-21T14:32:46Z,210441,Ligue 1,2026-08-21T18:45:00Z,Olympique de Marseille,RC Strasbourg,tipico_de,totals,Over,over,over@3.5,3.50,2.2,2026-08-21T14:32:00Z
2026-08-21T14:32:46Z,210441,Ligue 1,2026-08-21T18:45:00Z,Olympique de Marseille,RC Strasbourg,tipico_de,totals,Under,under,under@3.5,3.50,1.6,2026-08-21T14:32:00Z
2026-08-21T14:32:46Z,210441,Ligue 1,2026-08-21T18:45:00Z,Olympique de Marseille,RC Strasbourg,onexbet,h2h,Marseille,home,home,,1.79,2026-08-21T14:32:23Z
2026-08-21T14:32:46Z,210441,Ligue 1,2026-08-21T18:45:00Z,Olympique de Marseille,RC Strasbourg,onexbet,h2h,Strasbourg,away,away,,4.4,2026-08-21T14:32:23Z
2026-08-21T14:32:46Z,210441,Ligue 1,2026-08-21T18:45:00Z,Olympique de Marseille,RC Strasbourg,onexbet,h2h,Draw,draw,draw,,4.37,2026-08-21T14:32:23Z
2026-08-21T14:32:46Z,210441,Ligue 1,2026-08-21T18:45:00Z,Olympique de Marseille,RC Strasbourg,onexbet,spreads,Marseille,home,home@-1.5,-1.50,3.02,2026-08-21T14:32:23Z
2026-08-21T14:32:46Z,210441,Ligue 1,2026-08-21T18:45:00Z,Olympique de Marseille,RC Strasbourg,onexbet,spreads,Strasbourg,away,away@1.5,1.50,1.46,2026-08-21T14:32:23Z
2026-08-21T14:32:46Z,210441,Ligue 1,2026-08-21T18:45:00Z,Olympique de Marseille,RC Strasbourg,onexbet,totals,Over,over,over@3.5,3.50,2.42,2026-08-21T14:32:23Z
2026-08-21T14:32:46Z,210441,Ligue 1,2026-08-21T18:45:00Z,Olympique de Marseille,RC Strasbourg,onexbet,totals,Under,under,under@3.5,3.50,1.66,2026-08-21T14:32:23Z
2026-08-21T14:32:46Z,210441,Ligue 1,2026-08-21T18:45:00Z,Olympique de Marseille,RC Strasbourg,leovegas,h2h,Marseille,home,home,,1.73,2026-08-21T14:31:59Z
2026-08-21T14:32:46Z,210441,Ligue 1,2026-08-21T18:45:00Z,Olympique de Marseille,RC Strasbourg,leovegas,h2h,Strasbourg,away,away,,4.33,2026-08-21T14:31:59Z
2026-08-21T14:32:46Z,210441,Ligue 1,2026-08-21T18:45:00Z,Olympique de Marseille,RC Strasbourg,leovegas,h2h,Draw,draw,draw,,4.0,2026-08-21T14:31:59Z
2026-08-21T14:32:46Z,210441,Ligue 1,2026-08-21T18:45:00Z,Olympique de Marseille,RC Strasbourg,leovegas,totals,Over,over,over@3.5,3.50,2.25,2026-08-21T14:31:59Z
2026-08-21T14:32:46Z,210441,Ligue 1,2026-08-21T18:45:00Z,Olympique de Marseille,RC Strasbourg,leovegas,totals,Under,under,under@3.5,3.50,1.6,2026-08-21T14:31:59Z
2026-08-21T14:32:46Z,210441,Ligue 1,2026-08-21T18:45:00Z,Olympique de Marseille,RC Strasbourg,unibet_fr,h2h,Marseille,home,home,,1.7,2026-08-21T14:32:24Z
2026-08-21T14:32:46Z,210441,Ligue 1,2026-08-21T18:45:00Z,Olympique de Marseille,RC Strasbourg,unibet_fr,h2h,Strasbourg,away,away,,4.7,2026-08-21T14:32:24Z
2026-08-21T14:32:46Z,210441,Ligue 1,2026-08-21T18:45:00Z,Olympique de Marseille,RC Strasbourg,unibet_fr,h2h,Draw,draw,draw,,4.2,2026-08-21T14:32:24Z
2026-08-21T14:32:46Z,210441,Ligue 1,2026-08-21T18:45:00Z,Olympique de Marseille,RC Strasbourg,marathonbet,h2h,Marseille,home,home,,1.76,2026-08-21T14:30:44Z
2026-08-21T14:32:46Z,210441,Ligue 1,2026-08-21T18:45:00Z,Olympique de Marseille,RC Strasbourg,marathonbet,h2h,Strasbourg,away,away,,4.33,2026-08-21T14:30:44Z
2026-08-21T14:32:46Z,210441,Ligue 1,2026-08-21T18:45:00Z,Olympique de Marseille,RC Strasbourg,marathonbet,h2h,Draw,draw,draw,,4.3,2026-08-21T14:30:44Z
2026-08-21T14:32:46Z,210441,Ligue 1,2026-08-21T18:45:00Z,Olympique de Marseille,RC Strasbourg,betclic_fr,h2h,Marseille,home,home,,1.72,2026-08-21T14:30:59Z
2026-08-21T14:32:46Z,210441,Ligue 1,2026-08-21T18:45:00Z,Olympique de Marseille,RC Strasbourg,betclic_fr,h2h,Strasbourg,away,away,,4.6,2026-08-21T14:30:59Z
2026-08-21T14:32:46Z,210441,Ligue 1,2026-08-21T18:45:00Z,Olympique de Marseille,RC Strasbourg,betclic_fr,h2h,Draw,draw,draw,,4.1,2026-08-21T14:30:59Z
2026-08-21T14:32:46Z,210441,Ligue 1,2026-08-21T18:45:00Z,Olympique de Marseille,RC Strasbourg,smarkets,h2h,Marseille,home,home,,1.78,2026-08-21T14:32:53Z
2026-08-21T14:32:46Z,210441,Ligue 1,2026-08-21T18:45:00Z,Olympique de Marseille,RC Strasbourg,smarkets,h2h,Strasbourg,away,away,,4.8,2026-08-21T14:32:53Z
2026-08-21T14:32:46Z,210441,Ligue 1,2026-08-21T18:45:00Z,Olympique de Marseille,RC Strasbourg,smarkets,h2h,Draw,draw,draw,,4.2,2026-08-21T14:32:53Z
2026-08-21T14:32:46Z,210441,Ligue 1,2026-08-21T18:45:00Z,Olympique de Marseille,RC Strasbourg,smarkets,h2h_lay,Marseille,h2h_lay,h2h_lay,,1.79,2026-08-21T14:32:53Z
2026-08-21T14:32:46Z,210441,Ligue 1,2026-08-21T18:45:00Z,Olympique de Marseille,RC Strasbourg,smarkets,h2h_lay,Strasbourg,h2h_lay,h2h_lay,,4.9,2026-08-21T14:32:53Z
2026-08-21T14:32:46Z,210441,Ligue 1,2026-08-21T18:45:00Z,Olympique de Marseille,RC Strasbourg,smarkets,h2h_lay,Draw,h2h_lay,h2h_lay,,4.4,2026-08-21T14:32:53Z
2026-08-21T14:32:46Z,210441,Ligue 1,2026-08-21T18:45:00Z,Olympique de Marseille,RC Strasbourg,betfred_uk,h2h,Marseille,home,home,,1.73,2026-08-21T14:32:24Z
2026-08-21T14:32:46Z,210441,Ligue 1,2026-08-21T18:45:00Z,Olympique de Marseille,RC Strasbourg,betfred_uk,h2h,Strasbourg,away,away,,4.33,2026-08-21T14:32:24Z
2026-08-21T14:32:46Z,210441,Ligue 1,2026-08-21T18:45:00Z,Olympique de Marseille,RC Strasbourg,betfred_uk,h2h,Draw,draw,draw,,4.0,2026-08-21T14:32:24Z
2026-08-21T14:32:46Z,210441,Ligue 1,2026-08-21T18:45:00Z,Olympique de Marseille,RC Strasbourg,betfair_ex_eu,h2h,Marseille,home,home,,1.78,2026-08-21T14:32:24Z
2026-08-21T14:32:46Z,210441,Ligue 1,2026-08-21T18:45:00Z,Olympique de Marseille,RC Strasbourg,betfair_ex_eu,h2h,Strasbourg,away,away,,4.8,2026-08-21T14:32:24Z
2026-08-21T14:32:46Z,210441,Ligue 1,2026-08-21T18:45:00Z,Olympique de Marseille,RC Strasbourg,betfair_ex_eu,h2h,Draw,draw,draw,,4.3,2026-08-21T14:32:24Z
2026-08-21T14:32:46Z,210441,Ligue 1,2026-08-21T18:45:00Z,Olympique de Marseille,RC Strasbourg,betfair_ex_eu,h2h_lay,Marseille,h2h_lay,h2h_lay,,1.79,2026-08-21T14:32:24Z
2026-08-21T14:32:46Z,210441,Ligue 1,2026-08-21T18:45:00Z,Olympique de Marseille,RC Strasbourg,betfair_ex_eu,h2h_lay,Strasbourg,h2h_lay,h2h_lay,,4.9,2026-08-21T14:32:24Z
2026-08-21T14:32:46Z,210441,Ligue 1,2026-08-21T18:45:00Z,Olympique de Marseille,RC Strasbourg,betfair_ex_eu,h2h_lay,Draw,h2h_lay,h2h_lay,,4.4,2026-08-21T14:32:24Z
2026-08-21T14:32:46Z,210441,Ligue 1,2026-08-21T18:45:00Z,Olympique de Marseille,RC Strasbourg,skybet,h2h,Marseille,home,home,,1.7,2026-08-21T14:32:25Z
2026-08-21T14:32:46Z,210441,Ligue 1,2026-08-21T18:45:00Z,Olympique de Marseille,RC Strasbourg,skybet,h2h,Strasbourg,away,away,,4.33,2026-08-21T14:32:25Z
2026-08-21T14:32:46Z,210441,Ligue 1,2026-08-21T18:45:00Z,Olympique de Marseille,RC Strasbourg,skybet,h2h,Draw,draw,draw,,4.2,2026-08-21T14:32:25Z
2026-08-21T14:32:46Z,210441,Ligue 1,2026-08-21T18:45:00Z,Olympique de Marseille,RC Strasbourg,betfair_ex_uk,h2h,Marseille,home,home,,1.78,2026-08-21T14:32:53Z
2026-08-21T14:32:46Z,210441,Ligue 1,2026-08-21T18:45:00Z,Olympique de Marseille,RC Strasbourg,betfair_ex_uk,h2h,Strasbourg,away,away,,4.8,2026-08-21T14:32:53Z
2026-08-21T14:32:46Z,210441,Ligue 1,2026-08-21T18:45:00Z,Olympique de Marseille,RC Strasbourg,betfair_ex_uk,h2h,Draw,draw,draw,,4.3,2026-08-21T14:32:53Z
2026-08-21T14:32:46Z,210441,Ligue 1,2026-08-21T18:45:00Z,Olympique de Marseille,RC Strasbourg,betfair_ex_uk,h2h_lay,Marseille,h2h_lay,h2h_lay,,1.79,2026-08-21T14:32:53Z
2026-08-21T14:32:46Z,210441,Ligue 1,2026-08-21T18:45:00Z,Olympique de Marseille,RC Strasbourg,betfair_ex_uk,h2h_lay,Strasbourg,h2h_lay,h2h_lay,,4.9,2026-08-21T14:32:53Z
2026-08-21T14:32:46Z,210441,Ligue 1,2026-08-21T18:45:00Z,Olympique de Marseille,RC Strasbourg,betfair_ex_uk,h2h_lay,Draw,h2h_lay,h2h_lay,,4.4,2026-08-21T14:32:53Z
2026-08-21T14:32:46Z,210441,Ligue 1,2026-08-21T18:45:00Z,Olympique de Marseille,RC Strasbourg,fanduel,h2h,Marseille,home,home,,1.69,2026-08-21T14:32:51Z
2026-08-21T14:32:46Z,210441,Ligue 1,2026-08-21T18:45:00Z,Olympique de Marseille,RC Strasbourg,fanduel,h2h,Strasbourg,away,away,,4.4,2026-08-21T14:32:51Z
2026-08-21T14:32:46Z,210441,Ligue 1,2026-08-21T18:45:00Z,Olympique de Marseille,RC Strasbourg,fanduel,h2h,Draw,draw,draw,,4.0,2026-08-21T14:32:51Z
2026-08-21T14:32:46Z,210441,Ligue 1,2026-08-21T18:45:00Z,Olympique de Marseille,RC Strasbourg,paddypower,h2h,Marseille,home,home,,1.7,2026-08-21T14:31:36Z
2026-08-21T14:32:46Z,210441,Ligue 1,2026-08-21T18:45:00Z,Olympique de Marseille,RC Strasbourg,paddypower,h2h,Strasbourg,away,away,,4.33,2026-08-21T14:31:36Z
2026-08-21T14:32:46Z,210441,Ligue 1,2026-08-21T18:45:00Z,Olympique de Marseille,RC Strasbourg,paddypower,h2h,Draw,draw,draw,,4.0,2026-08-21T14:31:36Z
2026-08-21T14:32:46Z,210441,Ligue 1,2026-08-21T18:45:00Z,Olympique de Marseille,RC Strasbourg,coolbet,h2h,Marseille,home,home,,1.77,2026-08-21T14:32:54Z
2026-08-21T14:32:46Z,210441,Ligue 1,2026-08-21T18:45:00Z,Olympique de Marseille,RC Strasbourg,coolbet,h2h,Strasbourg,away,away,,4.5,2026-08-21T14:32:54Z
2026-08-21T14:32:46Z,210441,Ligue 1,2026-08-21T18:45:00Z,Olympique de Marseille,RC Strasbourg,coolbet,h2h,Draw,draw,draw,,4.15,2026-08-21T14:32:54Z
2026-08-21T14:32:46Z,210441,Ligue 1,2026-08-21T18:45:00Z,Olympique de Marseille,RC Strasbourg,coolbet,spreads,Marseille,home,home@-1.0,-1,2.28,2026-08-21T14:32:54Z
2026-08-21T14:32:46Z,210441,Ligue 1,2026-08-21T18:45:00Z,Olympique de Marseille,RC Strasbourg,coolbet,spreads,Strasbourg,away,away@1.0,1,1.69,2026-08-21T14:32:54Z
2026-08-21T14:32:46Z,210441,Ligue 1,2026-08-21T18:45:00Z,Olympique de Marseille,RC Strasbourg,coolbet,totals,Over,over,over@3.0,3,1.89,2026-08-21T14:32:54Z
2026-08-21T14:32:46Z,210441,Ligue 1,2026-08-21T18:45:00Z,Olympique de Marseille,RC Strasbourg,coolbet,totals,Under,under,under@3.0,3,1.99,2026-08-21T14:32:54Z
2026-08-21T14:32:46Z,210441,Ligue 1,2026-08-21T18:45:00Z,Olympique de Marseille,RC Strasbourg,betfair_sb_uk,h2h,Marseille,home,home,,1.75,2026-08-21T14:32:24Z
2026-08-21T14:32:46Z,210441,Ligue 1,2026-08-21T18:45:00Z,Olympique de Marseille,RC Strasbourg,betfair_sb_uk,h2h,Strasbourg,away,away,,4.5,2026-08-21T14:32:24Z
2026-08-21T14:32:46Z,210441,Ligue 1,2026-08-21T18:45:00Z,Olympique de Marseille,RC Strasbourg,betfair_sb_uk,h2h,Draw,draw,draw,,4.1,2026-08-21T14:32:24Z
2026-08-21T14:32:46Z,210441,Ligue 1,2026-08-21T18:45:00Z,Olympique de Marseille,RC Strasbourg,virginbet,h2h,Marseille,home,home,,1.67,2026-08-21T14:32:25Z
2026-08-21T14:32:46Z,210441,Ligue 1,2026-08-21T18:45:00Z,Olympique de Marseille,RC Strasbourg,virginbet,h2h,Strasbourg,away,away,,4.4,2026-08-21T14:32:25Z
2026-08-21T14:32:46Z,210441,Ligue 1,2026-08-21T18:45:00Z,Olympique de Marseille,RC Strasbourg,virginbet,h2h,Draw,draw,draw,,3.85,2026-08-21T14:32:25Z
2026-08-21T14:32:46Z,210441,Ligue 1,2026-08-21T18:45:00Z,Olympique de Marseille,RC Strasbourg,livescorebet,h2h,Marseille,home,home,,1.67,2026-08-21T14:32:24Z
2026-08-21T14:32:46Z,210441,Ligue 1,2026-08-21T18:45:00Z,Olympique de Marseille,RC Strasbourg,livescorebet,h2h,Strasbourg,away,away,,4.4,2026-08-21T14:32:24Z
2026-08-21T14:32:46Z,210441,Ligue 1,2026-08-21T18:45:00Z,Olympique de Marseille,RC Strasbourg,livescorebet,h2h,Draw,draw,draw,,3.85,2026-08-21T14:32:24Z
2026-08-21T14:32:46Z,210441,Ligue 1,2026-08-21T18:45:00Z,Olympique de Marseille,RC Strasbourg,leovegas_se,h2h,Marseille,home,home,,1.73,2026-08-21T14:32:25Z
2026-08-21T14:32:46Z,210441,Ligue 1,2026-08-21T18:45:00Z,Olympique de Marseille,RC Strasbourg,leovegas_se,h2h,Strasbourg,away,away,,4.8,2026-08-21T14:32:25Z
2026-08-21T14:32:46Z,210441,Ligue 1,2026-08-21T18:45:00Z,Olympique de Marseille,RC Strasbourg,leovegas_se,h2h,Draw,draw,draw,,4.1,2026-08-21T14:32:25Z
2026-08-21T14:32:46Z,210441,Ligue 1,2026-08-21T18:45:00Z,Olympique de Marseille,RC Strasbourg,leovegas_se,totals,Over,over,over@3.5,3.50,2.32,2026-08-21T14:32:25Z
2026-08-21T14:32:46Z,210441,Ligue 1,2026-08-21T18:45:00Z,Olympique de Marseille,RC Strasbourg,leovegas_se,totals,Under,under,under@3.5,3.50,1.57,2026-08-21T14:32:25Z
2026-08-21T14:32:46Z,210441,Ligue 1,2026-08-21T18:45:00Z,Olympique de Marseille,RC Strasbourg,grosvenor,h2h,Marseille,home,home,,1.7,2026-08-21T14:31:59Z
2026-08-21T14:32:46Z,210441,Ligue 1,2026-08-21T18:45:00Z,Olympique de Marseille,RC Strasbourg,grosvenor,h2h,Strasbourg,away,away,,4.6,2026-08-21T14:31:59Z
2026-08-21T14:32:46Z,210441,Ligue 1,2026-08-21T18:45:00Z,Olympique de Marseille,RC Strasbourg,grosvenor,h2h,Draw,draw,draw,,4.0,2026-08-21T14:31:59Z
2026-08-21T14:32:46Z,210441,Ligue 1,2026-08-21T18:45:00Z,Olympique de Marseille,RC Strasbourg,grosvenor,totals,Over,over,over@3.5,3.50,2.32,2026-08-21T14:31:59Z
2026-08-21T14:32:46Z,210441,Ligue 1,2026-08-21T18:45:00Z,Olympique de Marseille,RC Strasbourg,grosvenor,totals,Under,under,under@3.5,3.50,1.57,2026-08-21T14:31:59Z
2026-08-21T14:32:46Z,210441,Ligue 1,2026-08-21T18:45:00Z,Olympique de Marseille,RC Strasbourg,casumo,h2h,Marseille,home,home,,1.68,2026-08-21T14:31:59Z
2026-08-21T14:32:46Z,210441,Ligue 1,2026-08-21T18:45:00Z,Olympique de Marseille,RC Strasbourg,casumo,h2h,Strasbourg,away,away,,4.5,2026-08-21T14:31:59Z
2026-08-21T14:32:46Z,210441,Ligue 1,2026-08-21T18:45:00Z,Olympique de Marseille,RC Strasbourg,casumo,h2h,Draw,draw,draw,,3.95,2026-08-21T14:31:59Z
2026-08-21T14:32:46Z,210441,Ligue 1,2026-08-21T18:45:00Z,Olympique de Marseille,RC Strasbourg,casumo,totals,Over,over,over@3.5,3.50,2.32,2026-08-21T14:31:59Z
2026-08-21T14:32:46Z,210441,Ligue 1,2026-08-21T18:45:00Z,Olympique de Marseille,RC Strasbourg,casumo,totals,Under,under,under@3.5,3.50,1.57,2026-08-21T14:31:59Z
2026-08-21T14:32:46Z,210441,Ligue 1,2026-08-21T18:45:00Z,Olympique de Marseille,RC Strasbourg,unibet_nl,h2h,Marseille,home,home,,1.7,2026-08-21T14:31:59Z
2026-08-21T14:32:46Z,210441,Ligue 1,2026-08-21T18:45:00Z,Olympique de Marseille,RC Strasbourg,unibet_nl,h2h,Strasbourg,away,away,,4.7,2026-08-21T14:31:59Z
2026-08-21T14:32:46Z,210441,Ligue 1,2026-08-21T18:45:00Z,Olympique de Marseille,RC Strasbourg,unibet_nl,h2h,Draw,draw,draw,,4.0,2026-08-21T14:31:59Z
2026-08-21T14:32:46Z,210441,Ligue 1,2026-08-21T18:45:00Z,Olympique de Marseille,RC Strasbourg,unibet_nl,totals,Over,over,over@3.5,3.50,2.32,2026-08-21T14:31:59Z
2026-08-21T14:32:46Z,210441,Ligue 1,2026-08-21T18:45:00Z,Olympique de Marseille,RC Strasbourg,unibet_nl,totals,Under,under,under@3.5,3.50,1.57,2026-08-21T14:31:59Z
2026-08-21T14:32:46Z,210441,Ligue 1,2026-08-21T18:45:00Z,Olympique de Marseille,RC Strasbourg,unibet_se,h2h,Marseille,home,home,,1.73,2026-08-21T14:32:24Z
2026-08-21T14:32:46Z,210441,Ligue 1,2026-08-21T18:45:00Z,Olympique de Marseille,RC Strasbourg,unibet_se,h2h,Strasbourg,away,away,,4.8,2026-08-21T14:32:24Z
2026-08-21T14:32:46Z,210441,Ligue 1,2026-08-21T18:45:00Z,Olympique de Marseille,RC Strasbourg,unibet_se,h2h,Draw,draw,draw,,4.1,2026-08-21T14:32:24Z
2026-08-21T14:32:46Z,210441,Ligue 1,2026-08-21T18:45:00Z,Olympique de Marseille,RC Strasbourg,unibet_se,totals,Over,over,over@3.5,3.50,2.38,2026-08-21T14:32:24Z
2026-08-21T14:32:46Z,210441,Ligue 1,2026-08-21T18:45:00Z,Olympique de Marseille,RC Strasbourg,unibet_se,totals,Under,under,under@3.5,3.50,1.6,2026-08-21T14:32:24Z
2026-08-21T14:32:46Z,210441,Ligue 1,2026-08-21T18:45:00Z,Olympique de Marseille,RC Strasbourg,nordicbet,h2h,Marseille,home,home,,1.72,2026-08-21T14:32:02Z
2026-08-21T14:32:46Z,210441,Ligue 1,2026-08-21T18:45:00Z,Olympique de Marseille,RC Strasbourg,nordicbet,h2h,Strasbourg,away,away,,4.4,2026-08-21T14:32:02Z
2026-08-21T14:32:46Z,210441,Ligue 1,2026-08-21T18:45:00Z,Olympique de Marseille,RC Strasbourg,nordicbet,h2h,Draw,draw,draw,,3.85,2026-08-21T14:32:02Z
2026-08-21T14:32:46Z,210441,Ligue 1,2026-08-21T18:45:00Z,Olympique de Marseille,RC Strasbourg,nordicbet,totals,Over,over,over@2.5,2.50,1.55,2026-08-21T14:32:02Z
2026-08-21T14:32:46Z,210441,Ligue 1,2026-08-21T18:45:00Z,Olympique de Marseille,RC Strasbourg,nordicbet,totals,Under,under,under@2.5,2.50,2.48,2026-08-21T14:32:02Z
2026-08-21T14:32:46Z,210441,Ligue 1,2026-08-21T18:45:00Z,Olympique de Marseille,RC Strasbourg,betsson,h2h,Marseille,home,home,,1.72,2026-08-21T14:32:26Z
2026-08-21T14:32:46Z,210441,Ligue 1,2026-08-21T18:45:00Z,Olympique de Marseille,RC Strasbourg,betsson,h2h,Strasbourg,away,away,,4.4,2026-08-21T14:32:26Z
2026-08-21T14:32:46Z,210441,Ligue 1,2026-08-21T18:45:00Z,Olympique de Marseille,RC Strasbourg,betsson,h2h,Draw,draw,draw,,3.85,2026-08-21T14:32:26Z
2026-08-21T14:32:46Z,210441,Ligue 1,2026-08-21T18:45:00Z,Olympique de Marseille,RC Strasbourg,betsson,totals,Over,over,over@2.5,2.50,1.55,2026-08-21T14:32:26Z
2026-08-21T14:32:46Z,210441,Ligue 1,2026-08-21T18:45:00Z,Olympique de Marseille,RC Strasbourg,betsson,totals,Under,under,under@2.5,2.50,2.48,2026-08-21T14:32:26Z
2026-08-21T14:32:46Z,210441,Ligue 1,2026-08-21T18:45:00Z,Olympique de Marseille,RC Strasbourg,betrivers,h2h,Marseille,home,home,,1.68,2026-08-21T14:32:24Z
2026-08-21T14:32:46Z,210441,Ligue 1,2026-08-21T18:45:00Z,Olympique de Marseille,RC Strasbourg,betrivers,h2h,Strasbourg,away,away,,4.5,2026-08-21T14:32:24Z
2026-08-21T14:32:46Z,210441,Ligue 1,2026-08-21T18:45:00Z,Olympique de Marseille,RC Strasbourg,betrivers,h2h,Draw,draw,draw,,3.95,2026-08-21T14:32:24Z
2026-08-21T14:32:46Z,210441,Ligue 1,2026-08-21T18:45:00Z,Olympique de Marseille,RC Strasbourg,betrivers,totals,Over,over,over@3.5,3.50,2.32,2026-08-21T14:32:24Z
2026-08-21T14:32:46Z,210441,Ligue 1,2026-08-21T18:45:00Z,Olympique de Marseille,RC Strasbourg,betrivers,totals,Under,under,under@3.5,3.50,1.57,2026-08-21T14:32:24Z
2026-08-21T14:32:46Z,210441,Ligue 1,2026-08-21T18:45:00Z,Olympique de Marseille,RC Strasbourg,coral,h2h,Marseille,home,home,,1.7,2026-08-21T14:32:52Z
2026-08-21T14:32:46Z,210441,Ligue 1,2026-08-21T18:45:00Z,Olympique de Marseille,RC Strasbourg,coral,h2h,Strasbourg,away,away,,4.4,2026-08-21T14:32:52Z
2026-08-21T14:32:46Z,210441,Ligue 1,2026-08-21T18:45:00Z,Olympique de Marseille,RC Strasbourg,coral,h2h,Draw,draw,draw,,4.2,2026-08-21T14:32:52Z
2026-08-21T14:32:46Z,210441,Ligue 1,2026-08-21T18:45:00Z,Olympique de Marseille,RC Strasbourg,ladbrokes_uk,h2h,Marseille,home,home,,1.7,2026-08-21T14:32:25Z
2026-08-21T14:32:46Z,210441,Ligue 1,2026-08-21T18:45:00Z,Olympique de Marseille,RC Strasbourg,ladbrokes_uk,h2h,Strasbourg,away,away,,4.33,2026-08-21T14:32:25Z
2026-08-21T14:32:46Z,210441,Ligue 1,2026-08-21T18:45:00Z,Olympique de Marseille,RC Strasbourg,ladbrokes_uk,h2h,Draw,draw,draw,,4.2,2026-08-21T14:32:25Z
2026-08-21T14:32:46Z,210441,Ligue 1,2026-08-21T18:45:00Z,Olympique de Marseille,RC Strasbourg,betmgm,h2h,Marseille,home,home,,1.69,2026-08-21T14:32:53Z
2026-08-21T14:32:46Z,210441,Ligue 1,2026-08-21T18:45:00Z,Olympique de Marseille,RC Strasbourg,betmgm,h2h,Strasbourg,away,away,,4.4,2026-08-21T14:32:53Z
2026-08-21T14:32:46Z,210441,Ligue 1,2026-08-21T18:45:00Z,Olympique de Marseille,RC Strasbourg,betmgm,h2h,Draw,draw,draw,,4.1,2026-08-21T14:32:53Z
2026-08-21T14:32:46Z,210441,Ligue 1,2026-08-21T18:45:00Z,Olympique de Marseille,RC Strasbourg,betmgm,totals,Over,over,over@3.5,3.50,2.25,2026-08-21T14:32:53Z
2026-08-21T14:32:46Z,210441,Ligue 1,2026-08-21T18:45:00Z,Olympique de Marseille,RC Strasbourg,betmgm,totals,Under,under,under@3.5,3.50,1.57,2026-08-21T14:32:53Z
2026-08-21T14:32:46Z,210441,Ligue 1,2026-08-21T18:45:00Z,Olympique de Marseille,RC Strasbourg,pmu_fr,h2h,Marseille,home,home,,1.72,2026-08-21T14:31:59Z
2026-08-21T14:32:46Z,210441,Ligue 1,2026-08-21T18:45:00Z,Olympique de Marseille,RC Strasbourg,pmu_fr,h2h,Strasbourg,away,away,,4.6,2026-08-21T14:31:59Z
2026-08-21T14:32:46Z,210441,Ligue 1,2026-08-21T18:45:00Z,Olympique de Marseille,RC Strasbourg,pmu_fr,h2h,Draw,draw,draw,,4.1,2026-08-21T14:31:59Z
2026-08-21T14:32:46Z,210441,Ligue 1,2026-08-21T18:45:00Z,Olympique de Marseille,RC Strasbourg,pmu_fr,totals,Over,over,over@3.5,3.50,2.2,2026-08-21T14:31:59Z
2026-08-21T14:32:46Z,210441,Ligue 1,2026-08-21T18:45:00Z,Olympique de Marseille,RC Strasbourg,pmu_fr,totals,Under,under,under@3.5,3.50,1.5,2026-08-21T14:31:59Z
2026-08-21T14:32:46Z,210441,Ligue 1,2026-08-21T18:45:00Z,Olympique de Marseille,RC Strasbourg,betway,h2h,Marseille,home,home,,1.7,2026-08-21T14:32:25Z
2026-08-21T14:32:46Z,210441,Ligue 1,2026-08-21T18:45:00Z,Olympique de Marseille,RC Strasbourg,betway,h2h,Strasbourg,away,away,,4.33,2026-08-21T14:32:25Z
2026-08-21T14:32:46Z,210441,Ligue 1,2026-08-21T18:45:00Z,Olympique de Marseille,RC Strasbourg,betway,h2h,Draw,draw,draw,,4.0,2026-08-21T14:32:25Z
2026-08-21T14:32:46Z,210441,Ligue 1,2026-08-21T18:45:00Z,Olympique de Marseille,RC Strasbourg,suprabets,h2h,Marseille,home,home,,1.72,2026-08-21T14:32:50Z
2026-08-21T14:32:46Z,210441,Ligue 1,2026-08-21T18:45:00Z,Olympique de Marseille,RC Strasbourg,suprabets,h2h,Strasbourg,away,away,,4.5,2026-08-21T14:32:50Z
2026-08-21T14:32:46Z,210441,Ligue 1,2026-08-21T18:45:00Z,Olympique de Marseille,RC Strasbourg,suprabets,h2h,Draw,draw,draw,,4.0,2026-08-21T14:32:50Z
2026-08-21T14:32:46Z,210441,Ligue 1,2026-08-21T18:45:00Z,Olympique de Marseille,RC Strasbourg,everygame,h2h,Marseille,home,home,,1.73,2026-08-21T14:19:25Z
2026-08-21T14:32:46Z,210441,Ligue 1,2026-08-21T18:45:00Z,Olympique de Marseille,RC Strasbourg,everygame,h2h,Strasbourg,away,away,,4.5,2026-08-21T14:19:25Z
2026-08-21T14:32:46Z,210441,Ligue 1,2026-08-21T18:45:00Z,Olympique de Marseille,RC Strasbourg,everygame,h2h,Draw,draw,draw,,4.0,2026-08-21T14:19:25Z
2026-08-21T14:32:46Z,210441,Ligue 1,2026-08-21T18:45:00Z,Olympique de Marseille,RC Strasbourg,draftkings,h2h,Marseille,home,home,,1.74,2026-08-21T14:31:58Z
2026-08-21T14:32:46Z,210441,Ligue 1,2026-08-21T18:45:00Z,Olympique de Marseille,RC Strasbourg,draftkings,h2h,Strasbourg,away,away,,4.4,2026-08-21T14:31:58Z
2026-08-21T14:32:46Z,210441,Ligue 1,2026-08-21T18:45:00Z,Olympique de Marseille,RC Strasbourg,draftkings,h2h,Draw,draw,draw,,4.1,2026-08-21T14:31:58Z
2026-08-21T14:32:46Z,210441,Ligue 1,2026-08-21T18:45:00Z,Olympique de Marseille,RC Strasbourg,betano_uk,h2h,Marseille,home,home,,1.7,2026-08-21T14:31:24Z
2026-08-21T14:32:46Z,210441,Ligue 1,2026-08-21T18:45:00Z,Olympique de Marseille,RC Strasbourg,betano_uk,h2h,Strasbourg,away,away,,4.4,2026-08-21T14:31:24Z
2026-08-21T14:32:46Z,210441,Ligue 1,2026-08-21T18:45:00Z,Olympique de Marseille,RC Strasbourg,betano_uk,h2h,Draw,draw,draw,,4.1,2026-08-21T14:31:24Z
2026-08-21T14:32:46Z,210441,Ligue 1,2026-08-21T18:45:00Z,Olympique de Marseille,RC Strasbourg,betvictor,h2h,Marseille,home,home,,1.7,2026-08-21T14:30:36Z
2026-08-21T14:32:46Z,210441,Ligue 1,2026-08-21T18:45:00Z,Olympique de Marseille,RC Strasbourg,betvictor,h2h,Strasbourg,away,away,,4.4,2026-08-21T14:30:36Z
2026-08-21T14:32:46Z,210441,Ligue 1,2026-08-21T18:45:00Z,Olympique de Marseille,RC Strasbourg,betvictor,h2h,Draw,draw,draw,,4.1,2026-08-21T14:30:36Z
2026-08-21T14:32:46Z,210441,Ligue 1,2026-08-21T18:45:00Z,Olympique de Marseille,RC Strasbourg,lowvig,h2h,Marseille,home,home,,1.76,2026-08-21T14:32:25Z
2026-08-21T14:32:46Z,210441,Ligue 1,2026-08-21T18:45:00Z,Olympique de Marseille,RC Strasbourg,lowvig,h2h,Strasbourg,away,away,,4.5,2026-08-21T14:32:25Z
2026-08-21T14:32:46Z,210441,Ligue 1,2026-08-21T18:45:00Z,Olympique de Marseille,RC Strasbourg,lowvig,h2h,Draw,draw,draw,,4.1,2026-08-21T14:32:25Z
2026-08-21T14:32:46Z,210441,Ligue 1,2026-08-21T18:45:00Z,Olympique de Marseille,RC Strasbourg,lowvig,spreads,Marseille,home,home@-1.0,-1,2.24,2026-08-21T14:32:25Z
2026-08-21T14:32:46Z,210441,Ligue 1,2026-08-21T18:45:00Z,Olympique de Marseille,RC Strasbourg,lowvig,spreads,Strasbourg,away,away@1.0,1,1.69,2026-08-21T14:32:25Z
2026-08-21T14:32:46Z,210441,Ligue 1,2026-08-21T18:45:00Z,Olympique de Marseille,RC Strasbourg,lowvig,totals,Over,over,over@3.0,3,1.87,2026-08-21T14:32:25Z
2026-08-21T14:32:46Z,210441,Ligue 1,2026-08-21T18:45:00Z,Olympique de Marseille,RC Strasbourg,lowvig,totals,Under,under,under@3.0,3,1.95,2026-08-21T14:32:25Z
2026-08-21T14:32:46Z,210441,Ligue 1,2026-08-21T18:45:00Z,Olympique de Marseille,RC Strasbourg,betonlineag,h2h,Marseille,home,home,,1.76,2026-08-21T14:32:24Z
2026-08-21T14:32:46Z,210441,Ligue 1,2026-08-21T18:45:00Z,Olympique de Marseille,RC Strasbourg,betonlineag,h2h,Strasbourg,away,away,,4.5,2026-08-21T14:32:24Z
2026-08-21T14:32:46Z,210441,Ligue 1,2026-08-21T18:45:00Z,Olympique de Marseille,RC Strasbourg,betonlineag,h2h,Draw,draw,draw,,4.1,2026-08-21T14:32:24Z
2026-08-21T14:32:46Z,210441,Ligue 1,2026-08-21T18:45:00Z,Olympique de Marseille,RC Strasbourg,betonlineag,spreads,Marseille,home,home@-1.0,-1,2.24,2026-08-21T14:32:24Z
2026-08-21T14:32:46Z,210441,Ligue 1,2026-08-21T18:45:00Z,Olympique de Marseille,RC Strasbourg,betonlineag,spreads,Strasbourg,away,away@1.0,1,1.69,2026-08-21T14:32:24Z
2026-08-21T14:32:46Z,210441,Ligue 1,2026-08-21T18:45:00Z,Olympique de Marseille,RC Strasbourg,betonlineag,totals,Over,over,over@3.0,3,1.87,2026-08-21T14:32:24Z
2026-08-21T14:32:46Z,210441,Ligue 1,2026-08-21T18:45:00Z,Olympique de Marseille,RC Strasbourg,betonlineag,totals,Under,under,under@3.0,3,1.95,2026-08-21T14:32:24Z
2026-08-21T14:32:46Z,210441,Ligue 1,2026-08-21T18:45:00Z,Olympique de Marseille,RC Strasbourg,williamhill,h2h,Marseille,home,home,,1.7,2026-08-21T14:32:24Z
2026-08-21T14:32:46Z,210441,Ligue 1,2026-08-21T18:45:00Z,Olympique de Marseille,RC Strasbourg,williamhill,h2h,Strasbourg,away,away,,4.2,2026-08-21T14:32:24Z
2026-08-21T14:32:46Z,210441,Ligue 1,2026-08-21T18:45:00Z,Olympique de Marseille,RC Strasbourg,williamhill,h2h,Draw,draw,draw,,3.9,2026-08-21T14:32:24Z
2026-08-21T14:32:46Z,210441,Ligue 1,2026-08-21T18:45:00Z,Olympique de Marseille,RC Strasbourg,williamhill,totals,Over,over,over@2.5,2.50,1.55,2026-08-21T14:32:24Z
2026-08-21T14:32:46Z,210441,Ligue 1,2026-08-21T18:45:00Z,Olympique de Marseille,RC Strasbourg,williamhill,totals,Under,under,under@2.5,2.50,2.45,2026-08-21T14:32:24Z
2026-08-21T14:32:46Z,210441,Ligue 1,2026-08-21T18:45:00Z,Olympique de Marseille,RC Strasbourg,sport888,h2h,Marseille,home,home,,1.7,2026-08-21T14:32:23Z
2026-08-21T14:32:46Z,210441,Ligue 1,2026-08-21T18:45:00Z,Olympique de Marseille,RC Strasbourg,sport888,h2h,Strasbourg,away,away,,4.2,2026-08-21T14:32:23Z
2026-08-21T14:32:46Z,210441,Ligue 1,2026-08-21T18:45:00Z,Olympique de Marseille,RC Strasbourg,sport888,h2h,Draw,draw,draw,,3.9,2026-08-21T14:32:23Z
2026-08-21T14:32:46Z,210441,Ligue 1,2026-08-21T18:45:00Z,Olympique de Marseille,RC Strasbourg,boylesports,h2h,Marseille,home,home,,1.67,2026-08-21T14:32:02Z
2026-08-21T14:32:46Z,210441,Ligue 1,2026-08-21T18:45:00Z,Olympique de Marseille,RC Strasbourg,boylesports,h2h,Strasbourg,away,away,,4.0,2026-08-21T14:32:02Z
2026-08-21T14:32:46Z,210441,Ligue 1,2026-08-21T18:45:00Z,Olympique de Marseille,RC Strasbourg,boylesports,h2h,Draw,draw,draw,,3.8,2026-08-21T14:32:02Z
2026-08-21T14:32:46Z,210441,Ligue 1,2026-08-21T18:45:00Z,Olympique de Marseille,RC Strasbourg,bovada,h2h,Marseille,home,home,,1.7,2026-08-21T14:31:40Z
2026-08-21T14:32:46Z,210441,Ligue 1,2026-08-21T18:45:00Z,Olympique de Marseille,RC Strasbourg,bovada,h2h,Strasbourg,away,away,,4.4,2026-08-21T14:31:40Z
2026-08-21T14:32:46Z,210441,Ligue 1,2026-08-21T18:45:00Z,Olympique de Marseille,RC Strasbourg,bovada,h2h,Draw,draw,draw,,4.0,2026-08-21T14:31:40Z
2026-08-21T14:32:46Z,210441,Ligue 1,2026-08-21T18:45:00Z,Olympique de Marseille,RC Strasbourg,bovada,spreads,Marseille,home,home@-0.75,-0.75,1.87,2026-08-21T14:31:40Z
2026-08-21T14:32:46Z,210441,Ligue 1,2026-08-21T18:45:00Z,Olympique de Marseille,RC Strasbourg,bovada,spreads,Strasbourg,away,away@0.75,0.75,1.95,2026-08-21T14:31:40Z
2026-08-21T14:32:46Z,210441,Ligue 1,2026-08-21T18:45:00Z,Olympique de Marseille,RC Strasbourg,bovada,totals,Over,over,over@3.0,3,1.87,2026-08-21T14:31:40Z
2026-08-21T14:32:46Z,210441,Ligue 1,2026-08-21T18:45:00Z,Olympique de Marseille,RC Strasbourg,bovada,totals,Under,under,under@3.0,3,1.95,2026-08-21T14:31:40Z
2026-08-21T14:32:46Z,210441,Ligue 1,2026-08-21T18:45:00Z,Olympique de Marseille,RC Strasbourg,betus,h2h,Marseille,home,home,,1.74,2026-08-21T14:32:24Z
2026-08-21T14:32:46Z,210441,Ligue 1,2026-08-21T18:45:00Z,Olympique de Marseille,RC Strasbourg,betus,h2h,Strasbourg,away,away,,4.62,2026-08-21T14:32:24Z
2026-08-21T14:32:46Z,210441,Ligue 1,2026-08-21T18:45:00Z,Olympique de Marseille,RC Strasbourg,betus,h2h,Draw,draw,draw,,4.14,2026-08-21T14:32:24Z
2026-08-21T14:32:46Z,210441,Ligue 1,2026-08-21T18:45:00Z,Olympique de Marseille,RC Strasbourg,betus,spreads,Marseille,home,home@-1.0,-1,2.15,2026-08-21T14:32:24Z
2026-08-21T14:32:46Z,210441,Ligue 1,2026-08-21T18:45:00Z,Olympique de Marseille,RC Strasbourg,betus,spreads,Strasbourg,away,away@1.0,1,1.69,2026-08-21T14:32:24Z
2026-08-21T14:32:46Z,210441,Ligue 1,2026-08-21T18:45:00Z,Olympique de Marseille,RC Strasbourg,betus,totals,Over,over,over@3.0,3,1.87,2026-08-21T14:32:24Z
2026-08-21T14:32:46Z,210441,Ligue 1,2026-08-21T18:45:00Z,Olympique de Marseille,RC Strasbourg,betus,totals,Under,under,under@3.0,3,1.87,2026-08-21T14:32:24Z
2026-08-21T14:32:46Z,210441,Ligue 1,2026-08-21T18:45:00Z,Olympique de Marseille,RC Strasbourg,gtbets,h2h,Marseille,home,home,,1.73,2026-08-21T14:32:24Z
2026-08-21T14:32:46Z,210441,Ligue 1,2026-08-21T18:45:00Z,Olympique de Marseille,RC Strasbourg,gtbets,h2h,Strasbourg,away,away,,4.34,2026-08-21T14:32:24Z
2026-08-21T14:32:46Z,210441,Ligue 1,2026-08-21T18:45:00Z,Olympique de Marseille,RC Strasbourg,gtbets,h2h,Draw,draw,draw,,4.14,2026-08-21T14:32:24Z
2026-08-21T14:32:46Z,210441,Ligue 1,2026-08-21T18:45:00Z,Olympique de Marseille,RC Strasbourg,gtbets,spreads,Marseille,home,home@-0.5,-0.50,1.71,2026-08-21T14:32:24Z
2026-08-21T14:32:46Z,210441,Ligue 1,2026-08-21T18:45:00Z,Olympique de Marseille,RC Strasbourg,gtbets,spreads,Strasbourg,away,away@0.5,0.50,2.09,2026-08-21T14:32:24Z
2026-08-21T14:32:46Z,210441,Ligue 1,2026-08-21T18:45:00Z,Olympique de Marseille,RC Strasbourg,gtbets,totals,Over,over,over@3.5,3.50,2.31,2026-08-21T14:32:24Z
2026-08-21T14:32:46Z,210441,Ligue 1,2026-08-21T18:45:00Z,Olympique de Marseille,RC Strasbourg,gtbets,totals,Under,under,under@3.5,3.50,1.6,2026-08-21T14:32:24Z
2026-08-21T14:32:46Z,211321,Pro League,2026-08-21T18:45:00Z,Standard Liège,RAAL La Louvière,betmgm,h2h,RAAL La Louvière,away,away,,3.8,2026-08-21T14:32:23Z
2026-08-21T14:32:46Z,211321,Pro League,2026-08-21T18:45:00Z,Standard Liège,RAAL La Louvière,betmgm,h2h,Standard Liege,home,home,,1.98,2026-08-21T14:32:23Z
2026-08-21T14:32:46Z,211321,Pro League,2026-08-21T18:45:00Z,Standard Liège,RAAL La Louvière,betmgm,h2h,Draw,draw,draw,,3.4,2026-08-21T14:32:23Z
2026-08-21T14:32:46Z,211321,Pro League,2026-08-21T18:45:00Z,Standard Liège,RAAL La Louvière,betmgm,totals,Over,over,over@2.5,2.50,2.0,2026-08-21T14:32:23Z
2026-08-21T14:32:46Z,211321,Pro League,2026-08-21T18:45:00Z,Standard Liège,RAAL La Louvière,betmgm,totals,Under,under,under@2.5,2.50,1.69,2026-08-21T14:32:23Z
2026-08-21T14:32:46Z,211321,Pro League,2026-08-21T18:45:00Z,Standard Liège,RAAL La Louvière,ladbrokes_uk,h2h,RAAL La Louvière,away,away,,3.8,2026-08-21T14:32:24Z
2026-08-21T14:32:46Z,211321,Pro League,2026-08-21T18:45:00Z,Standard Liège,RAAL La Louvière,ladbrokes_uk,h2h,Standard Liege,home,home,,2.0,2026-08-21T14:32:24Z
2026-08-21T14:32:46Z,211321,Pro League,2026-08-21T18:45:00Z,Standard Liège,RAAL La Louvière,ladbrokes_uk,h2h,Draw,draw,draw,,3.4,2026-08-21T14:32:24Z
2026-08-21T14:32:46Z,211321,Pro League,2026-08-21T18:45:00Z,Standard Liège,RAAL La Louvière,pinnacle,h2h,RAAL La Louvière,away,away,,4.09,2026-08-21T14:32:52Z
2026-08-21T14:32:46Z,211321,Pro League,2026-08-21T18:45:00Z,Standard Liège,RAAL La Louvière,pinnacle,h2h,Standard Liege,home,home,,2.0,2026-08-21T14:32:52Z
2026-08-21T14:32:46Z,211321,Pro League,2026-08-21T18:45:00Z,Standard Liège,RAAL La Louvière,pinnacle,h2h,Draw,draw,draw,,3.46,2026-08-21T14:32:52Z
2026-08-21T14:32:46Z,211321,Pro League,2026-08-21T18:45:00Z,Standard Liège,RAAL La Louvière,pinnacle,spreads,RAAL La Louvière,away,away@0.5,0.50,1.9,2026-08-21T14:32:52Z
2026-08-21T14:32:46Z,211321,Pro League,2026-08-21T18:45:00Z,Standard Liège,RAAL La Louvière,pinnacle,spreads,Standard Liege,home,home@-0.5,-0.50,2.01,2026-08-21T14:32:52Z
2026-08-21T14:32:46Z,211321,Pro League,2026-08-21T18:45:00Z,Standard Liège,RAAL La Louvière,pinnacle,totals,Over,over,over@2.25,2.25,1.84,2026-08-21T14:32:52Z
2026-08-21T14:32:46Z,211321,Pro League,2026-08-21T18:45:00Z,Standard Liège,RAAL La Louvière,pinnacle,totals,Under,under,under@2.25,2.25,2.06,2026-08-21T14:32:52Z
2026-08-21T14:32:46Z,211321,Pro League,2026-08-21T18:45:00Z,Standard Liège,RAAL La Louvière,coral,h2h,RAAL La Louvière,away,away,,3.8,2026-08-21T14:32:23Z
2026-08-21T14:32:46Z,211321,Pro League,2026-08-21T18:45:00Z,Standard Liège,RAAL La Louvière,coral,h2h,Standard Liege,home,home,,2.0,2026-08-21T14:32:23Z
2026-08-21T14:32:46Z,211321,Pro League,2026-08-21T18:45:00Z,Standard Liège,RAAL La Louvière,coral,h2h,Draw,draw,draw,,3.4,2026-08-21T14:32:23Z
2026-08-21T14:32:46Z,211321,Pro League,2026-08-21T18:45:00Z,Standard Liège,RAAL La Louvière,betfred_uk,h2h,RAAL La Louvière,away,away,,3.75,2026-08-21T14:32:23Z
2026-08-21T14:32:46Z,211321,Pro League,2026-08-21T18:45:00Z,Standard Liège,RAAL La Louvière,betfred_uk,h2h,Standard Liege,home,home,,1.9,2026-08-21T14:32:23Z
2026-08-21T14:32:46Z,211321,Pro League,2026-08-21T18:45:00Z,Standard Liège,RAAL La Louvière,betfred_uk,h2h,Draw,draw,draw,,3.3,2026-08-21T14:32:23Z
2026-08-21T14:32:46Z,211321,Pro League,2026-08-21T18:45:00Z,Standard Liège,RAAL La Louvière,unibet_fr,h2h,RAAL La Louvière,away,away,,3.7,2026-08-21T14:31:58Z
2026-08-21T14:32:46Z,211321,Pro League,2026-08-21T18:45:00Z,Standard Liège,RAAL La Louvière,unibet_fr,h2h,Standard Liege,home,home,,1.88,2026-08-21T14:31:58Z
2026-08-21T14:32:46Z,211321,Pro League,2026-08-21T18:45:00Z,Standard Liège,RAAL La Louvière,unibet_fr,h2h,Draw,draw,draw,,3.35,2026-08-21T14:31:58Z
2026-08-21T14:32:46Z,211321,Pro League,2026-08-21T18:45:00Z,Standard Liège,RAAL La Louvière,betsson,h2h,RAAL La Louvière,away,away,,3.9,2026-08-21T14:32:00Z
2026-08-21T14:32:46Z,211321,Pro League,2026-08-21T18:45:00Z,Standard Liège,RAAL La Louvière,betsson,h2h,Standard Liege,home,home,,1.95,2026-08-21T14:32:00Z
2026-08-21T14:32:46Z,211321,Pro League,2026-08-21T18:45:00Z,Standard Liège,RAAL La Louvière,betsson,h2h,Draw,draw,draw,,3.35,2026-08-21T14:32:00Z
2026-08-21T14:32:46Z,211321,Pro League,2026-08-21T18:45:00Z,Standard Liège,RAAL La Louvière,betsson,totals,Over,over,over@2.5,2.50,2.07,2026-08-21T14:32:00Z
2026-08-21T14:32:46Z,211321,Pro League,2026-08-21T18:45:00Z,Standard Liège,RAAL La Louvière,betsson,totals,Under,under,under@2.5,2.50,1.72,2026-08-21T14:32:00Z
2026-08-21T14:32:46Z,211321,Pro League,2026-08-21T18:45:00Z,Standard Liège,RAAL La Louvière,betonlineag,h2h,RAAL La Louvière,away,away,,3.95,2026-08-21T14:31:58Z
2026-08-21T14:32:46Z,211321,Pro League,2026-08-21T18:45:00Z,Standard Liège,RAAL La Louvière,betonlineag,h2h,Standard Liege,home,home,,1.97,2026-08-21T14:31:58Z
2026-08-21T14:32:46Z,211321,Pro League,2026-08-21T18:45:00Z,Standard Liège,RAAL La Louvière,betonlineag,h2h,Draw,draw,draw,,3.3,2026-08-21T14:31:58Z
2026-08-21T14:32:46Z,211321,Pro League,2026-08-21T18:45:00Z,Standard Liège,RAAL La Louvière,betonlineag,totals,Over,over,over@2.25,2.25,1.82,2026-08-21T14:31:58Z
2026-08-21T14:32:46Z,211321,Pro League,2026-08-21T18:45:00Z,Standard Liège,RAAL La Louvière,betonlineag,totals,Under,under,under@2.25,2.25,2.02,2026-08-21T14:31:58Z
2026-08-21T14:32:46Z,211321,Pro League,2026-08-21T18:45:00Z,Standard Liège,RAAL La Louvière,lowvig,h2h,RAAL La Louvière,away,away,,3.95,2026-08-21T14:31:58Z
2026-08-21T14:32:46Z,211321,Pro League,2026-08-21T18:45:00Z,Standard Liège,RAAL La Louvière,lowvig,h2h,Standard Liege,home,home,,1.97,2026-08-21T14:31:58Z
2026-08-21T14:32:46Z,211321,Pro League,2026-08-21T18:45:00Z,Standard Liège,RAAL La Louvière,lowvig,h2h,Draw,draw,draw,,3.3,2026-08-21T14:31:58Z
2026-08-21T14:32:46Z,211321,Pro League,2026-08-21T18:45:00Z,Standard Liège,RAAL La Louvière,lowvig,totals,Over,over,over@2.25,2.25,1.82,2026-08-21T14:31:58Z
2026-08-21T14:32:46Z,211321,Pro League,2026-08-21T18:45:00Z,Standard Liège,RAAL La Louvière,lowvig,totals,Under,under,under@2.25,2.25,2.02,2026-08-21T14:31:58Z
2026-08-21T14:32:46Z,211321,Pro League,2026-08-21T18:45:00Z,Standard Liège,RAAL La Louvière,coolbet,h2h,RAAL La Louvière,away,away,,3.85,2026-08-21T14:32:00Z
2026-08-21T14:32:46Z,211321,Pro League,2026-08-21T18:45:00Z,Standard Liège,RAAL La Louvière,coolbet,h2h,Standard Liege,home,home,,1.92,2026-08-21T14:32:00Z
2026-08-21T14:32:46Z,211321,Pro League,2026-08-21T18:45:00Z,Standard Liège,RAAL La Louvière,coolbet,h2h,Draw,draw,draw,,3.4,2026-08-21T14:32:00Z
2026-08-21T14:32:46Z,211321,Pro League,2026-08-21T18:45:00Z,Standard Liège,RAAL La Louvière,coolbet,spreads,RAAL La Louvière,away,away@1.0,1,1.4,2026-08-21T14:32:00Z
2026-08-21T14:32:46Z,211321,Pro League,2026-08-21T18:45:00Z,Standard Liège,RAAL La Louvière,coolbet,spreads,Standard Liege,home,home@-1.0,-1,2.72,2026-08-21T14:32:00Z
2026-08-21T14:32:46Z,211321,Pro League,2026-08-21T18:45:00Z,Standard Liège,RAAL La Louvière,coolbet,totals,Over,over,over@2.5,2.50,2.06,2026-08-21T14:32:00Z
2026-08-21T14:32:46Z,211321,Pro League,2026-08-21T18:45:00Z,Standard Liège,RAAL La Louvière,coolbet,totals,Under,under,under@2.5,2.50,1.71,2026-08-21T14:32:00Z
2026-08-21T14:32:46Z,211321,Pro League,2026-08-21T18:45:00Z,Standard Liège,RAAL La Louvière,betclic_fr,h2h,RAAL La Louvière,away,away,,3.8,2026-08-21T14:32:38Z
2026-08-21T14:32:46Z,211321,Pro League,2026-08-21T18:45:00Z,Standard Liège,RAAL La Louvière,betclic_fr,h2h,Standard Liege,home,home,,1.92,2026-08-21T14:32:38Z
2026-08-21T14:32:46Z,211321,Pro League,2026-08-21T18:45:00Z,Standard Liège,RAAL La Louvière,betclic_fr,h2h,Draw,draw,draw,,3.37,2026-08-21T14:32:38Z
2026-08-21T14:32:46Z,211321,Pro League,2026-08-21T18:45:00Z,Standard Liège,RAAL La Louvière,nordicbet,h2h,RAAL La Louvière,away,away,,3.9,2026-08-21T14:32:00Z
2026-08-21T14:32:46Z,211321,Pro League,2026-08-21T18:45:00Z,Standard Liège,RAAL La Louvière,nordicbet,h2h,Standard Liege,home,home,,1.95,2026-08-21T14:32:00Z
2026-08-21T14:32:46Z,211321,Pro League,2026-08-21T18:45:00Z,Standard Liège,RAAL La Louvière,nordicbet,h2h,Draw,draw,draw,,3.35,2026-08-21T14:32:00Z
2026-08-21T14:32:46Z,211321,Pro League,2026-08-21T18:45:00Z,Standard Liège,RAAL La Louvière,smarkets,h2h,RAAL La Louvière,away,away,,4.3,2026-08-21T14:32:53Z
2026-08-21T14:32:46Z,211321,Pro League,2026-08-21T18:45:00Z,Standard Liège,RAAL La Louvière,smarkets,h2h,Standard Liege,home,home,,2.04,2026-08-21T14:32:53Z
2026-08-21T14:32:46Z,211321,Pro League,2026-08-21T18:45:00Z,Standard Liège,RAAL La Louvière,smarkets,h2h,Draw,draw,draw,,3.55,2026-08-21T14:32:53Z
2026-08-21T14:32:46Z,211321,Pro League,2026-08-21T18:45:00Z,Standard Liège,RAAL La Louvière,smarkets,h2h_lay,RAAL La Louvière,h2h_lay,h2h_lay,,4.4,2026-08-21T14:32:53Z
2026-08-21T14:32:46Z,211321,Pro League,2026-08-21T18:45:00Z,Standard Liège,RAAL La Louvière,smarkets,h2h_lay,Standard Liege,h2h_lay,h2h_lay,,2.08,2026-08-21T14:32:53Z
2026-08-21T14:32:46Z,211321,Pro League,2026-08-21T18:45:00Z,Standard Liège,RAAL La Louvière,smarkets,h2h_lay,Draw,h2h_lay,h2h_lay,,3.6,2026-08-21T14:32:53Z
2026-08-21T14:32:46Z,211321,Pro League,2026-08-21T18:45:00Z,Standard Liège,RAAL La Louvière,paddypower,h2h,RAAL La Louvière,away,away,,3.8,2026-08-21T14:31:35Z
2026-08-21T14:32:46Z,211321,Pro League,2026-08-21T18:45:00Z,Standard Liège,RAAL La Louvière,paddypower,h2h,Standard Liege,home,home,,1.91,2026-08-21T14:31:35Z
2026-08-21T14:32:46Z,211321,Pro League,2026-08-21T18:45:00Z,Standard Liège,RAAL La Louvière,paddypower,h2h,Draw,draw,draw,,3.2,2026-08-21T14:31:35Z
2026-08-21T14:32:46Z,211321,Pro League,2026-08-21T18:45:00Z,Standard Liège,RAAL La Louvière,skybet,h2h,RAAL La Louvière,away,away,,3.75,2026-08-21T14:32:23Z
2026-08-21T14:32:46Z,211321,Pro League,2026-08-21T18:45:00Z,Standard Liège,RAAL La Louvière,skybet,h2h,Standard Liege,home,home,,1.91,2026-08-21T14:32:23Z
2026-08-21T14:32:46Z,211321,Pro League,2026-08-21T18:45:00Z,Standard Liège,RAAL La Louvière,skybet,h2h,Draw,draw,draw,,3.1,2026-08-21T14:32:23Z
2026-08-21T14:32:46Z,211321,Pro League,2026-08-21T18:45:00Z,Standard Liège,RAAL La Louvière,onexbet,h2h,RAAL La Louvière,away,away,,3.97,2026-08-21T14:32:23Z
2026-08-21T14:32:46Z,211321,Pro League,2026-08-21T18:45:00Z,Standard Liège,RAAL La Louvière,onexbet,h2h,Standard Liege,home,home,,1.98,2026-08-21T14:32:23Z
2026-08-21T14:32:46Z,211321,Pro League,2026-08-21T18:45:00Z,Standard Liège,RAAL La Louvière,onexbet,h2h,Draw,draw,draw,,3.46,2026-08-21T14:32:23Z
2026-08-21T14:32:46Z,211321,Pro League,2026-08-21T18:45:00Z,Standard Liège,RAAL La Louvière,onexbet,spreads,RAAL La Louvière,away,away@0.0,0,2.84,2026-08-21T14:32:23Z
2026-08-21T14:32:46Z,211321,Pro League,2026-08-21T18:45:00Z,Standard Liège,RAAL La Louvière,onexbet,spreads,Standard Liege,home,home@0.0,0,1.44,2026-08-21T14:32:23Z
2026-08-21T14:32:46Z,211321,Pro League,2026-08-21T18:45:00Z,Standard Liège,RAAL La Louvière,onexbet,totals,Over,over,over@2.5,2.50,2.07,2026-08-21T14:32:23Z
2026-08-21T14:32:46Z,211321,Pro League,2026-08-21T18:45:00Z,Standard Liège,RAAL La Louvière,onexbet,totals,Under,under,under@2.5,2.50,1.77,2026-08-21T14:32:23Z
2026-08-21T14:32:46Z,211321,Pro League,2026-08-21T18:45:00Z,Standard Liège,RAAL La Louvière,betvictor,h2h,RAAL La Louvière,away,away,,3.9,2026-08-21T14:31:25Z
2026-08-21T14:32:46Z,211321,Pro League,2026-08-21T18:45:00Z,Standard Liège,RAAL La Louvière,betvictor,h2h,Standard Liege,home,home,,1.93,2026-08-21T14:31:25Z
2026-08-21T14:32:46Z,211321,Pro League,2026-08-21T18:45:00Z,Standard Liège,RAAL La Louvière,betvictor,h2h,Draw,draw,draw,,3.4,2026-08-21T14:31:25Z
2026-08-21T14:32:46Z,211321,Pro League,2026-08-21T18:45:00Z,Standard Liège,RAAL La Louvière,betano_uk,h2h,RAAL La Louvière,away,away,,3.9,2026-08-21T14:32:11Z
2026-08-21T14:32:46Z,211321,Pro League,2026-08-21T18:45:00Z,Standard Liège,RAAL La Louvière,betano_uk,h2h,Standard Liege,home,home,,1.93,2026-08-21T14:32:11Z
2026-08-21T14:32:46Z,211321,Pro League,2026-08-21T18:45:00Z,Standard Liège,RAAL La Louvière,betano_uk,h2h,Draw,draw,draw,,3.4,2026-08-21T14:32:11Z
2026-08-21T14:32:46Z,211321,Pro League,2026-08-21T18:45:00Z,Standard Liège,RAAL La Louvière,betfair_ex_uk,h2h,RAAL La Louvière,away,away,,4.3,2026-08-21T14:32:50Z
2026-08-21T14:32:46Z,211321,Pro League,2026-08-21T18:45:00Z,Standard Liège,RAAL La Louvière,betfair_ex_uk,h2h,Standard Liege,home,home,,2.04,2026-08-21T14:32:50Z
2026-08-21T14:32:46Z,211321,Pro League,2026-08-21T18:45:00Z,Standard Liège,RAAL La Louvière,betfair_ex_uk,h2h,Draw,draw,draw,,3.5,2026-08-21T14:32:50Z
2026-08-21T14:32:46Z,211321,Pro League,2026-08-21T18:45:00Z,Standard Liège,RAAL La Louvière,betfair_ex_uk,h2h_lay,RAAL La Louvière,h2h_lay,h2h_lay,,4.4,2026-08-21T14:32:50Z
2026-08-21T14:32:46Z,211321,Pro League,2026-08-21T18:45:00Z,Standard Liège,RAAL La Louvière,betfair_ex_uk,h2h_lay,Standard Liege,h2h_lay,h2h_lay,,2.08,2026-08-21T14:32:50Z
2026-08-21T14:32:46Z,211321,Pro League,2026-08-21T18:45:00Z,Standard Liège,RAAL La Louvière,betfair_ex_uk,h2h_lay,Draw,h2h_lay,h2h_lay,,3.6,2026-08-21T14:32:50Z
2026-08-21T14:32:46Z,211321,Pro League,2026-08-21T18:45:00Z,Standard Liège,RAAL La Louvière,betfair_ex_eu,h2h,RAAL La Louvière,away,away,,4.3,2026-08-21T14:32:50Z
2026-08-21T14:32:46Z,211321,Pro League,2026-08-21T18:45:00Z,Standard Liège,RAAL La Louvière,betfair_ex_eu,h2h,Standard Liege,home,home,,2.04,2026-08-21T14:32:50Z
2026-08-21T14:32:46Z,211321,Pro League,2026-08-21T18:45:00Z,Standard Liège,RAAL La Louvière,betfair_ex_eu,h2h,Draw,draw,draw,,3.5,2026-08-21T14:32:50Z
2026-08-21T14:32:46Z,211321,Pro League,2026-08-21T18:45:00Z,Standard Liège,RAAL La Louvière,betfair_ex_eu,h2h_lay,RAAL La Louvière,h2h_lay,h2h_lay,,4.4,2026-08-21T14:32:50Z
2026-08-21T14:32:46Z,211321,Pro League,2026-08-21T18:45:00Z,Standard Liège,RAAL La Louvière,betfair_ex_eu,h2h_lay,Standard Liege,h2h_lay,h2h_lay,,2.08,2026-08-21T14:32:50Z
2026-08-21T14:32:46Z,211321,Pro League,2026-08-21T18:45:00Z,Standard Liège,RAAL La Louvière,betfair_ex_eu,h2h_lay,Draw,h2h_lay,h2h_lay,,3.6,2026-08-21T14:32:50Z
2026-08-21T14:32:46Z,211321,Pro League,2026-08-21T18:45:00Z,Standard Liège,RAAL La Louvière,betfair_sb_uk,h2h,RAAL La Louvière,away,away,,3.9,2026-08-21T14:32:24Z
2026-08-21T14:32:46Z,211321,Pro League,2026-08-21T18:45:00Z,Standard Liège,RAAL La Louvière,betfair_sb_uk,h2h,Standard Liege,home,home,,1.91,2026-08-21T14:32:24Z
2026-08-21T14:32:46Z,211321,Pro League,2026-08-21T18:45:00Z,Standard Liège,RAAL La Louvière,betfair_sb_uk,h2h,Draw,draw,draw,,3.2,2026-08-21T14:32:24Z
2026-08-21T14:32:46Z,211321,Pro League,2026-08-21T18:45:00Z,Standard Liège,RAAL La Louvière,marathonbet,h2h,RAAL La Louvière,away,away,,3.88,2026-08-21T14:32:23Z
2026-08-21T14:32:46Z,211321,Pro League,2026-08-21T18:45:00Z,Standard Liège,RAAL La Louvière,marathonbet,h2h,Standard Liege,home,home,,1.93,2026-08-21T14:32:23Z
2026-08-21T14:32:46Z,211321,Pro League,2026-08-21T18:45:00Z,Standard Liège,RAAL La Louvière,marathonbet,h2h,Draw,draw,draw,,3.38,2026-08-21T14:32:23Z
2026-08-21T14:32:46Z,211321,Pro League,2026-08-21T18:45:00Z,Standard Liège,RAAL La Louvière,boylesports,h2h,RAAL La Louvière,away,away,,3.6,2026-08-21T14:32:25Z
2026-08-21T14:32:46Z,211321,Pro League,2026-08-21T18:45:00Z,Standard Liège,RAAL La Louvière,boylesports,h2h,Standard Liege,home,home,,1.91,2026-08-21T14:32:25Z
2026-08-21T14:32:46Z,211321,Pro League,2026-08-21T18:45:00Z,Standard Liège,RAAL La Louvière,boylesports,h2h,Draw,draw,draw,,3.25,2026-08-21T14:32:25Z
2026-08-21T14:32:46Z,211321,Pro League,2026-08-21T18:45:00Z,Standard Liège,RAAL La Louvière,suprabets,h2h,RAAL La Louvière,away,away,,3.88,2026-08-21T14:31:36Z
2026-08-21T14:32:46Z,211321,Pro League,2026-08-21T18:45:00Z,Standard Liège,RAAL La Louvière,suprabets,h2h,Standard Liege,home,home,,1.97,2026-08-21T14:31:36Z
2026-08-21T14:32:46Z,211321,Pro League,2026-08-21T18:45:00Z,Standard Liège,RAAL La Louvière,suprabets,h2h,Draw,draw,draw,,3.3,2026-08-21T14:31:36Z
2026-08-21T14:32:46Z,211321,Pro League,2026-08-21T18:45:00Z,Standard Liège,RAAL La Louvière,sport888,h2h,RAAL La Louvière,away,away,,3.8,2026-08-21T14:32:23Z
2026-08-21T14:32:46Z,211321,Pro League,2026-08-21T18:45:00Z,Standard Liège,RAAL La Louvière,sport888,h2h,Standard Liege,home,home,,1.91,2026-08-21T14:32:23Z
2026-08-21T14:32:46Z,211321,Pro League,2026-08-21T18:45:00Z,Standard Liège,RAAL La Louvière,sport888,h2h,Draw,draw,draw,,3.25,2026-08-21T14:32:23Z
2026-08-21T14:32:46Z,211321,Pro League,2026-08-21T18:45:00Z,Standard Liège,RAAL La Louvière,williamhill,h2h,RAAL La Louvière,away,away,,3.8,2026-08-21T14:31:59Z
2026-08-21T14:32:46Z,211321,Pro League,2026-08-21T18:45:00Z,Standard Liège,RAAL La Louvière,williamhill,h2h,Standard Liege,home,home,,1.91,2026-08-21T14:31:59Z
2026-08-21T14:32:46Z,211321,Pro League,2026-08-21T18:45:00Z,Standard Liège,RAAL La Louvière,williamhill,h2h,Draw,draw,draw,,3.25,2026-08-21T14:31:59Z
2026-08-21T14:32:46Z,211321,Pro League,2026-08-21T18:45:00Z,Standard Liège,RAAL La Louvière,williamhill,totals,Over,over,over@2.5,2.50,2.05,2026-08-21T14:31:59Z
2026-08-21T14:32:46Z,211321,Pro League,2026-08-21T18:45:00Z,Standard Liège,RAAL La Louvière,williamhill,totals,Under,under,under@2.5,2.50,1.7,2026-08-21T14:31:59Z
2026-08-21T14:32:46Z,211321,Pro League,2026-08-21T18:45:00Z,Standard Liège,RAAL La Louvière,winamax_fr,h2h,RAAL La Louvière,away,away,,3.5,2026-08-21T14:32:24Z
2026-08-21T14:32:46Z,211321,Pro League,2026-08-21T18:45:00Z,Standard Liège,RAAL La Louvière,winamax_fr,h2h,Standard Liege,home,home,,1.88,2026-08-21T14:32:24Z
2026-08-21T14:32:46Z,211321,Pro League,2026-08-21T18:45:00Z,Standard Liège,RAAL La Louvière,winamax_fr,h2h,Draw,draw,draw,,3.3,2026-08-21T14:32:24Z
2026-08-21T14:32:46Z,211321,Pro League,2026-08-21T18:45:00Z,Standard Liège,RAAL La Louvière,winamax_de,h2h,RAAL La Louvière,away,away,,3.55,2026-08-21T14:32:53Z
2026-08-21T14:32:46Z,211321,Pro League,2026-08-21T18:45:00Z,Standard Liège,RAAL La Louvière,winamax_de,h2h,Standard Liege,home,home,,1.92,2026-08-21T14:32:53Z
2026-08-21T14:32:46Z,211321,Pro League,2026-08-21T18:45:00Z,Standard Liège,RAAL La Louvière,winamax_de,h2h,Draw,draw,draw,,3.4,2026-08-21T14:32:53Z
2026-08-21T14:32:46Z,211321,Pro League,2026-08-21T18:45:00Z,Standard Liège,RAAL La Louvière,draftkings,h2h,RAAL La Louvière,away,away,,3.85,2026-08-21T14:32:22Z
2026-08-21T14:32:46Z,211321,Pro League,2026-08-21T18:45:00Z,Standard Liège,RAAL La Louvière,draftkings,h2h,Standard Liege,home,home,,2.0,2026-08-21T14:32:22Z
2026-08-21T14:32:46Z,211321,Pro League,2026-08-21T18:45:00Z,Standard Liège,RAAL La Louvière,draftkings,h2h,Draw,draw,draw,,3.4,2026-08-21T14:32:22Z
2026-08-21T14:32:46Z,211321,Pro League,2026-08-21T18:45:00Z,Standard Liège,RAAL La Louvière,tipico_de,h2h,RAAL La Louvière,away,away,,4.0,2026-08-21T14:31:58Z
2026-08-21T14:32:46Z,211321,Pro League,2026-08-21T18:45:00Z,Standard Liège,RAAL La Louvière,tipico_de,h2h,Standard Liege,home,home,,1.9,2026-08-21T14:31:58Z
2026-08-21T14:32:46Z,211321,Pro League,2026-08-21T18:45:00Z,Standard Liège,RAAL La Louvière,tipico_de,h2h,Draw,draw,draw,,3.4,2026-08-21T14:31:58Z
2026-08-21T14:32:46Z,211321,Pro League,2026-08-21T18:45:00Z,Standard Liège,RAAL La Louvière,tipico_de,totals,Over,over,over@2.5,2.50,1.97,2026-08-21T14:31:58Z
2026-08-21T14:32:46Z,211321,Pro League,2026-08-21T18:45:00Z,Standard Liège,RAAL La Louvière,tipico_de,totals,Under,under,under@2.5,2.50,1.8,2026-08-21T14:31:58Z
2026-08-21T14:32:46Z,211321,Pro League,2026-08-21T18:45:00Z,Standard Liège,RAAL La Louvière,leovegas_se,h2h,RAAL La Louvière,away,away,,3.9,2026-08-21T14:31:58Z
2026-08-21T14:32:46Z,211321,Pro League,2026-08-21T18:45:00Z,Standard Liège,RAAL La Louvière,leovegas_se,h2h,Standard Liege,home,home,,1.79,2026-08-21T14:31:58Z
2026-08-21T14:32:46Z,211321,Pro League,2026-08-21T18:45:00Z,Standard Liège,RAAL La Louvière,leovegas_se,h2h,Draw,draw,draw,,3.3,2026-08-21T14:31:58Z
2026-08-21T14:32:46Z,211321,Pro League,2026-08-21T18:45:00Z,Standard Liège,RAAL La Louvière,leovegas_se,totals,Over,over,over@2.5,2.50,2.04,2026-08-21T14:31:58Z
2026-08-21T14:32:46Z,211321,Pro League,2026-08-21T18:45:00Z,Standard Liège,RAAL La Louvière,leovegas_se,totals,Under,under,under@2.5,2.50,1.68,2026-08-21T14:31:58Z
2026-08-21T14:32:46Z,211321,Pro League,2026-08-21T18:45:00Z,Standard Liège,RAAL La Louvière,betrivers,h2h,RAAL La Louvière,away,away,,4.0,2026-08-21T14:32:23Z
2026-08-21T14:32:46Z,211321,Pro League,2026-08-21T18:45:00Z,Standard Liège,RAAL La Louvière,betrivers,h2h,Standard Liege,home,home,,1.82,2026-08-21T14:32:23Z
2026-08-21T14:32:46Z,211321,Pro League,2026-08-21T18:45:00Z,Standard Liège,RAAL La Louvière,betrivers,h2h,Draw,draw,draw,,3.35,2026-08-21T14:32:23Z
2026-08-21T14:32:46Z,211321,Pro League,2026-08-21T18:45:00Z,Standard Liège,RAAL La Louvière,betrivers,totals,Over,over,over@2.5,2.50,2.07,2026-08-21T14:32:23Z
2026-08-21T14:32:46Z,211321,Pro League,2026-08-21T18:45:00Z,Standard Liège,RAAL La Louvière,betrivers,totals,Under,under,under@2.5,2.50,1.7,2026-08-21T14:32:23Z
2026-08-21T14:32:46Z,211321,Pro League,2026-08-21T18:45:00Z,Standard Liège,RAAL La Louvière,virginbet,h2h,RAAL La Louvière,away,away,,3.9,2026-08-21T14:31:58Z
2026-08-21T14:32:46Z,211321,Pro League,2026-08-21T18:45:00Z,Standard Liège,RAAL La Louvière,virginbet,h2h,Standard Liege,home,home,,1.78,2026-08-21T14:31:58Z
2026-08-21T14:32:46Z,211321,Pro League,2026-08-21T18:45:00Z,Standard Liège,RAAL La Louvière,virginbet,h2h,Draw,draw,draw,,3.25,2026-08-21T14:31:58Z
2026-08-21T14:32:46Z,211321,Pro League,2026-08-21T18:45:00Z,Standard Liège,RAAL La Louvière,grosvenor,h2h,RAAL La Louvière,away,away,,4.3,2026-08-21T14:32:23Z
2026-08-21T14:32:46Z,211321,Pro League,2026-08-21T18:45:00Z,Standard Liège,RAAL La Louvière,grosvenor,h2h,Standard Liege,home,home,,1.89,2026-08-21T14:32:23Z
2026-08-21T14:32:46Z,211321,Pro League,2026-08-21T18:45:00Z,Standard Liège,RAAL La Louvière,grosvenor,h2h,Draw,draw,draw,,3.55,2026-08-21T14:32:23Z
2026-08-21T14:32:46Z,211321,Pro League,2026-08-21T18:45:00Z,Standard Liège,RAAL La Louvière,grosvenor,totals,Over,over,over@2.5,2.50,2.08,2026-08-21T14:32:23Z
2026-08-21T14:32:46Z,211321,Pro League,2026-08-21T18:45:00Z,Standard Liège,RAAL La Louvière,grosvenor,totals,Under,under,under@2.5,2.50,1.71,2026-08-21T14:32:23Z
2026-08-21T14:32:46Z,211321,Pro League,2026-08-21T18:45:00Z,Standard Liège,RAAL La Louvière,casumo,h2h,RAAL La Louvière,away,away,,4.1,2026-08-21T14:32:23Z
2026-08-21T14:32:46Z,211321,Pro League,2026-08-21T18:45:00Z,Standard Liège,RAAL La Louvière,casumo,h2h,Standard Liege,home,home,,1.85,2026-08-21T14:32:23Z
2026-08-21T14:32:46Z,211321,Pro League,2026-08-21T18:45:00Z,Standard Liège,RAAL La Louvière,casumo,h2h,Draw,draw,draw,,3.45,2026-08-21T14:32:23Z
2026-08-21T14:32:46Z,211321,Pro League,2026-08-21T18:45:00Z,Standard Liège,RAAL La Louvière,casumo,totals,Over,over,over@2.5,2.50,2.08,2026-08-21T14:32:23Z
2026-08-21T14:32:46Z,211321,Pro League,2026-08-21T18:45:00Z,Standard Liège,RAAL La Louvière,casumo,totals,Under,under,under@2.5,2.50,1.71,2026-08-21T14:32:23Z
2026-08-21T14:32:46Z,211321,Pro League,2026-08-21T18:45:00Z,Standard Liège,RAAL La Louvière,unibet_nl,h2h,RAAL La Louvière,away,away,,4.1,2026-08-21T14:32:22Z
2026-08-21T14:32:46Z,211321,Pro League,2026-08-21T18:45:00Z,Standard Liège,RAAL La Louvière,unibet_nl,h2h,Standard Liege,home,home,,1.85,2026-08-21T14:32:22Z
2026-08-21T14:32:46Z,211321,Pro League,2026-08-21T18:45:00Z,Standard Liège,RAAL La Louvière,unibet_nl,h2h,Draw,draw,draw,,3.45,2026-08-21T14:32:22Z
2026-08-21T14:32:46Z,211321,Pro League,2026-08-21T18:45:00Z,Standard Liège,RAAL La Louvière,unibet_nl,totals,Over,over,over@2.5,2.50,2.08,2026-08-21T14:32:22Z
2026-08-21T14:32:46Z,211321,Pro League,2026-08-21T18:45:00Z,Standard Liège,RAAL La Louvière,unibet_nl,totals,Under,under,under@2.5,2.50,1.71,2026-08-21T14:32:22Z
2026-08-21T14:32:46Z,211321,Pro League,2026-08-21T18:45:00Z,Standard Liège,RAAL La Louvière,pmu_fr,h2h,RAAL La Louvière,away,away,,3.95,2026-08-21T14:32:24Z
2026-08-21T14:32:46Z,211321,Pro League,2026-08-21T18:45:00Z,Standard Liège,RAAL La Louvière,pmu_fr,h2h,Standard Liege,home,home,,1.81,2026-08-21T14:32:24Z
2026-08-21T14:32:46Z,211321,Pro League,2026-08-21T18:45:00Z,Standard Liège,RAAL La Louvière,pmu_fr,h2h,Draw,draw,draw,,3.3,2026-08-21T14:32:24Z
2026-08-21T14:32:46Z,211321,Pro League,2026-08-21T18:45:00Z,Standard Liège,RAAL La Louvière,pmu_fr,totals,Over,over,over@2.5,2.50,1.94,2026-08-21T14:32:24Z
2026-08-21T14:32:46Z,211321,Pro League,2026-08-21T18:45:00Z,Standard Liège,RAAL La Louvière,pmu_fr,totals,Under,under,under@2.5,2.50,1.6,2026-08-21T14:32:24Z
2026-08-21T14:32:46Z,211321,Pro League,2026-08-21T18:45:00Z,Standard Liège,RAAL La Louvière,unibet_se,h2h,RAAL La Louvière,away,away,,4.1,2026-08-21T14:31:58Z
2026-08-21T14:32:46Z,211321,Pro League,2026-08-21T18:45:00Z,Standard Liège,RAAL La Louvière,unibet_se,h2h,Standard Liege,home,home,,1.85,2026-08-21T14:31:58Z
2026-08-21T14:32:46Z,211321,Pro League,2026-08-21T18:45:00Z,Standard Liège,RAAL La Louvière,unibet_se,h2h,Draw,draw,draw,,3.45,2026-08-21T14:31:58Z
2026-08-21T14:32:46Z,211321,Pro League,2026-08-21T18:45:00Z,Standard Liège,RAAL La Louvière,unibet_se,totals,Over,over,over@2.5,2.50,2.08,2026-08-21T14:31:58Z
2026-08-21T14:32:46Z,211321,Pro League,2026-08-21T18:45:00Z,Standard Liège,RAAL La Louvière,unibet_se,totals,Under,under,under@2.5,2.50,1.71,2026-08-21T14:31:58Z
2026-08-21T14:32:46Z,211321,Pro League,2026-08-21T18:45:00Z,Standard Liège,RAAL La Louvière,livescorebet,h2h,RAAL La Louvière,away,away,,3.9,2026-08-21T14:32:23Z
2026-08-21T14:32:46Z,211321,Pro League,2026-08-21T18:45:00Z,Standard Liège,RAAL La Louvière,livescorebet,h2h,Standard Liege,home,home,,1.78,2026-08-21T14:32:23Z
2026-08-21T14:32:46Z,211321,Pro League,2026-08-21T18:45:00Z,Standard Liège,RAAL La Louvière,livescorebet,h2h,Draw,draw,draw,,3.25,2026-08-21T14:32:23Z
2026-08-21T14:32:46Z,211321,Pro League,2026-08-21T18:45:00Z,Standard Liège,RAAL La Louvière,betanysports,h2h,RAAL La Louvière,away,away,,3.85,2026-08-21T14:30:44Z
2026-08-21T14:32:46Z,211321,Pro League,2026-08-21T18:45:00Z,Standard Liège,RAAL La Louvière,betanysports,h2h,Standard Liege,home,home,,1.95,2026-08-21T14:30:44Z
2026-08-21T14:32:46Z,211321,Pro League,2026-08-21T18:45:00Z,Standard Liège,RAAL La Louvière,betanysports,h2h,Draw,draw,draw,,3.35,2026-08-21T14:30:44Z
2026-08-21T14:32:46Z,211321,Pro League,2026-08-21T18:45:00Z,Standard Liège,RAAL La Louvière,betanysports,spreads,RAAL La Louvière,away,away@0.5,0.50,1.85,2026-08-21T14:30:44Z
2026-08-21T14:32:46Z,211321,Pro League,2026-08-21T18:45:00Z,Standard Liège,RAAL La Louvière,betanysports,spreads,Standard Liege,home,home@-0.5,-0.50,1.89,2026-08-21T14:30:44Z
2026-08-21T14:32:46Z,211321,Pro League,2026-08-21T18:45:00Z,Standard Liège,RAAL La Louvière,betanysports,totals,Over,over,over@2.5,2.50,2.04,2026-08-21T14:30:44Z
2026-08-21T14:32:46Z,211321,Pro League,2026-08-21T18:45:00Z,Standard Liège,RAAL La Louvière,betanysports,totals,Under,under,under@2.5,2.50,1.75,2026-08-21T14:30:44Z
2026-08-21T14:32:46Z,211321,Pro League,2026-08-21T18:45:00Z,Standard Liège,RAAL La Louvière,matchbook,h2h,RAAL La Louvière,away,away,,4.3,2026-08-21T14:32:50Z
2026-08-21T14:32:46Z,211321,Pro League,2026-08-21T18:45:00Z,Standard Liège,RAAL La Louvière,matchbook,h2h,Standard Liege,home,home,,2.04,2026-08-21T14:32:50Z
2026-08-21T14:32:46Z,211321,Pro League,2026-08-21T18:45:00Z,Standard Liège,RAAL La Louvière,matchbook,h2h,Draw,draw,draw,,3.5,2026-08-21T14:32:50Z
2026-08-21T14:32:46Z,211321,Pro League,2026-08-21T18:45:00Z,Standard Liège,RAAL La Louvière,matchbook,h2h_lay,RAAL La Louvière,h2h_lay,h2h_lay,,4.4,2026-08-21T14:32:50Z
2026-08-21T14:32:46Z,211321,Pro League,2026-08-21T18:45:00Z,Standard Liège,RAAL La Louvière,matchbook,h2h_lay,Standard Liege,h2h_lay,h2h_lay,,2.08,2026-08-21T14:32:50Z
2026-08-21T14:32:46Z,211321,Pro League,2026-08-21T18:45:00Z,Standard Liège,RAAL La Louvière,matchbook,h2h_lay,Draw,h2h_lay,h2h_lay,,3.6,2026-08-21T14:32:50Z
2026-08-21T14:32:46Z,211321,Pro League,2026-08-21T18:45:00Z,Standard Liège,RAAL La Louvière,matchbook,spreads,RAAL La Louvière,away,away@0.5,0.50,1.92,2026-08-21T14:32:50Z
2026-08-21T14:32:46Z,211321,Pro League,2026-08-21T18:45:00Z,Standard Liège,RAAL La Louvière,matchbook,spreads,Standard Liege,home,home@-0.5,-0.50,2.02,2026-08-21T14:32:50Z
2026-08-21T14:32:46Z,211321,Pro League,2026-08-21T18:45:00Z,Standard Liège,RAAL La Louvière,matchbook,totals,Over,over,over@2.5,2.50,2.12,2026-08-21T14:32:50Z
2026-08-21T14:32:46Z,211321,Pro League,2026-08-21T18:45:00Z,Standard Liège,RAAL La Louvière,matchbook,totals,Under,under,under@2.5,2.50,1.87,2026-08-21T14:32:50Z
2026-08-21T14:32:46Z,211321,Pro League,2026-08-21T18:45:00Z,Standard Liège,RAAL La Louvière,betus,h2h,RAAL La Louvière,away,away,,3.75,2026-08-21T14:32:23Z
2026-08-21T14:32:46Z,211321,Pro League,2026-08-21T18:45:00Z,Standard Liège,RAAL La Louvière,betus,h2h,Standard Liege,home,home,,1.9,2026-08-21T14:32:23Z
2026-08-21T14:32:46Z,211321,Pro League,2026-08-21T18:45:00Z,Standard Liège,RAAL La Louvière,betus,h2h,Draw,draw,draw,,3.4,2026-08-21T14:32:23Z
2026-08-21T14:32:46Z,211321,Pro League,2026-08-21T18:45:00Z,Standard Liège,RAAL La Louvière,betus,spreads,RAAL La Louvière,away,away@0.5,0.50,1.85,2026-08-21T14:32:23Z
2026-08-21T14:32:46Z,211321,Pro League,2026-08-21T18:45:00Z,Standard Liège,RAAL La Louvière,betus,spreads,Standard Liege,home,home@-0.5,-0.50,1.89,2026-08-21T14:32:23Z
2026-08-21T14:32:46Z,211321,Pro League,2026-08-21T18:45:00Z,Standard Liège,RAAL La Louvière,betus,totals,Over,over,over@2.25,2.25,1.84,2026-08-21T14:32:23Z
2026-08-21T14:32:46Z,211321,Pro League,2026-08-21T18:45:00Z,Standard Liège,RAAL La Louvière,betus,totals,Under,under,under@2.25,2.25,1.9,2026-08-21T14:32:23Z
2026-08-21T14:32:46Z,apifb211687,Parva Liga,2026-08-21T18:15:00+00:00,Cherno More Varna,FK Dunav Ruse,apifb:10Bet,h2h,Home,home,home,,1.53,2026-08-21T14:32:46Z
2026-08-21T14:32:46Z,apifb211687,Parva Liga,2026-08-21T18:15:00+00:00,Cherno More Varna,FK Dunav Ruse,apifb:10Bet,h2h,Draw,draw,draw,,3.65,2026-08-21T14:32:46Z
2026-08-21T14:32:46Z,apifb211687,Parva Liga,2026-08-21T18:15:00+00:00,Cherno More Varna,FK Dunav Ruse,apifb:10Bet,h2h,Away,away,away,,5.6,2026-08-21T14:32:46Z
2026-08-21T14:32:46Z,apifb211687,Parva Liga,2026-08-21T18:15:00+00:00,Cherno More Varna,FK Dunav Ruse,apifb:10Bet,asian_handicap,Home -1,home,home@-1,-1,1.93,2026-08-21T14:32:46Z
2026-08-21T14:32:46Z,apifb211687,Parva Liga,2026-08-21T18:15:00+00:00,Cherno More Varna,FK Dunav Ruse,apifb:10Bet,asian_handicap,Away -1,away,away@-1,-1,1.75,2026-08-21T14:32:46Z
2026-08-21T14:32:46Z,apifb211687,Parva Liga,2026-08-21T18:15:00+00:00,Cherno More Varna,FK Dunav Ruse,apifb:10Bet,totals,Over 1.5,over,over@1.5,1.5,1.3,2026-08-21T14:32:46Z
2026-08-21T14:32:46Z,apifb211687,Parva Liga,2026-08-21T18:15:00+00:00,Cherno More Varna,FK Dunav Ruse,apifb:10Bet,totals,Under 1.5,under,under@1.5,1.5,3.2,2026-08-21T14:32:46Z
2026-08-21T14:32:46Z,apifb211687,Parva Liga,2026-08-21T18:15:00+00:00,Cherno More Varna,FK Dunav Ruse,apifb:10Bet,totals,Over 2.5,over,over@2.5,2.5,1.95,2026-08-21T14:32:46Z
2026-08-21T14:32:46Z,apifb211687,Parva Liga,2026-08-21T18:15:00+00:00,Cherno More Varna,FK Dunav Ruse,apifb:10Bet,totals,Under 2.5,under,under@2.5,2.5,1.77,2026-08-21T14:32:46Z
2026-08-21T14:32:46Z,apifb211687,Parva Liga,2026-08-21T18:15:00+00:00,Cherno More Varna,FK Dunav Ruse,apifb:10Bet,totals,Over 3.5,over,over@3.5,3.5,3.45,2026-08-21T14:32:46Z
2026-08-21T14:32:46Z,apifb211687,Parva Liga,2026-08-21T18:15:00+00:00,Cherno More Varna,FK Dunav Ruse,apifb:10Bet,totals,Under 3.5,under,under@3.5,3.5,1.28,2026-08-21T14:32:46Z
2026-08-21T14:32:46Z,apifb211687,Parva Liga,2026-08-21T18:15:00+00:00,Cherno More Varna,FK Dunav Ruse,apifb:William Hill,h2h,Home,home,home,,1.57,2026-08-21T14:32:46Z
2026-08-21T14:32:46Z,apifb211687,Parva Liga,2026-08-21T18:15:00+00:00,Cherno More Varna,FK Dunav Ruse,apifb:William Hill,h2h,Draw,draw,draw,,3.5,2026-08-21T14:32:46Z
2026-08-21T14:32:46Z,apifb211687,Parva Liga,2026-08-21T18:15:00+00:00,Cherno More Varna,FK Dunav Ruse,apifb:William Hill,h2h,Away,away,away,,5.0,2026-08-21T14:32:46Z
2026-08-21T14:32:46Z,apifb211687,Parva Liga,2026-08-21T18:15:00+00:00,Cherno More Varna,FK Dunav Ruse,apifb:Bet365,h2h,Home,home,home,,1.62,2026-08-21T14:32:46Z
2026-08-21T14:32:46Z,apifb211687,Parva Liga,2026-08-21T18:15:00+00:00,Cherno More Varna,FK Dunav Ruse,apifb:Bet365,h2h,Draw,draw,draw,,3.8,2026-08-21T14:32:46Z
2026-08-21T14:32:46Z,apifb211687,Parva Liga,2026-08-21T18:15:00+00:00,Cherno More Varna,FK Dunav Ruse,apifb:Bet365,h2h,Away,away,away,,5.5,2026-08-21T14:32:46Z
2026-08-21T14:32:46Z,apifb211687,Parva Liga,2026-08-21T18:15:00+00:00,Cherno More Varna,FK Dunav Ruse,apifb:Bet365,asian_handicap,Home -1.25,home,home@-1.25,-1.25,2.38,2026-08-21T14:32:46Z
2026-08-21T14:32:46Z,apifb211687,Parva Liga,2026-08-21T18:15:00+00:00,Cherno More Varna,FK Dunav Ruse,apifb:Bet365,asian_handicap,Away -1.25,away,away@-1.25,-1.25,1.55,2026-08-21T14:32:46Z
2026-08-21T14:32:46Z,apifb211687,Parva Liga,2026-08-21T18:15:00+00:00,Cherno More Varna,FK Dunav Ruse,apifb:Bet365,asian_handicap,Home -1,home,home@-1,-1,2.05,2026-08-21T14:32:46Z
2026-08-21T14:32:46Z,apifb211687,Parva Liga,2026-08-21T18:15:00+00:00,Cherno More Varna,FK Dunav Ruse,apifb:Bet365,asian_handicap,Away -1,away,away@-1,-1,1.75,2026-08-21T14:32:46Z
2026-08-21T14:32:46Z,apifb211687,Parva Liga,2026-08-21T18:15:00+00:00,Cherno More Varna,FK Dunav Ruse,apifb:Bet365,asian_handicap,Home -0.75,home,home@-0.75,-0.75,1.78,2026-08-21T14:32:46Z
2026-08-21T14:32:46Z,apifb211687,Parva Liga,2026-08-21T18:15:00+00:00,Cherno More Varna,FK Dunav Ruse,apifb:Bet365,asian_handicap,Away -0.75,away,away@-0.75,-0.75,2.02,2026-08-21T14:32:46Z
2026-08-21T14:32:46Z,apifb211687,Parva Liga,2026-08-21T18:15:00+00:00,Cherno More Varna,FK Dunav Ruse,apifb:Bet365,asian_handicap,Home -0.5,home,home@-0.5,-0.5,1.58,2026-08-21T14:32:46Z
2026-08-21T14:32:46Z,apifb211687,Parva Liga,2026-08-21T18:15:00+00:00,Cherno More Varna,FK Dunav Ruse,apifb:Bet365,asian_handicap,Away -0.5,away,away@-0.5,-0.5,2.35,2026-08-21T14:32:46Z
2026-08-21T14:32:46Z,apifb211687,Parva Liga,2026-08-21T18:15:00+00:00,Cherno More Varna,FK Dunav Ruse,apifb:Bet365,asian_handicap,Home -0.25,home,home@-0.25,-0.25,1.4,2026-08-21T14:32:46Z
2026-08-21T14:32:46Z,apifb211687,Parva Liga,2026-08-21T18:15:00+00:00,Cherno More Varna,FK Dunav Ruse,apifb:Bet365,asian_handicap,Away -0.25,away,away@-0.25,-0.25,2.85,2026-08-21T14:32:46Z
2026-08-21T14:32:46Z,apifb211687,Parva Liga,2026-08-21T18:15:00+00:00,Cherno More Varna,FK Dunav Ruse,apifb:Bet365,asian_handicap,Home +0,home,home@+0,+0,1.23,2026-08-21T14:32:46Z
2026-08-21T14:32:46Z,apifb211687,Parva Liga,2026-08-21T18:15:00+00:00,Cherno More Varna,FK Dunav Ruse,apifb:Bet365,asian_handicap,Away +0,away,away@+0,+0,4.0,2026-08-21T14:32:46Z
2026-08-21T14:32:46Z,apifb211687,Parva Liga,2026-08-21T18:15:00+00:00,Cherno More Varna,FK Dunav Ruse,apifb:Bet365,asian_handicap,Home +0.25,home,home@+0.25,+0.25,1.19,2026-08-21T14:32:46Z
2026-08-21T14:32:46Z,apifb211687,Parva Liga,2026-08-21T18:15:00+00:00,Cherno More Varna,FK Dunav Ruse,apifb:Bet365,asian_handicap,Away +0.25,away,away@+0.25,+0.25,4.5,2026-08-21T14:32:46Z
2026-08-21T14:32:46Z,apifb211687,Parva Liga,2026-08-21T18:15:00+00:00,Cherno More Varna,FK Dunav Ruse,apifb:Bet365,asian_handicap,Home +0.5,home,home@+0.5,+0.5,1.16,2026-08-21T14:32:46Z
2026-08-21T14:32:46Z,apifb211687,Parva Liga,2026-08-21T18:15:00+00:00,Cherno More Varna,FK Dunav Ruse,apifb:Bet365,asian_handicap,Away +0.5,away,away@+0.5,+0.5,5.25,2026-08-21T14:32:46Z
2026-08-21T14:32:46Z,apifb211687,Parva Liga,2026-08-21T18:15:00+00:00,Cherno More Varna,FK Dunav Ruse,apifb:Bet365,asian_handicap,Home +0.75,home,home@+0.75,+0.75,1.1,2026-08-21T14:32:46Z
2026-08-21T14:32:46Z,apifb211687,Parva Liga,2026-08-21T18:15:00+00:00,Cherno More Varna,FK Dunav Ruse,apifb:Bet365,asian_handicap,Away +0.75,away,away@+0.75,+0.75,7.0,2026-08-21T14:32:46Z
2026-08-21T14:32:46Z,apifb211687,Parva Liga,2026-08-21T18:15:00+00:00,Cherno More Varna,FK Dunav Ruse,apifb:Bet365,asian_handicap,Home -2,home,home@-2,-2,4.5,2026-08-21T14:32:46Z
2026-08-21T14:32:46Z,apifb211687,Parva Liga,2026-08-21T18:15:00+00:00,Cherno More Varna,FK Dunav Ruse,apifb:Bet365,asian_handicap,Away -2,away,away@-2,-2,1.19,2026-08-21T14:32:46Z
2026-08-21T14:32:46Z,apifb211687,Parva Liga,2026-08-21T18:15:00+00:00,Cherno More Varna,FK Dunav Ruse,apifb:Bet365,asian_handicap,Home -1.75,home,home@-1.75,-1.75,3.3,2026-08-21T14:32:46Z
2026-08-21T14:32:46Z,apifb211687,Parva Liga,2026-08-21T18:15:00+00:00,Cherno More Varna,FK Dunav Ruse,apifb:Bet365,asian_handicap,Away -1.75,away,away@-1.75,-1.75,1.32,2026-08-21T14:32:46Z
2026-08-21T14:32:46Z,apifb211687,Parva Liga,2026-08-21T18:15:00+00:00,Cherno More Varna,FK Dunav Ruse,apifb:Bet365,asian_handicap,Home -1.5,home,home@-1.5,-1.5,2.68,2026-08-21T14:32:46Z
2026-08-21T14:32:46Z,apifb211687,Parva Liga,2026-08-21T18:15:00+00:00,Cherno More Varna,FK Dunav Ruse,apifb:Bet365,asian_handicap,Away -1.5,away,away@-1.5,-1.5,1.45,2026-08-21T14:32:46Z
2026-08-21T14:32:46Z,apifb211687,Parva Liga,2026-08-21T18:15:00+00:00,Cherno More Varna,FK Dunav Ruse,apifb:Bet365,asian_handicap,Home -2.5,home,home@-2.5,-2.5,5.75,2026-08-21T14:32:46Z
2026-08-21T14:32:46Z,apifb211687,Parva Liga,2026-08-21T18:15:00+00:00,Cherno More Varna,FK Dunav Ruse,apifb:Bet365,asian_handicap,Away -2.5,away,away@-2.5,-2.5,1.14,2026-08-21T14:32:46Z
2026-08-21T14:32:46Z,apifb211687,Parva Liga,2026-08-21T18:15:00+00:00,Cherno More Varna,FK Dunav Ruse,apifb:Bet365,asian_handicap,Home -2.25,home,home@-2.25,-2.25,5.25,2026-08-21T14:32:46Z
2026-08-21T14:32:46Z,apifb211687,Parva Liga,2026-08-21T18:15:00+00:00,Cherno More Varna,FK Dunav Ruse,apifb:Bet365,asian_handicap,Away -2.25,away,away@-2.25,-2.25,1.16,2026-08-21T14:32:46Z
2026-08-21T14:32:46Z,apifb211687,Parva Liga,2026-08-21T18:15:00+00:00,Cherno More Varna,FK Dunav Ruse,apifb:Bet365,asian_handicap,Home -2.75,home,home@-2.75,-2.75,7.0,2026-08-21T14:32:46Z
2026-08-21T14:32:46Z,apifb211687,Parva Liga,2026-08-21T18:15:00+00:00,Cherno More Varna,FK Dunav Ruse,apifb:Bet365,asian_handicap,Away -2.75,away,away@-2.75,-2.75,1.1,2026-08-21T14:32:46Z
2026-08-21T14:32:46Z,apifb211687,Parva Liga,2026-08-21T18:15:00+00:00,Cherno More Varna,FK Dunav Ruse,apifb:Bet365,totals,Over 1.5,over,over@1.5,1.5,1.36,2026-08-21T14:32:46Z
2026-08-21T14:32:46Z,apifb211687,Parva Liga,2026-08-21T18:15:00+00:00,Cherno More Varna,FK Dunav Ruse,apifb:Bet365,totals,Under 1.5,under,under@1.5,1.5,3.0,2026-08-21T14:32:46Z
2026-08-21T14:32:46Z,apifb211687,Parva Liga,2026-08-21T18:15:00+00:00,Cherno More Varna,FK Dunav Ruse,apifb:Bet365,totals,Over 2.5,over,over@2.5,2.5,2.15,2026-08-21T14:32:46Z
2026-08-21T14:32:46Z,apifb211687,Parva Liga,2026-08-21T18:15:00+00:00,Cherno More Varna,FK Dunav Ruse,apifb:Bet365,totals,Under 2.5,under,under@2.5,2.5,1.67,2026-08-21T14:32:46Z
2026-08-21T14:32:46Z,apifb211687,Parva Liga,2026-08-21T18:15:00+00:00,Cherno More Varna,FK Dunav Ruse,apifb:Bet365,totals,Over 3.5,over,over@3.5,3.5,4.0,2026-08-21T14:32:46Z
2026-08-21T14:32:46Z,apifb211687,Parva Liga,2026-08-21T18:15:00+00:00,Cherno More Varna,FK Dunav Ruse,apifb:Bet365,totals,Under 3.5,under,under@3.5,3.5,1.22,2026-08-21T14:32:46Z
2026-08-21T14:32:46Z,apifb211687,Parva Liga,2026-08-21T18:15:00+00:00,Cherno More Varna,FK Dunav Ruse,apifb:Bet365,totals,Over 0.5,over,over@0.5,0.5,1.07,2026-08-21T14:32:46Z
2026-08-21T14:32:46Z,apifb211687,Parva Liga,2026-08-21T18:15:00+00:00,Cherno More Varna,FK Dunav Ruse,apifb:Bet365,totals,Under 0.5,under,under@0.5,0.5,9.0,2026-08-21T14:32:46Z
2026-08-21T14:32:46Z,apifb211687,Parva Liga,2026-08-21T18:15:00+00:00,Cherno More Varna,FK Dunav Ruse,apifb:Bet365,totals,Over 4.5,over,over@4.5,4.5,9.0,2026-08-21T14:32:46Z
2026-08-21T14:32:46Z,apifb211687,Parva Liga,2026-08-21T18:15:00+00:00,Cherno More Varna,FK Dunav Ruse,apifb:Bet365,totals,Under 4.5,under,under@4.5,4.5,1.07,2026-08-21T14:32:46Z
2026-08-21T14:32:46Z,apifb211687,Parva Liga,2026-08-21T18:15:00+00:00,Cherno More Varna,FK Dunav Ruse,apifb:Bet365,totals,Over 7.5,over,over@7.5,7.5,51.0,2026-08-21T14:32:46Z
2026-08-21T14:32:46Z,apifb211687,Parva Liga,2026-08-21T18:15:00+00:00,Cherno More Varna,FK Dunav Ruse,apifb:Bet365,totals,Under 7.5,under,under@7.5,7.5,1.0,2026-08-21T14:32:46Z
2026-08-21T14:32:46Z,apifb211687,Parva Liga,2026-08-21T18:15:00+00:00,Cherno More Varna,FK Dunav Ruse,apifb:Bet365,totals,Over 5.5,over,over@5.5,5.5,19.0,2026-08-21T14:32:46Z
2026-08-21T14:32:46Z,apifb211687,Parva Liga,2026-08-21T18:15:00+00:00,Cherno More Varna,FK Dunav Ruse,apifb:Bet365,totals,Under 5.5,under,under@5.5,5.5,1.02,2026-08-21T14:32:46Z
2026-08-21T14:32:46Z,apifb211687,Parva Liga,2026-08-21T18:15:00+00:00,Cherno More Varna,FK Dunav Ruse,apifb:Bet365,totals,Over 6.5,over,over@6.5,6.5,41.0,2026-08-21T14:32:46Z
2026-08-21T14:32:46Z,apifb211687,Parva Liga,2026-08-21T18:15:00+00:00,Cherno More Varna,FK Dunav Ruse,apifb:Bet365,totals,Under 6.5,under,under@6.5,6.5,1.0,2026-08-21T14:32:46Z
2026-08-21T14:32:46Z,apifb211687,Parva Liga,2026-08-21T18:15:00+00:00,Cherno More Varna,FK Dunav Ruse,apifb:Marathonbet,h2h,Home,home,home,,1.58,2026-08-21T14:32:46Z
2026-08-21T14:32:46Z,apifb211687,Parva Liga,2026-08-21T18:15:00+00:00,Cherno More Varna,FK Dunav Ruse,apifb:Marathonbet,h2h,Draw,draw,draw,,3.76,2026-08-21T14:32:46Z
2026-08-21T14:32:46Z,apifb211687,Parva Liga,2026-08-21T18:15:00+00:00,Cherno More Varna,FK Dunav Ruse,apifb:Marathonbet,h2h,Away,away,away,,5.55,2026-08-21T14:32:46Z
2026-08-21T14:32:46Z,apifb211687,Parva Liga,2026-08-21T18:15:00+00:00,Cherno More Varna,FK Dunav Ruse,apifb:Marathonbet,asian_handicap,Home -1.25,home,home@-1.25,-1.25,2.35,2026-08-21T14:32:46Z
2026-08-21T14:32:46Z,apifb211687,Parva Liga,2026-08-21T18:15:00+00:00,Cherno More Varna,FK Dunav Ruse,apifb:Marathonbet,asian_handicap,Away -1.25,away,away@-1.25,-1.25,1.49,2026-08-21T14:32:46Z
2026-08-21T14:32:46Z,apifb211687,Parva Liga,2026-08-21T18:15:00+00:00,Cherno More Varna,FK Dunav Ruse,apifb:Marathonbet,asian_handicap,Home -1,home,home@-1,-1,2.06,2026-08-21T14:32:46Z
2026-08-21T14:32:46Z,apifb211687,Parva Liga,2026-08-21T18:15:00+00:00,Cherno More Varna,FK Dunav Ruse,apifb:Marathonbet,asian_handicap,Away -1,away,away@-1,-1,1.7,2026-08-21T14:32:46Z
2026-08-21T14:32:46Z,apifb211687,Parva Liga,2026-08-21T18:15:00+00:00,Cherno More Varna,FK Dunav Ruse,apifb:Marathonbet,asian_handicap,Home -0.75,home,home@-0.75,-0.75,1.72,2026-08-21T14:32:46Z
2026-08-21T14:32:46Z,apifb211687,Parva Liga,2026-08-21T18:15:00+00:00,Cherno More Varna,FK Dunav Ruse,apifb:Marathonbet,asian_handicap,Away -0.75,away,away@-0.75,-0.75,1.94,2026-08-21T14:32:46Z
2026-08-21T14:32:46Z,apifb211687,Parva Liga,2026-08-21T18:15:00+00:00,Cherno More Varna,FK Dunav Ruse,apifb:Marathonbet,asian_handicap,Home -0.25,home,home@-0.25,-0.25,1.36,2026-08-21T14:32:46Z
2026-08-21T14:32:46Z,apifb211687,Parva Liga,2026-08-21T18:15:00+00:00,Cherno More Varna,FK Dunav Ruse,apifb:Marathonbet,asian_handicap,Away -0.25,away,away@-0.25,-0.25,2.72,2026-08-21T14:32:46Z
2026-08-21T14:32:46Z,apifb211687,Parva Liga,2026-08-21T18:15:00+00:00,Cherno More Varna,FK Dunav Ruse,apifb:Marathonbet,asian_handicap,Home +0,home,home@+0,+0,1.17,2026-08-21T14:32:46Z
2026-08-21T14:32:46Z,apifb211687,Parva Liga,2026-08-21T18:15:00+00:00,Cherno More Varna,FK Dunav Ruse,apifb:Marathonbet,asian_handicap,Away +0,away,away@+0,+0,3.96,2026-08-21T14:32:46Z
2026-08-21T14:32:46Z,apifb211687,Parva Liga,2026-08-21T18:15:00+00:00,Cherno More Varna,FK Dunav Ruse,apifb:Marathonbet,asian_handicap,Home +0.25,home,home@+0.25,+0.25,1.13,2026-08-21T14:32:46Z
2026-08-21T14:32:46Z,apifb211687,Parva Liga,2026-08-21T18:15:00+00:00,Cherno More Varna,FK Dunav Ruse,apifb:Marathonbet,asian_handicap,Away +0.25,away,away@+0.25,+0.25,4.55,2026-08-21T14:32:46Z
2026-08-21T14:32:46Z,apifb211687,Parva Liga,2026-08-21T18:15:00+00:00,Cherno More Varna,FK Dunav Ruse,apifb:Marathonbet,asian_handicap,Home +0.75,home,home@+0.75,+0.75,1.04,2026-08-21T14:32:46Z
2026-08-21T14:32:46Z,apifb211687,Parva Liga,2026-08-21T18:15:00+00:00,Cherno More Varna,FK Dunav Ruse,apifb:Marathonbet,asian_handicap,Away +0.75,away,away@+0.75,+0.75,6.9,2026-08-21T14:32:46Z
2026-08-21T14:32:46Z,apifb211687,Parva Liga,2026-08-21T18:15:00+00:00,Cherno More Varna,FK Dunav Ruse,apifb:Marathonbet,asian_handicap,Home -3,home,home@-3,-3,8.9,2026-08-21T14:32:46Z
2026-08-21T14:32:46Z,apifb211687,Parva Liga,2026-08-21T18:15:00+00:00,Cherno More Varna,FK Dunav Ruse,apifb:Marathonbet,asian_handicap,Away -3,away,away@-3,-3,1.01,2026-08-21T14:32:46Z
2026-08-21T14:32:46Z,apifb211687,Parva Liga,2026-08-21T18:15:00+00:00,Cherno More Varna,FK Dunav Ruse,apifb:Marathonbet,asian_handicap,Home -2,home,home@-2,-2,4.6,2026-08-21T14:32:46Z
2026-08-21T14:32:46Z,apifb211687,Parva Liga,2026-08-21T18:15:00+00:00,Cherno More Varna,FK Dunav Ruse,apifb:Marathonbet,asian_handicap,Away -2,away,away@-2,-2,1.13,2026-08-21T14:32:46Z
2026-08-21T14:32:46Z,apifb211687,Parva Liga,2026-08-21T18:15:00+00:00,Cherno More Varna,FK Dunav Ruse,apifb:Marathonbet,asian_handicap,Home -1.75,home,home@-1.75,-1.75,3.28,2026-08-21T14:32:46Z
2026-08-21T14:32:46Z,apifb211687,Parva Liga,2026-08-21T18:15:00+00:00,Cherno More Varna,FK Dunav Ruse,apifb:Marathonbet,asian_handicap,Away -1.75,away,away@-1.75,-1.75,1.25,2026-08-21T14:32:46Z
2026-08-21T14:32:46Z,apifb211687,Parva Liga,2026-08-21T18:15:00+00:00,Cherno More Varna,FK Dunav Ruse,apifb:Marathonbet,asian_handicap,Home -1.5,home,home@-1.5,-1.5,2.68,2026-08-21T14:32:46Z
2026-08-21T14:32:46Z,apifb211687,Parva Liga,2026-08-21T18:15:00+00:00,Cherno More Varna,FK Dunav Ruse,apifb:Marathonbet,asian_handicap,Away -1.5,away,away@-1.5,-1.5,1.37,2026-08-21T14:32:46Z
2026-08-21T14:32:46Z,apifb211687,Parva Liga,2026-08-21T18:15:00+00:00,Cherno More Varna,FK Dunav Ruse,apifb:Marathonbet,asian_handicap,Home -2.5,home,home@-2.5,-2.5,5.4,2026-08-21T14:32:46Z
2026-08-21T14:32:46Z,apifb211687,Parva Liga,2026-08-21T18:15:00+00:00,Cherno More Varna,FK Dunav Ruse,apifb:Marathonbet,asian_handicap,Away -2.5,away,away@-2.5,-2.5,1.09,2026-08-21T14:32:46Z
2026-08-21T14:32:46Z,apifb211687,Parva Liga,2026-08-21T18:15:00+00:00,Cherno More Varna,FK Dunav Ruse,apifb:Marathonbet,asian_handicap,Home -2.25,home,home@-2.25,-2.25,5.0,2026-08-21T14:32:46Z
2026-08-21T14:32:46Z,apifb211687,Parva Liga,2026-08-21T18:15:00+00:00,Cherno More Varna,FK Dunav Ruse,apifb:Marathonbet,asian_handicap,Away -2.25,away,away@-2.25,-2.25,1.1,2026-08-21T14:32:46Z
2026-08-21T14:32:46Z,apifb211687,Parva Liga,2026-08-21T18:15:00+00:00,Cherno More Varna,FK Dunav Ruse,apifb:Marathonbet,asian_handicap,Home -2.75,home,home@-2.75,-2.75,7.1,2026-08-21T14:32:46Z
2026-08-21T14:32:46Z,apifb211687,Parva Liga,2026-08-21T18:15:00+00:00,Cherno More Varna,FK Dunav Ruse,apifb:Marathonbet,asian_handicap,Away -2.75,away,away@-2.75,-2.75,1.04,2026-08-21T14:32:46Z
2026-08-21T14:32:46Z,apifb211687,Parva Liga,2026-08-21T18:15:00+00:00,Cherno More Varna,FK Dunav Ruse,apifb:Marathonbet,totals,Over 1.5,over,over@1.5,1.5,1.3,2026-08-21T14:32:46Z
2026-08-21T14:32:46Z,apifb211687,Parva Liga,2026-08-21T18:15:00+00:00,Cherno More Varna,FK Dunav Ruse,apifb:Marathonbet,totals,Under 1.5,under,under@1.5,1.5,2.97,2026-08-21T14:32:46Z
2026-08-21T14:32:46Z,apifb211687,Parva Liga,2026-08-21T18:15:00+00:00,Cherno More Varna,FK Dunav Ruse,apifb:Marathonbet,totals,Over 1.75,over,over@1.75,1.75,1.39,2026-08-21T14:32:46Z
2026-08-21T14:32:46Z,apifb211687,Parva Liga,2026-08-21T18:15:00+00:00,Cherno More Varna,FK Dunav Ruse,apifb:Marathonbet,totals,Under 1.75,under,under@1.75,1.75,2.62,2026-08-21T14:32:46Z
2026-08-21T14:32:46Z,apifb211687,Parva Liga,2026-08-21T18:15:00+00:00,Cherno More Varna,FK Dunav Ruse,apifb:Marathonbet,totals,Over 2.0,over,over@2.0,2.0,1.52,2026-08-21T14:32:46Z
2026-08-21T14:32:46Z,apifb211687,Parva Liga,2026-08-21T18:15:00+00:00,Cherno More Varna,FK Dunav Ruse,apifb:Marathonbet,totals,Under 2.0,under,under@2.0,2.0,2.29,2026-08-21T14:32:46Z
2026-08-21T14:32:46Z,apifb211687,Parva Liga,2026-08-21T18:15:00+00:00,Cherno More Varna,FK Dunav Ruse,apifb:Marathonbet,totals,Over 2.25,over,over@2.25,2.25,1.78,2026-08-21T14:32:46Z
2026-08-21T14:32:46Z,apifb211687,Parva Liga,2026-08-21T18:15:00+00:00,Cherno More Varna,FK Dunav Ruse,apifb:Marathonbet,totals,Under 2.25,under,under@2.25,2.25,1.9,2026-08-21T14:32:46Z
2026-08-21T14:32:46Z,apifb211687,Parva Liga,2026-08-21T18:15:00+00:00,Cherno More Varna,FK Dunav Ruse,apifb:Marathonbet,totals,Over 2.5,over,over@2.5,2.5,2.06,2026-08-21T14:32:46Z
2026-08-21T14:32:46Z,apifb211687,Parva Liga,2026-08-21T18:15:00+00:00,Cherno More Varna,FK Dunav Ruse,apifb:Marathonbet,totals,Under 2.5,under,under@2.5,2.5,1.72,2026-08-21T14:32:46Z
2026-08-21T14:32:46Z,apifb211687,Parva Liga,2026-08-21T18:15:00+00:00,Cherno More Varna,FK Dunav Ruse,apifb:Marathonbet,totals,Over 2.75,over,over@2.75,2.75,2.34,2026-08-21T14:32:46Z
2026-08-21T14:32:46Z,apifb211687,Parva Liga,2026-08-21T18:15:00+00:00,Cherno More Varna,FK Dunav Ruse,apifb:Marathonbet,totals,Under 2.75,under,under@2.75,2.75,1.51,2026-08-21T14:32:46Z
2026-08-21T14:32:46Z,apifb211687,Parva Liga,2026-08-21T18:15:00+00:00,Cherno More Varna,FK Dunav Ruse,apifb:Marathonbet,totals,Over 3.5,over,over@3.5,3.5,3.5,2026-08-21T14:32:46Z
2026-08-21T14:32:46Z,apifb211687,Parva Liga,2026-08-21T18:15:00+00:00,Cherno More Varna,FK Dunav Ruse,apifb:Marathonbet,totals,Under 3.5,under,under@3.5,3.5,1.22,2026-08-21T14:32:46Z
2026-08-21T14:32:46Z,apifb211687,Parva Liga,2026-08-21T18:15:00+00:00,Cherno More Varna,FK Dunav Ruse,apifb:Marathonbet,totals,Over 0.5,over,over@0.5,0.5,1.01,2026-08-21T14:32:46Z
2026-08-21T14:32:46Z,apifb211687,Parva Liga,2026-08-21T18:15:00+00:00,Cherno More Varna,FK Dunav Ruse,apifb:Marathonbet,totals,Under 0.5,under,under@0.5,0.5,8.5,2026-08-21T14:32:46Z
2026-08-21T14:32:46Z,apifb211687,Parva Liga,2026-08-21T18:15:00+00:00,Cherno More Varna,FK Dunav Ruse,apifb:Marathonbet,totals,Over 0.75,over,over@0.75,0.75,1.02,2026-08-21T14:32:46Z
2026-08-21T14:32:46Z,apifb211687,Parva Liga,2026-08-21T18:15:00+00:00,Cherno More Varna,FK Dunav Ruse,apifb:Marathonbet,totals,Under 0.75,under,under@0.75,0.75,7.8,2026-08-21T14:32:46Z
2026-08-21T14:32:46Z,apifb211687,Parva Liga,2026-08-21T18:15:00+00:00,Cherno More Varna,FK Dunav Ruse,apifb:Marathonbet,totals,Over 1.0,over,over@1.0,1.0,1.04,2026-08-21T14:32:46Z
2026-08-21T14:32:46Z,apifb211687,Parva Liga,2026-08-21T18:15:00+00:00,Cherno More Varna,FK Dunav Ruse,apifb:Marathonbet,totals,Under 1.0,under,under@1.0,1.0,7.1,2026-08-21T14:32:46Z
2026-08-21T14:32:46Z,apifb211687,Parva Liga,2026-08-21T18:15:00+00:00,Cherno More Varna,FK Dunav Ruse,apifb:Marathonbet,totals,Over 1.25,over,over@1.25,1.25,1.17,2026-08-21T14:32:46Z
2026-08-21T14:32:46Z,apifb211687,Parva Liga,2026-08-21T18:15:00+00:00,Cherno More Varna,FK Dunav Ruse,apifb:Marathonbet,totals,Under 1.25,under,under@1.25,1.25,4.0,2026-08-21T14:32:46Z
2026-08-21T14:32:46Z,apifb211687,Parva Liga,2026-08-21T18:15:00+00:00,Cherno More Varna,FK Dunav Ruse,apifb:Marathonbet,totals,Over 3.0,over,over@3.0,3.0,2.91,2026-08-21T14:32:46Z
2026-08-21T14:32:46Z,apifb211687,Parva Liga,2026-08-21T18:15:00+00:00,Cherno More Varna,FK Dunav Ruse,apifb:Marathonbet,totals,Under 3.0,under,under@3.0,3.0,1.33,2026-08-21T14:32:46Z
2026-08-21T14:32:46Z,apifb211687,Parva Liga,2026-08-21T18:15:00+00:00,Cherno More Varna,FK Dunav Ruse,apifb:Marathonbet,totals,Over 4.5,over,over@4.5,4.5,7.1,2026-08-21T14:32:46Z
2026-08-21T14:32:46Z,apifb211687,Parva Liga,2026-08-21T18:15:00+00:00,Cherno More Varna,FK Dunav Ruse,apifb:Marathonbet,totals,Under 4.5,under,under@4.5,4.5,1.04,2026-08-21T14:32:46Z
2026-08-21T14:32:46Z,apifb211687,Parva Liga,2026-08-21T18:15:00+00:00,Cherno More Varna,FK Dunav Ruse,apifb:Marathonbet,totals,Over 3.25,over,over@3.25,3.25,3.24,2026-08-21T14:32:46Z
2026-08-21T14:32:46Z,apifb211687,Parva Liga,2026-08-21T18:15:00+00:00,Cherno More Varna,FK Dunav Ruse,apifb:Marathonbet,totals,Under 3.25,under,under@3.25,3.25,1.26,2026-08-21T14:32:46Z
2026-08-21T14:32:46Z,apifb211687,Parva Liga,2026-08-21T18:15:00+00:00,Cherno More Varna,FK Dunav Ruse,apifb:Marathonbet,totals,Over 3.75,over,over@3.75,3.75,4.5,2026-08-21T14:32:46Z
2026-08-21T14:32:46Z,apifb211687,Parva Liga,2026-08-21T18:15:00+00:00,Cherno More Varna,FK Dunav Ruse,apifb:Marathonbet,totals,Under 3.75,under,under@3.75,3.75,1.13,2026-08-21T14:32:46Z
2026-08-21T14:32:46Z,apifb211687,Parva Liga,2026-08-21T18:15:00+00:00,Cherno More Varna,FK Dunav Ruse,apifb:Marathonbet,totals,Over 4.0,over,over@4.0,4.0,6.3,2026-08-21T14:32:46Z
2026-08-21T14:32:46Z,apifb211687,Parva Liga,2026-08-21T18:15:00+00:00,Cherno More Varna,FK Dunav Ruse,apifb:Marathonbet,totals,Under 4.0,under,under@4.0,4.0,1.06,2026-08-21T14:32:46Z
2026-08-21T14:32:46Z,apifb211687,Parva Liga,2026-08-21T18:15:00+00:00,Cherno More Varna,FK Dunav Ruse,apifb:Marathonbet,totals,Over 4.25,over,over@4.25,4.25,6.7,2026-08-21T14:32:46Z
2026-08-21T14:32:46Z,apifb211687,Parva Liga,2026-08-21T18:15:00+00:00,Cherno More Varna,FK Dunav Ruse,apifb:Marathonbet,totals,Under 4.25,under,under@4.25,4.25,1.05,2026-08-21T14:32:46Z
2026-08-21T14:32:46Z,apifb211687,Parva Liga,2026-08-21T18:15:00+00:00,Cherno More Varna,FK Dunav Ruse,apifb:Marathonbet,totals,Over 4.75,over,over@4.75,4.75,6.8,2026-08-21T14:32:46Z
2026-08-21T14:32:46Z,apifb211687,Parva Liga,2026-08-21T18:15:00+00:00,Cherno More Varna,FK Dunav Ruse,apifb:Marathonbet,totals,Under 4.75,under,under@4.75,4.75,1.04,2026-08-21T14:32:46Z
2026-08-21T14:32:46Z,apifb211687,Parva Liga,2026-08-21T18:15:00+00:00,Cherno More Varna,FK Dunav Ruse,apifb:Unibet,h2h,Home,home,home,,1.57,2026-08-21T14:32:46Z
2026-08-21T14:32:46Z,apifb211687,Parva Liga,2026-08-21T18:15:00+00:00,Cherno More Varna,FK Dunav Ruse,apifb:Unibet,h2h,Draw,draw,draw,,3.8,2026-08-21T14:32:46Z
2026-08-21T14:32:46Z,apifb211687,Parva Liga,2026-08-21T18:15:00+00:00,Cherno More Varna,FK Dunav Ruse,apifb:Unibet,h2h,Away,away,away,,5.3,2026-08-21T14:32:46Z
2026-08-21T14:32:46Z,apifb211687,Parva Liga,2026-08-21T18:15:00+00:00,Cherno More Varna,FK Dunav Ruse,apifb:Unibet,asian_handicap,Home -0.5,home,home@-0.5,-0.5,1.54,2026-08-21T14:32:46Z
2026-08-21T14:32:46Z,apifb211687,Parva Liga,2026-08-21T18:15:00+00:00,Cherno More Varna,FK Dunav Ruse,apifb:Unibet,asian_handicap,Away -0.5,away,away@-0.5,-0.5,2.25,2026-08-21T14:32:46Z
2026-08-21T14:32:46Z,apifb211687,Parva Liga,2026-08-21T18:15:00+00:00,Cherno More Varna,FK Dunav Ruse,apifb:Unibet,asian_handicap,Home +0.5,home,home@+0.5,+0.5,1.14,2026-08-21T14:32:46Z
2026-08-21T14:32:46Z,apifb211687,Parva Liga,2026-08-21T18:15:00+00:00,Cherno More Varna,FK Dunav Ruse,apifb:Unibet,asian_handicap,Away +0.5,away,away@+0.5,+0.5,4.7,2026-08-21T14:32:46Z
2026-08-21T14:32:46Z,apifb211687,Parva Liga,2026-08-21T18:15:00+00:00,Cherno More Varna,FK Dunav Ruse,apifb:Unibet,asian_handicap,Home -1.5,home,home@-1.5,-1.5,2.5,2026-08-21T14:32:46Z
2026-08-21T14:32:46Z,apifb211687,Parva Liga,2026-08-21T18:15:00+00:00,Cherno More Varna,FK Dunav Ruse,apifb:Unibet,asian_handicap,Away -1.5,away,away@-1.5,-1.5,1.44,2026-08-21T14:32:46Z
2026-08-21T14:32:46Z,apifb211687,Parva Liga,2026-08-21T18:15:00+00:00,Cherno More Varna,FK Dunav Ruse,apifb:Unibet,asian_handicap,Home -2.5,home,home@-2.5,-2.5,4.7,2026-08-21T14:32:46Z
2026-08-21T14:32:46Z,apifb211687,Parva Liga,2026-08-21T18:15:00+00:00,Cherno More Varna,FK Dunav Ruse,apifb:Unibet,asian_handicap,Away -2.5,away,away@-2.5,-2.5,1.13,2026-08-21T14:32:46Z
2026-08-21T14:32:46Z,apifb211687,Parva Liga,2026-08-21T18:15:00+00:00,Cherno More Varna,FK Dunav Ruse,apifb:Unibet,totals,Over 1.5,over,over@1.5,1.5,1.27,2026-08-21T14:32:46Z
2026-08-21T14:32:46Z,apifb211687,Parva Liga,2026-08-21T18:15:00+00:00,Cherno More Varna,FK Dunav Ruse,apifb:Unibet,totals,Under 1.5,under,under@1.5,1.5,3.3,2026-08-21T14:32:46Z
2026-08-21T14:32:46Z,apifb211687,Parva Liga,2026-08-21T18:15:00+00:00,Cherno More Varna,FK Dunav Ruse,apifb:Unibet,totals,Over 2.0,over,over@2.0,2.0,1.4,2026-08-21T14:32:46Z
2026-08-21T14:32:46Z,apifb211687,Parva Liga,2026-08-21T18:15:00+00:00,Cherno More Varna,FK Dunav Ruse,apifb:Unibet,totals,Under 2.0,under,under@2.0,2.0,2.55,2026-08-21T14:32:46Z
2026-08-21T14:32:46Z,apifb211687,Parva Liga,2026-08-21T18:15:00+00:00,Cherno More Varna,FK Dunav Ruse,apifb:Unibet,totals,Over 2.25,over,over@2.25,2.25,1.63,2026-08-21T14:32:46Z
2026-08-21T14:32:46Z,apifb211687,Parva Liga,2026-08-21T18:15:00+00:00,Cherno More Varna,FK Dunav Ruse,apifb:Unibet,totals,Under 2.25,under,under@2.25,2.25,2.05,2026-08-21T14:32:46Z
2026-08-21T14:32:46Z,apifb211687,Parva Liga,2026-08-21T18:15:00+00:00,Cherno More Varna,FK Dunav Ruse,apifb:Unibet,totals,Over 2.5,over,over@2.5,2.5,1.85,2026-08-21T14:32:46Z
2026-08-21T14:32:46Z,apifb211687,Parva Liga,2026-08-21T18:15:00+00:00,Cherno More Varna,FK Dunav Ruse,apifb:Unibet,totals,Under 2.5,under,under@2.5,2.5,1.82,2026-08-21T14:32:46Z
2026-08-21T14:32:46Z,apifb211687,Parva Liga,2026-08-21T18:15:00+00:00,Cherno More Varna,FK Dunav Ruse,apifb:Unibet,totals,Over 2.75,over,over@2.75,2.75,2.08,2026-08-21T14:32:46Z
2026-08-21T14:32:46Z,apifb211687,Parva Liga,2026-08-21T18:15:00+00:00,Cherno More Varna,FK Dunav Ruse,apifb:Unibet,totals,Under 2.75,under,under@2.75,2.75,1.63,2026-08-21T14:32:46Z
2026-08-21T14:32:46Z,apifb211687,Parva Liga,2026-08-21T18:15:00+00:00,Cherno More Varna,FK Dunav Ruse,apifb:Unibet,totals,Over 3.5,over,over@3.5,3.5,3.1,2026-08-21T14:32:46Z
2026-08-21T14:32:46Z,apifb211687,Parva Liga,2026-08-21T18:15:00+00:00,Cherno More Varna,FK Dunav Ruse,apifb:Unibet,totals,Under 3.5,under,under@3.5,3.5,1.3,2026-08-21T14:32:46Z
2026-08-21T14:32:46Z,apifb211687,Parva Liga,2026-08-21T18:15:00+00:00,Cherno More Varna,FK Dunav Ruse,apifb:Unibet,totals,Over 3.0,over,over@3.0,3.0,2.48,2026-08-21T14:32:46Z
2026-08-21T14:32:46Z,apifb211687,Parva Liga,2026-08-21T18:15:00+00:00,Cherno More Varna,FK Dunav Ruse,apifb:Unibet,totals,Under 3.0,under,under@3.0,3.0,1.44,2026-08-21T14:32:46Z
2026-08-21T14:32:46Z,apifb211687,Parva Liga,2026-08-21T18:15:00+00:00,Cherno More Varna,FK Dunav Ruse,apifb:Unibet,totals,Over 3.25,over,over@3.25,3.25,2.8,2026-08-21T14:32:46Z
2026-08-21T14:32:46Z,apifb211687,Parva Liga,2026-08-21T18:15:00+00:00,Cherno More Varna,FK Dunav Ruse,apifb:Unibet,totals,Under 3.25,under,under@3.25,3.25,1.35,2026-08-21T14:32:46Z
2026-08-21T14:32:46Z,apifb211687,Parva Liga,2026-08-21T18:15:00+00:00,Cherno More Varna,FK Dunav Ruse,apifb:Unibet,totals,Over 3.75,over,over@3.75,3.75,3.8,2026-08-21T14:32:46Z
2026-08-21T14:32:46Z,apifb211687,Parva Liga,2026-08-21T18:15:00+00:00,Cherno More Varna,FK Dunav Ruse,apifb:Unibet,totals,Under 3.75,under,under@3.75,3.75,1.21,2026-08-21T14:32:46Z
2026-08-21T14:32:46Z,apifb211687,Parva Liga,2026-08-21T18:15:00+00:00,Cherno More Varna,FK Dunav Ruse,apifb:Unibet,totals,Over 4.0,over,over@4.0,4.0,5.1,2026-08-21T14:32:46Z
2026-08-21T14:32:46Z,apifb211687,Parva Liga,2026-08-21T18:15:00+00:00,Cherno More Varna,FK Dunav Ruse,apifb:Unibet,totals,Under 4.0,under,under@4.0,4.0,1.12,2026-08-21T14:32:46Z
2026-08-21T14:32:46Z,apifb211687,Parva Liga,2026-08-21T18:15:00+00:00,Cherno More Varna,FK Dunav Ruse,apifb:Betfair,h2h,Home,home,home,,1.55,2026-08-21T14:32:46Z
2026-08-21T14:32:46Z,apifb211687,Parva Liga,2026-08-21T18:15:00+00:00,Cherno More Varna,FK Dunav Ruse,apifb:Betfair,h2h,Draw,draw,draw,,3.6,2026-08-21T14:32:46Z
2026-08-21T14:32:46Z,apifb211687,Parva Liga,2026-08-21T18:15:00+00:00,Cherno More Varna,FK Dunav Ruse,apifb:Betfair,h2h,Away,away,away,,5.5,2026-08-21T14:32:46Z
2026-08-21T14:32:46Z,apifb211687,Parva Liga,2026-08-21T18:15:00+00:00,Cherno More Varna,FK Dunav Ruse,apifb:Betfair,totals,Over 1.5,over,over@1.5,1.5,1.36,2026-08-21T14:32:46Z
2026-08-21T14:32:46Z,apifb211687,Parva Liga,2026-08-21T18:15:00+00:00,Cherno More Varna,FK Dunav Ruse,apifb:Betfair,totals,Under 1.5,under,under@1.5,1.5,3.1,2026-08-21T14:32:46Z
2026-08-21T14:32:46Z,apifb211687,Parva Liga,2026-08-21T18:15:00+00:00,Cherno More Varna,FK Dunav Ruse,apifb:Betfair,totals,Over 2.5,over,over@2.5,2.5,2.1,2026-08-21T14:32:46Z
2026-08-21T14:32:46Z,apifb211687,Parva Liga,2026-08-21T18:15:00+00:00,Cherno More Varna,FK Dunav Ruse,apifb:Betfair,totals,Under 2.5,under,under@2.5,2.5,1.65,2026-08-21T14:32:46Z
2026-08-21T14:32:46Z,apifb211687,Parva Liga,2026-08-21T18:15:00+00:00,Cherno More Varna,FK Dunav Ruse,apifb:Betfair,totals,Over 3.5,over,over@3.5,3.5,4.1,2026-08-21T14:32:46Z
2026-08-21T14:32:46Z,apifb211687,Parva Liga,2026-08-21T18:15:00+00:00,Cherno More Varna,FK Dunav Ruse,apifb:Betfair,totals,Under 3.5,under,under@3.5,3.5,1.22,2026-08-21T14:32:46Z
2026-08-21T14:32:46Z,apifb211687,Parva Liga,2026-08-21T18:15:00+00:00,Cherno More Varna,FK Dunav Ruse,apifb:Betfair,totals,Over 0.5,over,over@0.5,0.5,1.06,2026-08-21T14:32:46Z
2026-08-21T14:32:46Z,apifb211687,Parva Liga,2026-08-21T18:15:00+00:00,Cherno More Varna,FK Dunav Ruse,apifb:Betfair,totals,Under 0.5,under,under@0.5,0.5,9.0,2026-08-21T14:32:46Z
2026-08-21T14:32:46Z,apifb211687,Parva Liga,2026-08-21T18:15:00+00:00,Cherno More Varna,FK Dunav Ruse,apifb:Betfair,totals,Over 4.5,over,over@4.5,4.5,8.0,2026-08-21T14:32:46Z
2026-08-21T14:32:46Z,apifb211687,Parva Liga,2026-08-21T18:15:00+00:00,Cherno More Varna,FK Dunav Ruse,apifb:Betfair,totals,Under 4.5,under,under@4.5,4.5,1.07,2026-08-21T14:32:46Z
2026-08-21T14:32:46Z,apifb211687,Parva Liga,2026-08-21T18:15:00+00:00,Cherno More Varna,FK Dunav Ruse,apifb:Betfair,totals,Over 5.5,over,over@5.5,5.5,17.0,2026-08-21T14:32:46Z
2026-08-21T14:32:46Z,apifb211687,Parva Liga,2026-08-21T18:15:00+00:00,Cherno More Varna,FK Dunav Ruse,apifb:Betfair,totals,Under 5.5,under,under@5.5,5.5,1.01,2026-08-21T14:32:46Z
2026-08-21T14:32:46Z,apifb211687,Parva Liga,2026-08-21T18:15:00+00:00,Cherno More Varna,FK Dunav Ruse,apifb:BetVictor,h2h,Home,home,home,,1.6,2026-08-21T14:32:46Z
2026-08-21T14:32:46Z,apifb211687,Parva Liga,2026-08-21T18:15:00+00:00,Cherno More Varna,FK Dunav Ruse,apifb:BetVictor,h2h,Draw,draw,draw,,3.75,2026-08-21T14:32:46Z
2026-08-21T14:32:46Z,apifb211687,Parva Liga,2026-08-21T18:15:00+00:00,Cherno More Varna,FK Dunav Ruse,apifb:BetVictor,h2h,Away,away,away,,6.0,2026-08-21T14:32:46Z
2026-08-21T14:32:46Z,apifb211687,Parva Liga,2026-08-21T18:15:00+00:00,Cherno More Varna,FK Dunav Ruse,apifb:BetVictor,asian_handicap,Home -1.25,home,home@-1.25,-1.25,2.39,2026-08-21T14:32:46Z
2026-08-21T14:32:46Z,apifb211687,Parva Liga,2026-08-21T18:15:00+00:00,Cherno More Varna,FK Dunav Ruse,apifb:BetVictor,asian_handicap,Away -1.25,away,away@-1.25,-1.25,1.49,2026-08-21T14:32:46Z
2026-08-21T14:32:46Z,apifb211687,Parva Liga,2026-08-21T18:15:00+00:00,Cherno More Varna,FK Dunav Ruse,apifb:BetVictor,asian_handicap,Home -1,home,home@-1,-1,2.04,2026-08-21T14:32:46Z
2026-08-21T14:32:46Z,apifb211687,Parva Liga,2026-08-21T18:15:00+00:00,Cherno More Varna,FK Dunav Ruse,apifb:BetVictor,asian_handicap,Away -1,away,away@-1,-1,1.67,2026-08-21T14:32:46Z
2026-08-21T14:32:46Z,apifb211687,Parva Liga,2026-08-21T18:15:00+00:00,Cherno More Varna,FK Dunav Ruse,apifb:BetVictor,asian_handicap,Home -0.75,home,home@-0.75,-0.75,1.72,2026-08-21T14:32:46Z
2026-08-21T14:32:46Z,apifb211687,Parva Liga,2026-08-21T18:15:00+00:00,Cherno More Varna,FK Dunav Ruse,apifb:BetVictor,asian_handicap,Away -0.75,away,away@-0.75,-0.75,1.97,2026-08-21T14:32:46Z
2026-08-21T14:32:46Z,apifb211687,Parva Liga,2026-08-21T18:15:00+00:00,Cherno More Varna,FK Dunav Ruse,apifb:BetVictor,asian_handicap,Home -0.5,home,home@-0.5,-0.5,1.55,2026-08-21T14:32:46Z
2026-08-21T14:32:46Z,apifb211687,Parva Liga,2026-08-21T18:15:00+00:00,Cherno More Varna,FK Dunav Ruse,apifb:BetVictor,asian_handicap,Away -0.5,away,away@-0.5,-0.5,2.25,2026-08-21T14:32:46Z
2026-08-21T14:32:46Z,apifb211687,Parva Liga,2026-08-21T18:15:00+00:00,Cherno More Varna,FK Dunav Ruse,apifb:BetVictor,asian_handicap,Home -0.25,home,home@-0.25,-0.25,1.36,2026-08-21T14:32:46Z
2026-08-21T14:32:46Z,apifb211687,Parva Liga,2026-08-21T18:15:00+00:00,Cherno More Varna,FK Dunav Ruse,apifb:BetVictor,asian_handicap,Away -0.25,away,away@-0.25,-0.25,2.82,2026-08-21T14:32:46Z
2026-08-21T14:32:46Z,apifb211687,Parva Liga,2026-08-21T18:15:00+00:00,Cherno More Varna,FK Dunav Ruse,apifb:BetVictor,asian_handicap,Home -1.5,home,home@-1.5,-1.5,2.67,2026-08-21T14:32:46Z
2026-08-21T14:32:46Z,apifb211687,Parva Liga,2026-08-21T18:15:00+00:00,Cherno More Varna,FK Dunav Ruse,apifb:BetVictor,asian_handicap,Away -1.5,away,away@-1.5,-1.5,1.4,2026-08-21T14:32:46Z
2026-08-21T14:32:46Z,apifb211687,Parva Liga,2026-08-21T18:15:00+00:00,Cherno More Varna,FK Dunav Ruse,apifb:BetVictor,totals,Over 1.5,over,over@1.5,1.5,1.33,2026-08-21T14:32:46Z
2026-08-21T14:32:46Z,apifb211687,Parva Liga,2026-08-21T18:15:00+00:00,Cherno More Varna,FK Dunav Ruse,apifb:BetVictor,totals,Under 1.5,under,under@1.5,1.5,3.1,2026-08-21T14:32:46Z
2026-08-21T14:32:46Z,apifb211687,Parva Liga,2026-08-21T18:15:00+00:00,Cherno More Varna,FK Dunav Ruse,apifb:BetVictor,totals,Over 1.75,over,over@1.75,1.75,1.44,2026-08-21T14:32:46Z
2026-08-21T14:32:46Z,apifb211687,Parva Liga,2026-08-21T18:15:00+00:00,Cherno More Varna,FK Dunav Ruse,apifb:BetVictor,totals,Under 1.75,under,under@1.75,1.75,2.53,2026-08-21T14:32:46Z
2026-08-21T14:32:46Z,apifb211687,Parva Liga,2026-08-21T18:15:00+00:00,Cherno More Varna,FK Dunav Ruse,apifb:BetVictor,totals,Over 2.0,over,over@2.0,2.0,1.57,2026-08-21T14:32:46Z
2026-08-21T14:32:46Z,apifb211687,Parva Liga,2026-08-21T18:15:00+00:00,Cherno More Varna,FK Dunav Ruse,apifb:BetVictor,totals,Under 2.0,under,under@2.0,2.0,2.21,2026-08-21T14:32:46Z
2026-08-21T14:32:46Z,apifb211687,Parva Liga,2026-08-21T18:15:00+00:00,Cherno More Varna,FK Dunav Ruse,apifb:BetVictor,totals,Over 2.25,over,over@2.25,2.25,1.8,2026-08-21T14:32:46Z
2026-08-21T14:32:46Z,apifb211687,Parva Liga,2026-08-21T18:15:00+00:00,Cherno More Varna,FK Dunav Ruse,apifb:BetVictor,totals,Under 2.25,under,under@2.25,2.25,1.87,2026-08-21T14:32:46Z
2026-08-21T14:32:46Z,apifb211687,Parva Liga,2026-08-21T18:15:00+00:00,Cherno More Varna,FK Dunav Ruse,apifb:BetVictor,totals,Over 2.5,over,over@2.5,2.5,2.03,2026-08-21T14:32:46Z
2026-08-21T14:32:46Z,apifb211687,Parva Liga,2026-08-21T18:15:00+00:00,Cherno More Varna,FK Dunav Ruse,apifb:BetVictor,totals,Under 2.5,under,under@2.5,2.5,1.67,2026-08-21T14:32:46Z
2026-08-21T14:32:46Z,apifb211687,Parva Liga,2026-08-21T18:15:00+00:00,Cherno More Varna,FK Dunav Ruse,apifb:BetVictor,totals,Over 2.75,over,over@2.75,2.75,2.33,2026-08-21T14:32:46Z
2026-08-21T14:32:46Z,apifb211687,Parva Liga,2026-08-21T18:15:00+00:00,Cherno More Varna,FK Dunav Ruse,apifb:BetVictor,totals,Under 2.75,under,under@2.75,2.75,1.52,2026-08-21T14:32:46Z
2026-08-21T14:32:46Z,apifb211687,Parva Liga,2026-08-21T18:15:00+00:00,Cherno More Varna,FK Dunav Ruse,apifb:BetVictor,totals,Over 3.5,over,over@3.5,3.5,3.9,2026-08-21T14:32:46Z
2026-08-21T14:32:46Z,apifb211687,Parva Liga,2026-08-21T18:15:00+00:00,Cherno More Varna,FK Dunav Ruse,apifb:BetVictor,totals,Under 3.5,under,under@3.5,3.5,1.22,2026-08-21T14:32:46Z
2026-08-21T14:32:46Z,apifb211687,Parva Liga,2026-08-21T18:15:00+00:00,Cherno More Varna,FK Dunav Ruse,apifb:BetVictor,totals,Over 0.5,over,over@0.5,0.5,1.04,2026-08-21T14:32:46Z
2026-08-21T14:32:46Z,apifb211687,Parva Liga,2026-08-21T18:15:00+00:00,Cherno More Varna,FK Dunav Ruse,apifb:BetVictor,totals,Under 0.5,under,under@0.5,0.5,9.0,2026-08-21T14:32:46Z
2026-08-21T14:32:46Z,apifb211687,Parva Liga,2026-08-21T18:15:00+00:00,Cherno More Varna,FK Dunav Ruse,apifb:BetVictor,totals,Over 3.0,over,over@3.0,3.0,2.62,2026-08-21T14:32:46Z
2026-08-21T14:32:46Z,apifb211687,Parva Liga,2026-08-21T18:15:00+00:00,Cherno More Varna,FK Dunav Ruse,apifb:BetVictor,totals,Under 3.0,under,under@3.0,3.0,1.41,2026-08-21T14:32:46Z
2026-08-21T14:32:46Z,apifb211687,Parva Liga,2026-08-21T18:15:00+00:00,Cherno More Varna,FK Dunav Ruse,apifb:BetVictor,totals,Over 4.5,over,over@4.5,4.5,8.5,2026-08-21T14:32:46Z
2026-08-21T14:32:46Z,apifb211687,Parva Liga,2026-08-21T18:15:00+00:00,Cherno More Varna,FK Dunav Ruse,apifb:BetVictor,totals,Under 4.5,under,under@4.5,4.5,1.05,2026-08-21T14:32:46Z
2026-08-21T14:32:46Z,apifb211687,Parva Liga,2026-08-21T18:15:00+00:00,Cherno More Varna,FK Dunav Ruse,apifb:BetVictor,totals,Over 3.25,over,over@3.25,3.25,2.5,2026-08-21T14:32:46Z
2026-08-21T14:32:46Z,apifb211687,Parva Liga,2026-08-21T18:15:00+00:00,Cherno More Varna,FK Dunav Ruse,apifb:BetVictor,totals,Under 3.25,under,under@3.25,3.25,1.45,2026-08-21T14:32:46Z
2026-08-21T14:32:46Z,apifb211687,Parva Liga,2026-08-21T18:15:00+00:00,Cherno More Varna,FK Dunav Ruse,apifb:Pinnacle,h2h,Home,home,home,,1.61,2026-08-21T14:32:46Z
2026-08-21T14:32:46Z,apifb211687,Parva Liga,2026-08-21T18:15:00+00:00,Cherno More Varna,FK Dunav Ruse,apifb:Pinnacle,h2h,Draw,draw,draw,,3.89,2026-08-21T14:32:46Z
2026-08-21T14:32:46Z,apifb211687,Parva Liga,2026-08-21T18:15:00+00:00,Cherno More Varna,FK Dunav Ruse,apifb:Pinnacle,h2h,Away,away,away,,5.59,2026-08-21T14:32:46Z
2026-08-21T14:32:46Z,apifb211687,Parva Liga,2026-08-21T18:15:00+00:00,Cherno More Varna,FK Dunav Ruse,apifb:Pinnacle,asian_handicap,Home -1.25,home,home@-1.25,-1.25,2.52,2026-08-21T14:32:46Z
2026-08-21T14:32:46Z,apifb211687,Parva Liga,2026-08-21T18:15:00+00:00,Cherno More Varna,FK Dunav Ruse,apifb:Pinnacle,asian_handicap,Away -1.25,away,away@-1.25,-1.25,1.54,2026-08-21T14:32:46Z
2026-08-21T14:32:46Z,apifb211687,Parva Liga,2026-08-21T18:15:00+00:00,Cherno More Varna,FK Dunav Ruse,apifb:Pinnacle,asian_handicap,Home -1,home,home@-1,-1,2.14,2026-08-21T14:32:46Z
2026-08-21T14:32:46Z,apifb211687,Parva Liga,2026-08-21T18:15:00+00:00,Cherno More Varna,FK Dunav Ruse,apifb:Pinnacle,asian_handicap,Away -1,away,away@-1,-1,1.74,2026-08-21T14:32:46Z
2026-08-21T14:32:46Z,apifb211687,Parva Liga,2026-08-21T18:15:00+00:00,Cherno More Varna,FK Dunav Ruse,apifb:Pinnacle,asian_handicap,Home -0.75,home,home@-0.75,-0.75,1.81,2026-08-21T14:32:46Z
2026-08-21T14:32:46Z,apifb211687,Parva Liga,2026-08-21T18:15:00+00:00,Cherno More Varna,FK Dunav Ruse,apifb:Pinnacle,asian_handicap,Away -0.75,away,away@-0.75,-0.75,2.06,2026-08-21T14:32:46Z
2026-08-21T14:32:46Z,apifb211687,Parva Liga,2026-08-21T18:15:00+00:00,Cherno More Varna,FK Dunav Ruse,apifb:Pinnacle,asian_handicap,Home -0.5,home,home@-0.5,-0.5,1.61,2026-08-21T14:32:46Z
2026-08-21T14:32:46Z,apifb211687,Parva Liga,2026-08-21T18:15:00+00:00,Cherno More Varna,FK Dunav Ruse,apifb:Pinnacle,asian_handicap,Away -0.5,away,away@-0.5,-0.5,2.36,2026-08-21T14:32:46Z
2026-08-21T14:32:46Z,apifb211687,Parva Liga,2026-08-21T18:15:00+00:00,Cherno More Varna,FK Dunav Ruse,apifb:Pinnacle,asian_handicap,Home -0.25,home,home@-0.25,-0.25,1.42,2026-08-21T14:32:46Z
2026-08-21T14:32:46Z,apifb211687,Parva Liga,2026-08-21T18:15:00+00:00,Cherno More Varna,FK Dunav Ruse,apifb:Pinnacle,asian_handicap,Away -0.25,away,away@-0.25,-0.25,2.93,2026-08-21T14:32:46Z
2026-08-21T14:32:46Z,apifb211687,Parva Liga,2026-08-21T18:15:00+00:00,Cherno More Varna,FK Dunav Ruse,apifb:Pinnacle,asian_handicap,Home +0,home,home@+0,+0,1.23,2026-08-21T14:32:46Z
2026-08-21T14:32:46Z,apifb211687,Parva Liga,2026-08-21T18:15:00+00:00,Cherno More Varna,FK Dunav Ruse,apifb:Pinnacle,asian_handicap,Away +0,away,away@+0,+0,4.28,2026-08-21T14:32:46Z
2026-08-21T14:32:46Z,apifb211687,Parva Liga,2026-08-21T18:15:00+00:00,Cherno More Varna,FK Dunav Ruse,apifb:Pinnacle,asian_handicap,Home +0.25,home,home@+0.25,+0.25,1.19,2026-08-21T14:32:46Z
2026-08-21T14:32:46Z,apifb211687,Parva Liga,2026-08-21T18:15:00+00:00,Cherno More Varna,FK Dunav Ruse,apifb:Pinnacle,asian_handicap,Away +0.25,away,away@+0.25,+0.25,4.9,2026-08-21T14:32:46Z
2026-08-21T14:32:46Z,apifb211687,Parva Liga,2026-08-21T18:15:00+00:00,Cherno More Varna,FK Dunav Ruse,apifb:Pinnacle,asian_handicap,Home -1.75,home,home@-1.75,-1.75,3.58,2026-08-21T14:32:46Z
2026-08-21T14:32:46Z,apifb211687,Parva Liga,2026-08-21T18:15:00+00:00,Cherno More Varna,FK Dunav Ruse,apifb:Pinnacle,asian_handicap,Away -1.75,away,away@-1.75,-1.75,1.3,2026-08-21T14:32:46Z
2026-08-21T14:32:46Z,apifb211687,Parva Liga,2026-08-21T18:15:00+00:00,Cherno More Varna,FK Dunav Ruse,apifb:Pinnacle,asian_handicap,Home -1.5,home,home@-1.5,-1.5,2.89,2026-08-21T14:32:46Z
2026-08-21T14:32:46Z,apifb211687,Parva Liga,2026-08-21T18:15:00+00:00,Cherno More Varna,FK Dunav Ruse,apifb:Pinnacle,asian_handicap,Away -1.5,away,away@-1.5,-1.5,1.42,2026-08-21T14:32:46Z
2026-08-21T14:32:46Z,apifb211687,Parva Liga,2026-08-21T18:15:00+00:00,Cherno More Varna,FK Dunav Ruse,apifb:Pinnacle,totals,Over 1.5,over,over@1.5,1.5,1.37,2026-08-21T14:32:46Z
2026-08-21T14:32:46Z,apifb211687,Parva Liga,2026-08-21T18:15:00+00:00,Cherno More Varna,FK Dunav Ruse,apifb:Pinnacle,totals,Under 1.5,under,under@1.5,1.5,3.06,2026-08-21T14:32:46Z
2026-08-21T14:32:46Z,apifb211687,Parva Liga,2026-08-21T18:15:00+00:00,Cherno More Varna,FK Dunav Ruse,apifb:Pinnacle,totals,Over 1.75,over,over@1.75,1.75,1.47,2026-08-21T14:32:46Z
2026-08-21T14:32:46Z,apifb211687,Parva Liga,2026-08-21T18:15:00+00:00,Cherno More Varna,FK Dunav Ruse,apifb:Pinnacle,totals,Under 1.75,under,under@1.75,1.75,2.72,2026-08-21T14:32:46Z
2026-08-21T14:32:46Z,apifb211687,Parva Liga,2026-08-21T18:15:00+00:00,Cherno More Varna,FK Dunav Ruse,apifb:Pinnacle,totals,Over 2.0,over,over@2.0,2.0,1.61,2026-08-21T14:32:46Z
2026-08-21T14:32:46Z,apifb211687,Parva Liga,2026-08-21T18:15:00+00:00,Cherno More Varna,FK Dunav Ruse,apifb:Pinnacle,totals,Under 2.0,under,under@2.0,2.0,2.35,2026-08-21T14:32:46Z
2026-08-21T14:32:46Z,apifb211687,Parva Liga,2026-08-21T18:15:00+00:00,Cherno More Varna,FK Dunav Ruse,apifb:Pinnacle,totals,Over 2.25,over,over@2.25,2.25,1.88,2026-08-21T14:32:46Z
2026-08-21T14:32:46Z,apifb211687,Parva Liga,2026-08-21T18:15:00+00:00,Cherno More Varna,FK Dunav Ruse,apifb:Pinnacle,totals,Under 2.25,under,under@2.25,2.25,1.96,2026-08-21T14:32:46Z
2026-08-21T14:32:46Z,apifb211687,Parva Liga,2026-08-21T18:15:00+00:00,Cherno More Varna,FK Dunav Ruse,apifb:Pinnacle,totals,Over 2.5,over,over@2.5,2.5,2.12,2026-08-21T14:32:46Z
2026-08-21T14:32:46Z,apifb211687,Parva Liga,2026-08-21T18:15:00+00:00,Cherno More Varna,FK Dunav Ruse,apifb:Pinnacle,totals,Under 2.5,under,under@2.5,2.5,1.74,2026-08-21T14:32:46Z
2026-08-21T14:32:46Z,apifb211687,Parva Liga,2026-08-21T18:15:00+00:00,Cherno More Varna,FK Dunav Ruse,apifb:Pinnacle,totals,Over 2.75,over,over@2.75,2.75,2.44,2026-08-21T14:32:46Z
2026-08-21T14:32:46Z,apifb211687,Parva Liga,2026-08-21T18:15:00+00:00,Cherno More Varna,FK Dunav Ruse,apifb:Pinnacle,totals,Under 2.75,under,under@2.75,2.75,1.56,2026-08-21T14:32:46Z
2026-08-21T14:32:46Z,apifb211687,Parva Liga,2026-08-21T18:15:00+00:00,Cherno More Varna,FK Dunav Ruse,apifb:Pinnacle,totals,Over 3.5,over,over@3.5,3.5,3.7,2026-08-21T14:32:46Z
2026-08-21T14:32:46Z,apifb211687,Parva Liga,2026-08-21T18:15:00+00:00,Cherno More Varna,FK Dunav Ruse,apifb:Pinnacle,totals,Under 3.5,under,under@3.5,3.5,1.27,2026-08-21T14:32:46Z
2026-08-21T14:32:46Z,apifb211687,Parva Liga,2026-08-21T18:15:00+00:00,Cherno More Varna,FK Dunav Ruse,apifb:SBO,h2h,Home,home,home,,1.5,2026-08-21T14:32:46Z
2026-08-21T14:32:46Z,apifb211687,Parva Liga,2026-08-21T18:15:00+00:00,Cherno More Varna,FK Dunav Ruse,apifb:SBO,h2h,Draw,draw,draw,,3.35,2026-08-21T14:32:46Z
2026-08-21T14:32:46Z,apifb211687,Parva Liga,2026-08-21T18:15:00+00:00,Cherno More Varna,FK Dunav Ruse,apifb:SBO,h2h,Away,away,away,,4.84,2026-08-21T14:32:46Z
2026-08-21T14:32:46Z,apifb211687,Parva Liga,2026-08-21T18:15:00+00:00,Cherno More Varna,FK Dunav Ruse,apifb:SBO,asian_handicap,Home -1,home,home@-1,-1,2.03,2026-08-21T14:32:46Z
2026-08-21T14:32:46Z,apifb211687,Parva Liga,2026-08-21T18:15:00+00:00,Cherno More Varna,FK Dunav Ruse,apifb:SBO,asian_handicap,Away -1,away,away@-1,-1,1.75,2026-08-21T14:32:46Z
2026-08-21T14:32:46Z,apifb211687,Parva Liga,2026-08-21T18:15:00+00:00,Cherno More Varna,FK Dunav Ruse,apifb:SBO,totals,Over 2.25,over,over@2.25,2.25,1.82,2026-08-21T14:32:46Z
2026-08-21T14:32:46Z,apifb211687,Parva Liga,2026-08-21T18:15:00+00:00,Cherno More Varna,FK Dunav Ruse,apifb:SBO,totals,Under 2.25,under,under@2.25,2.25,1.94,2026-08-21T14:32:46Z
2026-08-21T14:32:46Z,apifb211687,Parva Liga,2026-08-21T18:15:00+00:00,Cherno More Varna,FK Dunav Ruse,apifb:1xBet,h2h,Home,home,home,,1.6,2026-08-21T14:32:46Z
2026-08-21T14:32:46Z,apifb211687,Parva Liga,2026-08-21T18:15:00+00:00,Cherno More Varna,FK Dunav Ruse,apifb:1xBet,h2h,Draw,draw,draw,,3.76,2026-08-21T14:32:46Z
2026-08-21T14:32:46Z,apifb211687,Parva Liga,2026-08-21T18:15:00+00:00,Cherno More Varna,FK Dunav Ruse,apifb:1xBet,h2h,Away,away,away,,5.48,2026-08-21T14:32:46Z
2026-08-21T14:32:46Z,apifb211687,Parva Liga,2026-08-21T18:15:00+00:00,Cherno More Varna,FK Dunav Ruse,apifb:1xBet,asian_handicap,Home -1.25,home,home@-1.25,-1.25,2.34,2026-08-21T14:32:46Z
2026-08-21T14:32:46Z,apifb211687,Parva Liga,2026-08-21T18:15:00+00:00,Cherno More Varna,FK Dunav Ruse,apifb:1xBet,asian_handicap,Away -1.25,away,away@-1.25,-1.25,1.48,2026-08-21T14:32:46Z
2026-08-21T14:32:46Z,apifb211687,Parva Liga,2026-08-21T18:15:00+00:00,Cherno More Varna,FK Dunav Ruse,apifb:1xBet,asian_handicap,Home -1,home,home@-1,-1,2.06,2026-08-21T14:32:46Z
2026-08-21T14:32:46Z,apifb211687,Parva Liga,2026-08-21T18:15:00+00:00,Cherno More Varna,FK Dunav Ruse,apifb:1xBet,asian_handicap,Away -1,away,away@-1,-1,1.7,2026-08-21T14:32:46Z
2026-08-21T14:32:46Z,apifb211687,Parva Liga,2026-08-21T18:15:00+00:00,Cherno More Varna,FK Dunav Ruse,apifb:1xBet,asian_handicap,Home -0.75,home,home@-0.75,-0.75,1.72,2026-08-21T14:32:46Z
2026-08-21T14:32:46Z,apifb211687,Parva Liga,2026-08-21T18:15:00+00:00,Cherno More Varna,FK Dunav Ruse,apifb:1xBet,asian_handicap,Away -0.75,away,away@-0.75,-0.75,1.94,2026-08-21T14:32:46Z
2026-08-21T14:32:46Z,apifb211687,Parva Liga,2026-08-21T18:15:00+00:00,Cherno More Varna,FK Dunav Ruse,apifb:1xBet,asian_handicap,Home -0.25,home,home@-0.25,-0.25,1.36,2026-08-21T14:32:46Z
2026-08-21T14:32:46Z,apifb211687,Parva Liga,2026-08-21T18:15:00+00:00,Cherno More Varna,FK Dunav Ruse,apifb:1xBet,asian_handicap,Away -0.25,away,away@-0.25,-0.25,2.71,2026-08-21T14:32:46Z
2026-08-21T14:32:46Z,apifb211687,Parva Liga,2026-08-21T18:15:00+00:00,Cherno More Varna,FK Dunav Ruse,apifb:1xBet,asian_handicap,Home +0,home,home@+0,+0,1.17,2026-08-21T14:32:46Z
2026-08-21T14:32:46Z,apifb211687,Parva Liga,2026-08-21T18:15:00+00:00,Cherno More Varna,FK Dunav Ruse,apifb:1xBet,asian_handicap,Away +0,away,away@+0,+0,3.96,2026-08-21T14:32:46Z
2026-08-21T14:32:46Z,apifb211687,Parva Liga,2026-08-21T18:15:00+00:00,Cherno More Varna,FK Dunav Ruse,apifb:1xBet,asian_handicap,Home +0.25,home,home@+0.25,+0.25,1.13,2026-08-21T14:32:46Z
2026-08-21T14:32:46Z,apifb211687,Parva Liga,2026-08-21T18:15:00+00:00,Cherno More Varna,FK Dunav Ruse,apifb:1xBet,asian_handicap,Away +0.25,away,away@+0.25,+0.25,4.55,2026-08-21T14:32:46Z
2026-08-21T14:32:46Z,apifb211687,Parva Liga,2026-08-21T18:15:00+00:00,Cherno More Varna,FK Dunav Ruse,apifb:1xBet,asian_handicap,Home +0.75,home,home@+0.75,+0.75,1.04,2026-08-21T14:32:46Z
2026-08-21T14:32:46Z,apifb211687,Parva Liga,2026-08-21T18:15:00+00:00,Cherno More Varna,FK Dunav Ruse,apifb:1xBet,asian_handicap,Away +0.75,away,away@+0.75,+0.75,6.9,2026-08-21T14:32:46Z
2026-08-21T14:32:46Z,apifb211687,Parva Liga,2026-08-21T18:15:00+00:00,Cherno More Varna,FK Dunav Ruse,apifb:1xBet,asian_handicap,Home -3,home,home@-3,-3,9.9,2026-08-21T14:32:46Z
2026-08-21T14:32:46Z,apifb211687,Parva Liga,2026-08-21T18:15:00+00:00,Cherno More Varna,FK Dunav Ruse,apifb:1xBet,asian_handicap,Away -3,away,away@-3,-3,1.01,2026-08-21T14:32:46Z
2026-08-21T14:32:46Z,apifb211687,Parva Liga,2026-08-21T18:15:00+00:00,Cherno More Varna,FK Dunav Ruse,apifb:1xBet,asian_handicap,Home -2,home,home@-2,-2,4.6,2026-08-21T14:32:46Z
2026-08-21T14:32:46Z,apifb211687,Parva Liga,2026-08-21T18:15:00+00:00,Cherno More Varna,FK Dunav Ruse,apifb:1xBet,asian_handicap,Away -2,away,away@-2,-2,1.13,2026-08-21T14:32:46Z
2026-08-21T14:32:46Z,apifb211687,Parva Liga,2026-08-21T18:15:00+00:00,Cherno More Varna,FK Dunav Ruse,apifb:1xBet,asian_handicap,Home +1,home,home@+1,+1,1.01,2026-08-21T14:32:46Z
2026-08-21T14:32:46Z,apifb211687,Parva Liga,2026-08-21T18:15:00+00:00,Cherno More Varna,FK Dunav Ruse,apifb:1xBet,asian_handicap,Away +1,away,away@+1,+1,10.0,2026-08-21T14:32:46Z
2026-08-21T14:32:46Z,apifb211687,Parva Liga,2026-08-21T18:15:00+00:00,Cherno More Varna,FK Dunav Ruse,apifb:1xBet,asian_handicap,Home -1.75,home,home@-1.75,-1.75,3.28,2026-08-21T14:32:46Z
2026-08-21T14:32:46Z,apifb211687,Parva Liga,2026-08-21T18:15:00+00:00,Cherno More Varna,FK Dunav Ruse,apifb:1xBet,asian_handicap,Away -1.75,away,away@-1.75,-1.75,1.25,2026-08-21T14:32:46Z
2026-08-21T14:32:46Z,apifb211687,Parva Liga,2026-08-21T18:15:00+00:00,Cherno More Varna,FK Dunav Ruse,apifb:1xBet,asian_handicap,Home -1.5,home,home@-1.5,-1.5,2.68,2026-08-21T14:32:46Z
2026-08-21T14:32:46Z,apifb211687,Parva Liga,2026-08-21T18:15:00+00:00,Cherno More Varna,FK Dunav Ruse,apifb:1xBet,asian_handicap,Away -1.5,away,away@-1.5,-1.5,1.37,2026-08-21T14:32:46Z
2026-08-21T14:32:46Z,apifb211687,Parva Liga,2026-08-21T18:15:00+00:00,Cherno More Varna,FK Dunav Ruse,apifb:1xBet,asian_handicap,Home +1.5,home,home@+1.5,+1.5,1.01,2026-08-21T14:32:46Z
2026-08-21T14:32:46Z,apifb211687,Parva Liga,2026-08-21T18:15:00+00:00,Cherno More Varna,FK Dunav Ruse,apifb:1xBet,asian_handicap,Away +1.5,away,away@+1.5,+1.5,9.6,2026-08-21T14:32:46Z
2026-08-21T14:32:46Z,apifb211687,Parva Liga,2026-08-21T18:15:00+00:00,Cherno More Varna,FK Dunav Ruse,apifb:1xBet,asian_handicap,Home -2.5,home,home@-2.5,-2.5,5.4,2026-08-21T14:32:46Z
2026-08-21T14:32:46Z,apifb211687,Parva Liga,2026-08-21T18:15:00+00:00,Cherno More Varna,FK Dunav Ruse,apifb:1xBet,asian_handicap,Away -2.5,away,away@-2.5,-2.5,1.09,2026-08-21T14:32:46Z
2026-08-21T14:32:46Z,apifb211687,Parva Liga,2026-08-21T18:15:00+00:00,Cherno More Varna,FK Dunav Ruse,apifb:1xBet,asian_handicap,Home -2.25,home,home@-2.25,-2.25,5.0,2026-08-21T14:32:46Z
2026-08-21T14:32:46Z,apifb211687,Parva Liga,2026-08-21T18:15:00+00:00,Cherno More Varna,FK Dunav Ruse,apifb:1xBet,asian_handicap,Away -2.25,away,away@-2.25,-2.25,1.11,2026-08-21T14:32:46Z
2026-08-21T14:32:46Z,apifb211687,Parva Liga,2026-08-21T18:15:00+00:00,Cherno More Varna,FK Dunav Ruse,apifb:1xBet,asian_handicap,Home -3.5,home,home@-3.5,-3.5,9.3,2026-08-21T14:32:46Z
2026-08-21T14:32:46Z,apifb211687,Parva Liga,2026-08-21T18:15:00+00:00,Cherno More Varna,FK Dunav Ruse,apifb:1xBet,asian_handicap,Away -3.5,away,away@-3.5,-3.5,1.02,2026-08-21T14:32:46Z
2026-08-21T14:32:46Z,apifb211687,Parva Liga,2026-08-21T18:15:00+00:00,Cherno More Varna,FK Dunav Ruse,apifb:1xBet,asian_handicap,Home -2.75,home,home@-2.75,-2.75,7.1,2026-08-21T14:32:46Z
2026-08-21T14:32:46Z,apifb211687,Parva Liga,2026-08-21T18:15:00+00:00,Cherno More Varna,FK Dunav Ruse,apifb:1xBet,asian_handicap,Away -2.75,away,away@-2.75,-2.75,1.04,2026-08-21T14:32:46Z
2026-08-21T14:32:46Z,apifb211687,Parva Liga,2026-08-21T18:15:00+00:00,Cherno More Varna,FK Dunav Ruse,apifb:1xBet,totals,Over 1.5,over,over@1.5,1.5,1.3,2026-08-21T14:32:46Z
2026-08-21T14:32:46Z,apifb211687,Parva Liga,2026-08-21T18:15:00+00:00,Cherno More Varna,FK Dunav Ruse,apifb:1xBet,totals,Under 1.5,under,under@1.5,1.5,2.97,2026-08-21T14:32:46Z
2026-08-21T14:32:46Z,apifb211687,Parva Liga,2026-08-21T18:15:00+00:00,Cherno More Varna,FK Dunav Ruse,apifb:1xBet,totals,Over 1.75,over,over@1.75,1.75,1.4,2026-08-21T14:32:46Z
2026-08-21T14:32:46Z,apifb211687,Parva Liga,2026-08-21T18:15:00+00:00,Cherno More Varna,FK Dunav Ruse,apifb:1xBet,totals,Under 1.75,under,under@1.75,1.75,2.64,2026-08-21T14:32:46Z
2026-08-21T14:32:46Z,apifb211687,Parva Liga,2026-08-21T18:15:00+00:00,Cherno More Varna,FK Dunav Ruse,apifb:1xBet,totals,Over 2.0,over,over@2.0,2.0,1.52,2026-08-21T14:32:46Z
2026-08-21T14:32:46Z,apifb211687,Parva Liga,2026-08-21T18:15:00+00:00,Cherno More Varna,FK Dunav Ruse,apifb:1xBet,totals,Under 2.0,under,under@2.0,2.0,2.29,2026-08-21T14:32:46Z
2026-08-21T14:32:46Z,apifb211687,Parva Liga,2026-08-21T18:15:00+00:00,Cherno More Varna,FK Dunav Ruse,apifb:1xBet,totals,Over 2.25,over,over@2.25,2.25,1.82,2026-08-21T14:32:46Z
2026-08-21T14:32:46Z,apifb211687,Parva Liga,2026-08-21T18:15:00+00:00,Cherno More Varna,FK Dunav Ruse,apifb:1xBet,totals,Under 2.25,under,under@2.25,2.25,1.94,2026-08-21T14:32:46Z
2026-08-21T14:32:46Z,apifb211687,Parva Liga,2026-08-21T18:15:00+00:00,Cherno More Varna,FK Dunav Ruse,apifb:1xBet,totals,Over 2.5,over,over@2.5,2.5,2.06,2026-08-21T14:32:46Z
2026-08-21T14:32:46Z,apifb211687,Parva Liga,2026-08-21T18:15:00+00:00,Cherno More Varna,FK Dunav Ruse,apifb:1xBet,totals,Under 2.5,under,under@2.5,2.5,1.72,2026-08-21T14:32:46Z
2026-08-21T14:32:46Z,apifb211687,Parva Liga,2026-08-21T18:15:00+00:00,Cherno More Varna,FK Dunav Ruse,apifb:1xBet,totals,Over 2.75,over,over@2.75,2.75,2.33,2026-08-21T14:32:46Z
2026-08-21T14:32:46Z,apifb211687,Parva Liga,2026-08-21T18:15:00+00:00,Cherno More Varna,FK Dunav Ruse,apifb:1xBet,totals,Under 2.75,under,under@2.75,2.75,1.5,2026-08-21T14:32:46Z
2026-08-21T14:32:46Z,apifb211687,Parva Liga,2026-08-21T18:15:00+00:00,Cherno More Varna,FK Dunav Ruse,apifb:1xBet,totals,Over 3.5,over,over@3.5,3.5,3.5,2026-08-21T14:32:46Z
2026-08-21T14:32:46Z,apifb211687,Parva Liga,2026-08-21T18:15:00+00:00,Cherno More Varna,FK Dunav Ruse,apifb:1xBet,totals,Under 3.5,under,under@3.5,3.5,1.22,2026-08-21T14:32:46Z
2026-08-21T14:32:46Z,apifb211687,Parva Liga,2026-08-21T18:15:00+00:00,Cherno More Varna,FK Dunav Ruse,apifb:1xBet,totals,Over 0.5,over,over@0.5,0.5,1.01,2026-08-21T14:32:46Z
2026-08-21T14:32:46Z,apifb211687,Parva Liga,2026-08-21T18:15:00+00:00,Cherno More Varna,FK Dunav Ruse,apifb:1xBet,totals,Under 0.5,under,under@0.5,0.5,8.5,2026-08-21T14:32:46Z
2026-08-21T14:32:46Z,apifb211687,Parva Liga,2026-08-21T18:15:00+00:00,Cherno More Varna,FK Dunav Ruse,apifb:1xBet,totals,Over 0.75,over,over@0.75,0.75,1.02,2026-08-21T14:32:46Z
2026-08-21T14:32:46Z,apifb211687,Parva Liga,2026-08-21T18:15:00+00:00,Cherno More Varna,FK Dunav Ruse,apifb:1xBet,totals,Under 0.75,under,under@0.75,0.75,7.8,2026-08-21T14:32:46Z
2026-08-21T14:32:46Z,apifb211687,Parva Liga,2026-08-21T18:15:00+00:00,Cherno More Varna,FK Dunav Ruse,apifb:1xBet,totals,Over 1.0,over,over@1.0,1.0,1.04,2026-08-21T14:32:46Z
2026-08-21T14:32:46Z,apifb211687,Parva Liga,2026-08-21T18:15:00+00:00,Cherno More Varna,FK Dunav Ruse,apifb:1xBet,totals,Under 1.0,under,under@1.0,1.0,7.1,2026-08-21T14:32:46Z
2026-08-21T14:32:46Z,apifb211687,Parva Liga,2026-08-21T18:15:00+00:00,Cherno More Varna,FK Dunav Ruse,apifb:1xBet,totals,Over 1.25,over,over@1.25,1.25,1.17,2026-08-21T14:32:46Z
2026-08-21T14:32:46Z,apifb211687,Parva Liga,2026-08-21T18:15:00+00:00,Cherno More Varna,FK Dunav Ruse,apifb:1xBet,totals,Under 1.25,under,under@1.25,1.25,4.0,2026-08-21T14:32:46Z
2026-08-21T14:32:46Z,apifb211687,Parva Liga,2026-08-21T18:15:00+00:00,Cherno More Varna,FK Dunav Ruse,apifb:1xBet,totals,Over 3.0,over,over@3.0,3.0,2.91,2026-08-21T14:32:46Z
2026-08-21T14:32:46Z,apifb211687,Parva Liga,2026-08-21T18:15:00+00:00,Cherno More Varna,FK Dunav Ruse,apifb:1xBet,totals,Under 3.0,under,under@3.0,3.0,1.33,2026-08-21T14:32:46Z
2026-08-21T14:32:46Z,apifb211687,Parva Liga,2026-08-21T18:15:00+00:00,Cherno More Varna,FK Dunav Ruse,apifb:1xBet,totals,Over 4.5,over,over@4.5,4.5,7.1,2026-08-21T14:32:46Z
2026-08-21T14:32:46Z,apifb211687,Parva Liga,2026-08-21T18:15:00+00:00,Cherno More Varna,FK Dunav Ruse,apifb:1xBet,totals,Under 4.5,under,under@4.5,4.5,1.04,2026-08-21T14:32:46Z
2026-08-21T14:32:46Z,apifb211687,Parva Liga,2026-08-21T18:15:00+00:00,Cherno More Varna,FK Dunav Ruse,apifb:1xBet,totals,Over 3.25,over,over@3.25,3.25,3.23,2026-08-21T14:32:46Z
2026-08-21T14:32:46Z,apifb211687,Parva Liga,2026-08-21T18:15:00+00:00,Cherno More Varna,FK Dunav Ruse,apifb:1xBet,totals,Under 3.25,under,under@3.25,3.25,1.26,2026-08-21T14:32:46Z
2026-08-21T14:32:46Z,apifb211687,Parva Liga,2026-08-21T18:15:00+00:00,Cherno More Varna,FK Dunav Ruse,apifb:1xBet,totals,Over 3.75,over,over@3.75,3.75,4.49,2026-08-21T14:32:46Z
2026-08-21T14:32:46Z,apifb211687,Parva Liga,2026-08-21T18:15:00+00:00,Cherno More Varna,FK Dunav Ruse,apifb:1xBet,totals,Under 3.75,under,under@3.75,3.75,1.13,2026-08-21T14:32:46Z
2026-08-21T14:32:46Z,apifb211687,Parva Liga,2026-08-21T18:15:00+00:00,Cherno More Varna,FK Dunav Ruse,apifb:1xBet,totals,Over 4.0,over,over@4.0,4.0,6.3,2026-08-21T14:32:46Z
2026-08-21T14:32:46Z,apifb211687,Parva Liga,2026-08-21T18:15:00+00:00,Cherno More Varna,FK Dunav Ruse,apifb:1xBet,totals,Under 4.0,under,under@4.0,4.0,1.06,2026-08-21T14:32:46Z
2026-08-21T14:32:46Z,apifb211687,Parva Liga,2026-08-21T18:15:00+00:00,Cherno More Varna,FK Dunav Ruse,apifb:1xBet,totals,Over 4.25,over,over@4.25,4.25,6.7,2026-08-21T14:32:46Z
2026-08-21T14:32:46Z,apifb211687,Parva Liga,2026-08-21T18:15:00+00:00,Cherno More Varna,FK Dunav Ruse,apifb:1xBet,totals,Under 4.25,under,under@4.25,4.25,1.05,2026-08-21T14:32:46Z
2026-08-21T14:32:46Z,apifb211687,Parva Liga,2026-08-21T18:15:00+00:00,Cherno More Varna,FK Dunav Ruse,apifb:1xBet,totals,Over 4.75,over,over@4.75,4.75,6.8,2026-08-21T14:32:46Z
2026-08-21T14:32:46Z,apifb211687,Parva Liga,2026-08-21T18:15:00+00:00,Cherno More Varna,FK Dunav Ruse,apifb:1xBet,totals,Under 4.75,under,under@4.75,4.75,1.04,2026-08-21T14:32:46Z
2026-08-21T14:32:46Z,apifb211687,Parva Liga,2026-08-21T18:15:00+00:00,Cherno More Varna,FK Dunav Ruse,apifb:1xBet,totals,Over 7.5,over,over@7.5,7.5,50.0,2026-08-21T14:32:46Z
2026-08-21T14:32:46Z,apifb211687,Parva Liga,2026-08-21T18:15:00+00:00,Cherno More Varna,FK Dunav Ruse,apifb:1xBet,totals,Under 7.5,under,under@7.5,7.5,1.0,2026-08-21T14:32:46Z
2026-08-21T14:32:46Z,apifb211687,Parva Liga,2026-08-21T18:15:00+00:00,Cherno More Varna,FK Dunav Ruse,apifb:1xBet,totals,Over 5.5,over,over@5.5,5.5,19.0,2026-08-21T14:32:46Z
2026-08-21T14:32:46Z,apifb211687,Parva Liga,2026-08-21T18:15:00+00:00,Cherno More Varna,FK Dunav Ruse,apifb:1xBet,totals,Under 5.5,under,under@5.5,5.5,1.02,2026-08-21T14:32:46Z
2026-08-21T14:32:46Z,apifb211687,Parva Liga,2026-08-21T18:15:00+00:00,Cherno More Varna,FK Dunav Ruse,apifb:1xBet,totals,Over 6.5,over,over@6.5,6.5,41.0,2026-08-21T14:32:46Z
2026-08-21T14:32:46Z,apifb211687,Parva Liga,2026-08-21T18:15:00+00:00,Cherno More Varna,FK Dunav Ruse,apifb:1xBet,totals,Under 6.5,under,under@6.5,6.5,1.0,2026-08-21T14:32:46Z
2026-08-21T14:32:46Z,apifb211687,Parva Liga,2026-08-21T18:15:00+00:00,Cherno More Varna,FK Dunav Ruse,apifb:Betano,h2h,Home,home,home,,1.62,2026-08-21T14:32:46Z
2026-08-21T14:32:46Z,apifb211687,Parva Liga,2026-08-21T18:15:00+00:00,Cherno More Varna,FK Dunav Ruse,apifb:Betano,h2h,Draw,draw,draw,,3.7,2026-08-21T14:32:46Z
2026-08-21T14:32:46Z,apifb211687,Parva Liga,2026-08-21T18:15:00+00:00,Cherno More Varna,FK Dunav Ruse,apifb:Betano,h2h,Away,away,away,,5.3,2026-08-21T14:32:46Z
2026-08-21T14:32:46Z,apifb211687,Parva Liga,2026-08-21T18:15:00+00:00,Cherno More Varna,FK Dunav Ruse,apifb:Betano,asian_handicap,Home -1.25,home,home@-1.25,-1.25,2.4,2026-08-21T14:32:46Z
2026-08-21T14:32:46Z,apifb211687,Parva Liga,2026-08-21T18:15:00+00:00,Cherno More Varna,FK Dunav Ruse,apifb:Betano,asian_handicap,Away -1.25,away,away@-1.25,-1.25,1.55,2026-08-21T14:32:46Z
2026-08-21T14:32:46Z,apifb211687,Parva Liga,2026-08-21T18:15:00+00:00,Cherno More Varna,FK Dunav Ruse,apifb:Betano,asian_handicap,Home -1,home,home@-1,-1,2.07,2026-08-21T14:32:46Z
2026-08-21T14:32:46Z,apifb211687,Parva Liga,2026-08-21T18:15:00+00:00,Cherno More Varna,FK Dunav Ruse,apifb:Betano,asian_handicap,Away -1,away,away@-1,-1,1.72,2026-08-21T14:32:46Z
2026-08-21T14:32:46Z,apifb211687,Parva Liga,2026-08-21T18:15:00+00:00,Cherno More Varna,FK Dunav Ruse,apifb:Betano,asian_handicap,Home -0.75,home,home@-0.75,-0.75,1.78,2026-08-21T14:32:46Z
2026-08-21T14:32:46Z,apifb211687,Parva Liga,2026-08-21T18:15:00+00:00,Cherno More Varna,FK Dunav Ruse,apifb:Betano,asian_handicap,Away -0.75,away,away@-0.75,-0.75,2.02,2026-08-21T14:32:46Z
2026-08-21T14:32:46Z,apifb211687,Parva Liga,2026-08-21T18:15:00+00:00,Cherno More Varna,FK Dunav Ruse,apifb:Betano,asian_handicap,Home -0.5,home,home@-0.5,-0.5,1.6,2026-08-21T14:32:46Z
2026-08-21T14:32:46Z,apifb211687,Parva Liga,2026-08-21T18:15:00+00:00,Cherno More Varna,FK Dunav Ruse,apifb:Betano,asian_handicap,Away -0.5,away,away@-0.5,-0.5,2.3,2026-08-21T14:32:46Z
2026-08-21T14:32:46Z,apifb211687,Parva Liga,2026-08-21T18:15:00+00:00,Cherno More Varna,FK Dunav Ruse,apifb:Betano,asian_handicap,Home -1.5,home,home@-1.5,-1.5,2.72,2026-08-21T14:32:46Z
2026-08-21T14:32:46Z,apifb211687,Parva Liga,2026-08-21T18:15:00+00:00,Cherno More Varna,FK Dunav Ruse,apifb:Betano,asian_handicap,Away -1.5,away,away@-1.5,-1.5,1.44,2026-08-21T14:32:46Z
2026-08-21T14:32:46Z,apifb211687,Parva Liga,2026-08-21T18:15:00+00:00,Cherno More Varna,FK Dunav Ruse,apifb:Betano,totals,Over 1.5,over,over@1.5,1.5,1.36,2026-08-21T14:32:46Z
2026-08-21T14:32:46Z,apifb211687,Parva Liga,2026-08-21T18:15:00+00:00,Cherno More Varna,FK Dunav Ruse,apifb:Betano,totals,Under 1.5,under,under@1.5,1.5,3.0,2026-08-21T14:32:46Z
2026-08-21T14:32:46Z,apifb211687,Parva Liga,2026-08-21T18:15:00+00:00,Cherno More Varna,FK Dunav Ruse,apifb:Betano,totals,Over 1.75,over,over@1.75,1.75,1.45,2026-08-21T14:32:46Z
2026-08-21T14:32:46Z,apifb211687,Parva Liga,2026-08-21T18:15:00+00:00,Cherno More Varna,FK Dunav Ruse,apifb:Betano,totals,Under 1.75,under,under@1.75,1.75,2.7,2026-08-21T14:32:46Z
2026-08-21T14:32:46Z,apifb211687,Parva Liga,2026-08-21T18:15:00+00:00,Cherno More Varna,FK Dunav Ruse,apifb:Betano,totals,Over 2.0,over,over@2.0,2.0,1.57,2026-08-21T14:32:46Z
2026-08-21T14:32:46Z,apifb211687,Parva Liga,2026-08-21T18:15:00+00:00,Cherno More Varna,FK Dunav Ruse,apifb:Betano,totals,Under 2.0,under,under@2.0,2.0,2.35,2026-08-21T14:32:46Z
2026-08-21T14:32:46Z,apifb211687,Parva Liga,2026-08-21T18:15:00+00:00,Cherno More Varna,FK Dunav Ruse,apifb:Betano,totals,Over 2.25,over,over@2.25,2.25,1.83,2026-08-21T14:32:46Z
2026-08-21T14:32:46Z,apifb211687,Parva Liga,2026-08-21T18:15:00+00:00,Cherno More Varna,FK Dunav Ruse,apifb:Betano,totals,Under 2.25,under,under@2.25,2.25,1.95,2026-08-21T14:32:46Z
2026-08-21T14:32:46Z,apifb211687,Parva Liga,2026-08-21T18:15:00+00:00,Cherno More Varna,FK Dunav Ruse,apifb:Betano,totals,Over 2.5,over,over@2.5,2.5,2.07,2026-08-21T14:32:46Z
2026-08-21T14:32:46Z,apifb211687,Parva Liga,2026-08-21T18:15:00+00:00,Cherno More Varna,FK Dunav Ruse,apifb:Betano,totals,Under 2.5,under,under@2.5,2.5,1.72,2026-08-21T14:32:46Z
2026-08-21T14:32:46Z,apifb211687,Parva Liga,2026-08-21T18:15:00+00:00,Cherno More Varna,FK Dunav Ruse,apifb:Betano,totals,Over 2.75,over,over@2.75,2.75,2.4,2026-08-21T14:32:46Z
2026-08-21T14:32:46Z,apifb211687,Parva Liga,2026-08-21T18:15:00+00:00,Cherno More Varna,FK Dunav Ruse,apifb:Betano,totals,Under 2.75,under,under@2.75,2.75,1.55,2026-08-21T14:32:46Z
2026-08-21T14:32:46Z,apifb211687,Parva Liga,2026-08-21T18:15:00+00:00,Cherno More Varna,FK Dunav Ruse,apifb:Betano,totals,Over 3.5,over,over@3.5,3.5,3.55,2026-08-21T14:32:46Z
2026-08-21T14:32:46Z,apifb211687,Parva Liga,2026-08-21T18:15:00+00:00,Cherno More Varna,FK Dunav Ruse,apifb:Betano,totals,Under 3.5,under,under@3.5,3.5,1.27,2026-08-21T14:32:46Z
2026-08-21T14:32:46Z,apifb211687,Parva Liga,2026-08-21T18:15:00+00:00,Cherno More Varna,FK Dunav Ruse,apifb:Betano,totals,Over 0.5,over,over@0.5,0.5,1.07,2026-08-21T14:32:46Z
2026-08-21T14:32:46Z,apifb211687,Parva Liga,2026-08-21T18:15:00+00:00,Cherno More Varna,FK Dunav Ruse,apifb:Betano,totals,Under 0.5,under,under@0.5,0.5,7.2,2026-08-21T14:32:46Z
2026-08-21T14:32:46Z,apifb211687,Parva Liga,2026-08-21T18:15:00+00:00,Cherno More Varna,FK Dunav Ruse,apifb:Betano,totals,Over 3.0,over,over@3.0,3.0,2.75,2026-08-21T14:32:46Z
2026-08-21T14:32:46Z,apifb211687,Parva Liga,2026-08-21T18:15:00+00:00,Cherno More Varna,FK Dunav Ruse,apifb:Betano,totals,Under 3.0,under,under@3.0,3.0,1.44,2026-08-21T14:32:46Z
2026-08-21T14:32:46Z,apifb211687,Parva Liga,2026-08-21T18:15:00+00:00,Cherno More Varna,FK Dunav Ruse,apifb:Betano,totals,Over 4.5,over,over@4.5,4.5,6.4,2026-08-21T14:32:46Z
2026-08-21T14:32:46Z,apifb211687,Parva Liga,2026-08-21T18:15:00+00:00,Cherno More Varna,FK Dunav Ruse,apifb:Betano,totals,Under 4.5,under,under@4.5,4.5,1.1,2026-08-21T14:32:46Z
2026-08-21T14:32:46Z,apifb211687,Parva Liga,2026-08-21T18:15:00+00:00,Cherno More Varna,FK Dunav Ruse,apifb:Betano,totals,Over 3.25,over,over@3.25,3.25,2.77,2026-08-21T14:32:46Z
2026-08-21T14:32:46Z,apifb211687,Parva Liga,2026-08-21T18:15:00+00:00,Cherno More Varna,FK Dunav Ruse,apifb:Betano,totals,Under 3.25,under,under@3.25,3.25,1.44,2026-08-21T14:32:46Z
2026-08-21T14:32:46Z,apifb211687,Parva Liga,2026-08-21T18:15:00+00:00,Cherno More Varna,FK Dunav Ruse,apifb:Betano,totals,Over 5.5,over,over@5.5,5.5,10.25,2026-08-21T14:32:46Z
2026-08-21T14:32:46Z,apifb211687,Parva Liga,2026-08-21T18:15:00+00:00,Cherno More Varna,FK Dunav Ruse,apifb:Betano,totals,Under 5.5,under,under@5.5,5.5,1.03,2026-08-21T14:32:46Z
2026-08-21T14:32:46Z,apifb211687,Parva Liga,2026-08-21T18:15:00+00:00,Cherno More Varna,FK Dunav Ruse,apifb:Betano,totals,Over 6.5,over,over@6.5,6.5,12.5,2026-08-21T14:32:46Z
2026-08-21T14:32:46Z,apifb211687,Parva Liga,2026-08-21T18:15:00+00:00,Cherno More Varna,FK Dunav Ruse,apifb:Betano,totals,Under 6.5,under,under@6.5,6.5,1.01,2026-08-21T14:32:46Z
2026-08-21T14:32:46Z,apifb211687,Parva Liga,2026-08-21T18:15:00+00:00,Cherno More Varna,FK Dunav Ruse,apifb:Superbet,h2h,Home,home,home,,1.59,2026-08-21T14:32:46Z
2026-08-21T14:32:46Z,apifb211687,Parva Liga,2026-08-21T18:15:00+00:00,Cherno More Varna,FK Dunav Ruse,apifb:Superbet,h2h,Draw,draw,draw,,3.75,2026-08-21T14:32:46Z
2026-08-21T14:32:46Z,apifb211687,Parva Liga,2026-08-21T18:15:00+00:00,Cherno More Varna,FK Dunav Ruse,apifb:Superbet,h2h,Away,away,away,,5.25,2026-08-21T14:32:46Z
2026-08-21T14:32:46Z,apifb211687,Parva Liga,2026-08-21T18:15:00+00:00,Cherno More Varna,FK Dunav Ruse,apifb:Superbet,asian_handicap,Home -0.5,home,home@-0.5,-0.5,1.56,2026-08-21T14:32:46Z
2026-08-21T14:32:46Z,apifb211687,Parva Liga,2026-08-21T18:15:00+00:00,Cherno More Varna,FK Dunav Ruse,apifb:Superbet,asian_handicap,Away -0.5,away,away@-0.5,-0.5,2.27,2026-08-21T14:32:46Z
2026-08-21T14:32:46Z,apifb211687,Parva Liga,2026-08-21T18:15:00+00:00,Cherno More Varna,FK Dunav Ruse,apifb:Superbet,asian_handicap,Home +0.5,home,home@+0.5,+0.5,1.14,2026-08-21T14:32:46Z
2026-08-21T14:32:46Z,apifb211687,Parva Liga,2026-08-21T18:15:00+00:00,Cherno More Varna,FK Dunav Ruse,apifb:Superbet,asian_handicap,Away +0.5,away,away@+0.5,+0.5,4.9,2026-08-21T14:32:46Z
2026-08-21T14:32:46Z,apifb211687,Parva Liga,2026-08-21T18:15:00+00:00,Cherno More Varna,FK Dunav Ruse,apifb:Superbet,asian_handicap,Home -1.5,home,home@-1.5,-1.5,2.62,2026-08-21T14:32:46Z
2026-08-21T14:32:46Z,apifb211687,Parva Liga,2026-08-21T18:15:00+00:00,Cherno More Varna,FK Dunav Ruse,apifb:Superbet,asian_handicap,Away -1.5,away,away@-1.5,-1.5,1.43,2026-08-21T14:32:46Z
2026-08-21T14:32:46Z,apifb211687,Parva Liga,2026-08-21T18:15:00+00:00,Cherno More Varna,FK Dunav Ruse,apifb:Superbet,asian_handicap,Home +1.5,home,home@+1.5,+1.5,1.02,2026-08-21T14:32:46Z
2026-08-21T14:32:46Z,apifb211687,Parva Liga,2026-08-21T18:15:00+00:00,Cherno More Varna,FK Dunav Ruse,apifb:Superbet,asian_handicap,Away +1.5,away,away@+1.5,+1.5,13.0,2026-08-21T14:32:46Z
2026-08-21T14:32:46Z,apifb211687,Parva Liga,2026-08-21T18:15:00+00:00,Cherno More Varna,FK Dunav Ruse,apifb:Superbet,asian_handicap,Home -2.5,home,home@-2.5,-2.5,5.2,2026-08-21T14:32:46Z
2026-08-21T14:32:46Z,apifb211687,Parva Liga,2026-08-21T18:15:00+00:00,Cherno More Varna,FK Dunav Ruse,apifb:Superbet,asian_handicap,Away -2.5,away,away@-2.5,-2.5,1.13,2026-08-21T14:32:46Z
2026-08-21T14:32:46Z,apifb211687,Parva Liga,2026-08-21T18:15:00+00:00,Cherno More Varna,FK Dunav Ruse,apifb:Superbet,totals,Over 1.5,over,over@1.5,1.5,1.35,2026-08-21T14:32:46Z
2026-08-21T14:32:46Z,apifb211687,Parva Liga,2026-08-21T18:15:00+00:00,Cherno More Varna,FK Dunav Ruse,apifb:Superbet,totals,Under 1.5,under,under@1.5,1.5,2.95,2026-08-21T14:32:46Z
2026-08-21T14:32:46Z,apifb211687,Parva Liga,2026-08-21T18:15:00+00:00,Cherno More Varna,FK Dunav Ruse,apifb:Superbet,totals,Over 2.5,over,over@2.5,2.5,2.07,2026-08-21T14:32:46Z
2026-08-21T14:32:46Z,apifb211687,Parva Liga,2026-08-21T18:15:00+00:00,Cherno More Varna,FK Dunav Ruse,apifb:Superbet,totals,Under 2.5,under,under@2.5,2.5,1.68,2026-08-21T14:32:46Z
2026-08-21T14:32:46Z,apifb211687,Parva Liga,2026-08-21T18:15:00+00:00,Cherno More Varna,FK Dunav Ruse,apifb:Superbet,totals,Over 3.5,over,over@3.5,3.5,3.65,2026-08-21T14:32:46Z
2026-08-21T14:32:46Z,apifb211687,Parva Liga,2026-08-21T18:15:00+00:00,Cherno More Varna,FK Dunav Ruse,apifb:Superbet,totals,Under 3.5,under,under@3.5,3.5,1.24,2026-08-21T14:32:46Z
2026-08-21T14:32:46Z,apifb211687,Parva Liga,2026-08-21T18:15:00+00:00,Cherno More Varna,FK Dunav Ruse,apifb:Superbet,totals,Over 0.5,over,over@0.5,0.5,1.05,2026-08-21T14:32:46Z
2026-08-21T14:32:46Z,apifb211687,Parva Liga,2026-08-21T18:15:00+00:00,Cherno More Varna,FK Dunav Ruse,apifb:Superbet,totals,Under 0.5,under,under@0.5,0.5,8.0,2026-08-21T14:32:46Z
2026-08-21T14:32:46Z,apifb211687,Parva Liga,2026-08-21T18:15:00+00:00,Cherno More Varna,FK Dunav Ruse,apifb:Superbet,totals,Over 4.5,over,over@4.5,4.5,7.0,2026-08-21T14:32:46Z
2026-08-21T14:32:46Z,apifb211687,Parva Liga,2026-08-21T18:15:00+00:00,Cherno More Varna,FK Dunav Ruse,apifb:Superbet,totals,Under 4.5,under,under@4.5,4.5,1.07,2026-08-21T14:32:46Z
2026-08-21T14:32:46Z,apifb211687,Parva Liga,2026-08-21T18:15:00+00:00,Cherno More Varna,FK Dunav Ruse,apifb:888Sport,h2h,Home,home,home,,1.57,2026-08-21T14:32:46Z
2026-08-21T14:32:46Z,apifb211687,Parva Liga,2026-08-21T18:15:00+00:00,Cherno More Varna,FK Dunav Ruse,apifb:888Sport,h2h,Draw,draw,draw,,3.5,2026-08-21T14:32:46Z
2026-08-21T14:32:46Z,apifb211687,Parva Liga,2026-08-21T18:15:00+00:00,Cherno More Varna,FK Dunav Ruse,apifb:888Sport,h2h,Away,away,away,,5.0,2026-08-21T14:32:46Z
2026-08-21T14:32:46Z,apifb211687,Parva Liga,2026-08-21T18:15:00+00:00,Cherno More Varna,FK Dunav Ruse,apifb:888Sport,totals,Over 1.5,over,over@1.5,1.5,1.36,2026-08-21T14:32:46Z
2026-08-21T14:32:46Z,apifb211687,Parva Liga,2026-08-21T18:15:00+00:00,Cherno More Varna,FK Dunav Ruse,apifb:888Sport,totals,Under 1.5,under,under@1.5,1.5,2.9,2026-08-21T14:32:46Z
2026-08-21T14:32:46Z,apifb211687,Parva Liga,2026-08-21T18:15:00+00:00,Cherno More Varna,FK Dunav Ruse,apifb:888Sport,totals,Over 2.5,over,over@2.5,2.5,2.05,2026-08-21T14:32:46Z
2026-08-21T14:32:46Z,apifb211687,Parva Liga,2026-08-21T18:15:00+00:00,Cherno More Varna,FK Dunav Ruse,apifb:888Sport,totals,Under 2.5,under,under@2.5,2.5,1.67,2026-08-21T14:32:46Z
2026-08-21T14:32:46Z,apifb211687,Parva Liga,2026-08-21T18:15:00+00:00,Cherno More Varna,FK Dunav Ruse,apifb:888Sport,totals,Over 3.5,over,over@3.5,3.5,3.8,2026-08-21T14:32:46Z
2026-08-21T14:32:46Z,apifb211687,Parva Liga,2026-08-21T18:15:00+00:00,Cherno More Varna,FK Dunav Ruse,apifb:888Sport,totals,Under 3.5,under,under@3.5,3.5,1.22,2026-08-21T14:32:46Z
2026-08-21T14:32:46Z,apifb211687,Parva Liga,2026-08-21T18:15:00+00:00,Cherno More Varna,FK Dunav Ruse,apifb:888Sport,totals,Over 0.5,over,over@0.5,0.5,1.06,2026-08-21T14:32:46Z
2026-08-21T14:32:46Z,apifb211687,Parva Liga,2026-08-21T18:15:00+00:00,Cherno More Varna,FK Dunav Ruse,apifb:888Sport,totals,Under 0.5,under,under@0.5,0.5,8.5,2026-08-21T14:32:46Z
2026-08-21T14:32:46Z,apifb211687,Parva Liga,2026-08-21T18:15:00+00:00,Cherno More Varna,FK Dunav Ruse,apifb:888Sport,totals,Over 4.5,over,over@4.5,4.5,7.5,2026-08-21T14:32:46Z
2026-08-21T14:32:46Z,apifb211687,Parva Liga,2026-08-21T18:15:00+00:00,Cherno More Varna,FK Dunav Ruse,apifb:888Sport,totals,Under 4.5,under,under@4.5,4.5,1.06,2026-08-21T14:32:46Z
2026-08-21T14:32:46Z,apifb211687,Parva Liga,2026-08-21T18:15:00+00:00,Cherno More Varna,FK Dunav Ruse,apifb:888Sport,totals,Over 5.5,over,over@5.5,5.5,19.0,2026-08-21T14:32:46Z
2026-08-21T14:32:46Z,apifb211687,Parva Liga,2026-08-21T18:15:00+00:00,Cherno More Varna,FK Dunav Ruse,apifb:888Sport,totals,Under 5.5,under,under@5.5,5.5,1.02,2026-08-21T14:32:46Z
2026-08-21T14:32:46Z,apifb211687,Parva Liga,2026-08-21T18:15:00+00:00,Cherno More Varna,FK Dunav Ruse,apifb:Dafabet,h2h,Home,home,home,,1.6,2026-08-21T14:32:46Z
2026-08-21T14:32:46Z,apifb211687,Parva Liga,2026-08-21T18:15:00+00:00,Cherno More Varna,FK Dunav Ruse,apifb:Dafabet,h2h,Draw,draw,draw,,3.8,2026-08-21T14:32:46Z
2026-08-21T14:32:46Z,apifb211687,Parva Liga,2026-08-21T18:15:00+00:00,Cherno More Varna,FK Dunav Ruse,apifb:Dafabet,h2h,Away,away,away,,5.6,2026-08-21T14:32:46Z
2026-08-21T14:32:46Z,211869,Ekstraklasa,2026-08-21T18:30:00Z,KS Cracovia,Wieczysta Kraków,tipico_de,h2h,Cracovia Kraków,home,home,,2.1,2026-08-21T14:32:38Z
2026-08-21T14:32:46Z,211869,Ekstraklasa,2026-08-21T18:30:00Z,KS Cracovia,Wieczysta Kraków,tipico_de,h2h,Wieczysta Kraków,away,away,,3.2,2026-08-21T14:32:38Z
2026-08-21T14:32:46Z,211869,Ekstraklasa,2026-08-21T18:30:00Z,KS Cracovia,Wieczysta Kraków,tipico_de,h2h,Draw,draw,draw,,3.4,2026-08-21T14:32:38Z
2026-08-21T14:32:46Z,211869,Ekstraklasa,2026-08-21T18:30:00Z,KS Cracovia,Wieczysta Kraków,tipico_de,totals,Over,over,over@2.5,2.50,1.75,2026-08-21T14:32:38Z
2026-08-21T14:32:46Z,211869,Ekstraklasa,2026-08-21T18:30:00Z,KS Cracovia,Wieczysta Kraków,tipico_de,totals,Under,under,under@2.5,2.50,1.93,2026-08-21T14:32:38Z
2026-08-21T14:32:46Z,211869,Ekstraklasa,2026-08-21T18:30:00Z,KS Cracovia,Wieczysta Kraków,smarkets,h2h,Cracovia Kraków,home,home,,2.34,2026-08-21T14:32:59Z
2026-08-21T14:32:46Z,211869,Ekstraklasa,2026-08-21T18:30:00Z,KS Cracovia,Wieczysta Kraków,smarkets,h2h,Wieczysta Kraków,away,away,,3.35,2026-08-21T14:32:59Z
2026-08-21T14:32:46Z,211869,Ekstraklasa,2026-08-21T18:30:00Z,KS Cracovia,Wieczysta Kraków,smarkets,h2h,Draw,draw,draw,,3.5,2026-08-21T14:32:59Z
2026-08-21T14:32:46Z,211869,Ekstraklasa,2026-08-21T18:30:00Z,KS Cracovia,Wieczysta Kraków,smarkets,h2h_lay,Cracovia Kraków,h2h_lay,h2h_lay,,2.4,2026-08-21T14:32:59Z
2026-08-21T14:32:46Z,211869,Ekstraklasa,2026-08-21T18:30:00Z,KS Cracovia,Wieczysta Kraków,smarkets,h2h_lay,Wieczysta Kraków,h2h_lay,h2h_lay,,3.4,2026-08-21T14:32:59Z
2026-08-21T14:32:46Z,211869,Ekstraklasa,2026-08-21T18:30:00Z,KS Cracovia,Wieczysta Kraków,smarkets,h2h_lay,Draw,h2h_lay,h2h_lay,,3.55,2026-08-21T14:32:59Z
2026-08-21T14:32:46Z,211869,Ekstraklasa,2026-08-21T18:30:00Z,KS Cracovia,Wieczysta Kraków,ladbrokes_uk,h2h,Cracovia Kraków,home,home,,2.2,2026-08-21T14:32:06Z
2026-08-21T14:32:46Z,211869,Ekstraklasa,2026-08-21T18:30:00Z,KS Cracovia,Wieczysta Kraków,ladbrokes_uk,h2h,Wieczysta Kraków,away,away,,2.9,2026-08-21T14:32:06Z
2026-08-21T14:32:46Z,211869,Ekstraklasa,2026-08-21T18:30:00Z,KS Cracovia,Wieczysta Kraków,ladbrokes_uk,h2h,Draw,draw,draw,,3.2,2026-08-21T14:32:06Z
2026-08-21T14:32:46Z,211869,Ekstraklasa,2026-08-21T18:30:00Z,KS Cracovia,Wieczysta Kraków,nordicbet,h2h,Cracovia Kraków,home,home,,2.22,2026-08-21T14:32:39Z
2026-08-21T14:32:46Z,211869,Ekstraklasa,2026-08-21T18:30:00Z,KS Cracovia,Wieczysta Kraków,nordicbet,h2h,Wieczysta Kraków,away,away,,3.0,2026-08-21T14:32:39Z
2026-08-21T14:32:46Z,211869,Ekstraklasa,2026-08-21T18:30:00Z,KS Cracovia,Wieczysta Kraków,nordicbet,h2h,Draw,draw,draw,,3.25,2026-08-21T14:32:39Z
2026-08-21T14:32:46Z,211869,Ekstraklasa,2026-08-21T18:30:00Z,KS Cracovia,Wieczysta Kraków,nordicbet,totals,Over,over,over@2.5,2.50,1.82,2026-08-21T14:32:39Z
2026-08-21T14:32:46Z,211869,Ekstraklasa,2026-08-21T18:30:00Z,KS Cracovia,Wieczysta Kraków,nordicbet,totals,Under,under,under@2.5,2.50,1.88,2026-08-21T14:32:39Z
2026-08-21T14:32:46Z,211869,Ekstraklasa,2026-08-21T18:30:00Z,KS Cracovia,Wieczysta Kraków,coolbet,h2h,Cracovia Kraków,home,home,,2.25,2026-08-21T14:32:39Z
2026-08-21T14:32:46Z,211869,Ekstraklasa,2026-08-21T18:30:00Z,KS Cracovia,Wieczysta Kraków,coolbet,h2h,Wieczysta Kraków,away,away,,3.15,2026-08-21T14:32:39Z
2026-08-21T14:32:46Z,211869,Ekstraklasa,2026-08-21T18:30:00Z,KS Cracovia,Wieczysta Kraków,coolbet,h2h,Draw,draw,draw,,3.5,2026-08-21T14:32:39Z
2026-08-21T14:32:46Z,211869,Ekstraklasa,2026-08-21T18:30:00Z,KS Cracovia,Wieczysta Kraków,coolbet,spreads,Cracovia Kraków,home,home@-1.0,-1,3.31,2026-08-21T14:32:39Z
2026-08-21T14:32:46Z,211869,Ekstraklasa,2026-08-21T18:30:00Z,KS Cracovia,Wieczysta Kraków,coolbet,spreads,Wieczysta Kraków,away,away@1.0,1,1.32,2026-08-21T14:32:39Z
2026-08-21T14:32:46Z,211869,Ekstraklasa,2026-08-21T18:30:00Z,KS Cracovia,Wieczysta Kraków,coolbet,totals,Over,over,over@2.5,2.50,1.85,2026-08-21T14:32:39Z
2026-08-21T14:32:46Z,211869,Ekstraklasa,2026-08-21T18:30:00Z,KS Cracovia,Wieczysta Kraków,coolbet,totals,Under,under,under@2.5,2.50,1.93,2026-08-21T14:32:39Z
2026-08-21T14:32:46Z,211869,Ekstraklasa,2026-08-21T18:30:00Z,KS Cracovia,Wieczysta Kraków,unibet_uk,h2h,Cracovia Kraków,home,home,,2.25,2026-08-21T14:32:08Z
2026-08-21T14:32:46Z,211869,Ekstraklasa,2026-08-21T18:30:00Z,KS Cracovia,Wieczysta Kraków,unibet_uk,h2h,Wieczysta Kraków,away,away,,3.1,2026-08-21T14:32:08Z
2026-08-21T14:32:46Z,211869,Ekstraklasa,2026-08-21T18:30:00Z,KS Cracovia,Wieczysta Kraków,unibet_uk,h2h,Draw,draw,draw,,3.4,2026-08-21T14:32:08Z
2026-08-21T14:32:46Z,211869,Ekstraklasa,2026-08-21T18:30:00Z,KS Cracovia,Wieczysta Kraków,betonlineag,h2h,Cracovia Kraków,home,home,,2.2,2026-08-21T14:32:08Z
2026-08-21T14:32:46Z,211869,Ekstraklasa,2026-08-21T18:30:00Z,KS Cracovia,Wieczysta Kraków,betonlineag,h2h,Wieczysta Kraków,away,away,,3.3,2026-08-21T14:32:08Z
2026-08-21T14:32:46Z,211869,Ekstraklasa,2026-08-21T18:30:00Z,KS Cracovia,Wieczysta Kraków,betonlineag,h2h,Draw,draw,draw,,3.25,2026-08-21T14:32:08Z
2026-08-21T14:32:46Z,211869,Ekstraklasa,2026-08-21T18:30:00Z,KS Cracovia,Wieczysta Kraków,betonlineag,spreads,Cracovia Kraków,home,home@-0.25,-0.25,1.88,2026-08-21T14:32:08Z
2026-08-21T14:32:46Z,211869,Ekstraklasa,2026-08-21T18:30:00Z,KS Cracovia,Wieczysta Kraków,betonlineag,spreads,Wieczysta Kraków,away,away@0.25,0.25,1.93,2026-08-21T14:32:08Z
2026-08-21T14:32:46Z,211869,Ekstraklasa,2026-08-21T18:30:00Z,KS Cracovia,Wieczysta Kraków,betonlineag,totals,Over,over,over@2.75,2.75,2.1,2026-08-21T14:32:08Z
2026-08-21T14:32:46Z,211869,Ekstraklasa,2026-08-21T18:30:00Z,KS Cracovia,Wieczysta Kraków,betonlineag,totals,Under,under,under@2.75,2.75,1.77,2026-08-21T14:32:08Z
2026-08-21T14:32:46Z,211869,Ekstraklasa,2026-08-21T18:30:00Z,KS Cracovia,Wieczysta Kraków,betmgm,h2h,Cracovia Kraków,home,home,,2.25,2026-08-21T14:32:58Z
2026-08-21T14:32:46Z,211869,Ekstraklasa,2026-08-21T18:30:00Z,KS Cracovia,Wieczysta Kraków,betmgm,h2h,Wieczysta Kraków,away,away,,3.0,2026-08-21T14:32:58Z
2026-08-21T14:32:46Z,211869,Ekstraklasa,2026-08-21T18:30:00Z,KS Cracovia,Wieczysta Kraków,betmgm,h2h,Draw,draw,draw,,3.3,2026-08-21T14:32:58Z
2026-08-21T14:32:46Z,211869,Ekstraklasa,2026-08-21T18:30:00Z,KS Cracovia,Wieczysta Kraków,betmgm,totals,Over,over,over@2.5,2.50,1.83,2026-08-21T14:32:58Z
2026-08-21T14:32:46Z,211869,Ekstraklasa,2026-08-21T18:30:00Z,KS Cracovia,Wieczysta Kraków,betmgm,totals,Under,under,under@2.5,2.50,1.85,2026-08-21T14:32:58Z
2026-08-21T14:32:46Z,211869,Ekstraklasa,2026-08-21T18:30:00Z,KS Cracovia,Wieczysta Kraków,betfred_uk,h2h,Cracovia Kraków,home,home,,2.15,2026-08-21T14:32:37Z
2026-08-21T14:32:46Z,211869,Ekstraklasa,2026-08-21T18:30:00Z,KS Cracovia,Wieczysta Kraków,betfred_uk,h2h,Wieczysta Kraków,away,away,,3.0,2026-08-21T14:32:37Z
2026-08-21T14:32:46Z,211869,Ekstraklasa,2026-08-21T18:30:00Z,KS Cracovia,Wieczysta Kraków,betfred_uk,h2h,Draw,draw,draw,,3.4,2026-08-21T14:32:37Z
2026-08-21T14:32:46Z,211869,Ekstraklasa,2026-08-21T18:30:00Z,KS Cracovia,Wieczysta Kraków,coral,h2h,Cracovia Kraków,home,home,,2.2,2026-08-21T14:32:35Z
2026-08-21T14:32:46Z,211869,Ekstraklasa,2026-08-21T18:30:00Z,KS Cracovia,Wieczysta Kraków,coral,h2h,Wieczysta Kraków,away,away,,2.9,2026-08-21T14:32:35Z
2026-08-21T14:32:46Z,211869,Ekstraklasa,2026-08-21T18:30:00Z,KS Cracovia,Wieczysta Kraków,coral,h2h,Draw,draw,draw,,3.2,2026-08-21T14:32:35Z
2026-08-21T14:32:46Z,211869,Ekstraklasa,2026-08-21T18:30:00Z,KS Cracovia,Wieczysta Kraków,codere_it,h2h,Cracovia Kraków,home,home,,2.21,2026-08-21T14:32:08Z
2026-08-21T14:32:46Z,211869,Ekstraklasa,2026-08-21T18:30:00Z,KS Cracovia,Wieczysta Kraków,codere_it,h2h,Wieczysta Kraków,away,away,,3.0,2026-08-21T14:32:08Z
2026-08-21T14:32:46Z,211869,Ekstraklasa,2026-08-21T18:30:00Z,KS Cracovia,Wieczysta Kraków,codere_it,h2h,Draw,draw,draw,,3.3,2026-08-21T14:32:08Z
2026-08-21T14:32:46Z,211869,Ekstraklasa,2026-08-21T18:30:00Z,KS Cracovia,Wieczysta Kraków,codere_it,totals,Over,over,over@2.5,2.50,1.8,2026-08-21T14:32:08Z
2026-08-21T14:32:46Z,211869,Ekstraklasa,2026-08-21T18:30:00Z,KS Cracovia,Wieczysta Kraków,codere_it,totals,Under,under,under@2.5,2.50,1.87,2026-08-21T14:32:08Z
2026-08-21T14:32:46Z,211869,Ekstraklasa,2026-08-21T18:30:00Z,KS Cracovia,Wieczysta Kraków,betway,h2h,Cracovia Kraków,home,home,,2.15,2026-08-21T14:32:08Z
2026-08-21T14:32:46Z,211869,Ekstraklasa,2026-08-21T18:30:00Z,KS Cracovia,Wieczysta Kraków,betway,h2h,Wieczysta Kraków,away,away,,3.1,2026-08-21T14:32:08Z
2026-08-21T14:32:46Z,211869,Ekstraklasa,2026-08-21T18:30:00Z,KS Cracovia,Wieczysta Kraków,betway,h2h,Draw,draw,draw,,3.3,2026-08-21T14:32:08Z
2026-08-21T14:32:46Z,211869,Ekstraklasa,2026-08-21T18:30:00Z,KS Cracovia,Wieczysta Kraków,lowvig,h2h,Cracovia Kraków,home,home,,2.2,2026-08-21T14:32:37Z
2026-08-21T14:32:46Z,211869,Ekstraklasa,2026-08-21T18:30:00Z,KS Cracovia,Wieczysta Kraków,lowvig,h2h,Wieczysta Kraków,away,away,,3.3,2026-08-21T14:32:37Z
2026-08-21T14:32:46Z,211869,Ekstraklasa,2026-08-21T18:30:00Z,KS Cracovia,Wieczysta Kraków,lowvig,h2h,Draw,draw,draw,,3.25,2026-08-21T14:32:37Z
2026-08-21T14:32:46Z,211869,Ekstraklasa,2026-08-21T18:30:00Z,KS Cracovia,Wieczysta Kraków,lowvig,spreads,Cracovia Kraków,home,home@-0.25,-0.25,1.88,2026-08-21T14:32:37Z
2026-08-21T14:32:46Z,211869,Ekstraklasa,2026-08-21T18:30:00Z,KS Cracovia,Wieczysta Kraków,lowvig,spreads,Wieczysta Kraków,away,away@0.25,0.25,1.93,2026-08-21T14:32:37Z
2026-08-21T14:32:46Z,211869,Ekstraklasa,2026-08-21T18:30:00Z,KS Cracovia,Wieczysta Kraków,lowvig,totals,Over,over,over@2.75,2.75,2.1,2026-08-21T14:32:37Z
2026-08-21T14:32:46Z,211869,Ekstraklasa,2026-08-21T18:30:00Z,KS Cracovia,Wieczysta Kraków,lowvig,totals,Under,under,under@2.75,2.75,1.77,2026-08-21T14:32:37Z
2026-08-21T14:32:46Z,211869,Ekstraklasa,2026-08-21T18:30:00Z,KS Cracovia,Wieczysta Kraków,betsson,h2h,Cracovia Kraków,home,home,,2.22,2026-08-21T14:32:10Z
2026-08-21T14:32:46Z,211869,Ekstraklasa,2026-08-21T18:30:00Z,KS Cracovia,Wieczysta Kraków,betsson,h2h,Wieczysta Kraków,away,away,,3.0,2026-08-21T14:32:10Z
2026-08-21T14:32:46Z,211869,Ekstraklasa,2026-08-21T18:30:00Z,KS Cracovia,Wieczysta Kraków,betsson,h2h,Draw,draw,draw,,3.25,2026-08-21T14:32:10Z
2026-08-21T14:32:46Z,211869,Ekstraklasa,2026-08-21T18:30:00Z,KS Cracovia,Wieczysta Kraków,betsson,totals,Over,over,over@2.5,2.50,1.82,2026-08-21T14:32:10Z
2026-08-21T14:32:46Z,211869,Ekstraklasa,2026-08-21T18:30:00Z,KS Cracovia,Wieczysta Kraków,betsson,totals,Under,under,under@2.5,2.50,1.88,2026-08-21T14:32:10Z
2026-08-21T14:32:46Z,211869,Ekstraklasa,2026-08-21T18:30:00Z,KS Cracovia,Wieczysta Kraków,onexbet,h2h,Cracovia Kraków,home,home,,2.2,2026-08-21T14:32:06Z
2026-08-21T14:32:46Z,211869,Ekstraklasa,2026-08-21T18:30:00Z,KS Cracovia,Wieczysta Kraków,onexbet,h2h,Wieczysta Kraków,away,away,,3.19,2026-08-21T14:32:06Z
2026-08-21T14:32:46Z,211869,Ekstraklasa,2026-08-21T18:30:00Z,KS Cracovia,Wieczysta Kraków,onexbet,h2h,Draw,draw,draw,,3.28,2026-08-21T14:32:06Z
2026-08-21T14:32:46Z,211869,Ekstraklasa,2026-08-21T18:30:00Z,KS Cracovia,Wieczysta Kraków,onexbet,spreads,Cracovia Kraków,home,home@0.0,0,1.58,2026-08-21T14:32:06Z
2026-08-21T14:32:46Z,211869,Ekstraklasa,2026-08-21T18:30:00Z,KS Cracovia,Wieczysta Kraków,onexbet,spreads,Wieczysta Kraków,away,away@0.0,0,2.27,2026-08-21T14:32:06Z
2026-08-21T14:32:46Z,211869,Ekstraklasa,2026-08-21T18:30:00Z,KS Cracovia,Wieczysta Kraków,onexbet,totals,Over,over,over@2.5,2.50,1.85,2026-08-21T14:32:06Z
2026-08-21T14:32:46Z,211869,Ekstraklasa,2026-08-21T18:30:00Z,KS Cracovia,Wieczysta Kraków,onexbet,totals,Under,under,under@2.5,2.50,1.9,2026-08-21T14:32:06Z
2026-08-21T14:32:46Z,211869,Ekstraklasa,2026-08-21T18:30:00Z,KS Cracovia,Wieczysta Kraków,betclic_fr,h2h,Cracovia Kraków,home,home,,2.15,2026-08-21T14:32:50Z
2026-08-21T14:32:46Z,211869,Ekstraklasa,2026-08-21T18:30:00Z,KS Cracovia,Wieczysta Kraków,betclic_fr,h2h,Wieczysta Kraków,away,away,,2.97,2026-08-21T14:32:50Z
2026-08-21T14:32:46Z,211869,Ekstraklasa,2026-08-21T18:30:00Z,KS Cracovia,Wieczysta Kraków,betclic_fr,h2h,Draw,draw,draw,,3.25,2026-08-21T14:32:50Z
2026-08-21T14:32:46Z,211869,Ekstraklasa,2026-08-21T18:30:00Z,KS Cracovia,Wieczysta Kraków,skybet,h2h,Cracovia Kraków,home,home,,2.1,2026-08-21T14:32:35Z
2026-08-21T14:32:46Z,211869,Ekstraklasa,2026-08-21T18:30:00Z,KS Cracovia,Wieczysta Kraków,skybet,h2h,Wieczysta Kraków,away,away,,2.9,2026-08-21T14:32:35Z
2026-08-21T14:32:46Z,211869,Ekstraklasa,2026-08-21T18:30:00Z,KS Cracovia,Wieczysta Kraków,skybet,h2h,Draw,draw,draw,,3.3,2026-08-21T14:32:35Z
2026-08-21T14:32:46Z,211869,Ekstraklasa,2026-08-21T18:30:00Z,KS Cracovia,Wieczysta Kraków,fanduel,h2h,Cracovia Kraków,home,home,,2.15,2026-08-21T14:32:37Z
2026-08-21T14:32:46Z,211869,Ekstraklasa,2026-08-21T18:30:00Z,KS Cracovia,Wieczysta Kraków,fanduel,h2h,Wieczysta Kraków,away,away,,3.1,2026-08-21T14:32:37Z
2026-08-21T14:32:46Z,211869,Ekstraklasa,2026-08-21T18:30:00Z,KS Cracovia,Wieczysta Kraków,fanduel,h2h,Draw,draw,draw,,3.5,2026-08-21T14:32:37Z
2026-08-21T14:32:46Z,211869,Ekstraklasa,2026-08-21T18:30:00Z,KS Cracovia,Wieczysta Kraków,winamax_de,h2h,Cracovia Kraków,home,home,,2.15,2026-08-21T14:31:23Z
2026-08-21T14:32:46Z,211869,Ekstraklasa,2026-08-21T18:30:00Z,KS Cracovia,Wieczysta Kraków,winamax_de,h2h,Wieczysta Kraków,away,away,,2.95,2026-08-21T14:31:23Z
2026-08-21T14:32:46Z,211869,Ekstraklasa,2026-08-21T18:30:00Z,KS Cracovia,Wieczysta Kraków,winamax_de,h2h,Draw,draw,draw,,3.35,2026-08-21T14:31:23Z
2026-08-21T14:32:46Z,211869,Ekstraklasa,2026-08-21T18:30:00Z,KS Cracovia,Wieczysta Kraków,paddypower,h2h,Cracovia Kraków,home,home,,2.1,2026-08-21T14:31:22Z
2026-08-21T14:32:46Z,211869,Ekstraklasa,2026-08-21T18:30:00Z,KS Cracovia,Wieczysta Kraków,paddypower,h2h,Wieczysta Kraków,away,away,,3.0,2026-08-21T14:31:22Z
2026-08-21T14:32:46Z,211869,Ekstraklasa,2026-08-21T18:30:00Z,KS Cracovia,Wieczysta Kraków,paddypower,h2h,Draw,draw,draw,,3.4,2026-08-21T14:31:22Z
2026-08-21T14:32:46Z,211869,Ekstraklasa,2026-08-21T18:30:00Z,KS Cracovia,Wieczysta Kraków,betfair_sb_uk,h2h,Cracovia Kraków,home,home,,2.15,2026-08-21T14:32:35Z
2026-08-21T14:32:46Z,211869,Ekstraklasa,2026-08-21T18:30:00Z,KS Cracovia,Wieczysta Kraków,betfair_sb_uk,h2h,Wieczysta Kraków,away,away,,3.0,2026-08-21T14:32:35Z
2026-08-21T14:32:46Z,211869,Ekstraklasa,2026-08-21T18:30:00Z,KS Cracovia,Wieczysta Kraków,betfair_sb_uk,h2h,Draw,draw,draw,,3.5,2026-08-21T14:32:35Z
2026-08-21T14:32:46Z,211869,Ekstraklasa,2026-08-21T18:30:00Z,KS Cracovia,Wieczysta Kraków,betfair_ex_uk,h2h,Cracovia Kraków,home,home,,2.34,2026-08-21T14:32:58Z
2026-08-21T14:32:46Z,211869,Ekstraklasa,2026-08-21T18:30:00Z,KS Cracovia,Wieczysta Kraków,betfair_ex_uk,h2h,Wieczysta Kraków,away,away,,3.3,2026-08-21T14:32:58Z
2026-08-21T14:32:46Z,211869,Ekstraklasa,2026-08-21T18:30:00Z,KS Cracovia,Wieczysta Kraków,betfair_ex_uk,h2h,Draw,draw,draw,,3.5,2026-08-21T14:32:58Z
2026-08-21T14:32:46Z,211869,Ekstraklasa,2026-08-21T18:30:00Z,KS Cracovia,Wieczysta Kraków,betfair_ex_uk,h2h_lay,Cracovia Kraków,h2h_lay,h2h_lay,,2.4,2026-08-21T14:32:58Z
2026-08-21T14:32:46Z,211869,Ekstraklasa,2026-08-21T18:30:00Z,KS Cracovia,Wieczysta Kraków,betfair_ex_uk,h2h_lay,Wieczysta Kraków,h2h_lay,h2h_lay,,3.4,2026-08-21T14:32:58Z
2026-08-21T14:32:46Z,211869,Ekstraklasa,2026-08-21T18:30:00Z,KS Cracovia,Wieczysta Kraków,betfair_ex_uk,h2h_lay,Draw,h2h_lay,h2h_lay,,3.55,2026-08-21T14:32:58Z
2026-08-21T14:32:46Z,211869,Ekstraklasa,2026-08-21T18:30:00Z,KS Cracovia,Wieczysta Kraków,betfair_ex_eu,h2h,Cracovia Kraków,home,home,,2.34,2026-08-21T14:32:37Z
2026-08-21T14:32:46Z,211869,Ekstraklasa,2026-08-21T18:30:00Z,KS Cracovia,Wieczysta Kraków,betfair_ex_eu,h2h,Wieczysta Kraków,away,away,,3.3,2026-08-21T14:32:37Z
2026-08-21T14:32:46Z,211869,Ekstraklasa,2026-08-21T18:30:00Z,KS Cracovia,Wieczysta Kraków,betfair_ex_eu,h2h,Draw,draw,draw,,3.5,2026-08-21T14:32:37Z
2026-08-21T14:32:46Z,211869,Ekstraklasa,2026-08-21T18:30:00Z,KS Cracovia,Wieczysta Kraków,betfair_ex_eu,h2h_lay,Cracovia Kraków,h2h_lay,h2h_lay,,2.4,2026-08-21T14:32:37Z
2026-08-21T14:32:46Z,211869,Ekstraklasa,2026-08-21T18:30:00Z,KS Cracovia,Wieczysta Kraków,betfair_ex_eu,h2h_lay,Wieczysta Kraków,h2h_lay,h2h_lay,,3.4,2026-08-21T14:32:37Z
2026-08-21T14:32:46Z,211869,Ekstraklasa,2026-08-21T18:30:00Z,KS Cracovia,Wieczysta Kraków,betfair_ex_eu,h2h_lay,Draw,h2h_lay,h2h_lay,,3.55,2026-08-21T14:32:37Z
2026-08-21T14:32:46Z,211869,Ekstraklasa,2026-08-21T18:30:00Z,KS Cracovia,Wieczysta Kraków,marathonbet,h2h,Cracovia Kraków,home,home,,2.18,2026-08-21T14:32:36Z
2026-08-21T14:32:46Z,211869,Ekstraklasa,2026-08-21T18:30:00Z,KS Cracovia,Wieczysta Kraków,marathonbet,h2h,Wieczysta Kraków,away,away,,3.18,2026-08-21T14:32:36Z
2026-08-21T14:32:46Z,211869,Ekstraklasa,2026-08-21T18:30:00Z,KS Cracovia,Wieczysta Kraków,marathonbet,h2h,Draw,draw,draw,,3.28,2026-08-21T14:32:36Z
2026-08-21T14:32:46Z,211869,Ekstraklasa,2026-08-21T18:30:00Z,KS Cracovia,Wieczysta Kraków,sport888,h2h,Cracovia Kraków,home,home,,2.2,2026-08-21T14:32:06Z
2026-08-21T14:32:46Z,211869,Ekstraklasa,2026-08-21T18:30:00Z,KS Cracovia,Wieczysta Kraków,sport888,h2h,Wieczysta Kraków,away,away,,3.1,2026-08-21T14:32:06Z
2026-08-21T14:32:46Z,211869,Ekstraklasa,2026-08-21T18:30:00Z,KS Cracovia,Wieczysta Kraków,sport888,h2h,Draw,draw,draw,,3.1,2026-08-21T14:32:06Z
2026-08-21T14:32:46Z,211869,Ekstraklasa,2026-08-21T18:30:00Z,KS Cracovia,Wieczysta Kraków,betano_uk,h2h,Cracovia Kraków,home,home,,2.2,2026-08-21T14:31:57Z
2026-08-21T14:32:46Z,211869,Ekstraklasa,2026-08-21T18:30:00Z,KS Cracovia,Wieczysta Kraków,betano_uk,h2h,Wieczysta Kraków,away,away,,3.0,2026-08-21T14:31:57Z
2026-08-21T14:32:46Z,211869,Ekstraklasa,2026-08-21T18:30:00Z,KS Cracovia,Wieczysta Kraków,betano_uk,h2h,Draw,draw,draw,,3.3,2026-08-21T14:31:57Z
2026-08-21T14:32:46Z,211869,Ekstraklasa,2026-08-21T18:30:00Z,KS Cracovia,Wieczysta Kraków,betvictor,h2h,Cracovia Kraków,home,home,,2.2,2026-08-21T14:32:22Z
2026-08-21T14:32:46Z,211869,Ekstraklasa,2026-08-21T18:30:00Z,KS Cracovia,Wieczysta Kraków,betvictor,h2h,Wieczysta Kraków,away,away,,3.0,2026-08-21T14:32:22Z
2026-08-21T14:32:46Z,211869,Ekstraklasa,2026-08-21T18:30:00Z,KS Cracovia,Wieczysta Kraków,betvictor,h2h,Draw,draw,draw,,3.3,2026-08-21T14:32:22Z
2026-08-21T14:32:46Z,211869,Ekstraklasa,2026-08-21T18:30:00Z,KS Cracovia,Wieczysta Kraków,pinnacle,h2h,Cracovia Kraków,home,home,,2.27,2026-08-21T14:32:40Z
2026-08-21T14:32:46Z,211869,Ekstraklasa,2026-08-21T18:30:00Z,KS Cracovia,Wieczysta Kraków,pinnacle,h2h,Wieczysta Kraków,away,away,,3.29,2026-08-21T14:32:40Z
2026-08-21T14:32:46Z,211869,Ekstraklasa,2026-08-21T18:30:00Z,KS Cracovia,Wieczysta Kraków,pinnacle,h2h,Draw,draw,draw,,3.4,2026-08-21T14:32:40Z
2026-08-21T14:32:46Z,211869,Ekstraklasa,2026-08-21T18:30:00Z,KS Cracovia,Wieczysta Kraków,pinnacle,spreads,Cracovia Kraków,home,home@-0.25,-0.25,1.96,2026-08-21T14:32:40Z
2026-08-21T14:32:46Z,211869,Ekstraklasa,2026-08-21T18:30:00Z,KS Cracovia,Wieczysta Kraków,pinnacle,spreads,Wieczysta Kraków,away,away@0.25,0.25,1.93,2026-08-21T14:32:40Z
2026-08-21T14:32:46Z,211869,Ekstraklasa,2026-08-21T18:30:00Z,KS Cracovia,Wieczysta Kraków,pinnacle,totals,Over,over,over@2.5,2.50,1.89,2026-08-21T14:32:40Z
2026-08-21T14:32:46Z,211869,Ekstraklasa,2026-08-21T18:30:00Z,KS Cracovia,Wieczysta Kraków,pinnacle,totals,Under,under,under@2.5,2.50,1.97,2026-08-21T14:32:40Z
2026-08-21T14:32:46Z,211869,Ekstraklasa,2026-08-21T18:30:00Z,KS Cracovia,Wieczysta Kraków,draftkings,h2h,Cracovia Kraków,home,home,,2.25,2026-08-21T14:32:38Z
2026-08-21T14:32:46Z,211869,Ekstraklasa,2026-08-21T18:30:00Z,KS Cracovia,Wieczysta Kraków,draftkings,h2h,Wieczysta Kraków,away,away,,3.1,2026-08-21T14:32:38Z
2026-08-21T14:32:46Z,211869,Ekstraklasa,2026-08-21T18:30:00Z,KS Cracovia,Wieczysta Kraków,draftkings,h2h,Draw,draw,draw,,3.4,2026-08-21T14:32:38Z
2026-08-21T14:32:46Z,211869,Ekstraklasa,2026-08-21T18:30:00Z,KS Cracovia,Wieczysta Kraków,boylesports,h2h,Cracovia Kraków,home,home,,2.1,2026-08-21T14:32:10Z
2026-08-21T14:32:46Z,211869,Ekstraklasa,2026-08-21T18:30:00Z,KS Cracovia,Wieczysta Kraków,boylesports,h2h,Wieczysta Kraków,away,away,,2.9,2026-08-21T14:32:10Z
2026-08-21T14:32:46Z,211869,Ekstraklasa,2026-08-21T18:30:00Z,KS Cracovia,Wieczysta Kraków,boylesports,h2h,Draw,draw,draw,,3.1,2026-08-21T14:32:10Z
2026-08-21T14:32:46Z,211869,Ekstraklasa,2026-08-21T18:30:00Z,KS Cracovia,Wieczysta Kraków,bovada,h2h,Cracovia Kraków,home,home,,2.19,2026-08-21T14:30:11Z
2026-08-21T14:32:46Z,211869,Ekstraklasa,2026-08-21T18:30:00Z,KS Cracovia,Wieczysta Kraków,bovada,h2h,Wieczysta Kraków,away,away,,3.15,2026-08-21T14:30:11Z
2026-08-21T14:32:46Z,211869,Ekstraklasa,2026-08-21T18:30:00Z,KS Cracovia,Wieczysta Kraków,bovada,h2h,Draw,draw,draw,,3.25,2026-08-21T14:30:11Z
2026-08-21T14:32:46Z,211869,Ekstraklasa,2026-08-21T18:30:00Z,KS Cracovia,Wieczysta Kraków,bovada,spreads,Cracovia Kraków,home,home@-0.25,-0.25,1.93,2026-08-21T14:30:11Z
2026-08-21T14:32:46Z,211869,Ekstraklasa,2026-08-21T18:30:00Z,KS Cracovia,Wieczysta Kraków,bovada,spreads,Wieczysta Kraków,away,away@0.25,0.25,1.89,2026-08-21T14:30:11Z
2026-08-21T14:32:46Z,211869,Ekstraklasa,2026-08-21T18:30:00Z,KS Cracovia,Wieczysta Kraków,bovada,totals,Over,over,over@2.5,2.50,1.87,2026-08-21T14:30:11Z
2026-08-21T14:32:46Z,211869,Ekstraklasa,2026-08-21T18:30:00Z,KS Cracovia,Wieczysta Kraków,bovada,totals,Under,under,under@2.5,2.50,1.95,2026-08-21T14:30:11Z
2026-08-21T14:32:46Z,211869,Ekstraklasa,2026-08-21T18:30:00Z,KS Cracovia,Wieczysta Kraków,betrivers,h2h,Cracovia Kraków,home,home,,1.94,2026-08-21T14:32:35Z
2026-08-21T14:32:46Z,211869,Ekstraklasa,2026-08-21T18:30:00Z,KS Cracovia,Wieczysta Kraków,betrivers,h2h,Wieczysta Kraków,away,away,,3.35,2026-08-21T14:32:35Z
2026-08-21T14:32:46Z,211869,Ekstraklasa,2026-08-21T18:30:00Z,KS Cracovia,Wieczysta Kraków,betrivers,h2h,Draw,draw,draw,,3.35,2026-08-21T14:32:35Z
2026-08-21T14:32:46Z,211869,Ekstraklasa,2026-08-21T18:30:00Z,KS Cracovia,Wieczysta Kraków,betrivers,totals,Over,over,over@2.5,2.50,1.81,2026-08-21T14:32:35Z
2026-08-21T14:32:46Z,211869,Ekstraklasa,2026-08-21T18:30:00Z,KS Cracovia,Wieczysta Kraków,betrivers,totals,Under,under,under@2.5,2.50,1.85,2026-08-21T14:32:35Z
2026-08-21T14:32:46Z,211869,Ekstraklasa,2026-08-21T18:30:00Z,KS Cracovia,Wieczysta Kraków,casumo,h2h,Cracovia Kraków,home,home,,1.97,2026-08-21T14:32:36Z
2026-08-21T14:32:46Z,211869,Ekstraklasa,2026-08-21T18:30:00Z,KS Cracovia,Wieczysta Kraków,casumo,h2h,Wieczysta Kraków,away,away,,3.45,2026-08-21T14:32:36Z
2026-08-21T14:32:46Z,211869,Ekstraklasa,2026-08-21T18:30:00Z,KS Cracovia,Wieczysta Kraków,casumo,h2h,Draw,draw,draw,,3.45,2026-08-21T14:32:36Z
2026-08-21T14:32:46Z,211869,Ekstraklasa,2026-08-21T18:30:00Z,KS Cracovia,Wieczysta Kraków,casumo,totals,Over,over,over@2.5,2.50,1.81,2026-08-21T14:32:36Z
2026-08-21T14:32:46Z,211869,Ekstraklasa,2026-08-21T18:30:00Z,KS Cracovia,Wieczysta Kraków,casumo,totals,Under,under,under@2.5,2.50,1.85,2026-08-21T14:32:36Z
2026-08-21T14:32:46Z,211869,Ekstraklasa,2026-08-21T18:30:00Z,KS Cracovia,Wieczysta Kraków,virginbet,h2h,Cracovia Kraków,home,home,,1.91,2026-08-21T14:32:36Z
2026-08-21T14:32:46Z,211869,Ekstraklasa,2026-08-21T18:30:00Z,KS Cracovia,Wieczysta Kraków,virginbet,h2h,Wieczysta Kraków,away,away,,3.3,2026-08-21T14:32:36Z
2026-08-21T14:32:46Z,211869,Ekstraklasa,2026-08-21T18:30:00Z,KS Cracovia,Wieczysta Kraków,virginbet,h2h,Draw,draw,draw,,3.3,2026-08-21T14:32:36Z
2026-08-21T14:32:46Z,211869,Ekstraklasa,2026-08-21T18:30:00Z,KS Cracovia,Wieczysta Kraków,unibet_nl,h2h,Cracovia Kraków,home,home,,1.97,2026-08-21T14:32:07Z
2026-08-21T14:32:46Z,211869,Ekstraklasa,2026-08-21T18:30:00Z,KS Cracovia,Wieczysta Kraków,unibet_nl,h2h,Wieczysta Kraków,away,away,,3.45,2026-08-21T14:32:07Z
2026-08-21T14:32:46Z,211869,Ekstraklasa,2026-08-21T18:30:00Z,KS Cracovia,Wieczysta Kraków,unibet_nl,h2h,Draw,draw,draw,,3.45,2026-08-21T14:32:07Z
2026-08-21T14:32:46Z,211869,Ekstraklasa,2026-08-21T18:30:00Z,KS Cracovia,Wieczysta Kraków,unibet_nl,totals,Over,over,over@2.5,2.50,1.81,2026-08-21T14:32:07Z
2026-08-21T14:32:46Z,211869,Ekstraklasa,2026-08-21T18:30:00Z,KS Cracovia,Wieczysta Kraków,unibet_nl,totals,Under,under,under@2.5,2.50,1.85,2026-08-21T14:32:07Z
2026-08-21T14:32:46Z,211869,Ekstraklasa,2026-08-21T18:30:00Z,KS Cracovia,Wieczysta Kraków,grosvenor,h2h,Cracovia Kraków,home,home,,1.97,2026-08-21T14:32:37Z
2026-08-21T14:32:46Z,211869,Ekstraklasa,2026-08-21T18:30:00Z,KS Cracovia,Wieczysta Kraków,grosvenor,h2h,Wieczysta Kraków,away,away,,3.45,2026-08-21T14:32:37Z
2026-08-21T14:32:46Z,211869,Ekstraklasa,2026-08-21T18:30:00Z,KS Cracovia,Wieczysta Kraków,grosvenor,h2h,Draw,draw,draw,,3.45,2026-08-21T14:32:37Z
2026-08-21T14:32:46Z,211869,Ekstraklasa,2026-08-21T18:30:00Z,KS Cracovia,Wieczysta Kraków,grosvenor,totals,Over,over,over@2.5,2.50,1.81,2026-08-21T14:32:37Z
2026-08-21T14:32:46Z,211869,Ekstraklasa,2026-08-21T18:30:00Z,KS Cracovia,Wieczysta Kraków,grosvenor,totals,Under,under,under@2.5,2.50,1.85,2026-08-21T14:32:37Z
2026-08-21T14:32:46Z,211869,Ekstraklasa,2026-08-21T18:30:00Z,KS Cracovia,Wieczysta Kraków,livescorebet,h2h,Cracovia Kraków,home,home,,1.91,2026-08-21T14:32:37Z
2026-08-21T14:32:46Z,211869,Ekstraklasa,2026-08-21T18:30:00Z,KS Cracovia,Wieczysta Kraków,livescorebet,h2h,Wieczysta Kraków,away,away,,3.3,2026-08-21T14:32:37Z
2026-08-21T14:32:46Z,211869,Ekstraklasa,2026-08-21T18:30:00Z,KS Cracovia,Wieczysta Kraków,livescorebet,h2h,Draw,draw,draw,,3.3,2026-08-21T14:32:37Z
2026-08-21T14:32:46Z,211869,Ekstraklasa,2026-08-21T18:30:00Z,KS Cracovia,Wieczysta Kraków,unibet_se,h2h,Cracovia Kraków,home,home,,1.97,2026-08-21T14:32:36Z
2026-08-21T14:32:46Z,211869,Ekstraklasa,2026-08-21T18:30:00Z,KS Cracovia,Wieczysta Kraków,unibet_se,h2h,Wieczysta Kraków,away,away,,3.45,2026-08-21T14:32:36Z
2026-08-21T14:32:46Z,211869,Ekstraklasa,2026-08-21T18:30:00Z,KS Cracovia,Wieczysta Kraków,unibet_se,h2h,Draw,draw,draw,,3.45,2026-08-21T14:32:36Z
2026-08-21T14:32:46Z,211869,Ekstraklasa,2026-08-21T18:30:00Z,KS Cracovia,Wieczysta Kraków,unibet_se,totals,Over,over,over@2.5,2.50,1.81,2026-08-21T14:32:36Z
2026-08-21T14:32:46Z,211869,Ekstraklasa,2026-08-21T18:30:00Z,KS Cracovia,Wieczysta Kraków,unibet_se,totals,Under,under,under@2.5,2.50,1.85,2026-08-21T14:32:36Z
2026-08-21T14:32:46Z,211869,Ekstraklasa,2026-08-21T18:30:00Z,KS Cracovia,Wieczysta Kraków,leovegas_se,h2h,Cracovia Kraków,home,home,,1.91,2026-08-21T14:32:36Z
2026-08-21T14:32:46Z,211869,Ekstraklasa,2026-08-21T18:30:00Z,KS Cracovia,Wieczysta Kraków,leovegas_se,h2h,Wieczysta Kraków,away,away,,3.3,2026-08-21T14:32:36Z
2026-08-21T14:32:46Z,211869,Ekstraklasa,2026-08-21T18:30:00Z,KS Cracovia,Wieczysta Kraków,leovegas_se,h2h,Draw,draw,draw,,3.3,2026-08-21T14:32:36Z
2026-08-21T14:32:46Z,211869,Ekstraklasa,2026-08-21T18:30:00Z,KS Cracovia,Wieczysta Kraków,leovegas_se,totals,Over,over,over@2.5,2.50,1.79,2026-08-21T14:32:36Z
2026-08-21T14:32:46Z,211869,Ekstraklasa,2026-08-21T18:30:00Z,KS Cracovia,Wieczysta Kraków,leovegas_se,totals,Under,under,under@2.5,2.50,1.85,2026-08-21T14:32:36Z
2026-08-21T14:32:46Z,211869,Ekstraklasa,2026-08-21T18:30:00Z,KS Cracovia,Wieczysta Kraków,pmu_fr,h2h,Cracovia Kraków,home,home,,1.91,2026-08-21T14:32:06Z
2026-08-21T14:32:46Z,211869,Ekstraklasa,2026-08-21T18:30:00Z,KS Cracovia,Wieczysta Kraków,pmu_fr,h2h,Wieczysta Kraków,away,away,,3.3,2026-08-21T14:32:06Z
2026-08-21T14:32:46Z,211869,Ekstraklasa,2026-08-21T18:30:00Z,KS Cracovia,Wieczysta Kraków,pmu_fr,h2h,Draw,draw,draw,,3.3,2026-08-21T14:32:06Z
2026-08-21T14:32:46Z,211869,Ekstraklasa,2026-08-21T18:30:00Z,KS Cracovia,Wieczysta Kraków,pmu_fr,totals,Over,over,over@2.5,2.50,1.73,2026-08-21T14:32:06Z
2026-08-21T14:32:46Z,211869,Ekstraklasa,2026-08-21T18:30:00Z,KS Cracovia,Wieczysta Kraków,pmu_fr,totals,Under,under,under@2.5,2.50,1.79,2026-08-21T14:32:06Z
2026-08-21T14:32:46Z,211869,Ekstraklasa,2026-08-21T18:30:00Z,KS Cracovia,Wieczysta Kraków,matchbook,h2h,Cracovia Kraków,home,home,,2.34,2026-08-21T14:32:37Z
2026-08-21T14:32:46Z,211869,Ekstraklasa,2026-08-21T18:30:00Z,KS Cracovia,Wieczysta Kraków,matchbook,h2h,Wieczysta Kraków,away,away,,3.35,2026-08-21T14:32:37Z
2026-08-21T14:32:46Z,211869,Ekstraklasa,2026-08-21T18:30:00Z,KS Cracovia,Wieczysta Kraków,matchbook,h2h,Draw,draw,draw,,3.5,2026-08-21T14:32:37Z
2026-08-21T14:32:46Z,211869,Ekstraklasa,2026-08-21T18:30:00Z,KS Cracovia,Wieczysta Kraków,matchbook,h2h_lay,Cracovia Kraków,h2h_lay,h2h_lay,,2.38,2026-08-21T14:32:37Z
2026-08-21T14:32:46Z,211869,Ekstraklasa,2026-08-21T18:30:00Z,KS Cracovia,Wieczysta Kraków,matchbook,h2h_lay,Wieczysta Kraków,h2h_lay,h2h_lay,,3.4,2026-08-21T14:32:37Z
2026-08-21T14:32:46Z,211869,Ekstraklasa,2026-08-21T18:30:00Z,KS Cracovia,Wieczysta Kraków,matchbook,h2h_lay,Draw,h2h_lay,h2h_lay,,3.55,2026-08-21T14:32:37Z
2026-08-21T14:32:46Z,211869,Ekstraklasa,2026-08-21T18:30:00Z,KS Cracovia,Wieczysta Kraków,matchbook,spreads,Cracovia Kraków,home,home@-0.25,-0.25,1.81,2026-08-21T14:32:37Z
2026-08-21T14:32:46Z,211869,Ekstraklasa,2026-08-21T18:30:00Z,KS Cracovia,Wieczysta Kraków,matchbook,spreads,Wieczysta Kraków,away,away@0.25,0.25,1.88,2026-08-21T14:32:37Z
2026-08-21T14:32:46Z,211869,Ekstraklasa,2026-08-21T18:30:00Z,KS Cracovia,Wieczysta Kraków,matchbook,totals,Over,over,over@2.5,2.50,1.96,2026-08-21T14:32:37Z
2026-08-21T14:32:46Z,211869,Ekstraklasa,2026-08-21T18:30:00Z,KS Cracovia,Wieczysta Kraków,matchbook,totals,Under,under,under@2.5,2.50,2.02,2026-08-21T14:32:37Z
2026-08-21T14:32:46Z,211869,Ekstraklasa,2026-08-21T18:30:00Z,KS Cracovia,Wieczysta Kraków,betus,h2h,Cracovia Kraków,home,home,,2.2,2026-08-21T14:32:06Z
2026-08-21T14:32:46Z,211869,Ekstraklasa,2026-08-21T18:30:00Z,KS Cracovia,Wieczysta Kraków,betus,h2h,Wieczysta Kraków,away,away,,3.3,2026-08-21T14:32:06Z
2026-08-21T14:32:46Z,211869,Ekstraklasa,2026-08-21T18:30:00Z,KS Cracovia,Wieczysta Kraków,betus,h2h,Draw,draw,draw,,3.25,2026-08-21T14:32:06Z
2026-08-21T14:32:46Z,211869,Ekstraklasa,2026-08-21T18:30:00Z,KS Cracovia,Wieczysta Kraków,betus,totals,Over,over,over@2.5,2.50,1.87,2026-08-21T14:32:06Z
2026-08-21T14:32:46Z,211869,Ekstraklasa,2026-08-21T18:30:00Z,KS Cracovia,Wieczysta Kraków,betus,totals,Under,under,under@2.5,2.50,1.87,2026-08-21T14:32:06Z
2026-08-21T14:32:46Z,212144,DFB Pokal,2026-08-21T18:45:00Z,FC Hansa Rostock,VfB Stuttgart,tipico_de,h2h,Hansa Rostock,home,home,,13.0,2026-08-21T14:31:30Z
2026-08-21T14:32:46Z,212144,DFB Pokal,2026-08-21T18:45:00Z,FC Hansa Rostock,VfB Stuttgart,tipico_de,h2h,VfB Stuttgart,away,away,,1.2,2026-08-21T14:31:30Z
2026-08-21T14:32:46Z,212144,DFB Pokal,2026-08-21T18:45:00Z,FC Hansa Rostock,VfB Stuttgart,tipico_de,h2h,Draw,draw,draw,,6.7,2026-08-21T14:31:30Z
2026-08-21T14:32:46Z,212144,DFB Pokal,2026-08-21T18:45:00Z,FC Hansa Rostock,VfB Stuttgart,tipico_de,totals,Over,over,over@3.5,3.50,1.93,2026-08-21T14:31:30Z
2026-08-21T14:32:46Z,212144,DFB Pokal,2026-08-21T18:45:00Z,FC Hansa Rostock,VfB Stuttgart,tipico_de,totals,Under,under,under@3.5,3.50,1.8,2026-08-21T14:31:30Z
2026-08-21T14:32:46Z,212144,DFB Pokal,2026-08-21T18:45:00Z,FC Hansa Rostock,VfB Stuttgart,betmgm,h2h,Hansa Rostock,home,home,,11.0,2026-08-21T14:32:44Z
2026-08-21T14:32:46Z,212144,DFB Pokal,2026-08-21T18:45:00Z,FC Hansa Rostock,VfB Stuttgart,betmgm,h2h,VfB Stuttgart,away,away,,1.25,2026-08-21T14:32:44Z
2026-08-21T14:32:46Z,212144,DFB Pokal,2026-08-21T18:45:00Z,FC Hansa Rostock,VfB Stuttgart,betmgm,h2h,Draw,draw,draw,,6.5,2026-08-21T14:32:44Z
2026-08-21T14:32:46Z,212144,DFB Pokal,2026-08-21T18:45:00Z,FC Hansa Rostock,VfB Stuttgart,betmgm,totals,Over,over,over@3.5,3.50,2.0,2026-08-21T14:32:44Z
2026-08-21T14:32:46Z,212144,DFB Pokal,2026-08-21T18:45:00Z,FC Hansa Rostock,VfB Stuttgart,betmgm,totals,Under,under,under@3.5,3.50,1.71,2026-08-21T14:32:44Z
2026-08-21T14:32:46Z,212144,DFB Pokal,2026-08-21T18:45:00Z,FC Hansa Rostock,VfB Stuttgart,winamax_fr,h2h,Hansa Rostock,home,home,,9.0,2026-08-21T14:32:45Z
2026-08-21T14:32:46Z,212144,DFB Pokal,2026-08-21T18:45:00Z,FC Hansa Rostock,VfB Stuttgart,winamax_fr,h2h,VfB Stuttgart,away,away,,1.19,2026-08-21T14:32:45Z
2026-08-21T14:32:46Z,212144,DFB Pokal,2026-08-21T18:45:00Z,FC Hansa Rostock,VfB Stuttgart,winamax_fr,h2h,Draw,draw,draw,,6.0,2026-08-21T14:32:45Z
2026-08-21T14:32:46Z,212144,DFB Pokal,2026-08-21T18:45:00Z,FC Hansa Rostock,VfB Stuttgart,winamax_de,h2h,Hansa Rostock,home,home,,10.0,2026-08-21T14:32:19Z
2026-08-21T14:32:46Z,212144,DFB Pokal,2026-08-21T18:45:00Z,FC Hansa Rostock,VfB Stuttgart,winamax_de,h2h,VfB Stuttgart,away,away,,1.21,2026-08-21T14:32:19Z
2026-08-21T14:32:46Z,212144,DFB Pokal,2026-08-21T18:45:00Z,FC Hansa Rostock,VfB Stuttgart,winamax_de,h2h,Draw,draw,draw,,6.5,2026-08-21T14:32:19Z
2026-08-21T14:32:46Z,212144,DFB Pokal,2026-08-21T18:45:00Z,FC Hansa Rostock,VfB Stuttgart,leovegas,h2h,Hansa Rostock,home,home,,11.0,2026-08-21T14:32:44Z
2026-08-21T14:32:46Z,212144,DFB Pokal,2026-08-21T18:45:00Z,FC Hansa Rostock,VfB Stuttgart,leovegas,h2h,VfB Stuttgart,away,away,,1.22,2026-08-21T14:32:44Z
2026-08-21T14:32:46Z,212144,DFB Pokal,2026-08-21T18:45:00Z,FC Hansa Rostock,VfB Stuttgart,leovegas,h2h,Draw,draw,draw,,6.5,2026-08-21T14:32:44Z
2026-08-21T14:32:46Z,212144,DFB Pokal,2026-08-21T18:45:00Z,FC Hansa Rostock,VfB Stuttgart,leovegas,totals,Over,over,over@3.5,3.50,2.02,2026-08-21T14:32:44Z
2026-08-21T14:32:46Z,212144,DFB Pokal,2026-08-21T18:45:00Z,FC Hansa Rostock,VfB Stuttgart,leovegas,totals,Under,under,under@3.5,3.50,1.73,2026-08-21T14:32:44Z
2026-08-21T14:32:46Z,212144,DFB Pokal,2026-08-21T18:45:00Z,FC Hansa Rostock,VfB Stuttgart,unibet_fr,h2h,Hansa Rostock,home,home,,11.0,2026-08-21T14:32:14Z
2026-08-21T14:32:46Z,212144,DFB Pokal,2026-08-21T18:45:00Z,FC Hansa Rostock,VfB Stuttgart,unibet_fr,h2h,VfB Stuttgart,away,away,,1.2,2026-08-21T14:32:14Z
2026-08-21T14:32:46Z,212144,DFB Pokal,2026-08-21T18:45:00Z,FC Hansa Rostock,VfB Stuttgart,unibet_fr,h2h,Draw,draw,draw,,6.2,2026-08-21T14:32:14Z
2026-08-21T14:32:46Z,212144,DFB Pokal,2026-08-21T18:45:00Z,FC Hansa Rostock,VfB Stuttgart,betclic_fr,h2h,Hansa Rostock,home,home,,13.25,2026-08-21T14:30:51Z
2026-08-21T14:32:46Z,212144,DFB Pokal,2026-08-21T18:45:00Z,FC Hansa Rostock,VfB Stuttgart,betclic_fr,h2h,VfB Stuttgart,away,away,,1.2,2026-08-21T14:30:51Z
2026-08-21T14:32:46Z,212144,DFB Pokal,2026-08-21T18:45:00Z,FC Hansa Rostock,VfB Stuttgart,betclic_fr,h2h,Draw,draw,draw,,6.1,2026-08-21T14:30:51Z
2026-08-21T14:32:46Z,212144,DFB Pokal,2026-08-21T18:45:00Z,FC Hansa Rostock,VfB Stuttgart,codere_it,h2h,Hansa Rostock,home,home,,11.0,2026-08-21T14:32:14Z
2026-08-21T14:32:46Z,212144,DFB Pokal,2026-08-21T18:45:00Z,FC Hansa Rostock,VfB Stuttgart,codere_it,h2h,VfB Stuttgart,away,away,,1.22,2026-08-21T14:32:14Z
2026-08-21T14:32:46Z,212144,DFB Pokal,2026-08-21T18:45:00Z,FC Hansa Rostock,VfB Stuttgart,codere_it,h2h,Draw,draw,draw,,6.2,2026-08-21T14:32:14Z
2026-08-21T14:32:46Z,212144,DFB Pokal,2026-08-21T18:45:00Z,FC Hansa Rostock,VfB Stuttgart,codere_it,totals,Over,over,over@3.5,3.50,2.02,2026-08-21T14:32:14Z
2026-08-21T14:32:46Z,212144,DFB Pokal,2026-08-21T18:45:00Z,FC Hansa Rostock,VfB Stuttgart,codere_it,totals,Under,under,under@3.5,3.50,1.71,2026-08-21T14:32:14Z
2026-08-21T14:32:46Z,212144,DFB Pokal,2026-08-21T18:45:00Z,FC Hansa Rostock,VfB Stuttgart,betway,h2h,Hansa Rostock,home,home,,11.0,2026-08-21T14:32:44Z
2026-08-21T14:32:46Z,212144,DFB Pokal,2026-08-21T18:45:00Z,FC Hansa Rostock,VfB Stuttgart,betway,h2h,VfB Stuttgart,away,away,,1.22,2026-08-21T14:32:44Z
2026-08-21T14:32:46Z,212144,DFB Pokal,2026-08-21T18:45:00Z,FC Hansa Rostock,VfB Stuttgart,betway,h2h,Draw,draw,draw,,6.5,2026-08-21T14:32:44Z
2026-08-21T14:32:46Z,212144,DFB Pokal,2026-08-21T18:45:00Z,FC Hansa Rostock,VfB Stuttgart,sport888,h2h,Hansa Rostock,home,home,,11.0,2026-08-21T14:32:45Z
2026-08-21T14:32:46Z,212144,DFB Pokal,2026-08-21T18:45:00Z,FC Hansa Rostock,VfB Stuttgart,sport888,h2h,VfB Stuttgart,away,away,,1.22,2026-08-21T14:32:45Z
2026-08-21T14:32:46Z,212144,DFB Pokal,2026-08-21T18:45:00Z,FC Hansa Rostock,VfB Stuttgart,sport888,h2h,Draw,draw,draw,,5.75,2026-08-21T14:32:45Z
2026-08-21T14:32:46Z,212144,DFB Pokal,2026-08-21T18:45:00Z,FC Hansa Rostock,VfB Stuttgart,unibet_uk,h2h,Hansa Rostock,home,home,,11.0,2026-08-21T14:32:45Z
2026-08-21T14:32:46Z,212144,DFB Pokal,2026-08-21T18:45:00Z,FC Hansa Rostock,VfB Stuttgart,unibet_uk,h2h,VfB Stuttgart,away,away,,1.22,2026-08-21T14:32:45Z
2026-08-21T14:32:46Z,212144,DFB Pokal,2026-08-21T18:45:00Z,FC Hansa Rostock,VfB Stuttgart,unibet_uk,h2h,Draw,draw,draw,,6.5,2026-08-21T14:32:45Z
2026-08-21T14:32:46Z,212144,DFB Pokal,2026-08-21T18:45:00Z,FC Hansa Rostock,VfB Stuttgart,grosvenor,h2h,Hansa Rostock,home,home,,11.5,2026-08-21T14:32:44Z
2026-08-21T14:32:46Z,212144,DFB Pokal,2026-08-21T18:45:00Z,FC Hansa Rostock,VfB Stuttgart,grosvenor,h2h,VfB Stuttgart,away,away,,1.19,2026-08-21T14:32:44Z
2026-08-21T14:32:46Z,212144,DFB Pokal,2026-08-21T18:45:00Z,FC Hansa Rostock,VfB Stuttgart,grosvenor,h2h,Draw,draw,draw,,6.0,2026-08-21T14:32:44Z
2026-08-21T14:32:46Z,212144,DFB Pokal,2026-08-21T18:45:00Z,FC Hansa Rostock,VfB Stuttgart,grosvenor,totals,Over,over,over@3.5,3.50,2.05,2026-08-21T14:32:44Z
2026-08-21T14:32:46Z,212144,DFB Pokal,2026-08-21T18:45:00Z,FC Hansa Rostock,VfB Stuttgart,grosvenor,totals,Under,under,under@3.5,3.50,1.66,2026-08-21T14:32:44Z
2026-08-21T14:32:46Z,212144,DFB Pokal,2026-08-21T18:45:00Z,FC Hansa Rostock,VfB Stuttgart,leovegas_se,h2h,Hansa Rostock,home,home,,11.0,2026-08-21T14:32:43Z
2026-08-21T14:32:46Z,212144,DFB Pokal,2026-08-21T18:45:00Z,FC Hansa Rostock,VfB Stuttgart,leovegas_se,h2h,VfB Stuttgart,away,away,,1.16,2026-08-21T14:32:43Z
2026-08-21T14:32:46Z,212144,DFB Pokal,2026-08-21T18:45:00Z,FC Hansa Rostock,VfB Stuttgart,leovegas_se,h2h,Draw,draw,draw,,5.8,2026-08-21T14:32:43Z
2026-08-21T14:32:46Z,212144,DFB Pokal,2026-08-21T18:45:00Z,FC Hansa Rostock,VfB Stuttgart,leovegas_se,totals,Over,over,over@3.5,3.50,2.05,2026-08-21T14:32:43Z
2026-08-21T14:32:46Z,212144,DFB Pokal,2026-08-21T18:45:00Z,FC Hansa Rostock,VfB Stuttgart,leovegas_se,totals,Under,under,under@3.5,3.50,1.66,2026-08-21T14:32:43Z
2026-08-21T14:32:46Z,212144,DFB Pokal,2026-08-21T18:45:00Z,FC Hansa Rostock,VfB Stuttgart,unibet_se,h2h,Hansa Rostock,home,home,,13.0,2026-08-21T14:32:44Z
2026-08-21T14:32:46Z,212144,DFB Pokal,2026-08-21T18:45:00Z,FC Hansa Rostock,VfB Stuttgart,unibet_se,h2h,VfB Stuttgart,away,away,,1.22,2026-08-21T14:32:44Z
2026-08-21T14:32:46Z,212144,DFB Pokal,2026-08-21T18:45:00Z,FC Hansa Rostock,VfB Stuttgart,unibet_se,h2h,Draw,draw,draw,,6.4,2026-08-21T14:32:44Z
2026-08-21T14:32:46Z,212144,DFB Pokal,2026-08-21T18:45:00Z,FC Hansa Rostock,VfB Stuttgart,unibet_se,totals,Over,over,over@3.5,3.50,2.05,2026-08-21T14:32:44Z
2026-08-21T14:32:46Z,212144,DFB Pokal,2026-08-21T18:45:00Z,FC Hansa Rostock,VfB Stuttgart,unibet_se,totals,Under,under,under@3.5,3.50,1.66,2026-08-21T14:32:44Z
2026-08-21T14:32:46Z,212144,DFB Pokal,2026-08-21T18:45:00Z,FC Hansa Rostock,VfB Stuttgart,virginbet,h2h,Hansa Rostock,home,home,,11.0,2026-08-21T14:32:43Z
2026-08-21T14:32:46Z,212144,DFB Pokal,2026-08-21T18:45:00Z,FC Hansa Rostock,VfB Stuttgart,virginbet,h2h,VfB Stuttgart,away,away,,1.16,2026-08-21T14:32:43Z
2026-08-21T14:32:46Z,212144,DFB Pokal,2026-08-21T18:45:00Z,FC Hansa Rostock,VfB Stuttgart,virginbet,h2h,Draw,draw,draw,,5.8,2026-08-21T14:32:43Z
2026-08-21T14:32:46Z,212144,DFB Pokal,2026-08-21T18:45:00Z,FC Hansa Rostock,VfB Stuttgart,livescorebet,h2h,Hansa Rostock,home,home,,11.0,2026-08-21T14:32:45Z
2026-08-21T14:32:46Z,212144,DFB Pokal,2026-08-21T18:45:00Z,FC Hansa Rostock,VfB Stuttgart,livescorebet,h2h,VfB Stuttgart,away,away,,1.16,2026-08-21T14:32:45Z
2026-08-21T14:32:46Z,212144,DFB Pokal,2026-08-21T18:45:00Z,FC Hansa Rostock,VfB Stuttgart,livescorebet,h2h,Draw,draw,draw,,5.8,2026-08-21T14:32:45Z
2026-08-21T14:32:46Z,212144,DFB Pokal,2026-08-21T18:45:00Z,FC Hansa Rostock,VfB Stuttgart,unibet_nl,h2h,Hansa Rostock,home,home,,13.0,2026-08-21T14:32:44Z
2026-08-21T14:32:46Z,212144,DFB Pokal,2026-08-21T18:45:00Z,FC Hansa Rostock,VfB Stuttgart,unibet_nl,h2h,VfB Stuttgart,away,away,,1.22,2026-08-21T14:32:44Z
2026-08-21T14:32:46Z,212144,DFB Pokal,2026-08-21T18:45:00Z,FC Hansa Rostock,VfB Stuttgart,unibet_nl,h2h,Draw,draw,draw,,6.4,2026-08-21T14:32:44Z
2026-08-21T14:32:46Z,212144,DFB Pokal,2026-08-21T18:45:00Z,FC Hansa Rostock,VfB Stuttgart,unibet_nl,totals,Over,over,over@3.5,3.50,2.05,2026-08-21T14:32:44Z
2026-08-21T14:32:46Z,212144,DFB Pokal,2026-08-21T18:45:00Z,FC Hansa Rostock,VfB Stuttgart,unibet_nl,totals,Under,under,under@3.5,3.50,1.66,2026-08-21T14:32:44Z
2026-08-21T14:32:46Z,212165,DFB Pokal,2026-08-21T16:00:00Z,Preußen Münster,Karlsruher SC,tipico_de,h2h,Karlsruher SC,away,away,,1.8,2026-08-21T14:31:30Z
2026-08-21T14:32:46Z,212165,DFB Pokal,2026-08-21T16:00:00Z,Preußen Münster,Karlsruher SC,tipico_de,h2h,SC Preußen Münster,home,home,,4.0,2026-08-21T14:31:30Z
2026-08-21T14:32:46Z,212165,DFB Pokal,2026-08-21T16:00:00Z,Preußen Münster,Karlsruher SC,tipico_de,h2h,Draw,draw,draw,,3.9,2026-08-21T14:31:30Z
2026-08-21T14:32:46Z,212165,DFB Pokal,2026-08-21T16:00:00Z,Preußen Münster,Karlsruher SC,tipico_de,totals,Over,over,over@3.5,3.50,2.3,2026-08-21T14:31:30Z
2026-08-21T14:32:46Z,212165,DFB Pokal,2026-08-21T16:00:00Z,Preußen Münster,Karlsruher SC,tipico_de,totals,Under,under,under@3.5,3.50,1.55,2026-08-21T14:31:30Z
2026-08-21T14:32:46Z,212165,DFB Pokal,2026-08-21T16:00:00Z,Preußen Münster,Karlsruher SC,betmgm,h2h,Karlsruher SC,away,away,,1.87,2026-08-21T14:32:44Z
2026-08-21T14:32:46Z,212165,DFB Pokal,2026-08-21T16:00:00Z,Preußen Münster,Karlsruher SC,betmgm,h2h,SC Preußen Münster,home,home,,3.75,2026-08-21T14:32:44Z
2026-08-21T14:32:46Z,212165,DFB Pokal,2026-08-21T16:00:00Z,Preußen Münster,Karlsruher SC,betmgm,h2h,Draw,draw,draw,,3.9,2026-08-21T14:32:44Z
2026-08-21T14:32:46Z,212165,DFB Pokal,2026-08-21T16:00:00Z,Preußen Münster,Karlsruher SC,betmgm,totals,Over,over,over@3.5,3.50,2.3,2026-08-21T14:32:44Z
2026-08-21T14:32:46Z,212165,DFB Pokal,2026-08-21T16:00:00Z,Preußen Münster,Karlsruher SC,betmgm,totals,Under,under,under@3.5,3.50,1.53,2026-08-21T14:32:44Z
2026-08-21T14:32:46Z,212165,DFB Pokal,2026-08-21T16:00:00Z,Preußen Münster,Karlsruher SC,betclic_fr,h2h,Karlsruher SC,away,away,,1.81,2026-08-21T14:30:51Z
2026-08-21T14:32:46Z,212165,DFB Pokal,2026-08-21T16:00:00Z,Preußen Münster,Karlsruher SC,betclic_fr,h2h,SC Preußen Münster,home,home,,3.85,2026-08-21T14:30:51Z
2026-08-21T14:32:46Z,212165,DFB Pokal,2026-08-21T16:00:00Z,Preußen Münster,Karlsruher SC,betclic_fr,h2h,Draw,draw,draw,,3.88,2026-08-21T14:30:51Z
2026-08-21T14:32:46Z,212165,DFB Pokal,2026-08-21T16:00:00Z,Preußen Münster,Karlsruher SC,unibet_fr,h2h,Karlsruher SC,away,away,,1.8,2026-08-21T14:32:14Z
2026-08-21T14:32:46Z,212165,DFB Pokal,2026-08-21T16:00:00Z,Preußen Münster,Karlsruher SC,unibet_fr,h2h,SC Preußen Münster,home,home,,3.9,2026-08-21T14:32:14Z
2026-08-21T14:32:46Z,212165,DFB Pokal,2026-08-21T16:00:00Z,Preußen Münster,Karlsruher SC,unibet_fr,h2h,Draw,draw,draw,,3.7,2026-08-21T14:32:14Z
2026-08-21T14:32:46Z,212165,DFB Pokal,2026-08-21T16:00:00Z,Preußen Münster,Karlsruher SC,winamax_fr,h2h,Karlsruher SC,away,away,,1.76,2026-08-21T14:32:45Z
2026-08-21T14:32:46Z,212165,DFB Pokal,2026-08-21T16:00:00Z,Preußen Münster,Karlsruher SC,winamax_fr,h2h,SC Preußen Münster,home,home,,3.6,2026-08-21T14:32:45Z
2026-08-21T14:32:46Z,212165,DFB Pokal,2026-08-21T16:00:00Z,Preußen Münster,Karlsruher SC,winamax_fr,h2h,Draw,draw,draw,,3.65,2026-08-21T14:32:45Z
2026-08-21T14:32:46Z,212165,DFB Pokal,2026-08-21T16:00:00Z,Preußen Münster,Karlsruher SC,winamax_de,h2h,Karlsruher SC,away,away,,1.82,2026-08-21T14:32:19Z
2026-08-21T14:32:46Z,212165,DFB Pokal,2026-08-21T16:00:00Z,Preußen Münster,Karlsruher SC,winamax_de,h2h,SC Preußen Münster,home,home,,3.75,2026-08-21T14:32:19Z
2026-08-21T14:32:46Z,212165,DFB Pokal,2026-08-21T16:00:00Z,Preußen Münster,Karlsruher SC,winamax_de,h2h,Draw,draw,draw,,3.85,2026-08-21T14:32:19Z
2026-08-21T14:32:46Z,212165,DFB Pokal,2026-08-21T16:00:00Z,Preußen Münster,Karlsruher SC,leovegas,h2h,Karlsruher SC,away,away,,1.85,2026-08-21T14:32:44Z
2026-08-21T14:32:46Z,212165,DFB Pokal,2026-08-21T16:00:00Z,Preußen Münster,Karlsruher SC,leovegas,h2h,SC Preußen Münster,home,home,,3.9,2026-08-21T14:32:44Z
2026-08-21T14:32:46Z,212165,DFB Pokal,2026-08-21T16:00:00Z,Preußen Münster,Karlsruher SC,leovegas,h2h,Draw,draw,draw,,3.9,2026-08-21T14:32:44Z
2026-08-21T14:32:46Z,212165,DFB Pokal,2026-08-21T16:00:00Z,Preußen Münster,Karlsruher SC,leovegas,totals,Over,over,over@3.5,3.50,2.3,2026-08-21T14:32:44Z
2026-08-21T14:32:46Z,212165,DFB Pokal,2026-08-21T16:00:00Z,Preußen Münster,Karlsruher SC,leovegas,totals,Under,under,under@3.5,3.50,1.57,2026-08-21T14:32:44Z
2026-08-21T14:32:46Z,212165,DFB Pokal,2026-08-21T16:00:00Z,Preußen Münster,Karlsruher SC,codere_it,h2h,Karlsruher SC,away,away,,1.84,2026-08-21T14:32:14Z
2026-08-21T14:32:46Z,212165,DFB Pokal,2026-08-21T16:00:00Z,Preußen Münster,Karlsruher SC,codere_it,h2h,SC Preußen Münster,home,home,,3.85,2026-08-21T14:32:14Z
2026-08-21T14:32:46Z,212165,DFB Pokal,2026-08-21T16:00:00Z,Preußen Münster,Karlsruher SC,codere_it,h2h,Draw,draw,draw,,3.75,2026-08-21T14:32:14Z
2026-08-21T14:32:46Z,212165,DFB Pokal,2026-08-21T16:00:00Z,Preußen Münster,Karlsruher SC,codere_it,totals,Over,over,over@3.5,3.50,2.3,2026-08-21T14:32:14Z
2026-08-21T14:32:46Z,212165,DFB Pokal,2026-08-21T16:00:00Z,Preußen Münster,Karlsruher SC,codere_it,totals,Under,under,under@3.5,3.50,1.55,2026-08-21T14:32:14Z
2026-08-21T14:32:46Z,212165,DFB Pokal,2026-08-21T16:00:00Z,Preußen Münster,Karlsruher SC,betway,h2h,Karlsruher SC,away,away,,1.8,2026-08-21T14:32:44Z
2026-08-21T14:32:46Z,212165,DFB Pokal,2026-08-21T16:00:00Z,Preußen Münster,Karlsruher SC,betway,h2h,SC Preußen Münster,home,home,,3.75,2026-08-21T14:32:44Z
2026-08-21T14:32:46Z,212165,DFB Pokal,2026-08-21T16:00:00Z,Preußen Münster,Karlsruher SC,betway,h2h,Draw,draw,draw,,4.0,2026-08-21T14:32:44Z
2026-08-21T14:32:46Z,212165,DFB Pokal,2026-08-21T16:00:00Z,Preußen Münster,Karlsruher SC,sport888,h2h,Karlsruher SC,away,away,,1.85,2026-08-21T14:32:45Z
2026-08-21T14:32:46Z,212165,DFB Pokal,2026-08-21T16:00:00Z,Preußen Münster,Karlsruher SC,sport888,h2h,SC Preußen Münster,home,home,,3.7,2026-08-21T14:32:45Z
2026-08-21T14:32:46Z,212165,DFB Pokal,2026-08-21T16:00:00Z,Preußen Münster,Karlsruher SC,sport888,h2h,Draw,draw,draw,,3.6,2026-08-21T14:32:45Z
2026-08-21T14:32:46Z,212165,DFB Pokal,2026-08-21T16:00:00Z,Preußen Münster,Karlsruher SC,unibet_uk,h2h,Karlsruher SC,away,away,,1.85,2026-08-21T14:32:45Z
2026-08-21T14:32:46Z,212165,DFB Pokal,2026-08-21T16:00:00Z,Preußen Münster,Karlsruher SC,unibet_uk,h2h,SC Preußen Münster,home,home,,3.9,2026-08-21T14:32:45Z
2026-08-21T14:32:46Z,212165,DFB Pokal,2026-08-21T16:00:00Z,Preußen Münster,Karlsruher SC,unibet_uk,h2h,Draw,draw,draw,,3.75,2026-08-21T14:32:45Z
2026-08-21T14:32:46Z,212165,DFB Pokal,2026-08-21T16:00:00Z,Preußen Münster,Karlsruher SC,leovegas_se,h2h,Karlsruher SC,away,away,,1.78,2026-08-21T14:32:43Z
2026-08-21T14:32:46Z,212165,DFB Pokal,2026-08-21T16:00:00Z,Preußen Münster,Karlsruher SC,leovegas_se,h2h,SC Preußen Münster,home,home,,3.35,2026-08-21T14:32:43Z
2026-08-21T14:32:46Z,212165,DFB Pokal,2026-08-21T16:00:00Z,Preußen Münster,Karlsruher SC,leovegas_se,h2h,Draw,draw,draw,,3.7,2026-08-21T14:32:43Z
2026-08-21T14:32:46Z,212165,DFB Pokal,2026-08-21T16:00:00Z,Preußen Münster,Karlsruher SC,leovegas_se,totals,Over,over,over@3.5,3.50,2.1,2026-08-21T14:32:43Z
2026-08-21T14:32:46Z,212165,DFB Pokal,2026-08-21T16:00:00Z,Preußen Münster,Karlsruher SC,leovegas_se,totals,Under,under,under@3.5,3.50,1.63,2026-08-21T14:32:43Z
2026-08-21T14:32:46Z,212165,DFB Pokal,2026-08-21T16:00:00Z,Preußen Münster,Karlsruher SC,unibet_se,h2h,Karlsruher SC,away,away,,1.88,2026-08-21T14:32:44Z
2026-08-21T14:32:46Z,212165,DFB Pokal,2026-08-21T16:00:00Z,Preußen Münster,Karlsruher SC,unibet_se,h2h,SC Preußen Münster,home,home,,3.6,2026-08-21T14:32:44Z
2026-08-21T14:32:46Z,212165,DFB Pokal,2026-08-21T16:00:00Z,Preußen Münster,Karlsruher SC,unibet_se,h2h,Draw,draw,draw,,4.0,2026-08-21T14:32:44Z
2026-08-21T14:32:46Z,212165,DFB Pokal,2026-08-21T16:00:00Z,Preußen Münster,Karlsruher SC,unibet_se,totals,Over,over,over@3.5,3.50,2.1,2026-08-21T14:32:44Z
2026-08-21T14:32:46Z,212165,DFB Pokal,2026-08-21T16:00:00Z,Preußen Münster,Karlsruher SC,unibet_se,totals,Under,under,under@3.5,3.50,1.63,2026-08-21T14:32:44Z
2026-08-21T14:32:46Z,212165,DFB Pokal,2026-08-21T16:00:00Z,Preußen Münster,Karlsruher SC,livescorebet,h2h,Karlsruher SC,away,away,,1.78,2026-08-21T14:32:45Z
2026-08-21T14:32:46Z,212165,DFB Pokal,2026-08-21T16:00:00Z,Preußen Münster,Karlsruher SC,livescorebet,h2h,SC Preußen Münster,home,home,,3.35,2026-08-21T14:32:45Z
2026-08-21T14:32:46Z,212165,DFB Pokal,2026-08-21T16:00:00Z,Preußen Münster,Karlsruher SC,livescorebet,h2h,Draw,draw,draw,,3.7,2026-08-21T14:32:45Z
2026-08-21T14:32:46Z,212165,DFB Pokal,2026-08-21T16:00:00Z,Preußen Münster,Karlsruher SC,unibet_nl,h2h,Karlsruher SC,away,away,,1.88,2026-08-21T14:32:44Z
2026-08-21T14:32:46Z,212165,DFB Pokal,2026-08-21T16:00:00Z,Preußen Münster,Karlsruher SC,unibet_nl,h2h,SC Preußen Münster,home,home,,3.6,2026-08-21T14:32:44Z
2026-08-21T14:32:46Z,212165,DFB Pokal,2026-08-21T16:00:00Z,Preußen Münster,Karlsruher SC,unibet_nl,h2h,Draw,draw,draw,,4.0,2026-08-21T14:32:44Z
2026-08-21T14:32:46Z,212165,DFB Pokal,2026-08-21T16:00:00Z,Preußen Münster,Karlsruher SC,unibet_nl,totals,Over,over,over@3.5,3.50,2.1,2026-08-21T14:32:44Z
2026-08-21T14:32:46Z,212165,DFB Pokal,2026-08-21T16:00:00Z,Preußen Münster,Karlsruher SC,unibet_nl,totals,Under,under,under@3.5,3.50,1.63,2026-08-21T14:32:44Z
2026-08-21T14:32:46Z,212165,DFB Pokal,2026-08-21T16:00:00Z,Preußen Münster,Karlsruher SC,grosvenor,h2h,Karlsruher SC,away,away,,1.82,2026-08-21T14:32:44Z
2026-08-21T14:32:46Z,212165,DFB Pokal,2026-08-21T16:00:00Z,Preußen Münster,Karlsruher SC,grosvenor,h2h,SC Preußen Münster,home,home,,3.45,2026-08-21T14:32:44Z
2026-08-21T14:32:46Z,212165,DFB Pokal,2026-08-21T16:00:00Z,Preußen Münster,Karlsruher SC,grosvenor,h2h,Draw,draw,draw,,3.8,2026-08-21T14:32:44Z
2026-08-21T14:32:46Z,212165,DFB Pokal,2026-08-21T16:00:00Z,Preußen Münster,Karlsruher SC,grosvenor,totals,Over,over,over@3.5,3.50,2.1,2026-08-21T14:32:44Z
2026-08-21T14:32:46Z,212165,DFB Pokal,2026-08-21T16:00:00Z,Preußen Münster,Karlsruher SC,grosvenor,totals,Under,under,under@3.5,3.50,1.63,2026-08-21T14:32:44Z
2026-08-21T14:32:46Z,212165,DFB Pokal,2026-08-21T16:00:00Z,Preußen Münster,Karlsruher SC,virginbet,h2h,Karlsruher SC,away,away,,1.78,2026-08-21T14:32:43Z
2026-08-21T14:32:46Z,212165,DFB Pokal,2026-08-21T16:00:00Z,Preußen Münster,Karlsruher SC,virginbet,h2h,SC Preußen Münster,home,home,,3.35,2026-08-21T14:32:43Z
2026-08-21T14:32:46Z,212165,DFB Pokal,2026-08-21T16:00:00Z,Preußen Münster,Karlsruher SC,virginbet,h2h,Draw,draw,draw,,3.7,2026-08-21T14:32:43Z
2026-08-21T14:32:46Z,212167,DFB Pokal,2026-08-21T16:00:00Z,SV Waldhof Mannheim,1. FC Kaiserslautern,tipico_de,h2h,1. FC Kaiserslautern,away,away,,2.1,2026-08-21T14:31:30Z
2026-08-21T14:32:46Z,212167,DFB Pokal,2026-08-21T16:00:00Z,SV Waldhof Mannheim,1. FC Kaiserslautern,tipico_de,h2h,Waldhof Mannheim,home,home,,3.2,2026-08-21T14:31:30Z
2026-08-21T14:32:46Z,212167,DFB Pokal,2026-08-21T16:00:00Z,SV Waldhof Mannheim,1. FC Kaiserslautern,tipico_de,h2h,Draw,draw,draw,,3.7,2026-08-21T14:31:30Z
2026-08-21T14:32:46Z,212167,DFB Pokal,2026-08-21T16:00:00Z,SV Waldhof Mannheim,1. FC Kaiserslautern,tipico_de,totals,Over,over,over@3.5,3.50,2.3,2026-08-21T14:31:30Z
2026-08-21T14:32:46Z,212167,DFB Pokal,2026-08-21T16:00:00Z,SV Waldhof Mannheim,1. FC Kaiserslautern,tipico_de,totals,Under,under,under@3.5,3.50,1.55,2026-08-21T14:31:30Z
2026-08-21T14:32:46Z,212167,DFB Pokal,2026-08-21T16:00:00Z,SV Waldhof Mannheim,1. FC Kaiserslautern,betmgm,h2h,1. FC Kaiserslautern,away,away,,2.15,2026-08-21T14:32:44Z
2026-08-21T14:32:46Z,212167,DFB Pokal,2026-08-21T16:00:00Z,SV Waldhof Mannheim,1. FC Kaiserslautern,betmgm,h2h,Waldhof Mannheim,home,home,,3.0,2026-08-21T14:32:44Z
2026-08-21T14:32:46Z,212167,DFB Pokal,2026-08-21T16:00:00Z,SV Waldhof Mannheim,1. FC Kaiserslautern,betmgm,h2h,Draw,draw,draw,,3.7,2026-08-21T14:32:44Z
2026-08-21T14:32:46Z,212167,DFB Pokal,2026-08-21T16:00:00Z,SV Waldhof Mannheim,1. FC Kaiserslautern,betmgm,totals,Over,over,over@2.5,2.50,1.53,2026-08-21T14:32:44Z
2026-08-21T14:32:46Z,212167,DFB Pokal,2026-08-21T16:00:00Z,SV Waldhof Mannheim,1. FC Kaiserslautern,betmgm,totals,Under,under,under@2.5,2.50,2.3,2026-08-21T14:32:44Z
2026-08-21T14:32:46Z,212167,DFB Pokal,2026-08-21T16:00:00Z,SV Waldhof Mannheim,1. FC Kaiserslautern,winamax_fr,h2h,1. FC Kaiserslautern,away,away,,2.05,2026-08-21T14:32:45Z
2026-08-21T14:32:46Z,212167,DFB Pokal,2026-08-21T16:00:00Z,SV Waldhof Mannheim,1. FC Kaiserslautern,winamax_fr,h2h,Waldhof Mannheim,home,home,,2.85,2026-08-21T14:32:45Z
2026-08-21T14:32:46Z,212167,DFB Pokal,2026-08-21T16:00:00Z,SV Waldhof Mannheim,1. FC Kaiserslautern,winamax_fr,h2h,Draw,draw,draw,,3.6,2026-08-21T14:32:45Z
2026-08-21T14:32:46Z,212167,DFB Pokal,2026-08-21T16:00:00Z,SV Waldhof Mannheim,1. FC Kaiserslautern,winamax_de,h2h,1. FC Kaiserslautern,away,away,,2.1,2026-08-21T14:32:19Z
2026-08-21T14:32:46Z,212167,DFB Pokal,2026-08-21T16:00:00Z,SV Waldhof Mannheim,1. FC Kaiserslautern,winamax_de,h2h,Waldhof Mannheim,home,home,,2.95,2026-08-21T14:32:19Z
2026-08-21T14:32:46Z,212167,DFB Pokal,2026-08-21T16:00:00Z,SV Waldhof Mannheim,1. FC Kaiserslautern,winamax_de,h2h,Draw,draw,draw,,3.8,2026-08-21T14:32:19Z
2026-08-21T14:32:46Z,212167,DFB Pokal,2026-08-21T16:00:00Z,SV Waldhof Mannheim,1. FC Kaiserslautern,leovegas,h2h,1. FC Kaiserslautern,away,away,,2.15,2026-08-21T14:32:44Z
2026-08-21T14:32:46Z,212167,DFB Pokal,2026-08-21T16:00:00Z,SV Waldhof Mannheim,1. FC Kaiserslautern,leovegas,h2h,Waldhof Mannheim,home,home,,3.05,2026-08-21T14:32:44Z
2026-08-21T14:32:46Z,212167,DFB Pokal,2026-08-21T16:00:00Z,SV Waldhof Mannheim,1. FC Kaiserslautern,leovegas,h2h,Draw,draw,draw,,3.7,2026-08-21T14:32:44Z
2026-08-21T14:32:46Z,212167,DFB Pokal,2026-08-21T16:00:00Z,SV Waldhof Mannheim,1. FC Kaiserslautern,leovegas,totals,Over,over,over@3.5,3.50,2.25,2026-08-21T14:32:44Z
2026-08-21T14:32:46Z,212167,DFB Pokal,2026-08-21T16:00:00Z,SV Waldhof Mannheim,1. FC Kaiserslautern,leovegas,totals,Under,under,under@3.5,3.50,1.6,2026-08-21T14:32:44Z
2026-08-21T14:32:46Z,212167,DFB Pokal,2026-08-21T16:00:00Z,SV Waldhof Mannheim,1. FC Kaiserslautern,unibet_fr,h2h,1. FC Kaiserslautern,away,away,,2.1,2026-08-21T14:32:14Z
2026-08-21T14:32:46Z,212167,DFB Pokal,2026-08-21T16:00:00Z,SV Waldhof Mannheim,1. FC Kaiserslautern,unibet_fr,h2h,Waldhof Mannheim,home,home,,3.0,2026-08-21T14:32:14Z
2026-08-21T14:32:46Z,212167,DFB Pokal,2026-08-21T16:00:00Z,SV Waldhof Mannheim,1. FC Kaiserslautern,unibet_fr,h2h,Draw,draw,draw,,3.7,2026-08-21T14:32:14Z
2026-08-21T14:32:46Z,212167,DFB Pokal,2026-08-21T16:00:00Z,SV Waldhof Mannheim,1. FC Kaiserslautern,betclic_fr,h2h,1. FC Kaiserslautern,away,away,,2.13,2026-08-21T14:30:51Z
2026-08-21T14:32:46Z,212167,DFB Pokal,2026-08-21T16:00:00Z,SV Waldhof Mannheim,1. FC Kaiserslautern,betclic_fr,h2h,Waldhof Mannheim,home,home,,3.05,2026-08-21T14:30:51Z
2026-08-21T14:32:46Z,212167,DFB Pokal,2026-08-21T16:00:00Z,SV Waldhof Mannheim,1. FC Kaiserslautern,betclic_fr,h2h,Draw,draw,draw,,3.63,2026-08-21T14:30:51Z
2026-08-21T14:32:46Z,212167,DFB Pokal,2026-08-21T16:00:00Z,SV Waldhof Mannheim,1. FC Kaiserslautern,codere_it,h2h,1. FC Kaiserslautern,away,away,,2.13,2026-08-21T14:32:14Z
2026-08-21T14:32:46Z,212167,DFB Pokal,2026-08-21T16:00:00Z,SV Waldhof Mannheim,1. FC Kaiserslautern,codere_it,h2h,Waldhof Mannheim,home,home,,3.05,2026-08-21T14:32:14Z
2026-08-21T14:32:46Z,212167,DFB Pokal,2026-08-21T16:00:00Z,SV Waldhof Mannheim,1. FC Kaiserslautern,codere_it,h2h,Draw,draw,draw,,3.7,2026-08-21T14:32:14Z
2026-08-21T14:32:46Z,212167,DFB Pokal,2026-08-21T16:00:00Z,SV Waldhof Mannheim,1. FC Kaiserslautern,codere_it,totals,Over,over,over@3.5,3.50,2.25,2026-08-21T14:32:14Z
2026-08-21T14:32:46Z,212167,DFB Pokal,2026-08-21T16:00:00Z,SV Waldhof Mannheim,1. FC Kaiserslautern,codere_it,totals,Under,under,under@3.5,3.50,1.57,2026-08-21T14:32:14Z
2026-08-21T14:32:46Z,212167,DFB Pokal,2026-08-21T16:00:00Z,SV Waldhof Mannheim,1. FC Kaiserslautern,betway,h2h,1. FC Kaiserslautern,away,away,,2.1,2026-08-21T14:32:44Z
2026-08-21T14:32:46Z,212167,DFB Pokal,2026-08-21T16:00:00Z,SV Waldhof Mannheim,1. FC Kaiserslautern,betway,h2h,Waldhof Mannheim,home,home,,3.0,2026-08-21T14:32:44Z
2026-08-21T14:32:46Z,212167,DFB Pokal,2026-08-21T16:00:00Z,SV Waldhof Mannheim,1. FC Kaiserslautern,betway,h2h,Draw,draw,draw,,3.6,2026-08-21T14:32:44Z
2026-08-21T14:32:46Z,212167,DFB Pokal,2026-08-21T16:00:00Z,SV Waldhof Mannheim,1. FC Kaiserslautern,sport888,h2h,1. FC Kaiserslautern,away,away,,2.1,2026-08-21T14:32:45Z
2026-08-21T14:32:46Z,212167,DFB Pokal,2026-08-21T16:00:00Z,SV Waldhof Mannheim,1. FC Kaiserslautern,sport888,h2h,Waldhof Mannheim,home,home,,3.0,2026-08-21T14:32:45Z
2026-08-21T14:32:46Z,212167,DFB Pokal,2026-08-21T16:00:00Z,SV Waldhof Mannheim,1. FC Kaiserslautern,sport888,h2h,Draw,draw,draw,,3.5,2026-08-21T14:32:45Z
2026-08-21T14:32:46Z,212167,DFB Pokal,2026-08-21T16:00:00Z,SV Waldhof Mannheim,1. FC Kaiserslautern,unibet_uk,h2h,1. FC Kaiserslautern,away,away,,2.15,2026-08-21T14:32:45Z
2026-08-21T14:32:46Z,212167,DFB Pokal,2026-08-21T16:00:00Z,SV Waldhof Mannheim,1. FC Kaiserslautern,unibet_uk,h2h,Waldhof Mannheim,home,home,,3.1,2026-08-21T14:32:45Z
2026-08-21T14:32:46Z,212167,DFB Pokal,2026-08-21T16:00:00Z,SV Waldhof Mannheim,1. FC Kaiserslautern,unibet_uk,h2h,Draw,draw,draw,,3.7,2026-08-21T14:32:45Z
2026-08-21T14:32:46Z,212167,DFB Pokal,2026-08-21T16:00:00Z,SV Waldhof Mannheim,1. FC Kaiserslautern,leovegas_se,h2h,1. FC Kaiserslautern,away,away,,1.94,2026-08-21T14:32:43Z
2026-08-21T14:32:46Z,212167,DFB Pokal,2026-08-21T16:00:00Z,SV Waldhof Mannheim,1. FC Kaiserslautern,leovegas_se,h2h,Waldhof Mannheim,home,home,,2.9,2026-08-21T14:32:43Z
2026-08-21T14:32:46Z,212167,DFB Pokal,2026-08-21T16:00:00Z,SV Waldhof Mannheim,1. FC Kaiserslautern,leovegas_se,h2h,Draw,draw,draw,,3.7,2026-08-21T14:32:43Z
2026-08-21T14:32:46Z,212167,DFB Pokal,2026-08-21T16:00:00Z,SV Waldhof Mannheim,1. FC Kaiserslautern,leovegas_se,totals,Over,over,over@3.5,3.50,2.1,2026-08-21T14:32:43Z
2026-08-21T14:32:46Z,212167,DFB Pokal,2026-08-21T16:00:00Z,SV Waldhof Mannheim,1. FC Kaiserslautern,leovegas_se,totals,Under,under,under@3.5,3.50,1.63,2026-08-21T14:32:43Z
2026-08-21T14:32:46Z,212167,DFB Pokal,2026-08-21T16:00:00Z,SV Waldhof Mannheim,1. FC Kaiserslautern,unibet_se,h2h,1. FC Kaiserslautern,away,away,,2.06,2026-08-21T14:32:44Z
2026-08-21T14:32:46Z,212167,DFB Pokal,2026-08-21T16:00:00Z,SV Waldhof Mannheim,1. FC Kaiserslautern,unibet_se,h2h,Waldhof Mannheim,home,home,,3.1,2026-08-21T14:32:44Z
2026-08-21T14:32:46Z,212167,DFB Pokal,2026-08-21T16:00:00Z,SV Waldhof Mannheim,1. FC Kaiserslautern,unibet_se,h2h,Draw,draw,draw,,3.95,2026-08-21T14:32:44Z
2026-08-21T14:32:46Z,212167,DFB Pokal,2026-08-21T16:00:00Z,SV Waldhof Mannheim,1. FC Kaiserslautern,unibet_se,totals,Over,over,over@3.5,3.50,2.1,2026-08-21T14:32:44Z
2026-08-21T14:32:46Z,212167,DFB Pokal,2026-08-21T16:00:00Z,SV Waldhof Mannheim,1. FC Kaiserslautern,unibet_se,totals,Under,under,under@3.5,3.50,1.63,2026-08-21T14:32:44Z
2026-08-21T14:32:46Z,212167,DFB Pokal,2026-08-21T16:00:00Z,SV Waldhof Mannheim,1. FC Kaiserslautern,livescorebet,h2h,1. FC Kaiserslautern,away,away,,1.95,2026-08-21T14:32:45Z
2026-08-21T14:32:46Z,212167,DFB Pokal,2026-08-21T16:00:00Z,SV Waldhof Mannheim,1. FC Kaiserslautern,livescorebet,h2h,Waldhof Mannheim,home,home,,2.9,2026-08-21T14:32:45Z
2026-08-21T14:32:46Z,212167,DFB Pokal,2026-08-21T16:00:00Z,SV Waldhof Mannheim,1. FC Kaiserslautern,livescorebet,h2h,Draw,draw,draw,,3.7,2026-08-21T14:32:45Z
2026-08-21T14:32:46Z,212167,DFB Pokal,2026-08-21T16:00:00Z,SV Waldhof Mannheim,1. FC Kaiserslautern,unibet_nl,h2h,1. FC Kaiserslautern,away,away,,2.06,2026-08-21T14:32:44Z
2026-08-21T14:32:46Z,212167,DFB Pokal,2026-08-21T16:00:00Z,SV Waldhof Mannheim,1. FC Kaiserslautern,unibet_nl,h2h,Waldhof Mannheim,home,home,,3.1,2026-08-21T14:32:44Z
2026-08-21T14:32:46Z,212167,DFB Pokal,2026-08-21T16:00:00Z,SV Waldhof Mannheim,1. FC Kaiserslautern,unibet_nl,h2h,Draw,draw,draw,,3.95,2026-08-21T14:32:44Z
2026-08-21T14:32:46Z,212167,DFB Pokal,2026-08-21T16:00:00Z,SV Waldhof Mannheim,1. FC Kaiserslautern,unibet_nl,totals,Over,over,over@3.5,3.50,2.1,2026-08-21T14:32:44Z
2026-08-21T14:32:46Z,212167,DFB Pokal,2026-08-21T16:00:00Z,SV Waldhof Mannheim,1. FC Kaiserslautern,unibet_nl,totals,Under,under,under@3.5,3.50,1.63,2026-08-21T14:32:44Z
2026-08-21T14:32:46Z,212167,DFB Pokal,2026-08-21T16:00:00Z,SV Waldhof Mannheim,1. FC Kaiserslautern,grosvenor,h2h,1. FC Kaiserslautern,away,away,,1.97,2026-08-21T14:32:44Z
2026-08-21T14:32:46Z,212167,DFB Pokal,2026-08-21T16:00:00Z,SV Waldhof Mannheim,1. FC Kaiserslautern,grosvenor,h2h,Waldhof Mannheim,home,home,,2.95,2026-08-21T14:32:44Z
2026-08-21T14:32:46Z,212167,DFB Pokal,2026-08-21T16:00:00Z,SV Waldhof Mannheim,1. FC Kaiserslautern,grosvenor,h2h,Draw,draw,draw,,3.75,2026-08-21T14:32:44Z
2026-08-21T14:32:46Z,212167,DFB Pokal,2026-08-21T16:00:00Z,SV Waldhof Mannheim,1. FC Kaiserslautern,grosvenor,totals,Over,over,over@3.5,3.50,2.1,2026-08-21T14:32:44Z
2026-08-21T14:32:46Z,212167,DFB Pokal,2026-08-21T16:00:00Z,SV Waldhof Mannheim,1. FC Kaiserslautern,grosvenor,totals,Under,under,under@3.5,3.50,1.63,2026-08-21T14:32:44Z
2026-08-21T14:32:46Z,212167,DFB Pokal,2026-08-21T16:00:00Z,SV Waldhof Mannheim,1. FC Kaiserslautern,virginbet,h2h,1. FC Kaiserslautern,away,away,,1.95,2026-08-21T14:32:43Z
2026-08-21T14:32:46Z,212167,DFB Pokal,2026-08-21T16:00:00Z,SV Waldhof Mannheim,1. FC Kaiserslautern,virginbet,h2h,Waldhof Mannheim,home,home,,2.9,2026-08-21T14:32:43Z
2026-08-21T14:32:46Z,212167,DFB Pokal,2026-08-21T16:00:00Z,SV Waldhof Mannheim,1. FC Kaiserslautern,virginbet,h2h,Draw,draw,draw,,3.7,2026-08-21T14:32:43Z
2026-08-21T14:34:28Z,213538,西甲,2026-08-21T19:00:00Z,Real Betis,Real Sociedad,unibet_fr,h2h,Real Betis,home,home,,2.0,2026-08-21T14:33:50Z
2026-08-21T14:34:28Z,213538,西甲,2026-08-21T19:00:00Z,Real Betis,Real Sociedad,unibet_fr,h2h,Real Sociedad,away,away,,3.6,2026-08-21T14:33:50Z
2026-08-21T14:34:28Z,213538,西甲,2026-08-21T19:00:00Z,Real Betis,Real Sociedad,unibet_fr,h2h,Draw,draw,draw,,3.5,2026-08-21T14:33:50Z
2026-08-21T14:34:28Z,213538,西甲,2026-08-21T19:00:00Z,Real Betis,Real Sociedad,leovegas,h2h,Real Betis,home,home,,2.02,2026-08-21T14:33:49Z
2026-08-21T14:34:28Z,213538,西甲,2026-08-21T19:00:00Z,Real Betis,Real Sociedad,leovegas,h2h,Real Sociedad,away,away,,3.6,2026-08-21T14:33:49Z
2026-08-21T14:34:28Z,213538,西甲,2026-08-21T19:00:00Z,Real Betis,Real Sociedad,leovegas,h2h,Draw,draw,draw,,3.5,2026-08-21T14:33:49Z
2026-08-21T14:34:28Z,213538,西甲,2026-08-21T19:00:00Z,Real Betis,Real Sociedad,leovegas,totals,Over,over,over@2.5,2.50,1.77,2026-08-21T14:33:49Z
2026-08-21T14:34:28Z,213538,西甲,2026-08-21T19:00:00Z,Real Betis,Real Sociedad,leovegas,totals,Under,under,under@2.5,2.50,1.95,2026-08-21T14:33:49Z
2026-08-21T14:34:28Z,213538,西甲,2026-08-21T19:00:00Z,Real Betis,Real Sociedad,betclic_fr,h2h,Real Betis,home,home,,2.03,2026-08-21T14:32:18Z
2026-08-21T14:34:28Z,213538,西甲,2026-08-21T19:00:00Z,Real Betis,Real Sociedad,betclic_fr,h2h,Real Sociedad,away,away,,3.8,2026-08-21T14:32:18Z
2026-08-21T14:34:28Z,213538,西甲,2026-08-21T19:00:00Z,Real Betis,Real Sociedad,betclic_fr,h2h,Draw,draw,draw,,3.48,2026-08-21T14:32:18Z
2026-08-21T14:34:28Z,213538,西甲,2026-08-21T19:00:00Z,Real Betis,Real Sociedad,betfred_uk,h2h,Real Betis,home,home,,2.1,2026-08-21T14:33:16Z
2026-08-21T14:34:28Z,213538,西甲,2026-08-21T19:00:00Z,Real Betis,Real Sociedad,betfred_uk,h2h,Real Sociedad,away,away,,3.3,2026-08-21T14:33:16Z
2026-08-21T14:34:28Z,213538,西甲,2026-08-21T19:00:00Z,Real Betis,Real Sociedad,betfred_uk,h2h,Draw,draw,draw,,3.6,2026-08-21T14:33:16Z
2026-08-21T14:34:28Z,213538,西甲,2026-08-21T19:00:00Z,Real Betis,Real Sociedad,fanduel,h2h,Real Betis,home,home,,2.0,2026-08-21T14:34:11Z
2026-08-21T14:34:28Z,213538,西甲,2026-08-21T19:00:00Z,Real Betis,Real Sociedad,fanduel,h2h,Real Sociedad,away,away,,3.7,2026-08-21T14:34:11Z
2026-08-21T14:34:28Z,213538,西甲,2026-08-21T19:00:00Z,Real Betis,Real Sociedad,fanduel,h2h,Draw,draw,draw,,3.4,2026-08-21T14:34:11Z
2026-08-21T14:34:28Z,213538,西甲,2026-08-21T19:00:00Z,Real Betis,Real Sociedad,onexbet,h2h,Real Betis,home,home,,2.12,2026-08-21T14:33:48Z
2026-08-21T14:34:28Z,213538,西甲,2026-08-21T19:00:00Z,Real Betis,Real Sociedad,onexbet,h2h,Real Sociedad,away,away,,3.71,2026-08-21T14:33:48Z
2026-08-21T14:34:28Z,213538,西甲,2026-08-21T19:00:00Z,Real Betis,Real Sociedad,onexbet,h2h,Draw,draw,draw,,3.63,2026-08-21T14:33:48Z
2026-08-21T14:34:28Z,213538,西甲,2026-08-21T19:00:00Z,Real Betis,Real Sociedad,onexbet,spreads,Real Betis,home,home@0.0,0,1.55,2026-08-21T14:33:48Z
2026-08-21T14:34:28Z,213538,西甲,2026-08-21T19:00:00Z,Real Betis,Real Sociedad,onexbet,spreads,Real Sociedad,away,away@0.0,0,2.69,2026-08-21T14:33:48Z
2026-08-21T14:34:28Z,213538,西甲,2026-08-21T19:00:00Z,Real Betis,Real Sociedad,onexbet,totals,Over,over,over@2.5,2.50,1.91,2026-08-21T14:33:48Z
2026-08-21T14:34:28Z,213538,西甲,2026-08-21T19:00:00Z,Real Betis,Real Sociedad,onexbet,totals,Under,under,under@2.5,2.50,2.03,2026-08-21T14:33:48Z
2026-08-21T14:34:28Z,213538,西甲,2026-08-21T19:00:00Z,Real Betis,Real Sociedad,codere_it,h2h,Real Betis,home,home,,2.06,2026-08-21T14:33:49Z
2026-08-21T14:34:28Z,213538,西甲,2026-08-21T19:00:00Z,Real Betis,Real Sociedad,codere_it,h2h,Real Sociedad,away,away,,3.6,2026-08-21T14:33:49Z
2026-08-21T14:34:28Z,213538,西甲,2026-08-21T19:00:00Z,Real Betis,Real Sociedad,codere_it,h2h,Draw,draw,draw,,3.5,2026-08-21T14:33:49Z
2026-08-21T14:34:28Z,213538,西甲,2026-08-21T19:00:00Z,Real Betis,Real Sociedad,codere_it,totals,Over,over,over@2.5,2.50,1.76,2026-08-21T14:33:49Z
2026-08-21T14:34:28Z,213538,西甲,2026-08-21T19:00:00Z,Real Betis,Real Sociedad,codere_it,totals,Under,under,under@2.5,2.50,1.91,2026-08-21T14:33:49Z
2026-08-21T14:34:28Z,213538,西甲,2026-08-21T19:00:00Z,Real Betis,Real Sociedad,coolbet,h2h,Real Betis,home,home,,2.04,2026-08-21T14:33:20Z
2026-08-21T14:34:28Z,213538,西甲,2026-08-21T19:00:00Z,Real Betis,Real Sociedad,coolbet,h2h,Real Sociedad,away,away,,3.94,2026-08-21T14:33:20Z
2026-08-21T14:34:28Z,213538,西甲,2026-08-21T19:00:00Z,Real Betis,Real Sociedad,coolbet,h2h,Draw,draw,draw,,3.5,2026-08-21T14:33:20Z
2026-08-21T14:34:28Z,213538,西甲,2026-08-21T19:00:00Z,Real Betis,Real Sociedad,coolbet,spreads,Real Betis,home,home@-1.0,-1,3.0,2026-08-21T14:33:20Z
2026-08-21T14:34:28Z,213538,西甲,2026-08-21T19:00:00Z,Real Betis,Real Sociedad,coolbet,spreads,Real Sociedad,away,away@1.0,1,1.44,2026-08-21T14:33:20Z
2026-08-21T14:34:28Z,213538,西甲,2026-08-21T19:00:00Z,Real Betis,Real Sociedad,coolbet,totals,Over,over,over@2.5,2.50,1.92,2026-08-21T14:33:20Z
2026-08-21T14:34:28Z,213538,西甲,2026-08-21T19:00:00Z,Real Betis,Real Sociedad,coolbet,totals,Under,under,under@2.5,2.50,1.96,2026-08-21T14:33:20Z
2026-08-21T14:34:28Z,213538,西甲,2026-08-21T19:00:00Z,Real Betis,Real Sociedad,paddypower,h2h,Real Betis,home,home,,2.0,2026-08-21T14:32:51Z
2026-08-21T14:34:28Z,213538,西甲,2026-08-21T19:00:00Z,Real Betis,Real Sociedad,paddypower,h2h,Real Sociedad,away,away,,3.7,2026-08-21T14:32:51Z
2026-08-21T14:34:28Z,213538,西甲,2026-08-21T19:00:00Z,Real Betis,Real Sociedad,paddypower,h2h,Draw,draw,draw,,3.4,2026-08-21T14:32:51Z
2026-08-21T14:34:28Z,213538,西甲,2026-08-21T19:00:00Z,Real Betis,Real Sociedad,skybet,h2h,Real Betis,home,home,,2.0,2026-08-21T14:33:48Z
2026-08-21T14:34:28Z,213538,西甲,2026-08-21T19:00:00Z,Real Betis,Real Sociedad,skybet,h2h,Real Sociedad,away,away,,3.7,2026-08-21T14:33:48Z
2026-08-21T14:34:28Z,213538,西甲,2026-08-21T19:00:00Z,Real Betis,Real Sociedad,skybet,h2h,Draw,draw,draw,,3.5,2026-08-21T14:33:48Z
2026-08-21T14:34:28Z,213538,西甲,2026-08-21T19:00:00Z,Real Betis,Real Sociedad,unibet_uk,h2h,Real Betis,home,home,,2.05,2026-08-21T14:32:27Z
2026-08-21T14:34:28Z,213538,西甲,2026-08-21T19:00:00Z,Real Betis,Real Sociedad,unibet_uk,h2h,Real Sociedad,away,away,,3.6,2026-08-21T14:32:27Z
2026-08-21T14:34:28Z,213538,西甲,2026-08-21T19:00:00Z,Real Betis,Real Sociedad,unibet_uk,h2h,Draw,draw,draw,,3.5,2026-08-21T14:32:27Z
2026-08-21T14:34:28Z,213538,西甲,2026-08-21T19:00:00Z,Real Betis,Real Sociedad,smarkets,h2h,Real Betis,home,home,,2.1,2026-08-21T14:34:11Z
2026-08-21T14:34:28Z,213538,西甲,2026-08-21T19:00:00Z,Real Betis,Real Sociedad,smarkets,h2h,Real Sociedad,away,away,,3.95,2026-08-21T14:34:11Z
2026-08-21T14:34:28Z,213538,西甲,2026-08-21T19:00:00Z,Real Betis,Real Sociedad,smarkets,h2h,Draw,draw,draw,,3.6,2026-08-21T14:34:11Z
2026-08-21T14:34:28Z,213538,西甲,2026-08-21T19:00:00Z,Real Betis,Real Sociedad,smarkets,h2h_lay,Real Betis,h2h_lay,h2h_lay,,2.12,2026-08-21T14:34:11Z
2026-08-21T14:34:28Z,213538,西甲,2026-08-21T19:00:00Z,Real Betis,Real Sociedad,smarkets,h2h_lay,Real Sociedad,h2h_lay,h2h_lay,,4.0,2026-08-21T14:34:11Z
2026-08-21T14:34:28Z,213538,西甲,2026-08-21T19:00:00Z,Real Betis,Real Sociedad,smarkets,h2h_lay,Draw,h2h_lay,h2h_lay,,3.65,2026-08-21T14:34:11Z
2026-08-21T14:34:28Z,213538,西甲,2026-08-21T19:00:00Z,Real Betis,Real Sociedad,winamax_fr,h2h,Real Betis,home,home,,1.98,2026-08-21T14:33:50Z
2026-08-21T14:34:28Z,213538,西甲,2026-08-21T19:00:00Z,Real Betis,Real Sociedad,winamax_fr,h2h,Real Sociedad,away,away,,3.4,2026-08-21T14:33:50Z
2026-08-21T14:34:28Z,213538,西甲,2026-08-21T19:00:00Z,Real Betis,Real Sociedad,winamax_fr,h2h,Draw,draw,draw,,3.45,2026-08-21T14:33:50Z
2026-08-21T14:34:28Z,213538,西甲,2026-08-21T19:00:00Z,Real Betis,Real Sociedad,betfair_sb_uk,h2h,Real Betis,home,home,,2.0,2026-08-21T14:34:32Z
2026-08-21T14:34:28Z,213538,西甲,2026-08-21T19:00:00Z,Real Betis,Real Sociedad,betfair_sb_uk,h2h,Real Sociedad,away,away,,3.8,2026-08-21T14:34:32Z
2026-08-21T14:34:28Z,213538,西甲,2026-08-21T19:00:00Z,Real Betis,Real Sociedad,betfair_sb_uk,h2h,Draw,draw,draw,,3.4,2026-08-21T14:34:32Z
2026-08-21T14:34:28Z,213538,西甲,2026-08-21T19:00:00Z,Real Betis,Real Sociedad,williamhill,h2h,Real Betis,home,home,,2.05,2026-08-21T14:33:47Z
2026-08-21T14:34:28Z,213538,西甲,2026-08-21T19:00:00Z,Real Betis,Real Sociedad,williamhill,h2h,Real Sociedad,away,away,,3.5,2026-08-21T14:33:47Z
2026-08-21T14:34:28Z,213538,西甲,2026-08-21T19:00:00Z,Real Betis,Real Sociedad,williamhill,h2h,Draw,draw,draw,,3.4,2026-08-21T14:33:47Z
2026-08-21T14:34:28Z,213538,西甲,2026-08-21T19:00:00Z,Real Betis,Real Sociedad,williamhill,totals,Over,over,over@2.5,2.50,1.83,2026-08-21T14:33:47Z
2026-08-21T14:34:28Z,213538,西甲,2026-08-21T19:00:00Z,Real Betis,Real Sociedad,williamhill,totals,Under,under,under@2.5,2.50,1.91,2026-08-21T14:33:47Z
2026-08-21T14:34:28Z,213538,西甲,2026-08-21T19:00:00Z,Real Betis,Real Sociedad,betfair_ex_uk,h2h,Real Betis,home,home,,2.1,2026-08-21T14:34:10Z
2026-08-21T14:34:28Z,213538,西甲,2026-08-21T19:00:00Z,Real Betis,Real Sociedad,betfair_ex_uk,h2h,Real Sociedad,away,away,,3.95,2026-08-21T14:34:10Z
2026-08-21T14:34:28Z,213538,西甲,2026-08-21T19:00:00Z,Real Betis,Real Sociedad,betfair_ex_uk,h2h,Draw,draw,draw,,3.6,2026-08-21T14:34:10Z
2026-08-21T14:34:28Z,213538,西甲,2026-08-21T19:00:00Z,Real Betis,Real Sociedad,betfair_ex_uk,h2h_lay,Real Betis,h2h_lay,h2h_lay,,2.12,2026-08-21T14:34:10Z
2026-08-21T14:34:28Z,213538,西甲,2026-08-21T19:00:00Z,Real Betis,Real Sociedad,betfair_ex_uk,h2h_lay,Real Sociedad,h2h_lay,h2h_lay,,4.0,2026-08-21T14:34:10Z
2026-08-21T14:34:28Z,213538,西甲,2026-08-21T19:00:00Z,Real Betis,Real Sociedad,betfair_ex_uk,h2h_lay,Draw,h2h_lay,h2h_lay,,3.65,2026-08-21T14:34:10Z
2026-08-21T14:34:28Z,213538,西甲,2026-08-21T19:00:00Z,Real Betis,Real Sociedad,betfair_ex_eu,h2h,Real Betis,home,home,,2.1,2026-08-21T14:33:49Z
2026-08-21T14:34:28Z,213538,西甲,2026-08-21T19:00:00Z,Real Betis,Real Sociedad,betfair_ex_eu,h2h,Real Sociedad,away,away,,3.95,2026-08-21T14:33:49Z
2026-08-21T14:34:28Z,213538,西甲,2026-08-21T19:00:00Z,Real Betis,Real Sociedad,betfair_ex_eu,h2h,Draw,draw,draw,,3.6,2026-08-21T14:33:49Z
2026-08-21T14:34:28Z,213538,西甲,2026-08-21T19:00:00Z,Real Betis,Real Sociedad,betfair_ex_eu,h2h_lay,Real Betis,h2h_lay,h2h_lay,,2.12,2026-08-21T14:33:49Z
2026-08-21T14:34:28Z,213538,西甲,2026-08-21T19:00:00Z,Real Betis,Real Sociedad,betfair_ex_eu,h2h_lay,Real Sociedad,h2h_lay,h2h_lay,,4.0,2026-08-21T14:33:49Z
2026-08-21T14:34:28Z,213538,西甲,2026-08-21T19:00:00Z,Real Betis,Real Sociedad,betfair_ex_eu,h2h_lay,Draw,h2h_lay,h2h_lay,,3.65,2026-08-21T14:33:49Z
2026-08-21T14:34:28Z,213538,西甲,2026-08-21T19:00:00Z,Real Betis,Real Sociedad,tipico_de,h2h,Real Betis,home,home,,1.97,2026-08-21T14:33:18Z
2026-08-21T14:34:28Z,213538,西甲,2026-08-21T19:00:00Z,Real Betis,Real Sociedad,tipico_de,h2h,Real Sociedad,away,away,,3.8,2026-08-21T14:33:18Z
2026-08-21T14:34:28Z,213538,西甲,2026-08-21T19:00:00Z,Real Betis,Real Sociedad,tipico_de,h2h,Draw,draw,draw,,3.5,2026-08-21T14:33:18Z
2026-08-21T14:34:28Z,213538,西甲,2026-08-21T19:00:00Z,Real Betis,Real Sociedad,tipico_de,totals,Over,over,over@2.5,2.50,1.77,2026-08-21T14:33:18Z
2026-08-21T14:34:28Z,213538,西甲,2026-08-21T19:00:00Z,Real Betis,Real Sociedad,tipico_de,totals,Under,under,under@2.5,2.50,2.0,2026-08-21T14:33:18Z
2026-08-21T14:34:28Z,213538,西甲,2026-08-21T19:00:00Z,Real Betis,Real Sociedad,boylesports,h2h,Real Betis,home,home,,1.91,2026-08-21T14:34:14Z
2026-08-21T14:34:28Z,213538,西甲,2026-08-21T19:00:00Z,Real Betis,Real Sociedad,boylesports,h2h,Real Sociedad,away,away,,3.5,2026-08-21T14:34:14Z
2026-08-21T14:34:28Z,213538,西甲,2026-08-21T19:00:00Z,Real Betis,Real Sociedad,boylesports,h2h,Draw,draw,draw,,3.4,2026-08-21T14:34:14Z
2026-08-21T14:34:28Z,213538,西甲,2026-08-21T19:00:00Z,Real Betis,Real Sociedad,betsson,h2h,Real Betis,home,home,,2.08,2026-08-21T14:33:19Z
2026-08-21T14:34:28Z,213538,西甲,2026-08-21T19:00:00Z,Real Betis,Real Sociedad,betsson,h2h,Real Sociedad,away,away,,3.55,2026-08-21T14:33:19Z
2026-08-21T14:34:28Z,213538,西甲,2026-08-21T19:00:00Z,Real Betis,Real Sociedad,betsson,h2h,Draw,draw,draw,,3.4,2026-08-21T14:33:19Z
2026-08-21T14:34:28Z,213538,西甲,2026-08-21T19:00:00Z,Real Betis,Real Sociedad,betsson,totals,Over,over,over@2.5,2.50,1.82,2026-08-21T14:33:19Z
2026-08-21T14:34:28Z,213538,西甲,2026-08-21T19:00:00Z,Real Betis,Real Sociedad,betsson,totals,Under,under,under@2.5,2.50,1.95,2026-08-21T14:33:19Z
2026-08-21T14:34:28Z,213538,西甲,2026-08-21T19:00:00Z,Real Betis,Real Sociedad,nordicbet,h2h,Real Betis,home,home,,2.08,2026-08-21T14:33:48Z
2026-08-21T14:34:28Z,213538,西甲,2026-08-21T19:00:00Z,Real Betis,Real Sociedad,nordicbet,h2h,Real Sociedad,away,away,,3.55,2026-08-21T14:33:48Z
2026-08-21T14:34:28Z,213538,西甲,2026-08-21T19:00:00Z,Real Betis,Real Sociedad,nordicbet,h2h,Draw,draw,draw,,3.4,2026-08-21T14:33:48Z
2026-08-21T14:34:28Z,213538,西甲,2026-08-21T19:00:00Z,Real Betis,Real Sociedad,nordicbet,totals,Over,over,over@2.5,2.50,1.82,2026-08-21T14:33:48Z
2026-08-21T14:34:28Z,213538,西甲,2026-08-21T19:00:00Z,Real Betis,Real Sociedad,nordicbet,totals,Under,under,under@2.5,2.50,1.95,2026-08-21T14:33:48Z
2026-08-21T14:34:28Z,213538,西甲,2026-08-21T19:00:00Z,Real Betis,Real Sociedad,ladbrokes_uk,h2h,Real Betis,home,home,,2.0,2026-08-21T14:33:49Z
2026-08-21T14:34:28Z,213538,西甲,2026-08-21T19:00:00Z,Real Betis,Real Sociedad,ladbrokes_uk,h2h,Real Sociedad,away,away,,3.5,2026-08-21T14:33:49Z
2026-08-21T14:34:28Z,213538,西甲,2026-08-21T19:00:00Z,Real Betis,Real Sociedad,ladbrokes_uk,h2h,Draw,draw,draw,,3.5,2026-08-21T14:33:49Z
2026-08-21T14:34:28Z,213538,西甲,2026-08-21T19:00:00Z,Real Betis,Real Sociedad,coral,h2h,Real Betis,home,home,,2.05,2026-08-21T14:33:49Z
2026-08-21T14:34:28Z,213538,西甲,2026-08-21T19:00:00Z,Real Betis,Real Sociedad,coral,h2h,Real Sociedad,away,away,,3.5,2026-08-21T14:33:49Z
2026-08-21T14:34:28Z,213538,西甲,2026-08-21T19:00:00Z,Real Betis,Real Sociedad,coral,h2h,Draw,draw,draw,,3.6,2026-08-21T14:33:49Z
2026-08-21T14:34:28Z,213538,西甲,2026-08-21T19:00:00Z,Real Betis,Real Sociedad,betmgm,h2h,Real Betis,home,home,,2.05,2026-08-21T14:33:18Z
2026-08-21T14:34:28Z,213538,西甲,2026-08-21T19:00:00Z,Real Betis,Real Sociedad,betmgm,h2h,Real Sociedad,away,away,,3.5,2026-08-21T14:33:18Z
2026-08-21T14:34:28Z,213538,西甲,2026-08-21T19:00:00Z,Real Betis,Real Sociedad,betmgm,h2h,Draw,draw,draw,,3.6,2026-08-21T14:33:18Z
2026-08-21T14:34:28Z,213538,西甲,2026-08-21T19:00:00Z,Real Betis,Real Sociedad,betmgm,totals,Over,over,over@2.5,2.50,1.77,2026-08-21T14:33:18Z
2026-08-21T14:34:28Z,213538,西甲,2026-08-21T19:00:00Z,Real Betis,Real Sociedad,betmgm,totals,Under,under,under@2.5,2.50,1.91,2026-08-21T14:33:18Z
2026-08-21T14:34:28Z,213538,西甲,2026-08-21T19:00:00Z,Real Betis,Real Sociedad,betvictor,h2h,Real Betis,home,home,,2.05,2026-08-21T14:32:46Z
2026-08-21T14:34:28Z,213538,西甲,2026-08-21T19:00:00Z,Real Betis,Real Sociedad,betvictor,h2h,Real Sociedad,away,away,,3.5,2026-08-21T14:32:46Z
2026-08-21T14:34:28Z,213538,西甲,2026-08-21T19:00:00Z,Real Betis,Real Sociedad,betvictor,h2h,Draw,draw,draw,,3.6,2026-08-21T14:32:46Z
2026-08-21T14:34:28Z,213538,西甲,2026-08-21T19:00:00Z,Real Betis,Real Sociedad,betano_uk,h2h,Real Betis,home,home,,2.05,2026-08-21T14:32:39Z
2026-08-21T14:34:28Z,213538,西甲,2026-08-21T19:00:00Z,Real Betis,Real Sociedad,betano_uk,h2h,Real Sociedad,away,away,,3.5,2026-08-21T14:32:39Z
2026-08-21T14:34:28Z,213538,西甲,2026-08-21T19:00:00Z,Real Betis,Real Sociedad,betano_uk,h2h,Draw,draw,draw,,3.6,2026-08-21T14:32:39Z
2026-08-21T14:34:28Z,213538,西甲,2026-08-21T19:00:00Z,Real Betis,Real Sociedad,betway,h2h,Real Betis,home,home,,2.0,2026-08-21T14:34:10Z
2026-08-21T14:34:28Z,213538,西甲,2026-08-21T19:00:00Z,Real Betis,Real Sociedad,betway,h2h,Real Sociedad,away,away,,3.6,2026-08-21T14:34:10Z
2026-08-21T14:34:28Z,213538,西甲,2026-08-21T19:00:00Z,Real Betis,Real Sociedad,betway,h2h,Draw,draw,draw,,3.5,2026-08-21T14:34:10Z
2026-08-21T14:34:28Z,213538,西甲,2026-08-21T19:00:00Z,Real Betis,Real Sociedad,pinnacle,h2h,Real Betis,home,home,,2.07,2026-08-21T14:34:10Z
2026-08-21T14:34:28Z,213538,西甲,2026-08-21T19:00:00Z,Real Betis,Real Sociedad,pinnacle,h2h,Real Sociedad,away,away,,3.78,2026-08-21T14:34:10Z
2026-08-21T14:34:28Z,213538,西甲,2026-08-21T19:00:00Z,Real Betis,Real Sociedad,pinnacle,h2h,Draw,draw,draw,,3.54,2026-08-21T14:34:10Z
2026-08-21T14:34:28Z,213538,西甲,2026-08-21T19:00:00Z,Real Betis,Real Sociedad,pinnacle,spreads,Real Betis,home,home@-0.5,-0.50,2.08,2026-08-21T14:34:10Z
2026-08-21T14:34:28Z,213538,西甲,2026-08-21T19:00:00Z,Real Betis,Real Sociedad,pinnacle,spreads,Real Sociedad,away,away@0.5,0.50,1.85,2026-08-21T14:34:10Z
2026-08-21T14:34:28Z,213538,西甲,2026-08-21T19:00:00Z,Real Betis,Real Sociedad,pinnacle,totals,Over,over,over@2.5,2.50,1.85,2026-08-21T14:34:10Z
2026-08-21T14:34:28Z,213538,西甲,2026-08-21T19:00:00Z,Real Betis,Real Sociedad,pinnacle,totals,Under,under,under@2.5,2.50,2.06,2026-08-21T14:34:10Z
2026-08-21T14:34:28Z,213538,西甲,2026-08-21T19:00:00Z,Real Betis,Real Sociedad,bovada,h2h,Real Betis,home,home,,2.02,2026-08-21T14:33:51Z
2026-08-21T14:34:28Z,213538,西甲,2026-08-21T19:00:00Z,Real Betis,Real Sociedad,bovada,h2h,Real Sociedad,away,away,,3.7,2026-08-21T14:33:51Z
2026-08-21T14:34:28Z,213538,西甲,2026-08-21T19:00:00Z,Real Betis,Real Sociedad,bovada,h2h,Draw,draw,draw,,3.45,2026-08-21T14:33:51Z
2026-08-21T14:34:28Z,213538,西甲,2026-08-21T19:00:00Z,Real Betis,Real Sociedad,bovada,spreads,Real Betis,home,home@-0.5,-0.50,2.02,2026-08-21T14:33:51Z
2026-08-21T14:34:28Z,213538,西甲,2026-08-21T19:00:00Z,Real Betis,Real Sociedad,bovada,spreads,Real Sociedad,away,away@0.5,0.50,1.82,2026-08-21T14:33:51Z
2026-08-21T14:34:28Z,213538,西甲,2026-08-21T19:00:00Z,Real Betis,Real Sociedad,bovada,totals,Over,over,over@2.5,2.50,1.82,2026-08-21T14:33:51Z
2026-08-21T14:34:28Z,213538,西甲,2026-08-21T19:00:00Z,Real Betis,Real Sociedad,bovada,totals,Under,under,under@2.5,2.50,2.02,2026-08-21T14:33:51Z
2026-08-21T14:34:28Z,213538,西甲,2026-08-21T19:00:00Z,Real Betis,Real Sociedad,draftkings,h2h,Real Betis,home,home,,2.05,2026-08-21T14:34:32Z
2026-08-21T14:34:28Z,213538,西甲,2026-08-21T19:00:00Z,Real Betis,Real Sociedad,draftkings,h2h,Real Sociedad,away,away,,3.65,2026-08-21T14:34:32Z
2026-08-21T14:34:28Z,213538,西甲,2026-08-21T19:00:00Z,Real Betis,Real Sociedad,draftkings,h2h,Draw,draw,draw,,3.5,2026-08-21T14:34:32Z
2026-08-21T14:34:28Z,213538,西甲,2026-08-21T19:00:00Z,Real Betis,Real Sociedad,virginbet,h2h,Real Betis,home,home,,2.02,2026-08-21T14:33:48Z
2026-08-21T14:34:28Z,213538,西甲,2026-08-21T19:00:00Z,Real Betis,Real Sociedad,virginbet,h2h,Real Sociedad,away,away,,3.45,2026-08-21T14:33:48Z
2026-08-21T14:34:28Z,213538,西甲,2026-08-21T19:00:00Z,Real Betis,Real Sociedad,virginbet,h2h,Draw,draw,draw,,3.3,2026-08-21T14:33:48Z
2026-08-21T14:34:28Z,213538,西甲,2026-08-21T19:00:00Z,Real Betis,Real Sociedad,unibet_se,h2h,Real Betis,home,home,,2.12,2026-08-21T14:33:47Z
2026-08-21T14:34:28Z,213538,西甲,2026-08-21T19:00:00Z,Real Betis,Real Sociedad,unibet_se,h2h,Real Sociedad,away,away,,3.7,2026-08-21T14:33:47Z
2026-08-21T14:34:28Z,213538,西甲,2026-08-21T19:00:00Z,Real Betis,Real Sociedad,unibet_se,h2h,Draw,draw,draw,,3.55,2026-08-21T14:33:47Z
2026-08-21T14:34:28Z,213538,西甲,2026-08-21T19:00:00Z,Real Betis,Real Sociedad,unibet_se,totals,Over,over,over@2.5,2.50,1.85,2026-08-21T14:33:47Z
2026-08-21T14:34:28Z,213538,西甲,2026-08-21T19:00:00Z,Real Betis,Real Sociedad,unibet_se,totals,Under,under,under@2.5,2.50,1.93,2026-08-21T14:33:47Z
2026-08-21T14:34:28Z,213538,西甲,2026-08-21T19:00:00Z,Real Betis,Real Sociedad,pmu_fr,h2h,Real Betis,home,home,,2.04,2026-08-21T14:33:49Z
2026-08-21T14:34:28Z,213538,西甲,2026-08-21T19:00:00Z,Real Betis,Real Sociedad,pmu_fr,h2h,Real Sociedad,away,away,,3.5,2026-08-21T14:33:49Z
2026-08-21T14:34:28Z,213538,西甲,2026-08-21T19:00:00Z,Real Betis,Real Sociedad,pmu_fr,h2h,Draw,draw,draw,,3.35,2026-08-21T14:33:49Z
2026-08-21T14:34:28Z,213538,西甲,2026-08-21T19:00:00Z,Real Betis,Real Sociedad,pmu_fr,totals,Over,over,over@2.5,2.50,1.74,2026-08-21T14:33:49Z
2026-08-21T14:34:28Z,213538,西甲,2026-08-21T19:00:00Z,Real Betis,Real Sociedad,pmu_fr,totals,Under,under,under@2.5,2.50,1.82,2026-08-21T14:33:49Z
2026-08-21T14:34:28Z,213538,西甲,2026-08-21T19:00:00Z,Real Betis,Real Sociedad,leovegas_se,h2h,Real Betis,home,home,,2.02,2026-08-21T14:33:18Z
2026-08-21T14:34:28Z,213538,西甲,2026-08-21T19:00:00Z,Real Betis,Real Sociedad,leovegas_se,h2h,Real Sociedad,away,away,,3.45,2026-08-21T14:33:18Z
2026-08-21T14:34:28Z,213538,西甲,2026-08-21T19:00:00Z,Real Betis,Real Sociedad,leovegas_se,h2h,Draw,draw,draw,,3.3,2026-08-21T14:33:18Z
2026-08-21T14:34:28Z,213538,西甲,2026-08-21T19:00:00Z,Real Betis,Real Sociedad,leovegas_se,totals,Over,over,over@2.5,2.50,1.83,2026-08-21T14:33:18Z
2026-08-21T14:34:28Z,213538,西甲,2026-08-21T19:00:00Z,Real Betis,Real Sociedad,leovegas_se,totals,Under,under,under@2.5,2.50,1.92,2026-08-21T14:33:18Z
2026-08-21T14:34:28Z,213538,西甲,2026-08-21T19:00:00Z,Real Betis,Real Sociedad,casumo,h2h,Real Betis,home,home,,2.07,2026-08-21T14:33:48Z
2026-08-21T14:34:28Z,213538,西甲,2026-08-21T19:00:00Z,Real Betis,Real Sociedad,casumo,h2h,Real Sociedad,away,away,,3.55,2026-08-21T14:33:48Z
2026-08-21T14:34:28Z,213538,西甲,2026-08-21T19:00:00Z,Real Betis,Real Sociedad,casumo,h2h,Draw,draw,draw,,3.4,2026-08-21T14:33:48Z
2026-08-21T14:34:28Z,213538,西甲,2026-08-21T19:00:00Z,Real Betis,Real Sociedad,casumo,totals,Over,over,over@2.5,2.50,1.83,2026-08-21T14:33:48Z
2026-08-21T14:34:28Z,213538,西甲,2026-08-21T19:00:00Z,Real Betis,Real Sociedad,casumo,totals,Under,under,under@2.5,2.50,1.92,2026-08-21T14:33:48Z
2026-08-21T14:34:28Z,213538,西甲,2026-08-21T19:00:00Z,Real Betis,Real Sociedad,unibet_nl,h2h,Real Betis,home,home,,2.1,2026-08-21T14:33:47Z
2026-08-21T14:34:28Z,213538,西甲,2026-08-21T19:00:00Z,Real Betis,Real Sociedad,unibet_nl,h2h,Real Sociedad,away,away,,3.7,2026-08-21T14:33:47Z
2026-08-21T14:34:28Z,213538,西甲,2026-08-21T19:00:00Z,Real Betis,Real Sociedad,unibet_nl,h2h,Draw,draw,draw,,3.55,2026-08-21T14:33:47Z
2026-08-21T14:34:28Z,213538,西甲,2026-08-21T19:00:00Z,Real Betis,Real Sociedad,unibet_nl,totals,Over,over,over@2.5,2.50,1.83,2026-08-21T14:33:47Z
2026-08-21T14:34:28Z,213538,西甲,2026-08-21T19:00:00Z,Real Betis,Real Sociedad,unibet_nl,totals,Under,under,under@2.5,2.50,1.92,2026-08-21T14:33:47Z
2026-08-21T14:34:28Z,213538,西甲,2026-08-21T19:00:00Z,Real Betis,Real Sociedad,betrivers,h2h,Real Betis,home,home,,2.07,2026-08-21T14:33:49Z
2026-08-21T14:34:28Z,213538,西甲,2026-08-21T19:00:00Z,Real Betis,Real Sociedad,betrivers,h2h,Real Sociedad,away,away,,3.55,2026-08-21T14:33:49Z
2026-08-21T14:34:28Z,213538,西甲,2026-08-21T19:00:00Z,Real Betis,Real Sociedad,betrivers,h2h,Draw,draw,draw,,3.4,2026-08-21T14:33:49Z
2026-08-21T14:34:28Z,213538,西甲,2026-08-21T19:00:00Z,Real Betis,Real Sociedad,betrivers,totals,Over,over,over@2.5,2.50,1.83,2026-08-21T14:33:49Z
2026-08-21T14:34:28Z,213538,西甲,2026-08-21T19:00:00Z,Real Betis,Real Sociedad,betrivers,totals,Under,under,under@2.5,2.50,1.92,2026-08-21T14:33:49Z
2026-08-21T14:34:28Z,213538,西甲,2026-08-21T19:00:00Z,Real Betis,Real Sociedad,grosvenor,h2h,Real Betis,home,home,,2.08,2026-08-21T14:33:48Z
2026-08-21T14:34:28Z,213538,西甲,2026-08-21T19:00:00Z,Real Betis,Real Sociedad,grosvenor,h2h,Real Sociedad,away,away,,3.65,2026-08-21T14:33:48Z
2026-08-21T14:34:28Z,213538,西甲,2026-08-21T19:00:00Z,Real Betis,Real Sociedad,grosvenor,h2h,Draw,draw,draw,,3.5,2026-08-21T14:33:48Z
2026-08-21T14:34:28Z,213538,西甲,2026-08-21T19:00:00Z,Real Betis,Real Sociedad,grosvenor,totals,Over,over,over@2.5,2.50,1.83,2026-08-21T14:33:48Z
2026-08-21T14:34:28Z,213538,西甲,2026-08-21T19:00:00Z,Real Betis,Real Sociedad,grosvenor,totals,Under,under,under@2.5,2.50,1.92,2026-08-21T14:33:48Z
2026-08-21T14:34:28Z,213538,西甲,2026-08-21T19:00:00Z,Real Betis,Real Sociedad,livescorebet,h2h,Real Betis,home,home,,2.02,2026-08-21T14:33:47Z
2026-08-21T14:34:28Z,213538,西甲,2026-08-21T19:00:00Z,Real Betis,Real Sociedad,livescorebet,h2h,Real Sociedad,away,away,,3.45,2026-08-21T14:33:47Z
2026-08-21T14:34:28Z,213538,西甲,2026-08-21T19:00:00Z,Real Betis,Real Sociedad,livescorebet,h2h,Draw,draw,draw,,3.3,2026-08-21T14:33:47Z
2026-08-21T14:34:28Z,213538,西甲,2026-08-21T19:00:00Z,Real Betis,Real Sociedad,matchbook,h2h,Real Betis,home,home,,2.1,2026-08-21T14:34:09Z
2026-08-21T14:34:28Z,213538,西甲,2026-08-21T19:00:00Z,Real Betis,Real Sociedad,matchbook,h2h,Real Sociedad,away,away,,3.95,2026-08-21T14:34:09Z
2026-08-21T14:34:28Z,213538,西甲,2026-08-21T19:00:00Z,Real Betis,Real Sociedad,matchbook,h2h,Draw,draw,draw,,3.6,2026-08-21T14:34:09Z
2026-08-21T14:34:28Z,213538,西甲,2026-08-21T19:00:00Z,Real Betis,Real Sociedad,matchbook,h2h_lay,Real Betis,h2h_lay,h2h_lay,,2.12,2026-08-21T14:34:09Z
2026-08-21T14:34:28Z,213538,西甲,2026-08-21T19:00:00Z,Real Betis,Real Sociedad,matchbook,h2h_lay,Real Sociedad,h2h_lay,h2h_lay,,4.0,2026-08-21T14:34:09Z
2026-08-21T14:34:28Z,213538,西甲,2026-08-21T19:00:00Z,Real Betis,Real Sociedad,matchbook,h2h_lay,Draw,h2h_lay,h2h_lay,,3.65,2026-08-21T14:34:09Z
2026-08-21T14:34:28Z,213538,西甲,2026-08-21T19:00:00Z,Real Betis,Real Sociedad,matchbook,spreads,Real Betis,home,home@-0.5,-0.50,2.1,2026-08-21T14:34:09Z
2026-08-21T14:34:28Z,213538,西甲,2026-08-21T19:00:00Z,Real Betis,Real Sociedad,matchbook,spreads,Real Sociedad,away,away@0.5,0.50,1.89,2026-08-21T14:34:09Z
2026-08-21T14:34:28Z,213538,西甲,2026-08-21T19:00:00Z,Real Betis,Real Sociedad,matchbook,totals,Over,over,over@2.5,2.50,1.9,2026-08-21T14:34:09Z
2026-08-21T14:34:28Z,213538,西甲,2026-08-21T19:00:00Z,Real Betis,Real Sociedad,matchbook,totals,Under,under,under@2.5,2.50,2.08,2026-08-21T14:34:09Z
2026-08-21T14:34:28Z,213538,西甲,2026-08-21T19:00:00Z,Real Betis,Real Sociedad,marathonbet,h2h,Real Betis,home,home,,2.09,2026-08-21T14:33:18Z
2026-08-21T14:34:28Z,213538,西甲,2026-08-21T19:00:00Z,Real Betis,Real Sociedad,marathonbet,h2h,Real Sociedad,away,away,,3.65,2026-08-21T14:33:18Z
2026-08-21T14:34:28Z,213538,西甲,2026-08-21T19:00:00Z,Real Betis,Real Sociedad,marathonbet,h2h,Draw,draw,draw,,3.58,2026-08-21T14:33:18Z
2026-08-21T14:34:28Z,213538,西甲,2026-08-21T19:00:00Z,Real Betis,Real Sociedad,betonlineag,h2h,Real Betis,home,home,,2.03,2026-08-21T14:33:47Z
2026-08-21T14:34:28Z,213538,西甲,2026-08-21T19:00:00Z,Real Betis,Real Sociedad,betonlineag,h2h,Real Sociedad,away,away,,3.84,2026-08-21T14:33:47Z
2026-08-21T14:34:28Z,213538,西甲,2026-08-21T19:00:00Z,Real Betis,Real Sociedad,betonlineag,h2h,Draw,draw,draw,,3.55,2026-08-21T14:33:47Z
2026-08-21T14:34:28Z,213538,西甲,2026-08-21T19:00:00Z,Real Betis,Real Sociedad,betonlineag,spreads,Real Betis,home,home@-0.5,-0.50,2.03,2026-08-21T14:33:47Z
2026-08-21T14:34:28Z,213538,西甲,2026-08-21T19:00:00Z,Real Betis,Real Sociedad,betonlineag,spreads,Real Sociedad,away,away@0.5,0.50,1.84,2026-08-21T14:33:47Z
2026-08-21T14:34:28Z,213538,西甲,2026-08-21T19:00:00Z,Real Betis,Real Sociedad,betonlineag,totals,Over,over,over@2.5,2.50,1.88,2026-08-21T14:33:47Z
2026-08-21T14:34:28Z,213538,西甲,2026-08-21T19:00:00Z,Real Betis,Real Sociedad,betonlineag,totals,Under,under,under@2.5,2.50,1.98,2026-08-21T14:33:47Z
2026-08-21T14:34:28Z,213538,西甲,2026-08-21T19:00:00Z,Real Betis,Real Sociedad,lowvig,h2h,Real Betis,home,home,,2.03,2026-08-21T14:33:49Z
2026-08-21T14:34:28Z,213538,西甲,2026-08-21T19:00:00Z,Real Betis,Real Sociedad,lowvig,h2h,Real Sociedad,away,away,,3.84,2026-08-21T14:33:49Z
2026-08-21T14:34:28Z,213538,西甲,2026-08-21T19:00:00Z,Real Betis,Real Sociedad,lowvig,h2h,Draw,draw,draw,,3.55,2026-08-21T14:33:49Z
2026-08-21T14:34:28Z,213538,西甲,2026-08-21T19:00:00Z,Real Betis,Real Sociedad,lowvig,spreads,Real Betis,home,home@-0.5,-0.50,2.03,2026-08-21T14:33:49Z
2026-08-21T14:34:28Z,213538,西甲,2026-08-21T19:00:00Z,Real Betis,Real Sociedad,lowvig,spreads,Real Sociedad,away,away@0.5,0.50,1.84,2026-08-21T14:33:49Z
2026-08-21T14:34:28Z,213538,西甲,2026-08-21T19:00:00Z,Real Betis,Real Sociedad,lowvig,totals,Over,over,over@2.5,2.50,1.88,2026-08-21T14:33:49Z
2026-08-21T14:34:28Z,213538,西甲,2026-08-21T19:00:00Z,Real Betis,Real Sociedad,lowvig,totals,Under,under,under@2.5,2.50,1.98,2026-08-21T14:33:49Z
2026-08-21T14:34:28Z,213538,西甲,2026-08-21T19:00:00Z,Real Betis,Real Sociedad,everygame,h2h,Real Betis,home,home,,2.0,2026-08-21T14:32:40Z
2026-08-21T14:34:28Z,213538,西甲,2026-08-21T19:00:00Z,Real Betis,Real Sociedad,everygame,h2h,Real Sociedad,away,away,,3.65,2026-08-21T14:32:40Z
2026-08-21T14:34:28Z,213538,西甲,2026-08-21T19:00:00Z,Real Betis,Real Sociedad,everygame,h2h,Draw,draw,draw,,3.45,2026-08-21T14:32:40Z
2026-08-21T14:34:28Z,213538,西甲,2026-08-21T19:00:00Z,Real Betis,Real Sociedad,betus,h2h,Real Betis,home,home,,2.05,2026-08-21T14:34:32Z
2026-08-21T14:34:28Z,213538,西甲,2026-08-21T19:00:00Z,Real Betis,Real Sociedad,betus,h2h,Real Sociedad,away,away,,3.75,2026-08-21T14:34:32Z
2026-08-21T14:34:28Z,213538,西甲,2026-08-21T19:00:00Z,Real Betis,Real Sociedad,betus,h2h,Draw,draw,draw,,3.5,2026-08-21T14:34:32Z
2026-08-21T14:34:28Z,213538,西甲,2026-08-21T19:00:00Z,Real Betis,Real Sociedad,betus,spreads,Real Betis,home,home@-0.5,-0.50,2.0,2026-08-21T14:34:32Z
2026-08-21T14:34:28Z,213538,西甲,2026-08-21T19:00:00Z,Real Betis,Real Sociedad,betus,spreads,Real Sociedad,away,away@0.5,0.50,1.83,2026-08-21T14:34:32Z
2026-08-21T14:34:28Z,213538,西甲,2026-08-21T19:00:00Z,Real Betis,Real Sociedad,betus,totals,Over,over,over@2.5,2.50,1.87,2026-08-21T14:34:32Z
2026-08-21T14:34:28Z,213538,西甲,2026-08-21T19:00:00Z,Real Betis,Real Sociedad,betus,totals,Under,under,under@2.5,2.50,1.95,2026-08-21T14:34:32Z
2026-08-21T14:34:28Z,apifb214569,Superliga,2026-08-21T17:30:00+00:00,FC Petrolul Ploiești,FC Rapid București,apifb:10Bet,h2h,Home,home,home,,3.4,2026-08-21T14:34:28Z
2026-08-21T14:34:28Z,apifb214569,Superliga,2026-08-21T17:30:00+00:00,FC Petrolul Ploiești,FC Rapid București,apifb:10Bet,h2h,Draw,draw,draw,,3.15,2026-08-21T14:34:28Z
2026-08-21T14:34:28Z,apifb214569,Superliga,2026-08-21T17:30:00+00:00,FC Petrolul Ploiești,FC Rapid București,apifb:10Bet,h2h,Away,away,away,,2.1,2026-08-21T14:34:28Z
2026-08-21T14:34:28Z,apifb214569,Superliga,2026-08-21T17:30:00+00:00,FC Petrolul Ploiești,FC Rapid București,apifb:10Bet,asian_handicap,Home +0,home,home@+0,+0,2.4,2026-08-21T14:34:28Z
2026-08-21T14:34:28Z,apifb214569,Superliga,2026-08-21T17:30:00+00:00,FC Petrolul Ploiești,FC Rapid București,apifb:10Bet,asian_handicap,Away +0,away,away@+0,+0,1.5,2026-08-21T14:34:28Z
2026-08-21T14:34:28Z,apifb214569,Superliga,2026-08-21T17:30:00+00:00,FC Petrolul Ploiești,FC Rapid București,apifb:10Bet,totals,Over 1.5,over,over@1.5,1.5,1.38,2026-08-21T14:34:28Z
2026-08-21T14:34:28Z,apifb214569,Superliga,2026-08-21T17:30:00+00:00,FC Petrolul Ploiești,FC Rapid București,apifb:10Bet,totals,Under 1.5,under,under@1.5,1.5,2.9,2026-08-21T14:34:28Z
2026-08-21T14:34:28Z,apifb214569,Superliga,2026-08-21T17:30:00+00:00,FC Petrolul Ploiești,FC Rapid București,apifb:10Bet,totals,Over 2.5,over,over@2.5,2.5,2.15,2026-08-21T14:34:28Z
2026-08-21T14:34:28Z,apifb214569,Superliga,2026-08-21T17:30:00+00:00,FC Petrolul Ploiești,FC Rapid București,apifb:10Bet,totals,Under 2.5,under,under@2.5,2.5,1.67,2026-08-21T14:34:28Z
2026-08-21T14:34:28Z,apifb214569,Superliga,2026-08-21T17:30:00+00:00,FC Petrolul Ploiești,FC Rapid București,apifb:10Bet,totals,Over 3.5,over,over@3.5,3.5,3.85,2026-08-21T14:34:28Z
2026-08-21T14:34:28Z,apifb214569,Superliga,2026-08-21T17:30:00+00:00,FC Petrolul Ploiești,FC Rapid București,apifb:10Bet,totals,Under 3.5,under,under@3.5,3.5,1.22,2026-08-21T14:34:28Z
2026-08-21T14:34:28Z,apifb214569,Superliga,2026-08-21T17:30:00+00:00,FC Petrolul Ploiești,FC Rapid București,apifb:10Bet,totals,Over 0.5,over,over@0.5,0.5,1.07,2026-08-21T14:34:28Z
2026-08-21T14:34:28Z,apifb214569,Superliga,2026-08-21T17:30:00+00:00,FC Petrolul Ploiești,FC Rapid București,apifb:10Bet,totals,Under 0.5,under,under@0.5,0.5,7.5,2026-08-21T14:34:28Z
2026-08-21T14:34:28Z,apifb214569,Superliga,2026-08-21T17:30:00+00:00,FC Petrolul Ploiești,FC Rapid București,apifb:William Hill,h2h,Home,home,home,,3.6,2026-08-21T14:34:28Z
2026-08-21T14:34:28Z,apifb214569,Superliga,2026-08-21T17:30:00+00:00,FC Petrolul Ploiești,FC Rapid București,apifb:William Hill,h2h,Draw,draw,draw,,3.0,2026-08-21T14:34:28Z
2026-08-21T14:34:28Z,apifb214569,Superliga,2026-08-21T17:30:00+00:00,FC Petrolul Ploiești,FC Rapid București,apifb:William Hill,h2h,Away,away,away,,2.05,2026-08-21T14:34:28Z
2026-08-21T14:34:28Z,apifb214569,Superliga,2026-08-21T17:30:00+00:00,FC Petrolul Ploiești,FC Rapid București,apifb:Bet365,h2h,Home,home,home,,4.1,2026-08-21T14:34:28Z
2026-08-21T14:34:28Z,apifb214569,Superliga,2026-08-21T17:30:00+00:00,FC Petrolul Ploiești,FC Rapid București,apifb:Bet365,h2h,Draw,draw,draw,,3.25,2026-08-21T14:34:28Z
2026-08-21T14:34:28Z,apifb214569,Superliga,2026-08-21T17:30:00+00:00,FC Petrolul Ploiești,FC Rapid București,apifb:Bet365,h2h,Away,away,away,,1.9,2026-08-21T14:34:28Z
2026-08-21T14:34:28Z,apifb214569,Superliga,2026-08-21T17:30:00+00:00,FC Petrolul Ploiești,FC Rapid București,apifb:Bet365,asian_handicap,Home -1,home,home@-1,-1,6.8,2026-08-21T14:34:28Z
2026-08-21T14:34:28Z,apifb214569,Superliga,2026-08-21T17:30:00+00:00,FC Petrolul Ploiești,FC Rapid București,apifb:Bet365,asian_handicap,Away -1,away,away@-1,-1,1.1,2026-08-21T14:34:28Z
2026-08-21T14:34:28Z,apifb214569,Superliga,2026-08-21T17:30:00+00:00,FC Petrolul Ploiești,FC Rapid București,apifb:Bet365,asian_handicap,Home -0.75,home,home@-0.75,-0.75,5.0,2026-08-21T14:34:28Z
2026-08-21T14:34:28Z,apifb214569,Superliga,2026-08-21T17:30:00+00:00,FC Petrolul Ploiești,FC Rapid București,apifb:Bet365,asian_handicap,Away -0.75,away,away@-0.75,-0.75,1.17,2026-08-21T14:34:28Z
2026-08-21T14:34:28Z,apifb214569,Superliga,2026-08-21T17:30:00+00:00,FC Petrolul Ploiești,FC Rapid București,apifb:Bet365,asian_handicap,Home -0.5,home,home@-0.5,-0.5,3.7,2026-08-21T14:34:28Z
2026-08-21T14:34:28Z,apifb214569,Superliga,2026-08-21T17:30:00+00:00,FC Petrolul Ploiești,FC Rapid București,apifb:Bet365,asian_handicap,Away -0.5,away,away@-0.5,-0.5,1.26,2026-08-21T14:34:28Z
2026-08-21T14:34:28Z,apifb214569,Superliga,2026-08-21T17:30:00+00:00,FC Petrolul Ploiești,FC Rapid București,apifb:Bet365,asian_handicap,Home -0.25,home,home@-0.25,-0.25,3.3,2026-08-21T14:34:28Z
2026-08-21T14:34:28Z,apifb214569,Superliga,2026-08-21T17:30:00+00:00,FC Petrolul Ploiești,FC Rapid București,apifb:Bet365,asian_handicap,Away -0.25,away,away@-0.25,-0.25,1.32,2026-08-21T14:34:28Z
2026-08-21T14:34:28Z,apifb214569,Superliga,2026-08-21T17:30:00+00:00,FC Petrolul Ploiești,FC Rapid București,apifb:Bet365,asian_handicap,Home +0,home,home@+0,+0,2.75,2026-08-21T14:34:28Z
2026-08-21T14:34:28Z,apifb214569,Superliga,2026-08-21T17:30:00+00:00,FC Petrolul Ploiești,FC Rapid București,apifb:Bet365,asian_handicap,Away +0,away,away@+0,+0,1.42,2026-08-21T14:34:28Z
2026-08-21T14:34:28Z,apifb214569,Superliga,2026-08-21T17:30:00+00:00,FC Petrolul Ploiești,FC Rapid București,apifb:Bet365,asian_handicap,Home +0.25,home,home@+0.25,+0.25,2.1,2026-08-21T14:34:28Z
2026-08-21T14:34:28Z,apifb214569,Superliga,2026-08-21T17:30:00+00:00,FC Petrolul Ploiești,FC Rapid București,apifb:Bet365,asian_handicap,Away +0.25,away,away@+0.25,+0.25,1.7,2026-08-21T14:34:28Z
2026-08-21T14:34:28Z,apifb214569,Superliga,2026-08-21T17:30:00+00:00,FC Petrolul Ploiești,FC Rapid București,apifb:Bet365,asian_handicap,Home +0.5,home,home@+0.5,+0.5,1.8,2026-08-21T14:34:28Z
2026-08-21T14:34:28Z,apifb214569,Superliga,2026-08-21T17:30:00+00:00,FC Petrolul Ploiești,FC Rapid București,apifb:Bet365,asian_handicap,Away +0.5,away,away@+0.5,+0.5,2.0,2026-08-21T14:34:28Z
2026-08-21T14:34:28Z,apifb214569,Superliga,2026-08-21T17:30:00+00:00,FC Petrolul Ploiești,FC Rapid București,apifb:Bet365,asian_handicap,Home +0.75,home,home@+0.75,+0.75,1.62,2026-08-21T14:34:28Z
2026-08-21T14:34:28Z,apifb214569,Superliga,2026-08-21T17:30:00+00:00,FC Petrolul Ploiești,FC Rapid București,apifb:Bet365,asian_handicap,Away +0.75,away,away@+0.75,+0.75,2.25,2026-08-21T14:34:28Z
2026-08-21T14:34:28Z,apifb214569,Superliga,2026-08-21T17:30:00+00:00,FC Petrolul Ploiești,FC Rapid București,apifb:Bet365,asian_handicap,Home +1,home,home@+1,+1,1.4,2026-08-21T14:34:28Z
2026-08-21T14:34:28Z,apifb214569,Superliga,2026-08-21T17:30:00+00:00,FC Petrolul Ploiești,FC Rapid București,apifb:Bet365,asian_handicap,Away +1,away,away@+1,+1,2.85,2026-08-21T14:34:28Z
2026-08-21T14:34:28Z,apifb214569,Superliga,2026-08-21T17:30:00+00:00,FC Petrolul Ploiești,FC Rapid București,apifb:Bet365,asian_handicap,Home +1.25,home,home@+1.25,+1.25,1.32,2026-08-21T14:34:28Z
2026-08-21T14:34:28Z,apifb214569,Superliga,2026-08-21T17:30:00+00:00,FC Petrolul Ploiești,FC Rapid București,apifb:Bet365,asian_handicap,Away +1.25,away,away@+1.25,+1.25,3.3,2026-08-21T14:34:28Z
2026-08-21T14:34:28Z,apifb214569,Superliga,2026-08-21T17:30:00+00:00,FC Petrolul Ploiești,FC Rapid București,apifb:Bet365,asian_handicap,Home +1.5,home,home@+1.5,+1.5,1.27,2026-08-21T14:34:28Z
2026-08-21T14:34:28Z,apifb214569,Superliga,2026-08-21T17:30:00+00:00,FC Petrolul Ploiești,FC Rapid București,apifb:Bet365,asian_handicap,Away +1.5,away,away@+1.5,+1.5,3.55,2026-08-21T14:34:28Z
2026-08-21T14:34:28Z,apifb214569,Superliga,2026-08-21T17:30:00+00:00,FC Petrolul Ploiești,FC Rapid București,apifb:Bet365,asian_handicap,Home +1.75,home,home@+1.75,+1.75,1.18,2026-08-21T14:34:28Z
2026-08-21T14:34:28Z,apifb214569,Superliga,2026-08-21T17:30:00+00:00,FC Petrolul Ploiești,FC Rapid București,apifb:Bet365,asian_handicap,Away +1.75,away,away@+1.75,+1.75,4.65,2026-08-21T14:34:28Z
2026-08-21T14:34:28Z,apifb214569,Superliga,2026-08-21T17:30:00+00:00,FC Petrolul Ploiești,FC Rapid București,apifb:Bet365,totals,Over 1.5,over,over@1.5,1.5,1.33,2026-08-21T14:34:28Z
2026-08-21T14:34:28Z,apifb214569,Superliga,2026-08-21T17:30:00+00:00,FC Petrolul Ploiești,FC Rapid București,apifb:Bet365,totals,Under 1.5,under,under@1.5,1.5,3.25,2026-08-21T14:34:28Z
2026-08-21T14:34:28Z,apifb214569,Superliga,2026-08-21T17:30:00+00:00,FC Petrolul Ploiești,FC Rapid București,apifb:Bet365,totals,Over 2.5,over,over@2.5,2.5,2.1,2026-08-21T14:34:28Z
2026-08-21T14:34:28Z,apifb214569,Superliga,2026-08-21T17:30:00+00:00,FC Petrolul Ploiești,FC Rapid București,apifb:Bet365,totals,Under 2.5,under,under@2.5,2.5,1.7,2026-08-21T14:34:28Z
2026-08-21T14:34:28Z,apifb214569,Superliga,2026-08-21T17:30:00+00:00,FC Petrolul Ploiești,FC Rapid București,apifb:Bet365,totals,Over 3.5,over,over@3.5,3.5,3.75,2026-08-21T14:34:28Z
2026-08-21T14:34:28Z,apifb214569,Superliga,2026-08-21T17:30:00+00:00,FC Petrolul Ploiești,FC Rapid București,apifb:Bet365,totals,Under 3.5,under,under@3.5,3.5,1.25,2026-08-21T14:34:28Z
2026-08-21T14:34:28Z,apifb214569,Superliga,2026-08-21T17:30:00+00:00,FC Petrolul Ploiești,FC Rapid București,apifb:Bet365,totals,Over 0.5,over,over@0.5,0.5,1.06,2026-08-21T14:34:28Z
2026-08-21T14:34:28Z,apifb214569,Superliga,2026-08-21T17:30:00+00:00,FC Petrolul Ploiești,FC Rapid București,apifb:Bet365,totals,Under 0.5,under,under@0.5,0.5,10.0,2026-08-21T14:34:28Z
2026-08-21T14:34:28Z,apifb214569,Superliga,2026-08-21T17:30:00+00:00,FC Petrolul Ploiești,FC Rapid București,apifb:Bet365,totals,Over 4.5,over,over@4.5,4.5,8.0,2026-08-21T14:34:28Z
2026-08-21T14:34:28Z,apifb214569,Superliga,2026-08-21T17:30:00+00:00,FC Petrolul Ploiești,FC Rapid București,apifb:Bet365,totals,Under 4.5,under,under@4.5,4.5,1.08,2026-08-21T14:34:28Z
2026-08-21T14:34:28Z,apifb214569,Superliga,2026-08-21T17:30:00+00:00,FC Petrolul Ploiești,FC Rapid București,apifb:Bet365,totals,Over 5.5,over,over@5.5,5.5,19.0,2026-08-21T14:34:28Z
2026-08-21T14:34:28Z,apifb214569,Superliga,2026-08-21T17:30:00+00:00,FC Petrolul Ploiești,FC Rapid București,apifb:Bet365,totals,Under 5.5,under,under@5.5,5.5,1.02,2026-08-21T14:34:28Z
2026-08-21T14:34:28Z,apifb214569,Superliga,2026-08-21T17:30:00+00:00,FC Petrolul Ploiești,FC Rapid București,apifb:Bet365,totals,Over 6.5,over,over@6.5,6.5,41.0,2026-08-21T14:34:28Z
2026-08-21T14:34:28Z,apifb214569,Superliga,2026-08-21T17:30:00+00:00,FC Petrolul Ploiești,FC Rapid București,apifb:Bet365,totals,Under 6.5,under,under@6.5,6.5,1.0,2026-08-21T14:34:28Z
2026-08-21T14:34:28Z,apifb214569,Superliga,2026-08-21T17:30:00+00:00,FC Petrolul Ploiești,FC Rapid București,apifb:Marathonbet,h2h,Home,home,home,,3.94,2026-08-21T14:34:28Z
2026-08-21T14:34:28Z,apifb214569,Superliga,2026-08-21T17:30:00+00:00,FC Petrolul Ploiești,FC Rapid București,apifb:Marathonbet,h2h,Draw,draw,draw,,3.25,2026-08-21T14:34:28Z
2026-08-21T14:34:28Z,apifb214569,Superliga,2026-08-21T17:30:00+00:00,FC Petrolul Ploiești,FC Rapid București,apifb:Marathonbet,h2h,Away,away,away,,1.93,2026-08-21T14:34:28Z
2026-08-21T14:34:28Z,apifb214569,Superliga,2026-08-21T17:30:00+00:00,FC Petrolul Ploiești,FC Rapid București,apifb:Marathonbet,asian_handicap,Home -1.25,home,home@-1.25,-1.25,9.0,2026-08-21T14:34:28Z
2026-08-21T14:34:28Z,apifb214569,Superliga,2026-08-21T17:30:00+00:00,FC Petrolul Ploiești,FC Rapid București,apifb:Marathonbet,asian_handicap,Away -1.25,away,away@-1.25,-1.25,1.01,2026-08-21T14:34:28Z
2026-08-21T14:34:28Z,apifb214569,Superliga,2026-08-21T17:30:00+00:00,FC Petrolul Ploiești,FC Rapid București,apifb:Marathonbet,asian_handicap,Home -1,home,home@-1,-1,8.4,2026-08-21T14:34:28Z
2026-08-21T14:34:28Z,apifb214569,Superliga,2026-08-21T17:30:00+00:00,FC Petrolul Ploiești,FC Rapid București,apifb:Marathonbet,asian_handicap,Away -1,away,away@-1,-1,1.01,2026-08-21T14:34:28Z
2026-08-21T14:34:28Z,apifb214569,Superliga,2026-08-21T17:30:00+00:00,FC Petrolul Ploiești,FC Rapid București,apifb:Marathonbet,asian_handicap,Home -0.75,home,home@-0.75,-0.75,5.05,2026-08-21T14:34:28Z
2026-08-21T14:34:28Z,apifb214569,Superliga,2026-08-21T17:30:00+00:00,FC Petrolul Ploiești,FC Rapid București,apifb:Marathonbet,asian_handicap,Away -0.75,away,away@-0.75,-0.75,1.1,2026-08-21T14:34:28Z
2026-08-21T14:34:28Z,apifb214569,Superliga,2026-08-21T17:30:00+00:00,FC Petrolul Ploiești,FC Rapid București,apifb:Marathonbet,asian_handicap,Home -0.25,home,home@-0.25,-0.25,3.24,2026-08-21T14:34:28Z
2026-08-21T14:34:28Z,apifb214569,Superliga,2026-08-21T17:30:00+00:00,FC Petrolul Ploiești,FC Rapid București,apifb:Marathonbet,asian_handicap,Away -0.25,away,away@-0.25,-0.25,1.27,2026-08-21T14:34:28Z
2026-08-21T14:34:28Z,apifb214569,Superliga,2026-08-21T17:30:00+00:00,FC Petrolul Ploiești,FC Rapid București,apifb:Marathonbet,asian_handicap,Home +0,home,home@+0,+0,2.82,2026-08-21T14:34:28Z
2026-08-21T14:34:28Z,apifb214569,Superliga,2026-08-21T17:30:00+00:00,FC Petrolul Ploiești,FC Rapid București,apifb:Marathonbet,asian_handicap,Away +0,away,away@+0,+0,1.39,2026-08-21T14:34:28Z
2026-08-21T14:34:28Z,apifb214569,Superliga,2026-08-21T17:30:00+00:00,FC Petrolul Ploiești,FC Rapid București,apifb:Marathonbet,asian_handicap,Home +0.25,home,home@+0.25,+0.25,2.09,2026-08-21T14:34:28Z
2026-08-21T14:34:28Z,apifb214569,Superliga,2026-08-21T17:30:00+00:00,FC Petrolul Ploiești,FC Rapid București,apifb:Marathonbet,asian_handicap,Away +0.25,away,away@+0.25,+0.25,1.62,2026-08-21T14:34:28Z
2026-08-21T14:34:28Z,apifb214569,Superliga,2026-08-21T17:30:00+00:00,FC Petrolul Ploiești,FC Rapid București,apifb:Marathonbet,asian_handicap,Home +0.75,home,home@+0.75,+0.75,1.56,2026-08-21T14:34:28Z
2026-08-21T14:34:28Z,apifb214569,Superliga,2026-08-21T17:30:00+00:00,FC Petrolul Ploiești,FC Rapid București,apifb:Marathonbet,asian_handicap,Away +0.75,away,away@+0.75,+0.75,2.17,2026-08-21T14:34:28Z
2026-08-21T14:34:28Z,apifb214569,Superliga,2026-08-21T17:30:00+00:00,FC Petrolul Ploiești,FC Rapid București,apifb:Marathonbet,asian_handicap,Home +1,home,home@+1,+1,1.35,2026-08-21T14:34:28Z
2026-08-21T14:34:28Z,apifb214569,Superliga,2026-08-21T17:30:00+00:00,FC Petrolul Ploiești,FC Rapid București,apifb:Marathonbet,asian_handicap,Away +1,away,away@+1,+1,2.74,2026-08-21T14:34:28Z
2026-08-21T14:34:28Z,apifb214569,Superliga,2026-08-21T17:30:00+00:00,FC Petrolul Ploiești,FC Rapid București,apifb:Marathonbet,asian_handicap,Home +2,home,home@+2,+2,1.04,2026-08-21T14:34:28Z
2026-08-21T14:34:28Z,apifb214569,Superliga,2026-08-21T17:30:00+00:00,FC Petrolul Ploiești,FC Rapid București,apifb:Marathonbet,asian_handicap,Away +2,away,away@+2,+2,7.1,2026-08-21T14:34:28Z
2026-08-21T14:34:28Z,apifb214569,Superliga,2026-08-21T17:30:00+00:00,FC Petrolul Ploiești,FC Rapid București,apifb:Marathonbet,asian_handicap,Home -1.5,home,home@-1.5,-1.5,8.9,2026-08-21T14:34:28Z
2026-08-21T14:34:28Z,apifb214569,Superliga,2026-08-21T17:30:00+00:00,FC Petrolul Ploiești,FC Rapid București,apifb:Marathonbet,asian_handicap,Away -1.5,away,away@-1.5,-1.5,1.01,2026-08-21T14:34:28Z
2026-08-21T14:34:28Z,apifb214569,Superliga,2026-08-21T17:30:00+00:00,FC Petrolul Ploiești,FC Rapid București,apifb:Marathonbet,asian_handicap,Home +1.25,home,home@+1.25,+1.25,1.27,2026-08-21T14:34:28Z
2026-08-21T14:34:28Z,apifb214569,Superliga,2026-08-21T17:30:00+00:00,FC Petrolul Ploiești,FC Rapid București,apifb:Marathonbet,asian_handicap,Away +1.25,away,away@+1.25,+1.25,3.14,2026-08-21T14:34:28Z
2026-08-21T14:34:28Z,apifb214569,Superliga,2026-08-21T17:30:00+00:00,FC Petrolul Ploiești,FC Rapid București,apifb:Marathonbet,asian_handicap,Home +1.5,home,home@+1.5,+1.5,1.21,2026-08-21T14:34:28Z
2026-08-21T14:34:28Z,apifb214569,Superliga,2026-08-21T17:30:00+00:00,FC Petrolul Ploiești,FC Rapid București,apifb:Marathonbet,asian_handicap,Away +1.5,away,away@+1.5,+1.5,3.58,2026-08-21T14:34:28Z
2026-08-21T14:34:28Z,apifb214569,Superliga,2026-08-21T17:30:00+00:00,FC Petrolul Ploiești,FC Rapid București,apifb:Marathonbet,asian_handicap,Home +1.75,home,home@+1.75,+1.75,1.12,2026-08-21T14:34:28Z
2026-08-21T14:34:28Z,apifb214569,Superliga,2026-08-21T17:30:00+00:00,FC Petrolul Ploiești,FC Rapid București,apifb:Marathonbet,asian_handicap,Away +1.75,away,away@+1.75,+1.75,4.65,2026-08-21T14:34:28Z
2026-08-21T14:34:28Z,apifb214569,Superliga,2026-08-21T17:30:00+00:00,FC Petrolul Ploiești,FC Rapid București,apifb:Marathonbet,asian_handicap,Home +2.25,home,home@+2.25,+2.25,1.03,2026-08-21T14:34:28Z
2026-08-21T14:34:28Z,apifb214569,Superliga,2026-08-21T17:30:00+00:00,FC Petrolul Ploiești,FC Rapid București,apifb:Marathonbet,asian_handicap,Away +2.25,away,away@+2.25,+2.25,7.5,2026-08-21T14:34:28Z
2026-08-21T14:34:28Z,apifb214569,Superliga,2026-08-21T17:30:00+00:00,FC Petrolul Ploiești,FC Rapid București,apifb:Marathonbet,asian_handicap,Home +2.5,home,home@+2.5,+2.5,1.02,2026-08-21T14:34:28Z
2026-08-21T14:34:28Z,apifb214569,Superliga,2026-08-21T17:30:00+00:00,FC Petrolul Ploiești,FC Rapid București,apifb:Marathonbet,asian_handicap,Away +2.5,away,away@+2.5,+2.5,8.1,2026-08-21T14:34:28Z
2026-08-21T14:34:28Z,apifb214569,Superliga,2026-08-21T17:30:00+00:00,FC Petrolul Ploiești,FC Rapid București,apifb:Marathonbet,totals,Over 1.5,over,over@1.5,1.5,1.32,2026-08-21T14:34:28Z
2026-08-21T14:34:28Z,apifb214569,Superliga,2026-08-21T17:30:00+00:00,FC Petrolul Ploiești,FC Rapid București,apifb:Marathonbet,totals,Under 1.5,under,under@1.5,1.5,2.88,2026-08-21T14:34:28Z
2026-08-21T14:34:28Z,apifb214569,Superliga,2026-08-21T17:30:00+00:00,FC Petrolul Ploiești,FC Rapid București,apifb:Marathonbet,totals,Over 1.75,over,over@1.75,1.75,1.41,2026-08-21T14:34:28Z
2026-08-21T14:34:28Z,apifb214569,Superliga,2026-08-21T17:30:00+00:00,FC Petrolul Ploiești,FC Rapid București,apifb:Marathonbet,totals,Under 1.75,under,under@1.75,1.75,2.55,2026-08-21T14:34:28Z
2026-08-21T14:34:28Z,apifb214569,Superliga,2026-08-21T17:30:00+00:00,FC Petrolul Ploiești,FC Rapid București,apifb:Marathonbet,totals,Over 2.0,over,over@2.0,2.0,1.56,2026-08-21T14:34:28Z
2026-08-21T14:34:28Z,apifb214569,Superliga,2026-08-21T17:30:00+00:00,FC Petrolul Ploiești,FC Rapid București,apifb:Marathonbet,totals,Under 2.0,under,under@2.0,2.0,2.2,2026-08-21T14:34:28Z
2026-08-21T14:34:28Z,apifb214569,Superliga,2026-08-21T17:30:00+00:00,FC Petrolul Ploiești,FC Rapid București,apifb:Marathonbet,totals,Over 2.25,over,over@2.25,2.25,1.83,2026-08-21T14:34:28Z
2026-08-21T14:34:28Z,apifb214569,Superliga,2026-08-21T17:30:00+00:00,FC Petrolul Ploiești,FC Rapid București,apifb:Marathonbet,totals,Under 2.25,under,under@2.25,2.25,1.84,2026-08-21T14:34:28Z
2026-08-21T14:34:28Z,apifb214569,Superliga,2026-08-21T17:30:00+00:00,FC Petrolul Ploiești,FC Rapid București,apifb:Marathonbet,totals,Over 2.5,over,over@2.5,2.5,2.12,2026-08-21T14:34:28Z
2026-08-21T14:34:28Z,apifb214569,Superliga,2026-08-21T17:30:00+00:00,FC Petrolul Ploiești,FC Rapid București,apifb:Marathonbet,totals,Under 2.5,under,under@2.5,2.5,1.68,2026-08-21T14:34:28Z
2026-08-21T14:34:28Z,apifb214569,Superliga,2026-08-21T17:30:00+00:00,FC Petrolul Ploiești,FC Rapid București,apifb:Marathonbet,totals,Over 2.75,over,over@2.75,2.75,2.42,2026-08-21T14:34:28Z
2026-08-21T14:34:28Z,apifb214569,Superliga,2026-08-21T17:30:00+00:00,FC Petrolul Ploiești,FC Rapid București,apifb:Marathonbet,totals,Under 2.75,under,under@2.75,2.75,1.48,2026-08-21T14:34:28Z
2026-08-21T14:34:28Z,apifb214569,Superliga,2026-08-21T17:30:00+00:00,FC Petrolul Ploiești,FC Rapid București,apifb:Marathonbet,totals,Over 3.5,over,over@3.5,3.5,3.74,2026-08-21T14:34:28Z
2026-08-21T14:34:28Z,apifb214569,Superliga,2026-08-21T17:30:00+00:00,FC Petrolul Ploiești,FC Rapid București,apifb:Marathonbet,totals,Under 3.5,under,under@3.5,3.5,1.19,2026-08-21T14:34:28Z
2026-08-21T14:34:28Z,apifb214569,Superliga,2026-08-21T17:30:00+00:00,FC Petrolul Ploiești,FC Rapid București,apifb:Marathonbet,totals,Over 0.5,over,over@0.5,0.5,1.02,2026-08-21T14:34:28Z
2026-08-21T14:34:28Z,apifb214569,Superliga,2026-08-21T17:30:00+00:00,FC Petrolul Ploiești,FC Rapid București,apifb:Marathonbet,totals,Under 0.5,under,under@0.5,0.5,8.3,2026-08-21T14:34:28Z
2026-08-21T14:34:28Z,apifb214569,Superliga,2026-08-21T17:30:00+00:00,FC Petrolul Ploiești,FC Rapid București,apifb:Marathonbet,totals,Over 0.75,over,over@0.75,0.75,1.03,2026-08-21T14:34:28Z
2026-08-21T14:34:28Z,apifb214569,Superliga,2026-08-21T17:30:00+00:00,FC Petrolul Ploiești,FC Rapid București,apifb:Marathonbet,totals,Under 0.75,under,under@0.75,0.75,7.5,2026-08-21T14:34:28Z
2026-08-21T14:34:28Z,apifb214569,Superliga,2026-08-21T17:30:00+00:00,FC Petrolul Ploiești,FC Rapid București,apifb:Marathonbet,totals,Over 1.0,over,over@1.0,1.0,1.04,2026-08-21T14:34:28Z
2026-08-21T14:34:28Z,apifb214569,Superliga,2026-08-21T17:30:00+00:00,FC Petrolul Ploiești,FC Rapid București,apifb:Marathonbet,totals,Under 1.0,under,under@1.0,1.0,6.75,2026-08-21T14:34:28Z
2026-08-21T14:34:28Z,apifb214569,Superliga,2026-08-21T17:30:00+00:00,FC Petrolul Ploiești,FC Rapid București,apifb:Marathonbet,totals,Over 1.25,over,over@1.25,1.25,1.18,2026-08-21T14:34:28Z
2026-08-21T14:34:28Z,apifb214569,Superliga,2026-08-21T17:30:00+00:00,FC Petrolul Ploiești,FC Rapid București,apifb:Marathonbet,totals,Under 1.25,under,under@1.25,1.25,3.9,2026-08-21T14:34:28Z
2026-08-21T14:34:28Z,apifb214569,Superliga,2026-08-21T17:30:00+00:00,FC Petrolul Ploiești,FC Rapid București,apifb:Marathonbet,totals,Over 3.0,over,over@3.0,3.0,3.02,2026-08-21T14:34:28Z
2026-08-21T14:34:28Z,apifb214569,Superliga,2026-08-21T17:30:00+00:00,FC Petrolul Ploiești,FC Rapid București,apifb:Marathonbet,totals,Under 3.0,under,under@3.0,3.0,1.31,2026-08-21T14:34:28Z
2026-08-21T14:34:28Z,apifb214569,Superliga,2026-08-21T17:30:00+00:00,FC Petrolul Ploiești,FC Rapid București,apifb:Marathonbet,totals,Over 4.5,over,over@4.5,4.5,7.7,2026-08-21T14:34:28Z
2026-08-21T14:34:28Z,apifb214569,Superliga,2026-08-21T17:30:00+00:00,FC Petrolul Ploiești,FC Rapid București,apifb:Marathonbet,totals,Under 4.5,under,under@4.5,4.5,1.02,2026-08-21T14:34:28Z
2026-08-21T14:34:28Z,apifb214569,Superliga,2026-08-21T17:30:00+00:00,FC Petrolul Ploiești,FC Rapid București,apifb:Marathonbet,totals,Over 3.25,over,over@3.25,3.25,3.38,2026-08-21T14:34:28Z
2026-08-21T14:34:28Z,apifb214569,Superliga,2026-08-21T17:30:00+00:00,FC Petrolul Ploiești,FC Rapid București,apifb:Marathonbet,totals,Under 3.25,under,under@3.25,3.25,1.24,2026-08-21T14:34:28Z
2026-08-21T14:34:28Z,apifb214569,Superliga,2026-08-21T17:30:00+00:00,FC Petrolul Ploiești,FC Rapid București,apifb:Marathonbet,totals,Over 3.75,over,over@3.75,3.75,4.75,2026-08-21T14:34:28Z
2026-08-21T14:34:28Z,apifb214569,Superliga,2026-08-21T17:30:00+00:00,FC Petrolul Ploiești,FC Rapid București,apifb:Marathonbet,totals,Under 3.75,under,under@3.75,3.75,1.12,2026-08-21T14:34:28Z
2026-08-21T14:34:28Z,apifb214569,Superliga,2026-08-21T17:30:00+00:00,FC Petrolul Ploiești,FC Rapid București,apifb:Marathonbet,totals,Over 4.0,over,over@4.0,4.0,6.85,2026-08-21T14:34:28Z
2026-08-21T14:34:28Z,apifb214569,Superliga,2026-08-21T17:30:00+00:00,FC Petrolul Ploiești,FC Rapid București,apifb:Marathonbet,totals,Under 4.0,under,under@4.0,4.0,1.04,2026-08-21T14:34:28Z
2026-08-21T14:34:28Z,apifb214569,Superliga,2026-08-21T17:30:00+00:00,FC Petrolul Ploiești,FC Rapid București,apifb:Marathonbet,totals,Over 4.25,over,over@4.25,4.25,7.3,2026-08-21T14:34:28Z
2026-08-21T14:34:28Z,apifb214569,Superliga,2026-08-21T17:30:00+00:00,FC Petrolul Ploiești,FC Rapid București,apifb:Marathonbet,totals,Under 4.25,under,under@4.25,4.25,1.03,2026-08-21T14:34:28Z
2026-08-21T14:34:28Z,apifb214569,Superliga,2026-08-21T17:30:00+00:00,FC Petrolul Ploiești,FC Rapid București,apifb:Unibet,h2h,Home,home,home,,3.5,2026-08-21T14:34:28Z
2026-08-21T14:34:28Z,apifb214569,Superliga,2026-08-21T17:30:00+00:00,FC Petrolul Ploiești,FC Rapid București,apifb:Unibet,h2h,Draw,draw,draw,,3.2,2026-08-21T14:34:28Z
2026-08-21T14:34:28Z,apifb214569,Superliga,2026-08-21T17:30:00+00:00,FC Petrolul Ploiești,FC Rapid București,apifb:Unibet,h2h,Away,away,away,,2.04,2026-08-21T14:34:28Z
2026-08-21T14:34:28Z,apifb214569,Superliga,2026-08-21T17:30:00+00:00,FC Petrolul Ploiești,FC Rapid București,apifb:Unibet,asian_handicap,Home -0.5,home,home@-0.5,-0.5,3.3,2026-08-21T14:34:28Z
2026-08-21T14:34:28Z,apifb214569,Superliga,2026-08-21T17:30:00+00:00,FC Petrolul Ploiești,FC Rapid București,apifb:Unibet,asian_handicap,Away -0.5,away,away@-0.5,-0.5,1.27,2026-08-21T14:34:28Z
2026-08-21T14:34:28Z,apifb214569,Superliga,2026-08-21T17:30:00+00:00,FC Petrolul Ploiești,FC Rapid București,apifb:Unibet,asian_handicap,Home +0.5,home,home@+0.5,+0.5,1.71,2026-08-21T14:34:28Z
2026-08-21T14:34:28Z,apifb214569,Superliga,2026-08-21T17:30:00+00:00,FC Petrolul Ploiești,FC Rapid București,apifb:Unibet,asian_handicap,Away +0.5,away,away@+0.5,+0.5,1.98,2026-08-21T14:34:28Z
2026-08-21T14:34:28Z,apifb214569,Superliga,2026-08-21T17:30:00+00:00,FC Petrolul Ploiești,FC Rapid București,apifb:Unibet,totals,Over 1.5,over,over@1.5,1.5,1.34,2026-08-21T14:34:28Z
2026-08-21T14:34:28Z,apifb214569,Superliga,2026-08-21T17:30:00+00:00,FC Petrolul Ploiești,FC Rapid București,apifb:Unibet,totals,Under 1.5,under,under@1.5,1.5,2.9,2026-08-21T14:34:28Z
2026-08-21T14:34:28Z,apifb214569,Superliga,2026-08-21T17:30:00+00:00,FC Petrolul Ploiești,FC Rapid București,apifb:Unibet,totals,Over 2.0,over,over@2.0,2.0,1.56,2026-08-21T14:34:28Z
2026-08-21T14:34:28Z,apifb214569,Superliga,2026-08-21T17:30:00+00:00,FC Petrolul Ploiești,FC Rapid București,apifb:Unibet,totals,Under 2.0,under,under@2.0,2.0,2.23,2026-08-21T14:34:28Z
2026-08-21T14:34:28Z,apifb214569,Superliga,2026-08-21T17:30:00+00:00,FC Petrolul Ploiești,FC Rapid București,apifb:Unibet,totals,Over 2.25,over,over@2.25,2.25,1.81,2026-08-21T14:34:28Z
2026-08-21T14:34:28Z,apifb214569,Superliga,2026-08-21T17:30:00+00:00,FC Petrolul Ploiești,FC Rapid București,apifb:Unibet,totals,Under 2.25,under,under@2.25,2.25,1.86,2026-08-21T14:34:28Z
2026-08-21T14:34:28Z,apifb214569,Superliga,2026-08-21T17:30:00+00:00,FC Petrolul Ploiești,FC Rapid București,apifb:Unibet,totals,Over 2.5,over,over@2.5,2.5,2.06,2026-08-21T14:34:28Z
2026-08-21T14:34:28Z,apifb214569,Superliga,2026-08-21T17:30:00+00:00,FC Petrolul Ploiești,FC Rapid București,apifb:Unibet,totals,Under 2.5,under,under@2.5,2.5,1.65,2026-08-21T14:34:28Z
2026-08-21T14:34:28Z,apifb214569,Superliga,2026-08-21T17:30:00+00:00,FC Petrolul Ploiești,FC Rapid București,apifb:Unibet,totals,Over 2.75,over,over@2.75,2.75,2.38,2026-08-21T14:34:28Z
2026-08-21T14:34:28Z,apifb214569,Superliga,2026-08-21T17:30:00+00:00,FC Petrolul Ploiești,FC Rapid București,apifb:Unibet,totals,Under 2.75,under,under@2.75,2.75,1.49,2026-08-21T14:34:28Z
2026-08-21T14:34:28Z,apifb214569,Superliga,2026-08-21T17:30:00+00:00,FC Petrolul Ploiești,FC Rapid București,apifb:Unibet,totals,Over 3.5,over,over@3.5,3.5,3.6,2026-08-21T14:34:28Z
2026-08-21T14:34:28Z,apifb214569,Superliga,2026-08-21T17:30:00+00:00,FC Petrolul Ploiești,FC Rapid București,apifb:Unibet,totals,Under 3.5,under,under@3.5,3.5,1.23,2026-08-21T14:34:28Z
2026-08-21T14:34:28Z,apifb214569,Superliga,2026-08-21T17:30:00+00:00,FC Petrolul Ploiești,FC Rapid București,apifb:Unibet,totals,Over 3.0,over,over@3.0,3.0,2.95,2026-08-21T14:34:28Z
2026-08-21T14:34:28Z,apifb214569,Superliga,2026-08-21T17:30:00+00:00,FC Petrolul Ploiești,FC Rapid București,apifb:Unibet,totals,Under 3.0,under,under@3.0,3.0,1.33,2026-08-21T14:34:28Z
2026-08-21T14:34:28Z,apifb214569,Superliga,2026-08-21T17:30:00+00:00,FC Petrolul Ploiești,FC Rapid București,apifb:Unibet,totals,Over 4.5,over,over@4.5,4.5,6.5,2026-08-21T14:34:28Z
2026-08-21T14:34:28Z,apifb214569,Superliga,2026-08-21T17:30:00+00:00,FC Petrolul Ploiești,FC Rapid București,apifb:Unibet,totals,Under 4.5,under,under@4.5,4.5,1.07,2026-08-21T14:34:28Z
2026-08-21T14:34:28Z,apifb214569,Superliga,2026-08-21T17:30:00+00:00,FC Petrolul Ploiești,FC Rapid București,apifb:Unibet,totals,Over 3.25,over,over@3.25,3.25,3.3,2026-08-21T14:34:28Z
2026-08-21T14:34:28Z,apifb214569,Superliga,2026-08-21T17:30:00+00:00,FC Petrolul Ploiești,FC Rapid București,apifb:Unibet,totals,Under 3.25,under,under@3.25,3.25,1.27,2026-08-21T14:34:28Z
2026-08-21T14:34:28Z,apifb214569,Superliga,2026-08-21T17:30:00+00:00,FC Petrolul Ploiești,FC Rapid București,apifb:Unibet,totals,Over 4.0,over,over@4.0,4.0,6.1,2026-08-21T14:34:28Z
2026-08-21T14:34:28Z,apifb214569,Superliga,2026-08-21T17:30:00+00:00,FC Petrolul Ploiești,FC Rapid București,apifb:Unibet,totals,Under 4.0,under,under@4.0,4.0,1.08,2026-08-21T14:34:28Z
2026-08-21T14:34:28Z,apifb214569,Superliga,2026-08-21T17:30:00+00:00,FC Petrolul Ploiești,FC Rapid București,apifb:Betfair,h2h,Home,home,home,,3.6,2026-08-21T14:34:28Z
2026-08-21T14:34:28Z,apifb214569,Superliga,2026-08-21T17:30:00+00:00,FC Petrolul Ploiești,FC Rapid București,apifb:Betfair,h2h,Draw,draw,draw,,3.3,2026-08-21T14:34:28Z
2026-08-21T14:34:28Z,apifb214569,Superliga,2026-08-21T17:30:00+00:00,FC Petrolul Ploiești,FC Rapid București,apifb:Betfair,h2h,Away,away,away,,2.0,2026-08-21T14:34:28Z
2026-08-21T14:34:28Z,apifb214569,Superliga,2026-08-21T17:30:00+00:00,FC Petrolul Ploiești,FC Rapid București,apifb:Betfair,asian_handicap,Home -1.5,home,home@-1.5,-1.5,8.0,2026-08-21T14:34:28Z
2026-08-21T14:34:28Z,apifb214569,Superliga,2026-08-21T17:30:00+00:00,FC Petrolul Ploiești,FC Rapid București,apifb:Betfair,asian_handicap,Away -1.5,away,away@-1.5,-1.5,1.06,2026-08-21T14:34:28Z
2026-08-21T14:34:28Z,apifb214569,Superliga,2026-08-21T17:30:00+00:00,FC Petrolul Ploiești,FC Rapid București,apifb:Betfair,asian_handicap,Home +1.5,home,home@+1.5,+1.5,1.22,2026-08-21T14:34:28Z
2026-08-21T14:34:28Z,apifb214569,Superliga,2026-08-21T17:30:00+00:00,FC Petrolul Ploiești,FC Rapid București,apifb:Betfair,asian_handicap,Away +1.5,away,away@+1.5,+1.5,3.75,2026-08-21T14:34:28Z
2026-08-21T14:34:28Z,apifb214569,Superliga,2026-08-21T17:30:00+00:00,FC Petrolul Ploiești,FC Rapid București,apifb:Betfair,asian_handicap,Home -2.5,home,home@-2.5,-2.5,13.0,2026-08-21T14:34:28Z
2026-08-21T14:34:28Z,apifb214569,Superliga,2026-08-21T17:30:00+00:00,FC Petrolul Ploiești,FC Rapid București,apifb:Betfair,asian_handicap,Away -2.5,away,away@-2.5,-2.5,1.01,2026-08-21T14:34:28Z
2026-08-21T14:34:28Z,apifb214569,Superliga,2026-08-21T17:30:00+00:00,FC Petrolul Ploiești,FC Rapid București,apifb:Betfair,asian_handicap,Home +2.5,home,home@+2.5,+2.5,1.05,2026-08-21T14:34:28Z
2026-08-21T14:34:28Z,apifb214569,Superliga,2026-08-21T17:30:00+00:00,FC Petrolul Ploiești,FC Rapid București,apifb:Betfair,asian_handicap,Away +2.5,away,away@+2.5,+2.5,8.5,2026-08-21T14:34:28Z
2026-08-21T14:34:28Z,apifb214569,Superliga,2026-08-21T17:30:00+00:00,FC Petrolul Ploiești,FC Rapid București,apifb:Betfair,totals,Over 1.5,over,over@1.5,1.5,1.36,2026-08-21T14:34:28Z
2026-08-21T14:34:28Z,apifb214569,Superliga,2026-08-21T17:30:00+00:00,FC Petrolul Ploiești,FC Rapid București,apifb:Betfair,totals,Under 1.5,under,under@1.5,1.5,3.1,2026-08-21T14:34:28Z
2026-08-21T14:34:28Z,apifb214569,Superliga,2026-08-21T17:30:00+00:00,FC Petrolul Ploiești,FC Rapid București,apifb:Betfair,totals,Over 2.5,over,over@2.5,2.5,2.15,2026-08-21T14:34:28Z
2026-08-21T14:34:28Z,apifb214569,Superliga,2026-08-21T17:30:00+00:00,FC Petrolul Ploiești,FC Rapid București,apifb:Betfair,totals,Under 2.5,under,under@2.5,2.5,1.67,2026-08-21T14:34:28Z
2026-08-21T14:34:28Z,apifb214569,Superliga,2026-08-21T17:30:00+00:00,FC Petrolul Ploiești,FC Rapid București,apifb:Betfair,totals,Over 3.5,over,over@3.5,3.5,4.1,2026-08-21T14:34:28Z
2026-08-21T14:34:28Z,apifb214569,Superliga,2026-08-21T17:30:00+00:00,FC Petrolul Ploiești,FC Rapid București,apifb:Betfair,totals,Under 3.5,under,under@3.5,3.5,1.22,2026-08-21T14:34:28Z
2026-08-21T14:34:28Z,apifb214569,Superliga,2026-08-21T17:30:00+00:00,FC Petrolul Ploiești,FC Rapid București,apifb:Betfair,totals,Over 0.5,over,over@0.5,0.5,1.06,2026-08-21T14:34:28Z
2026-08-21T14:34:28Z,apifb214569,Superliga,2026-08-21T17:30:00+00:00,FC Petrolul Ploiești,FC Rapid București,apifb:Betfair,totals,Under 0.5,under,under@0.5,0.5,8.5,2026-08-21T14:34:28Z
2026-08-21T14:34:28Z,apifb214569,Superliga,2026-08-21T17:30:00+00:00,FC Petrolul Ploiești,FC Rapid București,apifb:Betfair,totals,Over 4.5,over,over@4.5,4.5,8.0,2026-08-21T14:34:28Z
2026-08-21T14:34:28Z,apifb214569,Superliga,2026-08-21T17:30:00+00:00,FC Petrolul Ploiești,FC Rapid București,apifb:Betfair,totals,Under 4.5,under,under@4.5,4.5,1.07,2026-08-21T14:34:28Z
2026-08-21T14:34:28Z,apifb214569,Superliga,2026-08-21T17:30:00+00:00,FC Petrolul Ploiești,FC Rapid București,apifb:Betfair,totals,Over 5.5,over,over@5.5,5.5,17.0,2026-08-21T14:34:28Z
2026-08-21T14:34:28Z,apifb214569,Superliga,2026-08-21T17:30:00+00:00,FC Petrolul Ploiești,FC Rapid București,apifb:Betfair,totals,Under 5.5,under,under@5.5,5.5,1.01,2026-08-21T14:34:28Z
2026-08-21T14:34:28Z,apifb214569,Superliga,2026-08-21T17:30:00+00:00,FC Petrolul Ploiești,FC Rapid București,apifb:BetVictor,h2h,Home,home,home,,3.75,2026-08-21T14:34:28Z
2026-08-21T14:34:28Z,apifb214569,Superliga,2026-08-21T17:30:00+00:00,FC Petrolul Ploiești,FC Rapid București,apifb:BetVictor,h2h,Draw,draw,draw,,3.2,2026-08-21T14:34:28Z
2026-08-21T14:34:28Z,apifb214569,Superliga,2026-08-21T17:30:00+00:00,FC Petrolul Ploiești,FC Rapid București,apifb:BetVictor,h2h,Away,away,away,,1.93,2026-08-21T14:34:28Z
2026-08-21T14:34:28Z,apifb214569,Superliga,2026-08-21T17:30:00+00:00,FC Petrolul Ploiești,FC Rapid București,apifb:BetVictor,asian_handicap,Home -0.25,home,home@-0.25,-0.25,2.91,2026-08-21T14:34:28Z
2026-08-21T14:34:28Z,apifb214569,Superliga,2026-08-21T17:30:00+00:00,FC Petrolul Ploiești,FC Rapid București,apifb:BetVictor,asian_handicap,Away -0.25,away,away@-0.25,-0.25,1.34,2026-08-21T14:34:28Z
2026-08-21T14:34:28Z,apifb214569,Superliga,2026-08-21T17:30:00+00:00,FC Petrolul Ploiești,FC Rapid București,apifb:BetVictor,asian_handicap,Home +0,home,home@+0,+0,2.73,2026-08-21T14:34:28Z
2026-08-21T14:34:28Z,apifb214569,Superliga,2026-08-21T17:30:00+00:00,FC Petrolul Ploiești,FC Rapid București,apifb:BetVictor,asian_handicap,Away +0,away,away@+0,+0,1.38,2026-08-21T14:34:28Z
2026-08-21T14:34:28Z,apifb214569,Superliga,2026-08-21T17:30:00+00:00,FC Petrolul Ploiești,FC Rapid București,apifb:BetVictor,asian_handicap,Home +0.25,home,home@+0.25,+0.25,2.09,2026-08-21T14:34:28Z
2026-08-21T14:34:28Z,apifb214569,Superliga,2026-08-21T17:30:00+00:00,FC Petrolul Ploiești,FC Rapid București,apifb:BetVictor,asian_handicap,Away +0.25,away,away@+0.25,+0.25,1.64,2026-08-21T14:34:28Z
2026-08-21T14:34:28Z,apifb214569,Superliga,2026-08-21T17:30:00+00:00,FC Petrolul Ploiești,FC Rapid București,apifb:BetVictor,asian_handicap,Home +0.5,home,home@+0.5,+0.5,1.78,2026-08-21T14:34:28Z
2026-08-21T14:34:28Z,apifb214569,Superliga,2026-08-21T17:30:00+00:00,FC Petrolul Ploiești,FC Rapid București,apifb:BetVictor,asian_handicap,Away +0.5,away,away@+0.5,+0.5,1.89,2026-08-21T14:34:28Z
2026-08-21T14:34:28Z,apifb214569,Superliga,2026-08-21T17:30:00+00:00,FC Petrolul Ploiești,FC Rapid București,apifb:BetVictor,asian_handicap,Home +0.75,home,home@+0.75,+0.75,1.57,2026-08-21T14:34:28Z
2026-08-21T14:34:28Z,apifb214569,Superliga,2026-08-21T17:30:00+00:00,FC Petrolul Ploiești,FC Rapid București,apifb:BetVictor,asian_handicap,Away +0.75,away,away@+0.75,+0.75,2.21,2026-08-21T14:34:28Z
2026-08-21T14:34:28Z,apifb214569,Superliga,2026-08-21T17:30:00+00:00,FC Petrolul Ploiești,FC Rapid București,apifb:BetVictor,asian_handicap,Home +1,home,home@+1,+1,1.35,2026-08-21T14:34:28Z
2026-08-21T14:34:28Z,apifb214569,Superliga,2026-08-21T17:30:00+00:00,FC Petrolul Ploiești,FC Rapid București,apifb:BetVictor,asian_handicap,Away +1,away,away@+1,+1,2.86,2026-08-21T14:34:28Z
2026-08-21T14:34:28Z,apifb214569,Superliga,2026-08-21T17:30:00+00:00,FC Petrolul Ploiești,FC Rapid București,apifb:BetVictor,totals,Over 1.5,over,over@1.5,1.5,1.33,2026-08-21T14:34:28Z
2026-08-21T14:34:28Z,apifb214569,Superliga,2026-08-21T17:30:00+00:00,FC Petrolul Ploiești,FC Rapid București,apifb:BetVictor,totals,Under 1.5,under,under@1.5,1.5,3.0,2026-08-21T14:34:28Z
2026-08-21T14:34:28Z,apifb214569,Superliga,2026-08-21T17:30:00+00:00,FC Petrolul Ploiești,FC Rapid București,apifb:BetVictor,totals,Over 1.75,over,over@1.75,1.75,1.46,2026-08-21T14:34:28Z
2026-08-21T14:34:28Z,apifb214569,Superliga,2026-08-21T17:30:00+00:00,FC Petrolul Ploiești,FC Rapid București,apifb:BetVictor,totals,Under 1.75,under,under@1.75,1.75,2.47,2026-08-21T14:34:28Z
2026-08-21T14:34:28Z,apifb214569,Superliga,2026-08-21T17:30:00+00:00,FC Petrolul Ploiești,FC Rapid București,apifb:BetVictor,totals,Over 2.0,over,over@2.0,2.0,1.59,2026-08-21T14:34:28Z
2026-08-21T14:34:28Z,apifb214569,Superliga,2026-08-21T17:30:00+00:00,FC Petrolul Ploiești,FC Rapid București,apifb:BetVictor,totals,Under 2.0,under,under@2.0,2.0,2.16,2026-08-21T14:34:28Z
2026-08-21T14:34:28Z,apifb214569,Superliga,2026-08-21T17:30:00+00:00,FC Petrolul Ploiești,FC Rapid București,apifb:BetVictor,totals,Over 2.25,over,over@2.25,2.25,1.83,2026-08-21T14:34:28Z
2026-08-21T14:34:28Z,apifb214569,Superliga,2026-08-21T17:30:00+00:00,FC Petrolul Ploiești,FC Rapid București,apifb:BetVictor,totals,Under 2.25,under,under@2.25,2.25,1.83,2026-08-21T14:34:28Z
2026-08-21T14:34:28Z,apifb214569,Superliga,2026-08-21T17:30:00+00:00,FC Petrolul Ploiești,FC Rapid București,apifb:BetVictor,totals,Over 2.5,over,over@2.5,2.5,2.07,2026-08-21T14:34:28Z
2026-08-21T14:34:28Z,apifb214569,Superliga,2026-08-21T17:30:00+00:00,FC Petrolul Ploiești,FC Rapid București,apifb:BetVictor,totals,Under 2.5,under,under@2.5,2.5,1.65,2026-08-21T14:34:28Z
2026-08-21T14:34:28Z,apifb214569,Superliga,2026-08-21T17:30:00+00:00,FC Petrolul Ploiești,FC Rapid București,apifb:BetVictor,totals,Over 2.75,over,over@2.75,2.75,2.38,2026-08-21T14:34:28Z
2026-08-21T14:34:28Z,apifb214569,Superliga,2026-08-21T17:30:00+00:00,FC Petrolul Ploiești,FC Rapid București,apifb:BetVictor,totals,Under 2.75,under,under@2.75,2.75,1.49,2026-08-21T14:34:28Z
2026-08-21T14:34:28Z,apifb214569,Superliga,2026-08-21T17:30:00+00:00,FC Petrolul Ploiești,FC Rapid București,apifb:BetVictor,totals,Over 3.5,over,over@3.5,3.5,4.0,2026-08-21T14:34:28Z
2026-08-21T14:34:28Z,apifb214569,Superliga,2026-08-21T17:30:00+00:00,FC Petrolul Ploiești,FC Rapid București,apifb:BetVictor,totals,Under 3.5,under,under@3.5,3.5,1.2,2026-08-21T14:34:28Z
2026-08-21T14:34:28Z,apifb214569,Superliga,2026-08-21T17:30:00+00:00,FC Petrolul Ploiești,FC Rapid București,apifb:BetVictor,totals,Over 0.5,over,over@0.5,0.5,1.04,2026-08-21T14:34:28Z
2026-08-21T14:34:28Z,apifb214569,Superliga,2026-08-21T17:30:00+00:00,FC Petrolul Ploiești,FC Rapid București,apifb:BetVictor,totals,Under 0.5,under,under@0.5,0.5,8.5,2026-08-21T14:34:28Z
2026-08-21T14:34:28Z,apifb214569,Superliga,2026-08-21T17:30:00+00:00,FC Petrolul Ploiești,FC Rapid București,apifb:BetVictor,totals,Over 4.5,over,over@4.5,4.5,8.5,2026-08-21T14:34:28Z
2026-08-21T14:34:28Z,apifb214569,Superliga,2026-08-21T17:30:00+00:00,FC Petrolul Ploiești,FC Rapid București,apifb:BetVictor,totals,Under 4.5,under,under@4.5,4.5,1.04,2026-08-21T14:34:28Z
2026-08-21T14:34:28Z,apifb214569,Superliga,2026-08-21T17:30:00+00:00,FC Petrolul Ploiești,FC Rapid București,apifb:Pinnacle,h2h,Home,home,home,,3.87,2026-08-21T14:34:28Z
2026-08-21T14:34:28Z,apifb214569,Superliga,2026-08-21T17:30:00+00:00,FC Petrolul Ploiești,FC Rapid București,apifb:Pinnacle,h2h,Draw,draw,draw,,3.29,2026-08-21T14:34:28Z
2026-08-21T14:34:28Z,apifb214569,Superliga,2026-08-21T17:30:00+00:00,FC Petrolul Ploiești,FC Rapid București,apifb:Pinnacle,h2h,Away,away,away,,2.05,2026-08-21T14:34:28Z
2026-08-21T14:34:28Z,apifb214569,Superliga,2026-08-21T17:30:00+00:00,FC Petrolul Ploiești,FC Rapid București,apifb:Pinnacle,asian_handicap,Home -0.75,home,home@-0.75,-0.75,4.6,2026-08-21T14:34:28Z
2026-08-21T14:34:28Z,apifb214569,Superliga,2026-08-21T17:30:00+00:00,FC Petrolul Ploiești,FC Rapid București,apifb:Pinnacle,asian_handicap,Away -0.75,away,away@-0.75,-0.75,1.2,2026-08-21T14:34:28Z
2026-08-21T14:34:28Z,apifb214569,Superliga,2026-08-21T17:30:00+00:00,FC Petrolul Ploiești,FC Rapid București,apifb:Pinnacle,asian_handicap,Home -0.5,home,home@-0.5,-0.5,3.83,2026-08-21T14:34:28Z
2026-08-21T14:34:28Z,apifb214569,Superliga,2026-08-21T17:30:00+00:00,FC Petrolul Ploiești,FC Rapid București,apifb:Pinnacle,asian_handicap,Away -0.5,away,away@-0.5,-0.5,1.27,2026-08-21T14:34:28Z
2026-08-21T14:34:28Z,apifb214569,Superliga,2026-08-21T17:30:00+00:00,FC Petrolul Ploiești,FC Rapid București,apifb:Pinnacle,asian_handicap,Home -0.25,home,home@-0.25,-0.25,3.3,2026-08-21T14:34:28Z
2026-08-21T14:34:28Z,apifb214569,Superliga,2026-08-21T17:30:00+00:00,FC Petrolul Ploiești,FC Rapid București,apifb:Pinnacle,asian_handicap,Away -0.25,away,away@-0.25,-0.25,1.34,2026-08-21T14:34:28Z
2026-08-21T14:34:28Z,apifb214569,Superliga,2026-08-21T17:30:00+00:00,FC Petrolul Ploiești,FC Rapid București,apifb:Pinnacle,asian_handicap,Home +0,home,home@+0,+0,2.77,2026-08-21T14:34:28Z
2026-08-21T14:34:28Z,apifb214569,Superliga,2026-08-21T17:30:00+00:00,FC Petrolul Ploiești,FC Rapid București,apifb:Pinnacle,asian_handicap,Away +0,away,away@+0,+0,1.46,2026-08-21T14:34:28Z
2026-08-21T14:34:28Z,apifb214569,Superliga,2026-08-21T17:30:00+00:00,FC Petrolul Ploiești,FC Rapid București,apifb:Pinnacle,asian_handicap,Home +0.25,home,home@+0.25,+0.25,2.11,2026-08-21T14:34:28Z
2026-08-21T14:34:28Z,apifb214569,Superliga,2026-08-21T17:30:00+00:00,FC Petrolul Ploiești,FC Rapid București,apifb:Pinnacle,asian_handicap,Away +0.25,away,away@+0.25,+0.25,1.76,2026-08-21T14:34:28Z
2026-08-21T14:34:28Z,apifb214569,Superliga,2026-08-21T17:30:00+00:00,FC Petrolul Ploiești,FC Rapid București,apifb:Pinnacle,asian_handicap,Home +0.5,home,home@+0.5,+0.5,1.81,2026-08-21T14:34:28Z
2026-08-21T14:34:28Z,apifb214569,Superliga,2026-08-21T17:30:00+00:00,FC Petrolul Ploiești,FC Rapid București,apifb:Pinnacle,asian_handicap,Away +0.5,away,away@+0.5,+0.5,2.06,2026-08-21T14:34:28Z
2026-08-21T14:34:28Z,apifb214569,Superliga,2026-08-21T17:30:00+00:00,FC Petrolul Ploiești,FC Rapid București,apifb:Pinnacle,asian_handicap,Home +0.75,home,home@+0.75,+0.75,1.58,2026-08-21T14:34:28Z
2026-08-21T14:34:28Z,apifb214569,Superliga,2026-08-21T17:30:00+00:00,FC Petrolul Ploiești,FC Rapid București,apifb:Pinnacle,asian_handicap,Away +0.75,away,away@+0.75,+0.75,2.43,2026-08-21T14:34:28Z
2026-08-21T14:34:28Z,apifb214569,Superliga,2026-08-21T17:30:00+00:00,FC Petrolul Ploiești,FC Rapid București,apifb:Pinnacle,asian_handicap,Home +1,home,home@+1,+1,1.37,2026-08-21T14:34:28Z
2026-08-21T14:34:28Z,apifb214569,Superliga,2026-08-21T17:30:00+00:00,FC Petrolul Ploiești,FC Rapid București,apifb:Pinnacle,asian_handicap,Away +1,away,away@+1,+1,3.17,2026-08-21T14:34:28Z
2026-08-21T14:34:28Z,apifb214569,Superliga,2026-08-21T17:30:00+00:00,FC Petrolul Ploiești,FC Rapid București,apifb:Pinnacle,asian_handicap,Home +1.25,home,home@+1.25,+1.25,1.3,2026-08-21T14:34:28Z
2026-08-21T14:34:28Z,apifb214569,Superliga,2026-08-21T17:30:00+00:00,FC Petrolul Ploiești,FC Rapid București,apifb:Pinnacle,asian_handicap,Away +1.25,away,away@+1.25,+1.25,3.63,2026-08-21T14:34:28Z
2026-08-21T14:34:28Z,apifb214569,Superliga,2026-08-21T17:30:00+00:00,FC Petrolul Ploiești,FC Rapid București,apifb:Pinnacle,asian_handicap,Home +1.5,home,home@+1.5,+1.5,1.25,2026-08-21T14:34:28Z
2026-08-21T14:34:28Z,apifb214569,Superliga,2026-08-21T17:30:00+00:00,FC Petrolul Ploiești,FC Rapid București,apifb:Pinnacle,asian_handicap,Away +1.5,away,away@+1.5,+1.5,4.09,2026-08-21T14:34:28Z
2026-08-21T14:34:28Z,apifb214569,Superliga,2026-08-21T17:30:00+00:00,FC Petrolul Ploiești,FC Rapid București,apifb:Pinnacle,totals,Over 1.5,over,over@1.5,1.5,1.37,2026-08-21T14:34:28Z
2026-08-21T14:34:28Z,apifb214569,Superliga,2026-08-21T17:30:00+00:00,FC Petrolul Ploiești,FC Rapid București,apifb:Pinnacle,totals,Under 1.5,under,under@1.5,1.5,3.12,2026-08-21T14:34:28Z
2026-08-21T14:34:28Z,apifb214569,Superliga,2026-08-21T17:30:00+00:00,FC Petrolul Ploiești,FC Rapid București,apifb:Pinnacle,totals,Over 1.75,over,over@1.75,1.75,1.47,2026-08-21T14:34:28Z
2026-08-21T14:34:28Z,apifb214569,Superliga,2026-08-21T17:30:00+00:00,FC Petrolul Ploiești,FC Rapid București,apifb:Pinnacle,totals,Under 1.75,under,under@1.75,1.75,2.74,2026-08-21T14:34:28Z
2026-08-21T14:34:28Z,apifb214569,Superliga,2026-08-21T17:30:00+00:00,FC Petrolul Ploiești,FC Rapid București,apifb:Pinnacle,totals,Over 2.0,over,over@2.0,2.0,1.62,2026-08-21T14:34:28Z
2026-08-21T14:34:28Z,apifb214569,Superliga,2026-08-21T17:30:00+00:00,FC Petrolul Ploiești,FC Rapid București,apifb:Pinnacle,totals,Under 2.0,under,under@2.0,2.0,2.33,2026-08-21T14:34:28Z
2026-08-21T14:34:28Z,apifb214569,Superliga,2026-08-21T17:30:00+00:00,FC Petrolul Ploiești,FC Rapid București,apifb:Pinnacle,totals,Over 2.25,over,over@2.25,2.25,1.92,2026-08-21T14:34:28Z
2026-08-21T14:34:28Z,apifb214569,Superliga,2026-08-21T17:30:00+00:00,FC Petrolul Ploiești,FC Rapid București,apifb:Pinnacle,totals,Under 2.25,under,under@2.25,2.25,1.92,2026-08-21T14:34:28Z
2026-08-21T14:34:28Z,apifb214569,Superliga,2026-08-21T17:30:00+00:00,FC Petrolul Ploiești,FC Rapid București,apifb:Pinnacle,totals,Over 2.5,over,over@2.5,2.5,2.2,2026-08-21T14:34:28Z
2026-08-21T14:34:28Z,apifb214569,Superliga,2026-08-21T17:30:00+00:00,FC Petrolul Ploiești,FC Rapid București,apifb:Pinnacle,totals,Under 2.5,under,under@2.5,2.5,1.69,2026-08-21T14:34:28Z
2026-08-21T14:34:28Z,apifb214569,Superliga,2026-08-21T17:30:00+00:00,FC Petrolul Ploiești,FC Rapid București,apifb:Pinnacle,totals,Over 2.75,over,over@2.75,2.75,2.56,2026-08-21T14:34:28Z
2026-08-21T14:34:28Z,apifb214569,Superliga,2026-08-21T17:30:00+00:00,FC Petrolul Ploiești,FC Rapid București,apifb:Pinnacle,totals,Under 2.75,under,under@2.75,2.75,1.52,2026-08-21T14:34:28Z
2026-08-21T14:34:28Z,apifb214569,Superliga,2026-08-21T17:30:00+00:00,FC Petrolul Ploiești,FC Rapid București,apifb:Pinnacle,totals,Over 3.5,over,over@3.5,3.5,4.0,2026-08-21T14:34:28Z
2026-08-21T14:34:28Z,apifb214569,Superliga,2026-08-21T17:30:00+00:00,FC Petrolul Ploiești,FC Rapid București,apifb:Pinnacle,totals,Under 3.5,under,under@3.5,3.5,1.25,2026-08-21T14:34:28Z
2026-08-21T14:34:28Z,apifb214569,Superliga,2026-08-21T17:30:00+00:00,FC Petrolul Ploiești,FC Rapid București,apifb:SBO,h2h,Home,home,home,,3.04,2026-08-21T14:34:28Z
2026-08-21T14:34:28Z,apifb214569,Superliga,2026-08-21T17:30:00+00:00,FC Petrolul Ploiești,FC Rapid București,apifb:SBO,h2h,Draw,draw,draw,,2.84,2026-08-21T14:34:28Z
2026-08-21T14:34:28Z,apifb214569,Superliga,2026-08-21T17:30:00+00:00,FC Petrolul Ploiești,FC Rapid București,apifb:SBO,h2h,Away,away,away,,2.04,2026-08-21T14:34:28Z
2026-08-21T14:34:28Z,apifb214569,Superliga,2026-08-21T17:30:00+00:00,FC Petrolul Ploiești,FC Rapid București,apifb:SBO,asian_handicap,Home +0.25,home,home@+0.25,+0.25,2.03,2026-08-21T14:34:28Z
2026-08-21T14:34:28Z,apifb214569,Superliga,2026-08-21T17:30:00+00:00,FC Petrolul Ploiești,FC Rapid București,apifb:SBO,asian_handicap,Away +0.25,away,away@+0.25,+0.25,1.79,2026-08-21T14:34:28Z
2026-08-21T14:34:28Z,apifb214569,Superliga,2026-08-21T17:30:00+00:00,FC Petrolul Ploiești,FC Rapid București,apifb:SBO,asian_handicap,Home +0.5,home,home@+0.5,+0.5,1.76,2026-08-21T14:34:28Z
2026-08-21T14:34:28Z,apifb214569,Superliga,2026-08-21T17:30:00+00:00,FC Petrolul Ploiești,FC Rapid București,apifb:SBO,asian_handicap,Away +0.5,away,away@+0.5,+0.5,2.06,2026-08-21T14:34:28Z
2026-08-21T14:34:28Z,apifb214569,Superliga,2026-08-21T17:30:00+00:00,FC Petrolul Ploiești,FC Rapid București,apifb:SBO,totals,Over 2.0,over,over@2.0,2.0,1.63,2026-08-21T14:34:28Z
2026-08-21T14:34:28Z,apifb214569,Superliga,2026-08-21T17:30:00+00:00,FC Petrolul Ploiești,FC Rapid București,apifb:SBO,totals,Under 2.0,under,under@2.0,2.0,2.2,2026-08-21T14:34:28Z
2026-08-21T14:34:28Z,apifb214569,Superliga,2026-08-21T17:30:00+00:00,FC Petrolul Ploiești,FC Rapid București,apifb:SBO,totals,Over 2.25,over,over@2.25,2.25,1.92,2026-08-21T14:34:28Z
2026-08-21T14:34:28Z,apifb214569,Superliga,2026-08-21T17:30:00+00:00,FC Petrolul Ploiești,FC Rapid București,apifb:SBO,totals,Under 2.25,under,under@2.25,2.25,1.88,2026-08-21T14:34:28Z
2026-08-21T14:34:28Z,apifb214569,Superliga,2026-08-21T17:30:00+00:00,FC Petrolul Ploiești,FC Rapid București,apifb:1xBet,h2h,Home,home,home,,3.94,2026-08-21T14:34:28Z
2026-08-21T14:34:28Z,apifb214569,Superliga,2026-08-21T17:30:00+00:00,FC Petrolul Ploiești,FC Rapid București,apifb:1xBet,h2h,Draw,draw,draw,,3.25,2026-08-21T14:34:28Z
2026-08-21T14:34:28Z,apifb214569,Superliga,2026-08-21T17:30:00+00:00,FC Petrolul Ploiești,FC Rapid București,apifb:1xBet,h2h,Away,away,away,,1.95,2026-08-21T14:34:28Z
2026-08-21T14:34:28Z,apifb214569,Superliga,2026-08-21T17:30:00+00:00,FC Petrolul Ploiești,FC Rapid București,apifb:1xBet,asian_handicap,Home -1.25,home,home@-1.25,-1.25,8.65,2026-08-21T14:34:28Z
2026-08-21T14:34:28Z,apifb214569,Superliga,2026-08-21T17:30:00+00:00,FC Petrolul Ploiești,FC Rapid București,apifb:1xBet,asian_handicap,Away -1.25,away,away@-1.25,-1.25,1.01,2026-08-21T14:34:28Z
2026-08-21T14:34:28Z,apifb214569,Superliga,2026-08-21T17:30:00+00:00,FC Petrolul Ploiești,FC Rapid București,apifb:1xBet,asian_handicap,Home -1,home,home@-1,-1,8.4,2026-08-21T14:34:28Z
2026-08-21T14:34:28Z,apifb214569,Superliga,2026-08-21T17:30:00+00:00,FC Petrolul Ploiești,FC Rapid București,apifb:1xBet,asian_handicap,Away -1,away,away@-1,-1,1.01,2026-08-21T14:34:28Z
2026-08-21T14:34:28Z,apifb214569,Superliga,2026-08-21T17:30:00+00:00,FC Petrolul Ploiești,FC Rapid București,apifb:1xBet,asian_handicap,Home -0.75,home,home@-0.75,-0.75,5.05,2026-08-21T14:34:28Z
2026-08-21T14:34:28Z,apifb214569,Superliga,2026-08-21T17:30:00+00:00,FC Petrolul Ploiești,FC Rapid București,apifb:1xBet,asian_handicap,Away -0.75,away,away@-0.75,-0.75,1.1,2026-08-21T14:34:28Z
2026-08-21T14:34:28Z,apifb214569,Superliga,2026-08-21T17:30:00+00:00,FC Petrolul Ploiești,FC Rapid București,apifb:1xBet,asian_handicap,Home -0.25,home,home@-0.25,-0.25,3.3,2026-08-21T14:34:28Z
2026-08-21T14:34:28Z,apifb214569,Superliga,2026-08-21T17:30:00+00:00,FC Petrolul Ploiești,FC Rapid București,apifb:1xBet,asian_handicap,Away -0.25,away,away@-0.25,-0.25,1.3,2026-08-21T14:34:28Z
2026-08-21T14:34:28Z,apifb214569,Superliga,2026-08-21T17:30:00+00:00,FC Petrolul Ploiești,FC Rapid București,apifb:1xBet,asian_handicap,Home +0,home,home@+0,+0,2.82,2026-08-21T14:34:28Z
2026-08-21T14:34:28Z,apifb214569,Superliga,2026-08-21T17:30:00+00:00,FC Petrolul Ploiești,FC Rapid București,apifb:1xBet,asian_handicap,Away +0,away,away@+0,+0,1.39,2026-08-21T14:34:28Z
2026-08-21T14:34:28Z,apifb214569,Superliga,2026-08-21T17:30:00+00:00,FC Petrolul Ploiești,FC Rapid București,apifb:1xBet,asian_handicap,Home +0.25,home,home@+0.25,+0.25,2.09,2026-08-21T14:34:28Z
2026-08-21T14:34:28Z,apifb214569,Superliga,2026-08-21T17:30:00+00:00,FC Petrolul Ploiești,FC Rapid București,apifb:1xBet,asian_handicap,Away +0.25,away,away@+0.25,+0.25,1.62,2026-08-21T14:34:28Z
2026-08-21T14:34:28Z,apifb214569,Superliga,2026-08-21T17:30:00+00:00,FC Petrolul Ploiești,FC Rapid București,apifb:1xBet,asian_handicap,Home +0.75,home,home@+0.75,+0.75,1.55,2026-08-21T14:34:28Z
2026-08-21T14:34:28Z,apifb214569,Superliga,2026-08-21T17:30:00+00:00,FC Petrolul Ploiești,FC Rapid București,apifb:1xBet,asian_handicap,Away +0.75,away,away@+0.75,+0.75,2.16,2026-08-21T14:34:28Z
2026-08-21T14:34:28Z,apifb214569,Superliga,2026-08-21T17:30:00+00:00,FC Petrolul Ploiești,FC Rapid București,apifb:1xBet,asian_handicap,Home +1,home,home@+1,+1,1.35,2026-08-21T14:34:28Z
2026-08-21T14:34:28Z,apifb214569,Superliga,2026-08-21T17:30:00+00:00,FC Petrolul Ploiești,FC Rapid București,apifb:1xBet,asian_handicap,Away +1,away,away@+1,+1,2.74,2026-08-21T14:34:28Z
2026-08-21T14:34:28Z,apifb214569,Superliga,2026-08-21T17:30:00+00:00,FC Petrolul Ploiești,FC Rapid București,apifb:1xBet,asian_handicap,Home +2,home,home@+2,+2,1.04,2026-08-21T14:34:28Z
2026-08-21T14:34:28Z,apifb214569,Superliga,2026-08-21T17:30:00+00:00,FC Petrolul Ploiești,FC Rapid București,apifb:1xBet,asian_handicap,Away +2,away,away@+2,+2,7.1,2026-08-21T14:34:28Z
2026-08-21T14:34:28Z,apifb214569,Superliga,2026-08-21T17:30:00+00:00,FC Petrolul Ploiești,FC Rapid București,apifb:1xBet,asian_handicap,Home -1.5,home,home@-1.5,-1.5,7.6,2026-08-21T14:34:28Z
2026-08-21T14:34:28Z,apifb214569,Superliga,2026-08-21T17:30:00+00:00,FC Petrolul Ploiești,FC Rapid București,apifb:1xBet,asian_handicap,Away -1.5,away,away@-1.5,-1.5,1.04,2026-08-21T14:34:28Z
2026-08-21T14:34:28Z,apifb214569,Superliga,2026-08-21T17:30:00+00:00,FC Petrolul Ploiești,FC Rapid București,apifb:1xBet,asian_handicap,Home +1.25,home,home@+1.25,+1.25,1.27,2026-08-21T14:34:28Z
2026-08-21T14:34:28Z,apifb214569,Superliga,2026-08-21T17:30:00+00:00,FC Petrolul Ploiești,FC Rapid București,apifb:1xBet,asian_handicap,Away +1.25,away,away@+1.25,+1.25,3.14,2026-08-21T14:34:28Z
2026-08-21T14:34:28Z,apifb214569,Superliga,2026-08-21T17:30:00+00:00,FC Petrolul Ploiești,FC Rapid București,apifb:1xBet,asian_handicap,Home +1.5,home,home@+1.5,+1.5,1.21,2026-08-21T14:34:28Z
2026-08-21T14:34:28Z,apifb214569,Superliga,2026-08-21T17:30:00+00:00,FC Petrolul Ploiești,FC Rapid București,apifb:1xBet,asian_handicap,Away +1.5,away,away@+1.5,+1.5,3.58,2026-08-21T14:34:28Z
2026-08-21T14:34:28Z,apifb214569,Superliga,2026-08-21T17:30:00+00:00,FC Petrolul Ploiești,FC Rapid București,apifb:1xBet,asian_handicap,Home +1.75,home,home@+1.75,+1.75,1.12,2026-08-21T14:34:28Z
2026-08-21T14:34:28Z,apifb214569,Superliga,2026-08-21T17:30:00+00:00,FC Petrolul Ploiești,FC Rapid București,apifb:1xBet,asian_handicap,Away +1.75,away,away@+1.75,+1.75,4.66,2026-08-21T14:34:28Z
2026-08-21T14:34:28Z,apifb214569,Superliga,2026-08-21T17:30:00+00:00,FC Petrolul Ploiești,FC Rapid București,apifb:1xBet,asian_handicap,Home +2.25,home,home@+2.25,+2.25,1.03,2026-08-21T14:34:28Z
2026-08-21T14:34:28Z,apifb214569,Superliga,2026-08-21T17:30:00+00:00,FC Petrolul Ploiești,FC Rapid București,apifb:1xBet,asian_handicap,Away +2.25,away,away@+2.25,+2.25,7.5,2026-08-21T14:34:28Z
2026-08-21T14:34:28Z,apifb214569,Superliga,2026-08-21T17:30:00+00:00,FC Petrolul Ploiești,FC Rapid București,apifb:1xBet,asian_handicap,Home +2.5,home,home@+2.5,+2.5,1.02,2026-08-21T14:34:28Z
2026-08-21T14:34:28Z,apifb214569,Superliga,2026-08-21T17:30:00+00:00,FC Petrolul Ploiești,FC Rapid București,apifb:1xBet,asian_handicap,Away +2.5,away,away@+2.5,+2.5,8.1,2026-08-21T14:34:28Z
2026-08-21T14:34:28Z,apifb214569,Superliga,2026-08-21T17:30:00+00:00,FC Petrolul Ploiești,FC Rapid București,apifb:1xBet,totals,Over 1.5,over,over@1.5,1.5,1.32,2026-08-21T14:34:28Z
2026-08-21T14:34:28Z,apifb214569,Superliga,2026-08-21T17:30:00+00:00,FC Petrolul Ploiești,FC Rapid București,apifb:1xBet,totals,Under 1.5,under,under@1.5,1.5,2.88,2026-08-21T14:34:28Z
2026-08-21T14:34:28Z,apifb214569,Superliga,2026-08-21T17:30:00+00:00,FC Petrolul Ploiești,FC Rapid București,apifb:1xBet,totals,Over 1.75,over,over@1.75,1.75,1.42,2026-08-21T14:34:28Z
2026-08-21T14:34:28Z,apifb214569,Superliga,2026-08-21T17:30:00+00:00,FC Petrolul Ploiești,FC Rapid București,apifb:1xBet,totals,Under 1.75,under,under@1.75,1.75,2.56,2026-08-21T14:34:28Z
2026-08-21T14:34:28Z,apifb214569,Superliga,2026-08-21T17:30:00+00:00,FC Petrolul Ploiești,FC Rapid București,apifb:1xBet,totals,Over 2.0,over,over@2.0,2.0,1.56,2026-08-21T14:34:28Z
2026-08-21T14:34:28Z,apifb214569,Superliga,2026-08-21T17:30:00+00:00,FC Petrolul Ploiești,FC Rapid București,apifb:1xBet,totals,Under 2.0,under,under@2.0,2.0,2.2,2026-08-21T14:34:28Z
2026-08-21T14:34:28Z,apifb214569,Superliga,2026-08-21T17:30:00+00:00,FC Petrolul Ploiești,FC Rapid București,apifb:1xBet,totals,Over 2.25,over,over@2.25,2.25,1.87,2026-08-21T14:34:28Z
2026-08-21T14:34:28Z,apifb214569,Superliga,2026-08-21T17:30:00+00:00,FC Petrolul Ploiești,FC Rapid București,apifb:1xBet,totals,Under 2.25,under,under@2.25,2.25,1.88,2026-08-21T14:34:28Z
2026-08-21T14:34:28Z,apifb214569,Superliga,2026-08-21T17:30:00+00:00,FC Petrolul Ploiești,FC Rapid București,apifb:1xBet,totals,Over 2.5,over,over@2.5,2.5,2.12,2026-08-21T14:34:28Z
2026-08-21T14:34:28Z,apifb214569,Superliga,2026-08-21T17:30:00+00:00,FC Petrolul Ploiești,FC Rapid București,apifb:1xBet,totals,Under 2.5,under,under@2.5,2.5,1.68,2026-08-21T14:34:28Z
2026-08-21T14:34:28Z,apifb214569,Superliga,2026-08-21T17:30:00+00:00,FC Petrolul Ploiești,FC Rapid București,apifb:1xBet,totals,Over 2.75,over,over@2.75,2.75,2.47,2026-08-21T14:34:28Z
2026-08-21T14:34:28Z,apifb214569,Superliga,2026-08-21T17:30:00+00:00,FC Petrolul Ploiești,FC Rapid București,apifb:1xBet,totals,Under 2.75,under,under@2.75,2.75,1.51,2026-08-21T14:34:28Z
2026-08-21T14:34:28Z,apifb214569,Superliga,2026-08-21T17:30:00+00:00,FC Petrolul Ploiești,FC Rapid București,apifb:1xBet,totals,Over 3.5,over,over@3.5,3.5,3.74,2026-08-21T14:34:28Z
2026-08-21T14:34:28Z,apifb214569,Superliga,2026-08-21T17:30:00+00:00,FC Petrolul Ploiești,FC Rapid București,apifb:1xBet,totals,Under 3.5,under,under@3.5,3.5,1.19,2026-08-21T14:34:28Z
2026-08-21T14:34:28Z,apifb214569,Superliga,2026-08-21T17:30:00+00:00,FC Petrolul Ploiești,FC Rapid București,apifb:1xBet,totals,Over 0.5,over,over@0.5,0.5,1.02,2026-08-21T14:34:28Z
2026-08-21T14:34:28Z,apifb214569,Superliga,2026-08-21T17:30:00+00:00,FC Petrolul Ploiești,FC Rapid București,apifb:1xBet,totals,Under 0.5,under,under@0.5,0.5,8.3,2026-08-21T14:34:28Z
2026-08-21T14:34:28Z,apifb214569,Superliga,2026-08-21T17:30:00+00:00,FC Petrolul Ploiești,FC Rapid București,apifb:1xBet,totals,Over 0.75,over,over@0.75,0.75,1.03,2026-08-21T14:34:28Z
2026-08-21T14:34:28Z,apifb214569,Superliga,2026-08-21T17:30:00+00:00,FC Petrolul Ploiești,FC Rapid București,apifb:1xBet,totals,Under 0.75,under,under@0.75,0.75,7.49,2026-08-21T14:34:28Z
2026-08-21T14:34:28Z,apifb214569,Superliga,2026-08-21T17:30:00+00:00,FC Petrolul Ploiești,FC Rapid București,apifb:1xBet,totals,Over 1.0,over,over@1.0,1.0,1.04,2026-08-21T14:34:28Z
2026-08-21T14:34:28Z,apifb214569,Superliga,2026-08-21T17:30:00+00:00,FC Petrolul Ploiești,FC Rapid București,apifb:1xBet,totals,Under 1.0,under,under@1.0,1.0,6.75,2026-08-21T14:34:28Z
2026-08-21T14:34:28Z,apifb214569,Superliga,2026-08-21T17:30:00+00:00,FC Petrolul Ploiești,FC Rapid București,apifb:1xBet,totals,Over 1.25,over,over@1.25,1.25,1.18,2026-08-21T14:34:28Z
2026-08-21T14:34:28Z,apifb214569,Superliga,2026-08-21T17:30:00+00:00,FC Petrolul Ploiești,FC Rapid București,apifb:1xBet,totals,Under 1.25,under,under@1.25,1.25,3.9,2026-08-21T14:34:28Z
2026-08-21T14:34:28Z,apifb214569,Superliga,2026-08-21T17:30:00+00:00,FC Petrolul Ploiești,FC Rapid București,apifb:1xBet,totals,Over 3.0,over,over@3.0,3.0,3.02,2026-08-21T14:34:28Z
2026-08-21T14:34:28Z,apifb214569,Superliga,2026-08-21T17:30:00+00:00,FC Petrolul Ploiești,FC Rapid București,apifb:1xBet,totals,Under 3.0,under,under@3.0,3.0,1.31,2026-08-21T14:34:28Z
2026-08-21T14:34:28Z,apifb214569,Superliga,2026-08-21T17:30:00+00:00,FC Petrolul Ploiești,FC Rapid București,apifb:1xBet,totals,Over 4.5,over,over@4.5,4.5,7.7,2026-08-21T14:34:28Z
2026-08-21T14:34:28Z,apifb214569,Superliga,2026-08-21T17:30:00+00:00,FC Petrolul Ploiești,FC Rapid București,apifb:1xBet,totals,Under 4.5,under,under@4.5,4.5,1.02,2026-08-21T14:34:28Z
2026-08-21T14:34:28Z,apifb214569,Superliga,2026-08-21T17:30:00+00:00,FC Petrolul Ploiești,FC Rapid București,apifb:1xBet,totals,Over 3.25,over,over@3.25,3.25,3.37,2026-08-21T14:34:28Z
2026-08-21T14:34:28Z,apifb214569,Superliga,2026-08-21T17:30:00+00:00,FC Petrolul Ploiești,FC Rapid București,apifb:1xBet,totals,Under 3.25,under,under@3.25,3.25,1.24,2026-08-21T14:34:28Z
2026-08-21T14:34:28Z,apifb214569,Superliga,2026-08-21T17:30:00+00:00,FC Petrolul Ploiești,FC Rapid București,apifb:1xBet,totals,Over 3.75,over,over@3.75,3.75,4.74,2026-08-21T14:34:28Z
2026-08-21T14:34:28Z,apifb214569,Superliga,2026-08-21T17:30:00+00:00,FC Petrolul Ploiești,FC Rapid București,apifb:1xBet,totals,Under 3.75,under,under@3.75,3.75,1.12,2026-08-21T14:34:28Z
2026-08-21T14:34:28Z,apifb214569,Superliga,2026-08-21T17:30:00+00:00,FC Petrolul Ploiești,FC Rapid București,apifb:1xBet,totals,Over 4.0,over,over@4.0,4.0,6.85,2026-08-21T14:34:28Z
2026-08-21T14:34:28Z,apifb214569,Superliga,2026-08-21T17:30:00+00:00,FC Petrolul Ploiești,FC Rapid București,apifb:1xBet,totals,Under 4.0,under,under@4.0,4.0,1.04,2026-08-21T14:34:28Z
2026-08-21T14:34:28Z,apifb214569,Superliga,2026-08-21T17:30:00+00:00,FC Petrolul Ploiești,FC Rapid București,apifb:1xBet,totals,Over 4.25,over,over@4.25,4.25,7.29,2026-08-21T14:34:28Z
2026-08-21T14:34:28Z,apifb214569,Superliga,2026-08-21T17:30:00+00:00,FC Petrolul Ploiești,FC Rapid București,apifb:1xBet,totals,Under 4.25,under,under@4.25,4.25,1.03,2026-08-21T14:34:28Z
2026-08-21T14:34:28Z,apifb214569,Superliga,2026-08-21T17:30:00+00:00,FC Petrolul Ploiești,FC Rapid București,apifb:1xBet,totals,Over 5.0,over,over@5.0,5.0,10.5,2026-08-21T14:34:28Z
2026-08-21T14:34:28Z,apifb214569,Superliga,2026-08-21T17:30:00+00:00,FC Petrolul Ploiești,FC Rapid București,apifb:1xBet,totals,Under 5.0,under,under@5.0,5.0,1.01,2026-08-21T14:34:28Z
2026-08-21T14:34:28Z,apifb214569,Superliga,2026-08-21T17:30:00+00:00,FC Petrolul Ploiești,FC Rapid București,apifb:1xBet,totals,Over 5.5,over,over@5.5,5.5,13.5,2026-08-21T14:34:28Z
2026-08-21T14:34:28Z,apifb214569,Superliga,2026-08-21T17:30:00+00:00,FC Petrolul Ploiești,FC Rapid București,apifb:1xBet,totals,Under 5.5,under,under@5.5,5.5,1.02,2026-08-21T14:34:28Z
2026-08-21T14:34:28Z,apifb214569,Superliga,2026-08-21T17:30:00+00:00,FC Petrolul Ploiești,FC Rapid București,apifb:1xBet,totals,Over 6.5,over,over@6.5,6.5,41.0,2026-08-21T14:34:28Z
2026-08-21T14:34:28Z,apifb214569,Superliga,2026-08-21T17:30:00+00:00,FC Petrolul Ploiești,FC Rapid București,apifb:1xBet,totals,Under 6.5,under,under@6.5,6.5,1.0,2026-08-21T14:34:28Z
2026-08-21T14:34:28Z,apifb214569,Superliga,2026-08-21T17:30:00+00:00,FC Petrolul Ploiești,FC Rapid București,apifb:Betano,h2h,Home,home,home,,3.65,2026-08-21T14:34:28Z
2026-08-21T14:34:28Z,apifb214569,Superliga,2026-08-21T17:30:00+00:00,FC Petrolul Ploiești,FC Rapid București,apifb:Betano,h2h,Draw,draw,draw,,3.2,2026-08-21T14:34:28Z
2026-08-21T14:34:28Z,apifb214569,Superliga,2026-08-21T17:30:00+00:00,FC Petrolul Ploiești,FC Rapid București,apifb:Betano,h2h,Away,away,away,,2.02,2026-08-21T14:34:28Z
2026-08-21T14:34:28Z,apifb214569,Superliga,2026-08-21T17:30:00+00:00,FC Petrolul Ploiești,FC Rapid București,apifb:Betano,asian_handicap,Home -0.5,home,home@-0.5,-0.5,3.6,2026-08-21T14:34:28Z
2026-08-21T14:34:28Z,apifb214569,Superliga,2026-08-21T17:30:00+00:00,FC Petrolul Ploiești,FC Rapid București,apifb:Betano,asian_handicap,Away -0.5,away,away@-0.5,-0.5,1.31,2026-08-21T14:34:28Z
2026-08-21T14:34:28Z,apifb214569,Superliga,2026-08-21T17:30:00+00:00,FC Petrolul Ploiești,FC Rapid București,apifb:Betano,asian_handicap,Home -0.25,home,home@-0.25,-0.25,3.2,2026-08-21T14:34:28Z
2026-08-21T14:34:28Z,apifb214569,Superliga,2026-08-21T17:30:00+00:00,FC Petrolul Ploiești,FC Rapid București,apifb:Betano,asian_handicap,Away -0.25,away,away@-0.25,-0.25,1.37,2026-08-21T14:34:28Z
2026-08-21T14:34:28Z,apifb214569,Superliga,2026-08-21T17:30:00+00:00,FC Petrolul Ploiești,FC Rapid București,apifb:Betano,asian_handicap,Home +0.25,home,home@+0.25,+0.25,2.12,2026-08-21T14:34:28Z
2026-08-21T14:34:28Z,apifb214569,Superliga,2026-08-21T17:30:00+00:00,FC Petrolul Ploiești,FC Rapid București,apifb:Betano,asian_handicap,Away +0.25,away,away@+0.25,+0.25,1.75,2026-08-21T14:34:28Z
2026-08-21T14:34:28Z,apifb214569,Superliga,2026-08-21T17:30:00+00:00,FC Petrolul Ploiești,FC Rapid București,apifb:Betano,asian_handicap,Home +0.5,home,home@+0.5,+0.5,1.82,2026-08-21T14:34:28Z
2026-08-21T14:34:28Z,apifb214569,Superliga,2026-08-21T17:30:00+00:00,FC Petrolul Ploiești,FC Rapid București,apifb:Betano,asian_handicap,Away +0.5,away,away@+0.5,+0.5,2.05,2026-08-21T14:34:28Z
2026-08-21T14:34:28Z,apifb214569,Superliga,2026-08-21T17:30:00+00:00,FC Petrolul Ploiești,FC Rapid București,apifb:Betano,asian_handicap,Home +0.75,home,home@+0.75,+0.75,1.6,2026-08-21T14:34:28Z
2026-08-21T14:34:28Z,apifb214569,Superliga,2026-08-21T17:30:00+00:00,FC Petrolul Ploiești,FC Rapid București,apifb:Betano,asian_handicap,Away +0.75,away,away@+0.75,+0.75,2.4,2026-08-21T14:34:28Z
2026-08-21T14:34:28Z,apifb214569,Superliga,2026-08-21T17:30:00+00:00,FC Petrolul Ploiești,FC Rapid București,apifb:Betano,asian_handicap,Home +1,home,home@+1,+1,1.39,2026-08-21T14:34:28Z
2026-08-21T14:34:28Z,apifb214569,Superliga,2026-08-21T17:30:00+00:00,FC Petrolul Ploiești,FC Rapid București,apifb:Betano,asian_handicap,Away +1,away,away@+1,+1,3.1,2026-08-21T14:34:28Z
2026-08-21T14:34:28Z,apifb214569,Superliga,2026-08-21T17:30:00+00:00,FC Petrolul Ploiești,FC Rapid București,apifb:Betano,asian_handicap,Home +1.25,home,home@+1.25,+1.25,1.32,2026-08-21T14:34:28Z
2026-08-21T14:34:28Z,apifb214569,Superliga,2026-08-21T17:30:00+00:00,FC Petrolul Ploiești,FC Rapid București,apifb:Betano,asian_handicap,Away +1.25,away,away@+1.25,+1.25,3.55,2026-08-21T14:34:28Z
2026-08-21T14:34:28Z,apifb214569,Superliga,2026-08-21T17:30:00+00:00,FC Petrolul Ploiești,FC Rapid București,apifb:Betano,totals,Over 1.5,over,over@1.5,1.5,1.39,2026-08-21T14:34:28Z
2026-08-21T14:34:28Z,apifb214569,Superliga,2026-08-21T17:30:00+00:00,FC Petrolul Ploiești,FC Rapid București,apifb:Betano,totals,Under 1.5,under,under@1.5,1.5,3.1,2026-08-21T14:34:28Z
2026-08-21T14:34:28Z,apifb214569,Superliga,2026-08-21T17:30:00+00:00,FC Petrolul Ploiești,FC Rapid București,apifb:Betano,totals,Over 1.75,over,over@1.75,1.75,1.47,2026-08-21T14:34:28Z
2026-08-21T14:34:28Z,apifb214569,Superliga,2026-08-21T17:30:00+00:00,FC Petrolul Ploiești,FC Rapid București,apifb:Betano,totals,Under 1.75,under,under@1.75,1.75,2.75,2026-08-21T14:34:28Z
2026-08-21T14:34:28Z,apifb214569,Superliga,2026-08-21T17:30:00+00:00,FC Petrolul Ploiești,FC Rapid București,apifb:Betano,totals,Over 2.0,over,over@2.0,2.0,1.62,2026-08-21T14:34:28Z
2026-08-21T14:34:28Z,apifb214569,Superliga,2026-08-21T17:30:00+00:00,FC Petrolul Ploiești,FC Rapid București,apifb:Betano,totals,Under 2.0,under,under@2.0,2.0,2.35,2026-08-21T14:34:28Z
2026-08-21T14:34:28Z,apifb214569,Superliga,2026-08-21T17:30:00+00:00,FC Petrolul Ploiești,FC Rapid București,apifb:Betano,totals,Over 2.25,over,over@2.25,2.25,1.9,2026-08-21T14:34:28Z
2026-08-21T14:34:28Z,apifb214569,Superliga,2026-08-21T17:30:00+00:00,FC Petrolul Ploiești,FC Rapid București,apifb:Betano,totals,Under 2.25,under,under@2.25,2.25,1.95,2026-08-21T14:34:28Z
2026-08-21T14:34:28Z,apifb214569,Superliga,2026-08-21T17:30:00+00:00,FC Petrolul Ploiești,FC Rapid București,apifb:Betano,totals,Over 2.5,over,over@2.5,2.5,2.18,2026-08-21T14:34:28Z
2026-08-21T14:34:28Z,apifb214569,Superliga,2026-08-21T17:30:00+00:00,FC Petrolul Ploiești,FC Rapid București,apifb:Betano,totals,Under 2.5,under,under@2.5,2.5,1.72,2026-08-21T14:34:28Z
2026-08-21T14:34:28Z,apifb214569,Superliga,2026-08-21T17:30:00+00:00,FC Petrolul Ploiești,FC Rapid București,apifb:Betano,totals,Over 2.75,over,over@2.75,2.75,2.5,2026-08-21T14:34:28Z
2026-08-21T14:34:28Z,apifb214569,Superliga,2026-08-21T17:30:00+00:00,FC Petrolul Ploiești,FC Rapid București,apifb:Betano,totals,Under 2.75,under,under@2.75,2.75,1.57,2026-08-21T14:34:28Z
2026-08-21T14:34:28Z,apifb214569,Superliga,2026-08-21T17:30:00+00:00,FC Petrolul Ploiești,FC Rapid București,apifb:Betano,totals,Over 3.5,over,over@3.5,3.5,3.8,2026-08-21T14:34:28Z
2026-08-21T14:34:28Z,apifb214569,Superliga,2026-08-21T17:30:00+00:00,FC Petrolul Ploiești,FC Rapid București,apifb:Betano,totals,Under 3.5,under,under@3.5,3.5,1.27,2026-08-21T14:34:28Z
2026-08-21T14:34:28Z,apifb214569,Superliga,2026-08-21T17:30:00+00:00,FC Petrolul Ploiești,FC Rapid București,apifb:Betano,totals,Over 0.5,over,over@0.5,0.5,1.09,2026-08-21T14:34:28Z
2026-08-21T14:34:28Z,apifb214569,Superliga,2026-08-21T17:30:00+00:00,FC Petrolul Ploiești,FC Rapid București,apifb:Betano,totals,Under 0.5,under,under@0.5,0.5,7.8,2026-08-21T14:34:28Z
2026-08-21T14:34:28Z,apifb214569,Superliga,2026-08-21T17:30:00+00:00,FC Petrolul Ploiești,FC Rapid București,apifb:Betano,totals,Over 3.0,over,over@3.0,3.0,3.15,2026-08-21T14:34:28Z
2026-08-21T14:34:28Z,apifb214569,Superliga,2026-08-21T17:30:00+00:00,FC Petrolul Ploiești,FC Rapid București,apifb:Betano,totals,Under 3.0,under,under@3.0,3.0,1.39,2026-08-21T14:34:28Z
2026-08-21T14:34:28Z,apifb214569,Superliga,2026-08-21T17:30:00+00:00,FC Petrolul Ploiești,FC Rapid București,apifb:Betano,totals,Over 4.5,over,over@4.5,4.5,7.2,2026-08-21T14:34:28Z
2026-08-21T14:34:28Z,apifb214569,Superliga,2026-08-21T17:30:00+00:00,FC Petrolul Ploiești,FC Rapid București,apifb:Betano,totals,Under 4.5,under,under@4.5,4.5,1.1,2026-08-21T14:34:28Z
2026-08-21T14:34:28Z,apifb214569,Superliga,2026-08-21T17:30:00+00:00,FC Petrolul Ploiești,FC Rapid București,apifb:Betano,totals,Over 5.5,over,over@5.5,5.5,12.5,2026-08-21T14:34:28Z
2026-08-21T14:34:28Z,apifb214569,Superliga,2026-08-21T17:30:00+00:00,FC Petrolul Ploiești,FC Rapid București,apifb:Betano,totals,Under 5.5,under,under@5.5,5.5,1.03,2026-08-21T14:34:28Z
2026-08-21T14:34:28Z,apifb214569,Superliga,2026-08-21T17:30:00+00:00,FC Petrolul Ploiești,FC Rapid București,apifb:Superbet,h2h,Home,home,home,,3.8,2026-08-21T14:34:28Z
2026-08-21T14:34:28Z,apifb214569,Superliga,2026-08-21T17:30:00+00:00,FC Petrolul Ploiești,FC Rapid București,apifb:Superbet,h2h,Draw,draw,draw,,3.35,2026-08-21T14:34:28Z
2026-08-21T14:34:28Z,apifb214569,Superliga,2026-08-21T17:30:00+00:00,FC Petrolul Ploiești,FC Rapid București,apifb:Superbet,h2h,Away,away,away,,2.07,2026-08-21T14:34:28Z
2026-08-21T14:34:28Z,apifb214569,Superliga,2026-08-21T17:30:00+00:00,FC Petrolul Ploiești,FC Rapid București,apifb:Superbet,asian_handicap,Home -0.5,home,home@-0.5,-0.5,3.6,2026-08-21T14:34:28Z
2026-08-21T14:34:28Z,apifb214569,Superliga,2026-08-21T17:30:00+00:00,FC Petrolul Ploiești,FC Rapid București,apifb:Superbet,asian_handicap,Away -0.5,away,away@-0.5,-0.5,1.28,2026-08-21T14:34:28Z
2026-08-21T14:34:28Z,apifb214569,Superliga,2026-08-21T17:30:00+00:00,FC Petrolul Ploiești,FC Rapid București,apifb:Superbet,asian_handicap,Home +0.5,home,home@+0.5,+0.5,1.78,2026-08-21T14:34:28Z
2026-08-21T14:34:28Z,apifb214569,Superliga,2026-08-21T17:30:00+00:00,FC Petrolul Ploiești,FC Rapid București,apifb:Superbet,asian_handicap,Away +0.5,away,away@+0.5,+0.5,2.0,2026-08-21T14:34:28Z
2026-08-21T14:34:28Z,apifb214569,Superliga,2026-08-21T17:30:00+00:00,FC Petrolul Ploiești,FC Rapid București,apifb:Superbet,asian_handicap,Home -1.5,home,home@-1.5,-1.5,8.2,2026-08-21T14:34:28Z
2026-08-21T14:34:28Z,apifb214569,Superliga,2026-08-21T17:30:00+00:00,FC Petrolul Ploiești,FC Rapid București,apifb:Superbet,asian_handicap,Away -1.5,away,away@-1.5,-1.5,1.07,2026-08-21T14:34:28Z
2026-08-21T14:34:28Z,apifb214569,Superliga,2026-08-21T17:30:00+00:00,FC Petrolul Ploiești,FC Rapid București,apifb:Superbet,asian_handicap,Home +1.5,home,home@+1.5,+1.5,1.25,2026-08-21T14:34:28Z
2026-08-21T14:34:28Z,apifb214569,Superliga,2026-08-21T17:30:00+00:00,FC Petrolul Ploiești,FC Rapid București,apifb:Superbet,asian_handicap,Away +1.5,away,away@+1.5,+1.5,3.85,2026-08-21T14:34:28Z
2026-08-21T14:34:28Z,apifb214569,Superliga,2026-08-21T17:30:00+00:00,FC Petrolul Ploiești,FC Rapid București,apifb:Superbet,asian_handicap,Home +2.5,home,home@+2.5,+2.5,1.06,2026-08-21T14:34:28Z
2026-08-21T14:34:28Z,apifb214569,Superliga,2026-08-21T17:30:00+00:00,FC Petrolul Ploiești,FC Rapid București,apifb:Superbet,asian_handicap,Away +2.5,away,away@+2.5,+2.5,8.4,2026-08-21T14:34:28Z
2026-08-21T14:34:28Z,apifb214569,Superliga,2026-08-21T17:30:00+00:00,FC Petrolul Ploiești,FC Rapid București,apifb:Superbet,totals,Over 1.5,over,over@1.5,1.5,1.37,2026-08-21T14:34:28Z
2026-08-21T14:34:28Z,apifb214569,Superliga,2026-08-21T17:30:00+00:00,FC Petrolul Ploiești,FC Rapid București,apifb:Superbet,totals,Under 1.5,under,under@1.5,1.5,3.15,2026-08-21T14:34:28Z
2026-08-21T14:34:28Z,apifb214569,Superliga,2026-08-21T17:30:00+00:00,FC Petrolul Ploiești,FC Rapid București,apifb:Superbet,totals,Over 2.5,over,over@2.5,2.5,2.12,2026-08-21T14:34:28Z
2026-08-21T14:34:28Z,apifb214569,Superliga,2026-08-21T17:30:00+00:00,FC Petrolul Ploiești,FC Rapid București,apifb:Superbet,totals,Under 2.5,under,under@2.5,2.5,1.72,2026-08-21T14:34:28Z
2026-08-21T14:34:28Z,apifb214569,Superliga,2026-08-21T17:30:00+00:00,FC Petrolul Ploiești,FC Rapid București,apifb:Superbet,totals,Over 3.5,over,over@3.5,3.5,3.8,2026-08-21T14:34:28Z
2026-08-21T14:34:28Z,apifb214569,Superliga,2026-08-21T17:30:00+00:00,FC Petrolul Ploiești,FC Rapid București,apifb:Superbet,totals,Under 3.5,under,under@3.5,3.5,1.27,2026-08-21T14:34:28Z
2026-08-21T14:34:28Z,apifb214569,Superliga,2026-08-21T17:30:00+00:00,FC Petrolul Ploiești,FC Rapid București,apifb:Superbet,totals,Over 0.5,over,over@0.5,0.5,1.07,2026-08-21T14:34:28Z
2026-08-21T14:34:28Z,apifb214569,Superliga,2026-08-21T17:30:00+00:00,FC Petrolul Ploiești,FC Rapid București,apifb:Superbet,totals,Under 0.5,under,under@0.5,0.5,8.7,2026-08-21T14:34:28Z
2026-08-21T14:34:28Z,apifb214569,Superliga,2026-08-21T17:30:00+00:00,FC Petrolul Ploiești,FC Rapid București,apifb:Superbet,totals,Over 4.5,over,over@4.5,4.5,7.8,2026-08-21T14:34:28Z
2026-08-21T14:34:28Z,apifb214569,Superliga,2026-08-21T17:30:00+00:00,FC Petrolul Ploiești,FC Rapid București,apifb:Superbet,totals,Under 4.5,under,under@4.5,4.5,1.09,2026-08-21T14:34:28Z
2026-08-21T14:34:28Z,apifb214569,Superliga,2026-08-21T17:30:00+00:00,FC Petrolul Ploiești,FC Rapid București,apifb:Superbet,totals,Over 5.5,over,over@5.5,5.5,17.0,2026-08-21T14:34:28Z
2026-08-21T14:34:28Z,apifb214569,Superliga,2026-08-21T17:30:00+00:00,FC Petrolul Ploiești,FC Rapid București,apifb:Superbet,totals,Under 5.5,under,under@5.5,5.5,1.02,2026-08-21T14:34:28Z
2026-08-21T14:34:28Z,apifb214569,Superliga,2026-08-21T17:30:00+00:00,FC Petrolul Ploiești,FC Rapid București,apifb:Superbet,totals,Over 6.5,over,over@6.5,6.5,40.0,2026-08-21T14:34:28Z
2026-08-21T14:34:28Z,apifb214569,Superliga,2026-08-21T17:30:00+00:00,FC Petrolul Ploiești,FC Rapid București,apifb:Superbet,totals,Under 6.5,under,under@6.5,6.5,1.01,2026-08-21T14:34:28Z
2026-08-21T14:34:28Z,apifb214569,Superliga,2026-08-21T17:30:00+00:00,FC Petrolul Ploiești,FC Rapid București,apifb:888Sport,h2h,Home,home,home,,3.6,2026-08-21T14:34:28Z
2026-08-21T14:34:28Z,apifb214569,Superliga,2026-08-21T17:30:00+00:00,FC Petrolul Ploiești,FC Rapid București,apifb:888Sport,h2h,Draw,draw,draw,,3.0,2026-08-21T14:34:28Z
2026-08-21T14:34:28Z,apifb214569,Superliga,2026-08-21T17:30:00+00:00,FC Petrolul Ploiești,FC Rapid București,apifb:888Sport,h2h,Away,away,away,,2.05,2026-08-21T14:34:28Z
2026-08-21T14:34:28Z,apifb214569,Superliga,2026-08-21T17:30:00+00:00,FC Petrolul Ploiești,FC Rapid București,apifb:888Sport,totals,Over 1.5,over,over@1.5,1.5,1.36,2026-08-21T14:34:28Z
2026-08-21T14:34:28Z,apifb214569,Superliga,2026-08-21T17:30:00+00:00,FC Petrolul Ploiești,FC Rapid București,apifb:888Sport,totals,Under 1.5,under,under@1.5,1.5,2.9,2026-08-21T14:34:28Z
2026-08-21T14:34:28Z,apifb214569,Superliga,2026-08-21T17:30:00+00:00,FC Petrolul Ploiești,FC Rapid București,apifb:888Sport,totals,Over 2.5,over,over@2.5,2.5,2.1,2026-08-21T14:34:28Z
2026-08-21T14:34:28Z,apifb214569,Superliga,2026-08-21T17:30:00+00:00,FC Petrolul Ploiești,FC Rapid București,apifb:888Sport,totals,Under 2.5,under,under@2.5,2.5,1.67,2026-08-21T14:34:28Z
2026-08-21T14:34:28Z,apifb214569,Superliga,2026-08-21T17:30:00+00:00,FC Petrolul Ploiești,FC Rapid București,apifb:888Sport,totals,Over 3.5,over,over@3.5,3.5,3.9,2026-08-21T14:34:28Z
2026-08-21T14:34:28Z,apifb214569,Superliga,2026-08-21T17:30:00+00:00,FC Petrolul Ploiești,FC Rapid București,apifb:888Sport,totals,Under 3.5,under,under@3.5,3.5,1.22,2026-08-21T14:34:28Z
2026-08-21T14:34:28Z,apifb214569,Superliga,2026-08-21T17:30:00+00:00,FC Petrolul Ploiești,FC Rapid București,apifb:888Sport,totals,Over 0.5,over,over@0.5,0.5,1.06,2026-08-21T14:34:28Z
2026-08-21T14:34:28Z,apifb214569,Superliga,2026-08-21T17:30:00+00:00,FC Petrolul Ploiești,FC Rapid București,apifb:888Sport,totals,Under 0.5,under,under@0.5,0.5,8.0,2026-08-21T14:34:28Z
2026-08-21T14:34:28Z,apifb214569,Superliga,2026-08-21T17:30:00+00:00,FC Petrolul Ploiești,FC Rapid București,apifb:888Sport,totals,Over 4.5,over,over@4.5,4.5,8.0,2026-08-21T14:34:28Z
2026-08-21T14:34:28Z,apifb214569,Superliga,2026-08-21T17:30:00+00:00,FC Petrolul Ploiești,FC Rapid București,apifb:888Sport,totals,Under 4.5,under,under@4.5,4.5,1.06,2026-08-21T14:34:28Z
2026-08-21T14:34:28Z,apifb214569,Superliga,2026-08-21T17:30:00+00:00,FC Petrolul Ploiești,FC Rapid București,apifb:888Sport,totals,Over 5.5,over,over@5.5,5.5,19.0,2026-08-21T14:34:28Z
2026-08-21T14:34:28Z,apifb214569,Superliga,2026-08-21T17:30:00+00:00,FC Petrolul Ploiești,FC Rapid București,apifb:888Sport,totals,Under 5.5,under,under@5.5,5.5,1.02,2026-08-21T14:34:28Z
2026-08-21T14:34:28Z,apifb214569,Superliga,2026-08-21T17:30:00+00:00,FC Petrolul Ploiești,FC Rapid București,apifb:Dafabet,h2h,Home,home,home,,3.7,2026-08-21T14:34:28Z
2026-08-21T14:34:28Z,apifb214569,Superliga,2026-08-21T17:30:00+00:00,FC Petrolul Ploiești,FC Rapid București,apifb:Dafabet,h2h,Draw,draw,draw,,3.3,2026-08-21T14:34:28Z
2026-08-21T14:34:28Z,apifb214569,Superliga,2026-08-21T17:30:00+00:00,FC Petrolul Ploiești,FC Rapid București,apifb:Dafabet,h2h,Away,away,away,,2.02,2026-08-21T14:34:28Z
2026-08-21T14:32:46Z,214783,Segunda División,2026-08-21T19:00:00Z,Córdoba,Girona FC,ladbrokes_uk,h2h,Córdoba,home,home,,2.5,2026-08-21T14:32:32Z
2026-08-21T14:32:46Z,214783,Segunda División,2026-08-21T19:00:00Z,Córdoba,Girona FC,ladbrokes_uk,h2h,Girona FC,away,away,,2.37,2026-08-21T14:32:32Z
2026-08-21T14:32:46Z,214783,Segunda División,2026-08-21T19:00:00Z,Córdoba,Girona FC,ladbrokes_uk,h2h,Draw,draw,draw,,3.25,2026-08-21T14:32:32Z
2026-08-21T14:32:46Z,214783,Segunda División,2026-08-21T19:00:00Z,Córdoba,Girona FC,coral,h2h,Córdoba,home,home,,2.5,2026-08-21T14:32:33Z
2026-08-21T14:32:46Z,214783,Segunda División,2026-08-21T19:00:00Z,Córdoba,Girona FC,coral,h2h,Girona FC,away,away,,2.37,2026-08-21T14:32:33Z
2026-08-21T14:32:46Z,214783,Segunda División,2026-08-21T19:00:00Z,Córdoba,Girona FC,coral,h2h,Draw,draw,draw,,3.25,2026-08-21T14:32:33Z
2026-08-21T14:32:46Z,214783,Segunda División,2026-08-21T19:00:00Z,Córdoba,Girona FC,betway,h2h,Córdoba,home,home,,2.6,2026-08-21T14:32:57Z
2026-08-21T14:32:46Z,214783,Segunda División,2026-08-21T19:00:00Z,Córdoba,Girona FC,betway,h2h,Girona FC,away,away,,2.5,2026-08-21T14:32:57Z
2026-08-21T14:32:46Z,214783,Segunda División,2026-08-21T19:00:00Z,Córdoba,Girona FC,betway,h2h,Draw,draw,draw,,3.4,2026-08-21T14:32:57Z
2026-08-21T14:32:46Z,214783,Segunda División,2026-08-21T19:00:00Z,Córdoba,Girona FC,betsson,h2h,Córdoba,home,home,,2.62,2026-08-21T14:32:34Z
2026-08-21T14:32:46Z,214783,Segunda División,2026-08-21T19:00:00Z,Córdoba,Girona FC,betsson,h2h,Girona FC,away,away,,2.45,2026-08-21T14:32:34Z
2026-08-21T14:32:46Z,214783,Segunda División,2026-08-21T19:00:00Z,Córdoba,Girona FC,betsson,h2h,Draw,draw,draw,,3.3,2026-08-21T14:32:34Z
2026-08-21T14:32:46Z,214783,Segunda División,2026-08-21T19:00:00Z,Córdoba,Girona FC,betsson,totals,Over,over,over@2.5,2.50,1.7,2026-08-21T14:32:34Z
2026-08-21T14:32:46Z,214783,Segunda División,2026-08-21T19:00:00Z,Córdoba,Girona FC,betsson,totals,Under,under,under@2.5,2.50,2.02,2026-08-21T14:32:34Z
2026-08-21T14:32:46Z,214783,Segunda División,2026-08-21T19:00:00Z,Córdoba,Girona FC,betfred_uk,h2h,Córdoba,home,home,,2.6,2026-08-21T14:32:33Z
2026-08-21T14:32:46Z,214783,Segunda División,2026-08-21T19:00:00Z,Córdoba,Girona FC,betfred_uk,h2h,Girona FC,away,away,,2.4,2026-08-21T14:32:33Z
2026-08-21T14:32:46Z,214783,Segunda División,2026-08-21T19:00:00Z,Córdoba,Girona FC,betfred_uk,h2h,Draw,draw,draw,,3.4,2026-08-21T14:32:33Z
2026-08-21T14:32:46Z,214783,Segunda División,2026-08-21T19:00:00Z,Córdoba,Girona FC,codere_it,h2h,Córdoba,home,home,,2.55,2026-08-21T14:32:33Z
2026-08-21T14:32:46Z,214783,Segunda División,2026-08-21T19:00:00Z,Córdoba,Girona FC,codere_it,h2h,Girona FC,away,away,,2.45,2026-08-21T14:32:33Z
2026-08-21T14:32:46Z,214783,Segunda División,2026-08-21T19:00:00Z,Córdoba,Girona FC,codere_it,h2h,Draw,draw,draw,,3.3,2026-08-21T14:32:33Z
2026-08-21T14:32:46Z,214783,Segunda División,2026-08-21T19:00:00Z,Córdoba,Girona FC,codere_it,totals,Over,over,over@2.5,2.50,1.69,2026-08-21T14:32:33Z
2026-08-21T14:32:46Z,214783,Segunda División,2026-08-21T19:00:00Z,Córdoba,Girona FC,codere_it,totals,Under,under,under@2.5,2.50,2.0,2026-08-21T14:32:33Z
2026-08-21T14:32:46Z,214783,Segunda División,2026-08-21T19:00:00Z,Córdoba,Girona FC,betmgm,h2h,Córdoba,home,home,,2.6,2026-08-21T14:32:03Z
2026-08-21T14:32:46Z,214783,Segunda División,2026-08-21T19:00:00Z,Córdoba,Girona FC,betmgm,h2h,Girona FC,away,away,,2.4,2026-08-21T14:32:03Z
2026-08-21T14:32:46Z,214783,Segunda División,2026-08-21T19:00:00Z,Córdoba,Girona FC,betmgm,h2h,Draw,draw,draw,,3.3,2026-08-21T14:32:03Z
2026-08-21T14:32:46Z,214783,Segunda División,2026-08-21T19:00:00Z,Córdoba,Girona FC,betmgm,totals,Over,over,over@2.5,2.50,1.69,2026-08-21T14:32:03Z
2026-08-21T14:32:46Z,214783,Segunda División,2026-08-21T19:00:00Z,Córdoba,Girona FC,betmgm,totals,Under,under,under@2.5,2.50,2.0,2026-08-21T14:32:03Z
2026-08-21T14:32:46Z,214783,Segunda División,2026-08-21T19:00:00Z,Córdoba,Girona FC,nordicbet,h2h,Córdoba,home,home,,2.62,2026-08-21T14:32:57Z
2026-08-21T14:32:46Z,214783,Segunda División,2026-08-21T19:00:00Z,Córdoba,Girona FC,nordicbet,h2h,Girona FC,away,away,,2.45,2026-08-21T14:32:57Z
2026-08-21T14:32:46Z,214783,Segunda División,2026-08-21T19:00:00Z,Córdoba,Girona FC,nordicbet,h2h,Draw,draw,draw,,3.3,2026-08-21T14:32:57Z
2026-08-21T14:32:46Z,214783,Segunda División,2026-08-21T19:00:00Z,Córdoba,Girona FC,nordicbet,totals,Over,over,over@2.5,2.50,1.7,2026-08-21T14:32:57Z
2026-08-21T14:32:46Z,214783,Segunda División,2026-08-21T19:00:00Z,Córdoba,Girona FC,nordicbet,totals,Under,under,under@2.5,2.50,2.02,2026-08-21T14:32:57Z
2026-08-21T14:32:46Z,214783,Segunda División,2026-08-21T19:00:00Z,Córdoba,Girona FC,winamax_de,h2h,Córdoba,home,home,,2.5,2026-08-21T14:32:42Z
2026-08-21T14:32:46Z,214783,Segunda División,2026-08-21T19:00:00Z,Córdoba,Girona FC,winamax_de,h2h,Girona FC,away,away,,2.4,2026-08-21T14:32:42Z
2026-08-21T14:32:46Z,214783,Segunda División,2026-08-21T19:00:00Z,Córdoba,Girona FC,winamax_de,h2h,Draw,draw,draw,,3.45,2026-08-21T14:32:42Z
2026-08-21T14:32:46Z,214783,Segunda División,2026-08-21T19:00:00Z,Córdoba,Girona FC,smarkets,h2h,Córdoba,home,home,,2.82,2026-08-21T14:32:55Z
2026-08-21T14:32:46Z,214783,Segunda División,2026-08-21T19:00:00Z,Córdoba,Girona FC,smarkets,h2h,Girona FC,away,away,,2.72,2026-08-21T14:32:55Z
2026-08-21T14:32:46Z,214783,Segunda División,2026-08-21T19:00:00Z,Córdoba,Girona FC,smarkets,h2h,Draw,draw,draw,,3.6,2026-08-21T14:32:55Z
2026-08-21T14:32:46Z,214783,Segunda División,2026-08-21T19:00:00Z,Córdoba,Girona FC,smarkets,h2h_lay,Córdoba,h2h_lay,h2h_lay,,2.86,2026-08-21T14:32:55Z
2026-08-21T14:32:46Z,214783,Segunda División,2026-08-21T19:00:00Z,Córdoba,Girona FC,smarkets,h2h_lay,Girona FC,h2h_lay,h2h_lay,,2.74,2026-08-21T14:32:55Z
2026-08-21T14:32:46Z,214783,Segunda División,2026-08-21T19:00:00Z,Córdoba,Girona FC,smarkets,h2h_lay,Draw,h2h_lay,h2h_lay,,3.65,2026-08-21T14:32:55Z
2026-08-21T14:32:46Z,214783,Segunda División,2026-08-21T19:00:00Z,Córdoba,Girona FC,tipico_de,h2h,Córdoba,home,home,,2.65,2026-08-21T14:32:33Z
2026-08-21T14:32:46Z,214783,Segunda División,2026-08-21T19:00:00Z,Córdoba,Girona FC,tipico_de,h2h,Girona FC,away,away,,2.4,2026-08-21T14:32:33Z
2026-08-21T14:32:46Z,214783,Segunda División,2026-08-21T19:00:00Z,Córdoba,Girona FC,tipico_de,h2h,Draw,draw,draw,,3.4,2026-08-21T14:32:33Z
2026-08-21T14:32:46Z,214783,Segunda División,2026-08-21T19:00:00Z,Córdoba,Girona FC,tipico_de,totals,Over,over,over@2.5,2.50,1.67,2026-08-21T14:32:33Z
2026-08-21T14:32:46Z,214783,Segunda División,2026-08-21T19:00:00Z,Córdoba,Girona FC,tipico_de,totals,Under,under,under@2.5,2.50,2.05,2026-08-21T14:32:33Z
2026-08-21T14:32:46Z,214783,Segunda División,2026-08-21T19:00:00Z,Córdoba,Girona FC,skybet,h2h,Córdoba,home,home,,2.5,2026-08-21T14:32:32Z
2026-08-21T14:32:46Z,214783,Segunda División,2026-08-21T19:00:00Z,Córdoba,Girona FC,skybet,h2h,Girona FC,away,away,,2.45,2026-08-21T14:32:32Z
2026-08-21T14:32:46Z,214783,Segunda División,2026-08-21T19:00:00Z,Córdoba,Girona FC,skybet,h2h,Draw,draw,draw,,3.1,2026-08-21T14:32:32Z
2026-08-21T14:32:46Z,214783,Segunda División,2026-08-21T19:00:00Z,Córdoba,Girona FC,paddypower,h2h,Córdoba,home,home,,2.6,2026-08-21T14:32:04Z
2026-08-21T14:32:46Z,214783,Segunda División,2026-08-21T19:00:00Z,Córdoba,Girona FC,paddypower,h2h,Girona FC,away,away,,2.5,2026-08-21T14:32:04Z
2026-08-21T14:32:46Z,214783,Segunda División,2026-08-21T19:00:00Z,Córdoba,Girona FC,paddypower,h2h,Draw,draw,draw,,3.25,2026-08-21T14:32:04Z
2026-08-21T14:32:46Z,214783,Segunda División,2026-08-21T19:00:00Z,Córdoba,Girona FC,fanduel,h2h,Córdoba,home,home,,2.65,2026-08-21T14:27:57Z
2026-08-21T14:32:46Z,214783,Segunda División,2026-08-21T19:00:00Z,Córdoba,Girona FC,fanduel,h2h,Girona FC,away,away,,2.55,2026-08-21T14:27:57Z
2026-08-21T14:32:46Z,214783,Segunda División,2026-08-21T19:00:00Z,Córdoba,Girona FC,fanduel,h2h,Draw,draw,draw,,3.3,2026-08-21T14:27:57Z
2026-08-21T14:32:46Z,214783,Segunda División,2026-08-21T19:00:00Z,Córdoba,Girona FC,onexbet,h2h,Córdoba,home,home,,2.71,2026-08-21T14:32:32Z
2026-08-21T14:32:46Z,214783,Segunda División,2026-08-21T19:00:00Z,Córdoba,Girona FC,onexbet,h2h,Girona FC,away,away,,2.56,2026-08-21T14:32:32Z
2026-08-21T14:32:46Z,214783,Segunda División,2026-08-21T19:00:00Z,Córdoba,Girona FC,onexbet,h2h,Draw,draw,draw,,3.54,2026-08-21T14:32:32Z
2026-08-21T14:32:46Z,214783,Segunda División,2026-08-21T19:00:00Z,Córdoba,Girona FC,onexbet,spreads,Córdoba,home,home@0.0,0,1.98,2026-08-21T14:32:32Z
2026-08-21T14:32:46Z,214783,Segunda División,2026-08-21T19:00:00Z,Córdoba,Girona FC,onexbet,spreads,Girona FC,away,away@0.0,0,1.86,2026-08-21T14:32:32Z
2026-08-21T14:32:46Z,214783,Segunda División,2026-08-21T19:00:00Z,Córdoba,Girona FC,onexbet,totals,Over,over,over@2.5,2.50,1.71,2026-08-21T14:32:32Z
2026-08-21T14:32:46Z,214783,Segunda División,2026-08-21T19:00:00Z,Córdoba,Girona FC,onexbet,totals,Under,under,under@2.5,2.50,2.18,2026-08-21T14:32:32Z
2026-08-21T14:32:46Z,214783,Segunda División,2026-08-21T19:00:00Z,Córdoba,Girona FC,betfair_ex_eu,h2h,Córdoba,home,home,,2.82,2026-08-21T14:32:32Z
2026-08-21T14:32:46Z,214783,Segunda División,2026-08-21T19:00:00Z,Córdoba,Girona FC,betfair_ex_eu,h2h,Girona FC,away,away,,2.7,2026-08-21T14:32:32Z
2026-08-21T14:32:46Z,214783,Segunda División,2026-08-21T19:00:00Z,Córdoba,Girona FC,betfair_ex_eu,h2h,Draw,draw,draw,,3.55,2026-08-21T14:32:32Z
2026-08-21T14:32:46Z,214783,Segunda División,2026-08-21T19:00:00Z,Córdoba,Girona FC,betfair_ex_eu,h2h_lay,Córdoba,h2h_lay,h2h_lay,,2.86,2026-08-21T14:32:32Z
2026-08-21T14:32:46Z,214783,Segunda División,2026-08-21T19:00:00Z,Córdoba,Girona FC,betfair_ex_eu,h2h_lay,Girona FC,h2h_lay,h2h_lay,,2.74,2026-08-21T14:32:32Z
2026-08-21T14:32:46Z,214783,Segunda División,2026-08-21T19:00:00Z,Córdoba,Girona FC,betfair_ex_eu,h2h_lay,Draw,h2h_lay,h2h_lay,,3.65,2026-08-21T14:32:32Z
2026-08-21T14:32:46Z,214783,Segunda División,2026-08-21T19:00:00Z,Córdoba,Girona FC,betfair_ex_uk,h2h,Córdoba,home,home,,2.82,2026-08-21T14:32:54Z
2026-08-21T14:32:46Z,214783,Segunda División,2026-08-21T19:00:00Z,Córdoba,Girona FC,betfair_ex_uk,h2h,Girona FC,away,away,,2.7,2026-08-21T14:32:54Z
2026-08-21T14:32:46Z,214783,Segunda División,2026-08-21T19:00:00Z,Córdoba,Girona FC,betfair_ex_uk,h2h,Draw,draw,draw,,3.55,2026-08-21T14:32:54Z
2026-08-21T14:32:46Z,214783,Segunda División,2026-08-21T19:00:00Z,Córdoba,Girona FC,betfair_ex_uk,h2h_lay,Córdoba,h2h_lay,h2h_lay,,2.86,2026-08-21T14:32:54Z
2026-08-21T14:32:46Z,214783,Segunda División,2026-08-21T19:00:00Z,Córdoba,Girona FC,betfair_ex_uk,h2h_lay,Girona FC,h2h_lay,h2h_lay,,2.74,2026-08-21T14:32:54Z
2026-08-21T14:32:46Z,214783,Segunda División,2026-08-21T19:00:00Z,Córdoba,Girona FC,betfair_ex_uk,h2h_lay,Draw,h2h_lay,h2h_lay,,3.65,2026-08-21T14:32:54Z
2026-08-21T14:32:46Z,214783,Segunda División,2026-08-21T19:00:00Z,Córdoba,Girona FC,marathonbet,h2h,Córdoba,home,home,,2.63,2026-08-21T14:32:32Z
2026-08-21T14:32:46Z,214783,Segunda División,2026-08-21T19:00:00Z,Córdoba,Girona FC,marathonbet,h2h,Girona FC,away,away,,2.49,2026-08-21T14:32:32Z
2026-08-21T14:32:46Z,214783,Segunda División,2026-08-21T19:00:00Z,Córdoba,Girona FC,marathonbet,h2h,Draw,draw,draw,,3.44,2026-08-21T14:32:32Z
2026-08-21T14:32:46Z,214783,Segunda División,2026-08-21T19:00:00Z,Córdoba,Girona FC,betfair_sb_uk,h2h,Córdoba,home,home,,2.55,2026-08-21T14:32:32Z
2026-08-21T14:32:46Z,214783,Segunda División,2026-08-21T19:00:00Z,Córdoba,Girona FC,betfair_sb_uk,h2h,Girona FC,away,away,,2.5,2026-08-21T14:32:32Z
2026-08-21T14:32:46Z,214783,Segunda División,2026-08-21T19:00:00Z,Córdoba,Girona FC,betfair_sb_uk,h2h,Draw,draw,draw,,3.25,2026-08-21T14:32:32Z
2026-08-21T14:32:46Z,214783,Segunda División,2026-08-21T19:00:00Z,Córdoba,Girona FC,boylesports,h2h,Córdoba,home,home,,2.5,2026-08-21T14:32:59Z
2026-08-21T14:32:46Z,214783,Segunda División,2026-08-21T19:00:00Z,Córdoba,Girona FC,boylesports,h2h,Girona FC,away,away,,2.3,2026-08-21T14:32:59Z
2026-08-21T14:32:46Z,214783,Segunda División,2026-08-21T19:00:00Z,Córdoba,Girona FC,boylesports,h2h,Draw,draw,draw,,3.3,2026-08-21T14:32:59Z
2026-08-21T14:32:46Z,214783,Segunda División,2026-08-21T19:00:00Z,Córdoba,Girona FC,betano_uk,h2h,Córdoba,home,home,,2.55,2026-08-21T14:31:04Z
2026-08-21T14:32:46Z,214783,Segunda División,2026-08-21T19:00:00Z,Córdoba,Girona FC,betano_uk,h2h,Girona FC,away,away,,2.45,2026-08-21T14:31:04Z
2026-08-21T14:32:46Z,214783,Segunda División,2026-08-21T19:00:00Z,Córdoba,Girona FC,betano_uk,h2h,Draw,draw,draw,,3.4,2026-08-21T14:31:04Z
2026-08-21T14:32:46Z,214783,Segunda División,2026-08-21T19:00:00Z,Córdoba,Girona FC,betvictor,h2h,Córdoba,home,home,,2.55,2026-08-21T14:31:10Z
2026-08-21T14:32:46Z,214783,Segunda División,2026-08-21T19:00:00Z,Córdoba,Girona FC,betvictor,h2h,Girona FC,away,away,,2.45,2026-08-21T14:31:10Z
2026-08-21T14:32:46Z,214783,Segunda División,2026-08-21T19:00:00Z,Córdoba,Girona FC,betvictor,h2h,Draw,draw,draw,,3.4,2026-08-21T14:31:10Z
2026-08-21T14:32:46Z,214783,Segunda División,2026-08-21T19:00:00Z,Córdoba,Girona FC,williamhill,h2h,Córdoba,home,home,,2.6,2026-08-21T14:32:34Z
2026-08-21T14:32:46Z,214783,Segunda División,2026-08-21T19:00:00Z,Córdoba,Girona FC,williamhill,h2h,Girona FC,away,away,,2.5,2026-08-21T14:32:34Z
2026-08-21T14:32:46Z,214783,Segunda División,2026-08-21T19:00:00Z,Córdoba,Girona FC,williamhill,h2h,Draw,draw,draw,,3.2,2026-08-21T14:32:34Z
2026-08-21T14:32:46Z,214783,Segunda División,2026-08-21T19:00:00Z,Córdoba,Girona FC,williamhill,totals,Over,over,over@2.5,2.50,1.75,2026-08-21T14:32:34Z
2026-08-21T14:32:46Z,214783,Segunda División,2026-08-21T19:00:00Z,Córdoba,Girona FC,williamhill,totals,Under,under,under@2.5,2.50,2.0,2026-08-21T14:32:34Z
2026-08-21T14:32:46Z,214783,Segunda División,2026-08-21T19:00:00Z,Córdoba,Girona FC,pinnacle,h2h,Córdoba,home,home,,2.69,2026-08-21T14:32:53Z
2026-08-21T14:32:46Z,214783,Segunda División,2026-08-21T19:00:00Z,Córdoba,Girona FC,pinnacle,h2h,Girona FC,away,away,,2.64,2026-08-21T14:32:53Z
2026-08-21T14:32:46Z,214783,Segunda División,2026-08-21T19:00:00Z,Córdoba,Girona FC,pinnacle,h2h,Draw,draw,draw,,3.54,2026-08-21T14:32:53Z
2026-08-21T14:32:46Z,214783,Segunda División,2026-08-21T19:00:00Z,Córdoba,Girona FC,pinnacle,spreads,Córdoba,home,home@0.0,0,1.97,2026-08-21T14:32:53Z
2026-08-21T14:32:46Z,214783,Segunda División,2026-08-21T19:00:00Z,Córdoba,Girona FC,pinnacle,spreads,Girona FC,away,away@-0.0,-0,1.93,2026-08-21T14:32:53Z
2026-08-21T14:32:46Z,214783,Segunda División,2026-08-21T19:00:00Z,Córdoba,Girona FC,pinnacle,totals,Over,over,over@2.75,2.75,2.0,2026-08-21T14:32:53Z
2026-08-21T14:32:46Z,214783,Segunda División,2026-08-21T19:00:00Z,Córdoba,Girona FC,pinnacle,totals,Under,under,under@2.75,2.75,1.89,2026-08-21T14:32:53Z
2026-08-21T14:32:46Z,214783,Segunda División,2026-08-21T19:00:00Z,Córdoba,Girona FC,bovada,h2h,Córdoba,home,home,,2.57,2026-08-21T14:30:08Z
2026-08-21T14:32:46Z,214783,Segunda División,2026-08-21T19:00:00Z,Córdoba,Girona FC,bovada,h2h,Girona FC,away,away,,2.52,2026-08-21T14:30:08Z
2026-08-21T14:32:46Z,214783,Segunda División,2026-08-21T19:00:00Z,Córdoba,Girona FC,bovada,h2h,Draw,draw,draw,,3.35,2026-08-21T14:30:08Z
2026-08-21T14:32:46Z,214783,Segunda División,2026-08-21T19:00:00Z,Córdoba,Girona FC,bovada,spreads,Córdoba,home,home@0.0,0,1.93,2026-08-21T14:30:08Z
2026-08-21T14:32:46Z,214783,Segunda División,2026-08-21T19:00:00Z,Córdoba,Girona FC,bovada,spreads,Girona FC,away,away@0.0,0,1.89,2026-08-21T14:30:08Z
2026-08-21T14:32:46Z,214783,Segunda División,2026-08-21T19:00:00Z,Córdoba,Girona FC,bovada,totals,Over,over,over@2.75,2.75,1.95,2026-08-21T14:30:08Z
2026-08-21T14:32:46Z,214783,Segunda División,2026-08-21T19:00:00Z,Córdoba,Girona FC,bovada,totals,Under,under,under@2.75,2.75,1.87,2026-08-21T14:30:08Z
2026-08-21T14:32:46Z,214783,Segunda División,2026-08-21T19:00:00Z,Córdoba,Girona FC,lowvig,h2h,Córdoba,home,home,,2.66,2026-08-21T14:32:04Z
2026-08-21T14:32:46Z,214783,Segunda División,2026-08-21T19:00:00Z,Córdoba,Girona FC,lowvig,h2h,Girona FC,away,away,,2.56,2026-08-21T14:32:04Z
2026-08-21T14:32:46Z,214783,Segunda División,2026-08-21T19:00:00Z,Córdoba,Girona FC,lowvig,h2h,Draw,draw,draw,,3.4,2026-08-21T14:32:04Z
2026-08-21T14:32:46Z,214783,Segunda División,2026-08-21T19:00:00Z,Córdoba,Girona FC,lowvig,spreads,Córdoba,home,home@0.0,0,1.94,2026-08-21T14:32:04Z
2026-08-21T14:32:46Z,214783,Segunda División,2026-08-21T19:00:00Z,Córdoba,Girona FC,lowvig,spreads,Girona FC,away,away@0.0,0,1.88,2026-08-21T14:32:04Z
2026-08-21T14:32:46Z,214783,Segunda División,2026-08-21T19:00:00Z,Córdoba,Girona FC,lowvig,totals,Over,over,over@2.75,2.75,1.99,2026-08-21T14:32:04Z
2026-08-21T14:32:46Z,214783,Segunda División,2026-08-21T19:00:00Z,Córdoba,Girona FC,lowvig,totals,Under,under,under@2.75,2.75,1.84,2026-08-21T14:32:04Z
2026-08-21T14:32:46Z,214783,Segunda División,2026-08-21T19:00:00Z,Córdoba,Girona FC,betonlineag,h2h,Córdoba,home,home,,2.66,2026-08-21T14:32:32Z
2026-08-21T14:32:46Z,214783,Segunda División,2026-08-21T19:00:00Z,Córdoba,Girona FC,betonlineag,h2h,Girona FC,away,away,,2.56,2026-08-21T14:32:32Z
2026-08-21T14:32:46Z,214783,Segunda División,2026-08-21T19:00:00Z,Córdoba,Girona FC,betonlineag,h2h,Draw,draw,draw,,3.4,2026-08-21T14:32:32Z
2026-08-21T14:32:46Z,214783,Segunda División,2026-08-21T19:00:00Z,Córdoba,Girona FC,betonlineag,spreads,Córdoba,home,home@0.0,0,1.94,2026-08-21T14:32:32Z
2026-08-21T14:32:46Z,214783,Segunda División,2026-08-21T19:00:00Z,Córdoba,Girona FC,betonlineag,spreads,Girona FC,away,away@0.0,0,1.88,2026-08-21T14:32:32Z
2026-08-21T14:32:46Z,214783,Segunda División,2026-08-21T19:00:00Z,Córdoba,Girona FC,betonlineag,totals,Over,over,over@2.75,2.75,1.99,2026-08-21T14:32:32Z
2026-08-21T14:32:46Z,214783,Segunda División,2026-08-21T19:00:00Z,Córdoba,Girona FC,betonlineag,totals,Under,under,under@2.75,2.75,1.84,2026-08-21T14:32:32Z
2026-08-21T14:32:46Z,214783,Segunda División,2026-08-21T19:00:00Z,Córdoba,Girona FC,coolbet,h2h,Córdoba,home,home,,2.7,2026-08-21T14:32:58Z
2026-08-21T14:32:46Z,214783,Segunda División,2026-08-21T19:00:00Z,Córdoba,Girona FC,coolbet,h2h,Girona FC,away,away,,2.5,2026-08-21T14:32:58Z
2026-08-21T14:32:46Z,214783,Segunda División,2026-08-21T19:00:00Z,Córdoba,Girona FC,coolbet,h2h,Draw,draw,draw,,3.6,2026-08-21T14:32:58Z
2026-08-21T14:32:46Z,214783,Segunda División,2026-08-21T19:00:00Z,Córdoba,Girona FC,coolbet,spreads,Córdoba,home,home@1.0,1,1.24,2026-08-21T14:32:58Z
2026-08-21T14:32:46Z,214783,Segunda División,2026-08-21T19:00:00Z,Córdoba,Girona FC,coolbet,spreads,Girona FC,away,away@-1.0,-1,3.9,2026-08-21T14:32:58Z
2026-08-21T14:32:46Z,214783,Segunda División,2026-08-21T19:00:00Z,Córdoba,Girona FC,coolbet,totals,Over,over,over@2.5,2.50,1.76,2026-08-21T14:32:58Z
2026-08-21T14:32:46Z,214783,Segunda División,2026-08-21T19:00:00Z,Córdoba,Girona FC,coolbet,totals,Under,under,under@2.5,2.50,2.03,2026-08-21T14:32:58Z
2026-08-21T14:32:46Z,214783,Segunda División,2026-08-21T19:00:00Z,Córdoba,Girona FC,draftkings,h2h,Córdoba,home,home,,2.65,2026-08-21T14:32:36Z
2026-08-21T14:32:46Z,214783,Segunda División,2026-08-21T19:00:00Z,Córdoba,Girona FC,draftkings,h2h,Girona FC,away,away,,2.55,2026-08-21T14:32:36Z
2026-08-21T14:32:46Z,214783,Segunda División,2026-08-21T19:00:00Z,Córdoba,Girona FC,draftkings,h2h,Draw,draw,draw,,3.45,2026-08-21T14:32:36Z
2026-08-21T14:32:46Z,214783,Segunda División,2026-08-21T19:00:00Z,Córdoba,Girona FC,grosvenor,h2h,Córdoba,home,home,,2.7,2026-08-21T14:32:32Z
2026-08-21T14:32:46Z,214783,Segunda División,2026-08-21T19:00:00Z,Córdoba,Girona FC,grosvenor,h2h,Girona FC,away,away,,2.43,2026-08-21T14:32:32Z
2026-08-21T14:32:46Z,214783,Segunda División,2026-08-21T19:00:00Z,Córdoba,Girona FC,grosvenor,h2h,Draw,draw,draw,,3.1,2026-08-21T14:32:32Z
2026-08-21T14:32:46Z,214783,Segunda División,2026-08-21T19:00:00Z,Córdoba,Girona FC,grosvenor,totals,Over,over,over@2.5,2.50,1.77,2026-08-21T14:32:32Z
2026-08-21T14:32:46Z,214783,Segunda División,2026-08-21T19:00:00Z,Córdoba,Girona FC,grosvenor,totals,Under,under,under@2.5,2.50,1.89,2026-08-21T14:32:32Z
2026-08-21T14:32:46Z,214783,Segunda División,2026-08-21T19:00:00Z,Córdoba,Girona FC,virginbet,h2h,Córdoba,home,home,,2.63,2026-08-21T14:32:04Z
2026-08-21T14:32:46Z,214783,Segunda División,2026-08-21T19:00:00Z,Córdoba,Girona FC,virginbet,h2h,Girona FC,away,away,,2.38,2026-08-21T14:32:04Z
2026-08-21T14:32:46Z,214783,Segunda División,2026-08-21T19:00:00Z,Córdoba,Girona FC,virginbet,h2h,Draw,draw,draw,,3.05,2026-08-21T14:32:04Z
2026-08-21T14:32:46Z,214783,Segunda División,2026-08-21T19:00:00Z,Córdoba,Girona FC,livescorebet,h2h,Córdoba,home,home,,2.63,2026-08-21T14:32:32Z
2026-08-21T14:32:46Z,214783,Segunda División,2026-08-21T19:00:00Z,Córdoba,Girona FC,livescorebet,h2h,Girona FC,away,away,,2.38,2026-08-21T14:32:32Z
2026-08-21T14:32:46Z,214783,Segunda División,2026-08-21T19:00:00Z,Córdoba,Girona FC,livescorebet,h2h,Draw,draw,draw,,3.05,2026-08-21T14:32:32Z
2026-08-21T14:32:46Z,214783,Segunda División,2026-08-21T19:00:00Z,Córdoba,Girona FC,leovegas_se,h2h,Córdoba,home,home,,2.65,2026-08-21T14:32:33Z
2026-08-21T14:32:46Z,214783,Segunda División,2026-08-21T19:00:00Z,Córdoba,Girona FC,leovegas_se,h2h,Girona FC,away,away,,2.4,2026-08-21T14:32:33Z
2026-08-21T14:32:46Z,214783,Segunda División,2026-08-21T19:00:00Z,Córdoba,Girona FC,leovegas_se,h2h,Draw,draw,draw,,3.05,2026-08-21T14:32:33Z
2026-08-21T14:32:46Z,214783,Segunda División,2026-08-21T19:00:00Z,Córdoba,Girona FC,leovegas_se,totals,Over,over,over@2.5,2.50,1.75,2026-08-21T14:32:33Z
2026-08-21T14:32:46Z,214783,Segunda División,2026-08-21T19:00:00Z,Córdoba,Girona FC,leovegas_se,totals,Under,under,under@2.5,2.50,1.88,2026-08-21T14:32:33Z
2026-08-21T14:32:46Z,214783,Segunda División,2026-08-21T19:00:00Z,Córdoba,Girona FC,unibet_se,h2h,Córdoba,home,home,,2.75,2026-08-21T14:32:32Z
2026-08-21T14:32:46Z,214783,Segunda División,2026-08-21T19:00:00Z,Córdoba,Girona FC,unibet_se,h2h,Girona FC,away,away,,2.45,2026-08-21T14:32:32Z
2026-08-21T14:32:46Z,214783,Segunda División,2026-08-21T19:00:00Z,Córdoba,Girona FC,unibet_se,h2h,Draw,draw,draw,,3.15,2026-08-21T14:32:32Z
2026-08-21T14:32:46Z,214783,Segunda División,2026-08-21T19:00:00Z,Córdoba,Girona FC,unibet_se,totals,Over,over,over@2.5,2.50,1.77,2026-08-21T14:32:32Z
2026-08-21T14:32:46Z,214783,Segunda División,2026-08-21T19:00:00Z,Córdoba,Girona FC,unibet_se,totals,Under,under,under@2.5,2.50,1.89,2026-08-21T14:32:32Z
2026-08-21T14:32:46Z,214783,Segunda División,2026-08-21T19:00:00Z,Córdoba,Girona FC,unibet_nl,h2h,Córdoba,home,home,,2.75,2026-08-21T14:32:04Z
2026-08-21T14:32:46Z,214783,Segunda División,2026-08-21T19:00:00Z,Córdoba,Girona FC,unibet_nl,h2h,Girona FC,away,away,,2.45,2026-08-21T14:32:04Z
2026-08-21T14:32:46Z,214783,Segunda División,2026-08-21T19:00:00Z,Córdoba,Girona FC,unibet_nl,h2h,Draw,draw,draw,,3.15,2026-08-21T14:32:04Z
2026-08-21T14:32:46Z,214783,Segunda División,2026-08-21T19:00:00Z,Córdoba,Girona FC,unibet_nl,totals,Over,over,over@2.5,2.50,1.77,2026-08-21T14:32:04Z
2026-08-21T14:32:46Z,214783,Segunda División,2026-08-21T19:00:00Z,Córdoba,Girona FC,unibet_nl,totals,Under,under,under@2.5,2.50,1.89,2026-08-21T14:32:04Z
2026-08-21T14:32:46Z,214783,Segunda División,2026-08-21T19:00:00Z,Córdoba,Girona FC,casumo,h2h,Córdoba,home,home,,2.7,2026-08-21T14:32:02Z
2026-08-21T14:32:46Z,214783,Segunda División,2026-08-21T19:00:00Z,Córdoba,Girona FC,casumo,h2h,Girona FC,away,away,,2.43,2026-08-21T14:32:02Z
2026-08-21T14:32:46Z,214783,Segunda División,2026-08-21T19:00:00Z,Córdoba,Girona FC,casumo,h2h,Draw,draw,draw,,3.1,2026-08-21T14:32:02Z
2026-08-21T14:32:46Z,214783,Segunda División,2026-08-21T19:00:00Z,Córdoba,Girona FC,casumo,totals,Over,over,over@2.5,2.50,1.77,2026-08-21T14:32:02Z
2026-08-21T14:32:46Z,214783,Segunda División,2026-08-21T19:00:00Z,Córdoba,Girona FC,casumo,totals,Under,under,under@2.5,2.50,1.89,2026-08-21T14:32:02Z
2026-08-21T14:32:46Z,214783,Segunda División,2026-08-21T19:00:00Z,Córdoba,Girona FC,betanysports,h2h,Córdoba,home,home,,2.66,2026-08-21T14:32:35Z
2026-08-21T14:32:46Z,214783,Segunda División,2026-08-21T19:00:00Z,Córdoba,Girona FC,betanysports,h2h,Girona FC,away,away,,2.56,2026-08-21T14:32:35Z
2026-08-21T14:32:46Z,214783,Segunda División,2026-08-21T19:00:00Z,Córdoba,Girona FC,betanysports,h2h,Draw,draw,draw,,3.4,2026-08-21T14:32:35Z
2026-08-21T14:32:46Z,214783,Segunda División,2026-08-21T19:00:00Z,Córdoba,Girona FC,betanysports,spreads,Córdoba,home,home@0.0,0,1.86,2026-08-21T14:32:35Z
2026-08-21T14:32:46Z,214783,Segunda División,2026-08-21T19:00:00Z,Córdoba,Girona FC,betanysports,spreads,Girona FC,away,away@0.0,0,1.88,2026-08-21T14:32:35Z
2026-08-21T14:32:46Z,214783,Segunda División,2026-08-21T19:00:00Z,Córdoba,Girona FC,betanysports,totals,Over,over,over@2.75,2.75,1.9,2026-08-21T14:32:35Z
2026-08-21T14:32:46Z,214783,Segunda División,2026-08-21T19:00:00Z,Córdoba,Girona FC,betanysports,totals,Under,under,under@2.75,2.75,1.84,2026-08-21T14:32:35Z
2026-08-21T14:32:46Z,214783,Segunda División,2026-08-21T19:00:00Z,Córdoba,Girona FC,matchbook,h2h,Córdoba,home,home,,2.82,2026-08-21T14:32:54Z
2026-08-21T14:32:46Z,214783,Segunda División,2026-08-21T19:00:00Z,Córdoba,Girona FC,matchbook,h2h,Girona FC,away,away,,2.72,2026-08-21T14:32:54Z
2026-08-21T14:32:46Z,214783,Segunda División,2026-08-21T19:00:00Z,Córdoba,Girona FC,matchbook,h2h,Draw,draw,draw,,3.55,2026-08-21T14:32:54Z
2026-08-21T14:32:46Z,214783,Segunda División,2026-08-21T19:00:00Z,Córdoba,Girona FC,matchbook,h2h_lay,Córdoba,h2h_lay,h2h_lay,,2.86,2026-08-21T14:32:54Z
2026-08-21T14:32:46Z,214783,Segunda División,2026-08-21T19:00:00Z,Córdoba,Girona FC,matchbook,h2h_lay,Girona FC,h2h_lay,h2h_lay,,2.74,2026-08-21T14:32:54Z
2026-08-21T14:32:46Z,214783,Segunda División,2026-08-21T19:00:00Z,Córdoba,Girona FC,matchbook,h2h_lay,Draw,h2h_lay,h2h_lay,,3.65,2026-08-21T14:32:54Z
2026-08-21T14:32:46Z,214783,Segunda División,2026-08-21T19:00:00Z,Córdoba,Girona FC,matchbook,spreads,Córdoba,home,home@0.0,0,2.02,2026-08-21T14:32:54Z
2026-08-21T14:32:46Z,214783,Segunda División,2026-08-21T19:00:00Z,Córdoba,Girona FC,matchbook,spreads,Girona FC,away,away@0.0,0,1.95,2026-08-21T14:32:54Z
2026-08-21T14:32:46Z,214783,Segunda División,2026-08-21T19:00:00Z,Córdoba,Girona FC,matchbook,totals,Over,over,over@2.5,2.50,1.82,2026-08-21T14:32:54Z
2026-08-21T14:32:46Z,214783,Segunda División,2026-08-21T19:00:00Z,Córdoba,Girona FC,matchbook,totals,Under,under,under@2.5,2.50,2.18,2026-08-21T14:32:54Z
2026-08-21T14:32:46Z,apifb215962,Trendyol Super Lig,2026-08-21T18:30:00+00:00,Erzurumspor FK,Galatasaray,apifb:10Bet,h2h,Home,home,home,,6.2,2026-08-21T14:32:46Z
2026-08-21T14:32:46Z,apifb215962,Trendyol Super Lig,2026-08-21T18:30:00+00:00,Erzurumspor FK,Galatasaray,apifb:10Bet,h2h,Draw,draw,draw,,4.75,2026-08-21T14:32:46Z
2026-08-21T14:32:46Z,apifb215962,Trendyol Super Lig,2026-08-21T18:30:00+00:00,Erzurumspor FK,Galatasaray,apifb:10Bet,h2h,Away,away,away,,1.43,2026-08-21T14:32:46Z
2026-08-21T14:32:46Z,apifb215962,Trendyol Super Lig,2026-08-21T18:30:00+00:00,Erzurumspor FK,Galatasaray,apifb:10Bet,asian_handicap,Home +0.5,home,home@+0.5,+0.5,2.5,2026-08-21T14:32:46Z
2026-08-21T14:32:46Z,apifb215962,Trendyol Super Lig,2026-08-21T18:30:00+00:00,Erzurumspor FK,Galatasaray,apifb:10Bet,asian_handicap,Away +0.5,away,away@+0.5,+0.5,1.5,2026-08-21T14:32:46Z
2026-08-21T14:32:46Z,apifb215962,Trendyol Super Lig,2026-08-21T18:30:00+00:00,Erzurumspor FK,Galatasaray,apifb:10Bet,asian_handicap,Home +1,home,home@+1,+1,2.15,2026-08-21T14:32:46Z
2026-08-21T14:32:46Z,apifb215962,Trendyol Super Lig,2026-08-21T18:30:00+00:00,Erzurumspor FK,Galatasaray,apifb:10Bet,asian_handicap,Away +1,away,away@+1,+1,1.65,2026-08-21T14:32:46Z
2026-08-21T14:32:46Z,apifb215962,Trendyol Super Lig,2026-08-21T18:30:00+00:00,Erzurumspor FK,Galatasaray,apifb:10Bet,asian_handicap,Home +1.5,home,home@+1.5,+1.5,1.65,2026-08-21T14:32:46Z
2026-08-21T14:32:46Z,apifb215962,Trendyol Super Lig,2026-08-21T18:30:00+00:00,Erzurumspor FK,Galatasaray,apifb:10Bet,asian_handicap,Away +1.5,away,away@+1.5,+1.5,2.15,2026-08-21T14:32:46Z
2026-08-21T14:32:46Z,apifb215962,Trendyol Super Lig,2026-08-21T18:30:00+00:00,Erzurumspor FK,Galatasaray,apifb:10Bet,totals,Over 1.5,over,over@1.5,1.5,1.22,2026-08-21T14:32:46Z
2026-08-21T14:32:46Z,apifb215962,Trendyol Super Lig,2026-08-21T18:30:00+00:00,Erzurumspor FK,Galatasaray,apifb:10Bet,totals,Under 1.5,under,under@1.5,1.5,4.2,2026-08-21T14:32:46Z
2026-08-21T14:32:46Z,apifb215962,Trendyol Super Lig,2026-08-21T18:30:00+00:00,Erzurumspor FK,Galatasaray,apifb:10Bet,totals,Over 2.5,over,over@2.5,2.5,1.7,2026-08-21T14:32:46Z
2026-08-21T14:32:46Z,apifb215962,Trendyol Super Lig,2026-08-21T18:30:00+00:00,Erzurumspor FK,Galatasaray,apifb:10Bet,totals,Under 2.5,under,under@2.5,2.5,2.1,2026-08-21T14:32:46Z
2026-08-21T14:32:46Z,apifb215962,Trendyol Super Lig,2026-08-21T18:30:00+00:00,Erzurumspor FK,Galatasaray,apifb:10Bet,totals,Over 3.5,over,over@3.5,3.5,2.8,2026-08-21T14:32:46Z
2026-08-21T14:32:46Z,apifb215962,Trendyol Super Lig,2026-08-21T18:30:00+00:00,Erzurumspor FK,Galatasaray,apifb:10Bet,totals,Under 3.5,under,under@3.5,3.5,1.42,2026-08-21T14:32:46Z
2026-08-21T14:32:46Z,apifb215962,Trendyol Super Lig,2026-08-21T18:30:00+00:00,Erzurumspor FK,Galatasaray,apifb:10Bet,totals,Over 0.5,over,over@0.5,0.5,1.04,2026-08-21T14:32:46Z
2026-08-21T14:32:46Z,apifb215962,Trendyol Super Lig,2026-08-21T18:30:00+00:00,Erzurumspor FK,Galatasaray,apifb:10Bet,totals,Under 0.5,under,under@0.5,0.5,10.0,2026-08-21T14:32:46Z
2026-08-21T14:32:46Z,apifb215962,Trendyol Super Lig,2026-08-21T18:30:00+00:00,Erzurumspor FK,Galatasaray,apifb:10Bet,totals,Over 4.5,over,over@4.5,4.5,5.25,2026-08-21T14:32:46Z
2026-08-21T14:32:46Z,apifb215962,Trendyol Super Lig,2026-08-21T18:30:00+00:00,Erzurumspor FK,Galatasaray,apifb:10Bet,totals,Under 4.5,under,under@4.5,4.5,1.15,2026-08-21T14:32:46Z
2026-08-21T14:32:46Z,apifb215962,Trendyol Super Lig,2026-08-21T18:30:00+00:00,Erzurumspor FK,Galatasaray,apifb:William Hill,h2h,Home,home,home,,6.0,2026-08-21T14:32:46Z
2026-08-21T14:32:46Z,apifb215962,Trendyol Super Lig,2026-08-21T18:30:00+00:00,Erzurumspor FK,Galatasaray,apifb:William Hill,h2h,Draw,draw,draw,,3.9,2026-08-21T14:32:46Z
2026-08-21T14:32:46Z,apifb215962,Trendyol Super Lig,2026-08-21T18:30:00+00:00,Erzurumspor FK,Galatasaray,apifb:William Hill,h2h,Away,away,away,,1.5,2026-08-21T14:32:46Z
2026-08-21T14:32:46Z,apifb215962,Trendyol Super Lig,2026-08-21T18:30:00+00:00,Erzurumspor FK,Galatasaray,apifb:Bet365,h2h,Home,home,home,,6.25,2026-08-21T14:32:46Z
2026-08-21T14:32:46Z,apifb215962,Trendyol Super Lig,2026-08-21T18:30:00+00:00,Erzurumspor FK,Galatasaray,apifb:Bet365,h2h,Draw,draw,draw,,4.1,2026-08-21T14:32:46Z
2026-08-21T14:32:46Z,apifb215962,Trendyol Super Lig,2026-08-21T18:30:00+00:00,Erzurumspor FK,Galatasaray,apifb:Bet365,h2h,Away,away,away,,1.5,2026-08-21T14:32:46Z
2026-08-21T14:32:46Z,apifb215962,Trendyol Super Lig,2026-08-21T18:30:00+00:00,Erzurumspor FK,Galatasaray,apifb:Bet365,asian_handicap,Home -0.5,home,home@-0.5,-0.5,6.25,2026-08-21T14:32:46Z
2026-08-21T14:32:46Z,apifb215962,Trendyol Super Lig,2026-08-21T18:30:00+00:00,Erzurumspor FK,Galatasaray,apifb:Bet365,asian_handicap,Away -0.5,away,away@-0.5,-0.5,1.12,2026-08-21T14:32:46Z
2026-08-21T14:32:46Z,apifb215962,Trendyol Super Lig,2026-08-21T18:30:00+00:00,Erzurumspor FK,Galatasaray,apifb:Bet365,asian_handicap,Home -0.25,home,home@-0.25,-0.25,5.75,2026-08-21T14:32:46Z
2026-08-21T14:32:46Z,apifb215962,Trendyol Super Lig,2026-08-21T18:30:00+00:00,Erzurumspor FK,Galatasaray,apifb:Bet365,asian_handicap,Away -0.25,away,away@-0.25,-0.25,1.14,2026-08-21T14:32:46Z
2026-08-21T14:32:46Z,apifb215962,Trendyol Super Lig,2026-08-21T18:30:00+00:00,Erzurumspor FK,Galatasaray,apifb:Bet365,asian_handicap,Home +0,home,home@+0,+0,5.0,2026-08-21T14:32:46Z
2026-08-21T14:32:46Z,apifb215962,Trendyol Super Lig,2026-08-21T18:30:00+00:00,Erzurumspor FK,Galatasaray,apifb:Bet365,asian_handicap,Away +0,away,away@+0,+0,1.17,2026-08-21T14:32:46Z
2026-08-21T14:32:46Z,apifb215962,Trendyol Super Lig,2026-08-21T18:30:00+00:00,Erzurumspor FK,Galatasaray,apifb:Bet365,asian_handicap,Home +0.25,home,home@+0.25,+0.25,3.3,2026-08-21T14:32:46Z
2026-08-21T14:32:46Z,apifb215962,Trendyol Super Lig,2026-08-21T18:30:00+00:00,Erzurumspor FK,Galatasaray,apifb:Bet365,asian_handicap,Away +0.25,away,away@+0.25,+0.25,1.32,2026-08-21T14:32:46Z
2026-08-21T14:32:46Z,apifb215962,Trendyol Super Lig,2026-08-21T18:30:00+00:00,Erzurumspor FK,Galatasaray,apifb:Bet365,asian_handicap,Home +0.5,home,home@+0.5,+0.5,2.6,2026-08-21T14:32:46Z
2026-08-21T14:32:46Z,apifb215962,Trendyol Super Lig,2026-08-21T18:30:00+00:00,Erzurumspor FK,Galatasaray,apifb:Bet365,asian_handicap,Away +0.5,away,away@+0.5,+0.5,1.48,2026-08-21T14:32:46Z
2026-08-21T14:32:46Z,apifb215962,Trendyol Super Lig,2026-08-21T18:30:00+00:00,Erzurumspor FK,Galatasaray,apifb:Bet365,asian_handicap,Home +0.75,home,home@+0.75,+0.75,2.35,2026-08-21T14:32:46Z
2026-08-21T14:32:46Z,apifb215962,Trendyol Super Lig,2026-08-21T18:30:00+00:00,Erzurumspor FK,Galatasaray,apifb:Bet365,asian_handicap,Away +0.75,away,away@+0.75,+0.75,1.58,2026-08-21T14:32:46Z
2026-08-21T14:32:46Z,apifb215962,Trendyol Super Lig,2026-08-21T18:30:00+00:00,Erzurumspor FK,Galatasaray,apifb:Bet365,asian_handicap,Home +1,home,home@+1,+1,2.0,2026-08-21T14:32:46Z
2026-08-21T14:32:46Z,apifb215962,Trendyol Super Lig,2026-08-21T18:30:00+00:00,Erzurumspor FK,Galatasaray,apifb:Bet365,asian_handicap,Away +1,away,away@+1,+1,1.8,2026-08-21T14:32:46Z
2026-08-21T14:32:46Z,apifb215962,Trendyol Super Lig,2026-08-21T18:30:00+00:00,Erzurumspor FK,Galatasaray,apifb:Bet365,asian_handicap,Home +2,home,home@+2,+2,1.32,2026-08-21T14:32:46Z
2026-08-21T14:32:46Z,apifb215962,Trendyol Super Lig,2026-08-21T18:30:00+00:00,Erzurumspor FK,Galatasaray,apifb:Bet365,asian_handicap,Away +2,away,away@+2,+2,3.3,2026-08-21T14:32:46Z
2026-08-21T14:32:46Z,apifb215962,Trendyol Super Lig,2026-08-21T18:30:00+00:00,Erzurumspor FK,Galatasaray,apifb:Bet365,asian_handicap,Home +3,home,home@+3,+3,1.1,2026-08-21T14:32:46Z
2026-08-21T14:32:46Z,apifb215962,Trendyol Super Lig,2026-08-21T18:30:00+00:00,Erzurumspor FK,Galatasaray,apifb:Bet365,asian_handicap,Away +3,away,away@+3,+3,7.0,2026-08-21T14:32:46Z
2026-08-21T14:32:46Z,apifb215962,Trendyol Super Lig,2026-08-21T18:30:00+00:00,Erzurumspor FK,Galatasaray,apifb:Bet365,asian_handicap,Home +1.25,home,home@+1.25,+1.25,1.8,2026-08-21T14:32:46Z
2026-08-21T14:32:46Z,apifb215962,Trendyol Super Lig,2026-08-21T18:30:00+00:00,Erzurumspor FK,Galatasaray,apifb:Bet365,asian_handicap,Away +1.25,away,away@+1.25,+1.25,2.0,2026-08-21T14:32:46Z
2026-08-21T14:32:46Z,apifb215962,Trendyol Super Lig,2026-08-21T18:30:00+00:00,Erzurumspor FK,Galatasaray,apifb:Bet365,asian_handicap,Home +1.5,home,home@+1.5,+1.5,1.62,2026-08-21T14:32:46Z
2026-08-21T14:32:46Z,apifb215962,Trendyol Super Lig,2026-08-21T18:30:00+00:00,Erzurumspor FK,Galatasaray,apifb:Bet365,asian_handicap,Away +1.5,away,away@+1.5,+1.5,2.25,2026-08-21T14:32:46Z
2026-08-21T14:32:46Z,apifb215962,Trendyol Super Lig,2026-08-21T18:30:00+00:00,Erzurumspor FK,Galatasaray,apifb:Bet365,asian_handicap,Home +1.75,home,home@+1.75,+1.75,1.48,2026-08-21T14:32:46Z
2026-08-21T14:32:46Z,apifb215962,Trendyol Super Lig,2026-08-21T18:30:00+00:00,Erzurumspor FK,Galatasaray,apifb:Bet365,asian_handicap,Away +1.75,away,away@+1.75,+1.75,2.6,2026-08-21T14:32:46Z
2026-08-21T14:32:46Z,apifb215962,Trendyol Super Lig,2026-08-21T18:30:00+00:00,Erzurumspor FK,Galatasaray,apifb:Bet365,asian_handicap,Home +2.25,home,home@+2.25,+2.25,1.27,2026-08-21T14:32:46Z
2026-08-21T14:32:46Z,apifb215962,Trendyol Super Lig,2026-08-21T18:30:00+00:00,Erzurumspor FK,Galatasaray,apifb:Bet365,asian_handicap,Away +2.25,away,away@+2.25,+2.25,3.55,2026-08-21T14:32:46Z
2026-08-21T14:32:46Z,apifb215962,Trendyol Super Lig,2026-08-21T18:30:00+00:00,Erzurumspor FK,Galatasaray,apifb:Bet365,asian_handicap,Home +2.5,home,home@+2.5,+2.5,1.24,2026-08-21T14:32:46Z
2026-08-21T14:32:46Z,apifb215962,Trendyol Super Lig,2026-08-21T18:30:00+00:00,Erzurumspor FK,Galatasaray,apifb:Bet365,asian_handicap,Away +2.5,away,away@+2.5,+2.5,3.9,2026-08-21T14:32:46Z
2026-08-21T14:32:46Z,apifb215962,Trendyol Super Lig,2026-08-21T18:30:00+00:00,Erzurumspor FK,Galatasaray,apifb:Bet365,asian_handicap,Home +2.75,home,home@+2.75,+2.75,1.16,2026-08-21T14:32:46Z
2026-08-21T14:32:46Z,apifb215962,Trendyol Super Lig,2026-08-21T18:30:00+00:00,Erzurumspor FK,Galatasaray,apifb:Bet365,asian_handicap,Away +2.75,away,away@+2.75,+2.75,5.25,2026-08-21T14:32:46Z
2026-08-21T14:32:46Z,apifb215962,Trendyol Super Lig,2026-08-21T18:30:00+00:00,Erzurumspor FK,Galatasaray,apifb:Bet365,asian_handicap,Home +3.5,home,home@+3.5,+3.5,1.11,2026-08-21T14:32:46Z
2026-08-21T14:32:46Z,apifb215962,Trendyol Super Lig,2026-08-21T18:30:00+00:00,Erzurumspor FK,Galatasaray,apifb:Bet365,asian_handicap,Away +3.5,away,away@+3.5,+3.5,6.6,2026-08-21T14:32:46Z
2026-08-21T14:32:46Z,apifb215962,Trendyol Super Lig,2026-08-21T18:30:00+00:00,Erzurumspor FK,Galatasaray,apifb:Bet365,asian_handicap,Home +3.25,home,home@+3.25,+3.25,1.12,2026-08-21T14:32:46Z
2026-08-21T14:32:46Z,apifb215962,Trendyol Super Lig,2026-08-21T18:30:00+00:00,Erzurumspor FK,Galatasaray,apifb:Bet365,asian_handicap,Away +3.25,away,away@+3.25,+3.25,6.25,2026-08-21T14:32:46Z
2026-08-21T14:32:46Z,apifb215962,Trendyol Super Lig,2026-08-21T18:30:00+00:00,Erzurumspor FK,Galatasaray,apifb:Bet365,totals,Over 1.5,over,over@1.5,1.5,1.2,2026-08-21T14:32:46Z
2026-08-21T14:32:46Z,apifb215962,Trendyol Super Lig,2026-08-21T18:30:00+00:00,Erzurumspor FK,Galatasaray,apifb:Bet365,totals,Under 1.5,under,under@1.5,1.5,4.33,2026-08-21T14:32:46Z
2026-08-21T14:32:46Z,apifb215962,Trendyol Super Lig,2026-08-21T18:30:00+00:00,Erzurumspor FK,Galatasaray,apifb:Bet365,totals,Over 2.5,over,over@2.5,2.5,1.67,2026-08-21T14:32:46Z
2026-08-21T14:32:46Z,apifb215962,Trendyol Super Lig,2026-08-21T18:30:00+00:00,Erzurumspor FK,Galatasaray,apifb:Bet365,totals,Under 2.5,under,under@2.5,2.5,2.15,2026-08-21T14:32:46Z
2026-08-21T14:32:46Z,apifb215962,Trendyol Super Lig,2026-08-21T18:30:00+00:00,Erzurumspor FK,Galatasaray,apifb:Bet365,totals,Over 3.5,over,over@3.5,3.5,2.62,2026-08-21T14:32:46Z
2026-08-21T14:32:46Z,apifb215962,Trendyol Super Lig,2026-08-21T18:30:00+00:00,Erzurumspor FK,Galatasaray,apifb:Bet365,totals,Under 3.5,under,under@3.5,3.5,1.44,2026-08-21T14:32:46Z
2026-08-21T14:32:46Z,apifb215962,Trendyol Super Lig,2026-08-21T18:30:00+00:00,Erzurumspor FK,Galatasaray,apifb:Bet365,totals,Over 0.5,over,over@0.5,0.5,1.03,2026-08-21T14:32:46Z
2026-08-21T14:32:46Z,apifb215962,Trendyol Super Lig,2026-08-21T18:30:00+00:00,Erzurumspor FK,Galatasaray,apifb:Bet365,totals,Under 0.5,under,under@0.5,0.5,15.0,2026-08-21T14:32:46Z
2026-08-21T14:32:46Z,apifb215962,Trendyol Super Lig,2026-08-21T18:30:00+00:00,Erzurumspor FK,Galatasaray,apifb:Bet365,totals,Over 4.5,over,over@4.5,4.5,5.0,2026-08-21T14:32:46Z
2026-08-21T14:32:46Z,apifb215962,Trendyol Super Lig,2026-08-21T18:30:00+00:00,Erzurumspor FK,Galatasaray,apifb:Bet365,totals,Under 4.5,under,under@4.5,4.5,1.17,2026-08-21T14:32:46Z
2026-08-21T14:32:46Z,apifb215962,Trendyol Super Lig,2026-08-21T18:30:00+00:00,Erzurumspor FK,Galatasaray,apifb:Bet365,totals,Over 7.5,over,over@7.5,7.5,41.0,2026-08-21T14:32:46Z
2026-08-21T14:32:46Z,apifb215962,Trendyol Super Lig,2026-08-21T18:30:00+00:00,Erzurumspor FK,Galatasaray,apifb:Bet365,totals,Under 7.5,under,under@7.5,7.5,1.0,2026-08-21T14:32:46Z
2026-08-21T14:32:46Z,apifb215962,Trendyol Super Lig,2026-08-21T18:30:00+00:00,Erzurumspor FK,Galatasaray,apifb:Bet365,totals,Over 5.5,over,over@5.5,5.5,10.0,2026-08-21T14:32:46Z
2026-08-21T14:32:46Z,apifb215962,Trendyol Super Lig,2026-08-21T18:30:00+00:00,Erzurumspor FK,Galatasaray,apifb:Bet365,totals,Under 5.5,under,under@5.5,5.5,1.06,2026-08-21T14:32:46Z
2026-08-21T14:32:46Z,apifb215962,Trendyol Super Lig,2026-08-21T18:30:00+00:00,Erzurumspor FK,Galatasaray,apifb:Bet365,totals,Over 6.5,over,over@6.5,6.5,21.0,2026-08-21T14:32:46Z
2026-08-21T14:32:46Z,apifb215962,Trendyol Super Lig,2026-08-21T18:30:00+00:00,Erzurumspor FK,Galatasaray,apifb:Bet365,totals,Under 6.5,under,under@6.5,6.5,1.01,2026-08-21T14:32:46Z
2026-08-21T14:32:46Z,apifb215962,Trendyol Super Lig,2026-08-21T18:30:00+00:00,Erzurumspor FK,Galatasaray,apifb:Marathonbet,h2h,Home,home,home,,6.5,2026-08-21T14:32:46Z
2026-08-21T14:32:46Z,apifb215962,Trendyol Super Lig,2026-08-21T18:30:00+00:00,Erzurumspor FK,Galatasaray,apifb:Marathonbet,h2h,Draw,draw,draw,,4.2,2026-08-21T14:32:46Z
2026-08-21T14:32:46Z,apifb215962,Trendyol Super Lig,2026-08-21T18:30:00+00:00,Erzurumspor FK,Galatasaray,apifb:Marathonbet,h2h,Away,away,away,,1.47,2026-08-21T14:32:46Z
2026-08-21T14:32:46Z,apifb215962,Trendyol Super Lig,2026-08-21T18:30:00+00:00,Erzurumspor FK,Galatasaray,apifb:Marathonbet,asian_handicap,Home -0.75,home,home@-0.75,-0.75,8.3,2026-08-21T14:32:46Z
2026-08-21T14:32:46Z,apifb215962,Trendyol Super Lig,2026-08-21T18:30:00+00:00,Erzurumspor FK,Galatasaray,apifb:Marathonbet,asian_handicap,Away -0.75,away,away@-0.75,-0.75,1.02,2026-08-21T14:32:46Z
2026-08-21T14:32:46Z,apifb215962,Trendyol Super Lig,2026-08-21T18:30:00+00:00,Erzurumspor FK,Galatasaray,apifb:Marathonbet,asian_handicap,Home -0.25,home,home@-0.25,-0.25,5.3,2026-08-21T14:32:46Z
2026-08-21T14:32:46Z,apifb215962,Trendyol Super Lig,2026-08-21T18:30:00+00:00,Erzurumspor FK,Galatasaray,apifb:Marathonbet,asian_handicap,Away -0.25,away,away@-0.25,-0.25,1.09,2026-08-21T14:32:46Z
2026-08-21T14:32:46Z,apifb215962,Trendyol Super Lig,2026-08-21T18:30:00+00:00,Erzurumspor FK,Galatasaray,apifb:Marathonbet,asian_handicap,Home +0,home,home@+0,+0,4.8,2026-08-21T14:32:46Z
2026-08-21T14:32:46Z,apifb215962,Trendyol Super Lig,2026-08-21T18:30:00+00:00,Erzurumspor FK,Galatasaray,apifb:Marathonbet,asian_handicap,Away +0,away,away@+0,+0,1.12,2026-08-21T14:32:46Z
2026-08-21T14:32:46Z,apifb215962,Trendyol Super Lig,2026-08-21T18:30:00+00:00,Erzurumspor FK,Galatasaray,apifb:Marathonbet,asian_handicap,Home +0.25,home,home@+0.25,+0.25,3.15,2026-08-21T14:32:46Z
2026-08-21T14:32:46Z,apifb215962,Trendyol Super Lig,2026-08-21T18:30:00+00:00,Erzurumspor FK,Galatasaray,apifb:Marathonbet,asian_handicap,Away +0.25,away,away@+0.25,+0.25,1.28,2026-08-21T14:32:46Z
2026-08-21T14:32:46Z,apifb215962,Trendyol Super Lig,2026-08-21T18:30:00+00:00,Erzurumspor FK,Galatasaray,apifb:Marathonbet,asian_handicap,Home +0.75,home,home@+0.75,+0.75,2.22,2026-08-21T14:32:46Z
2026-08-21T14:32:46Z,apifb215962,Trendyol Super Lig,2026-08-21T18:30:00+00:00,Erzurumspor FK,Galatasaray,apifb:Marathonbet,asian_handicap,Away +0.75,away,away@+0.75,+0.75,1.56,2026-08-21T14:32:46Z
2026-08-21T14:32:46Z,apifb215962,Trendyol Super Lig,2026-08-21T18:30:00+00:00,Erzurumspor FK,Galatasaray,apifb:Marathonbet,asian_handicap,Home +1,home,home@+1,+1,1.97,2026-08-21T14:32:46Z
2026-08-21T14:32:46Z,apifb215962,Trendyol Super Lig,2026-08-21T18:30:00+00:00,Erzurumspor FK,Galatasaray,apifb:Marathonbet,asian_handicap,Away +1,away,away@+1,+1,1.78,2026-08-21T14:32:46Z
2026-08-21T14:32:46Z,apifb215962,Trendyol Super Lig,2026-08-21T18:30:00+00:00,Erzurumspor FK,Galatasaray,apifb:Marathonbet,asian_handicap,Home +2,home,home@+2,+2,1.25,2026-08-21T14:32:46Z
2026-08-21T14:32:46Z,apifb215962,Trendyol Super Lig,2026-08-21T18:30:00+00:00,Erzurumspor FK,Galatasaray,apifb:Marathonbet,asian_handicap,Away +2,away,away@+2,+2,3.28,2026-08-21T14:32:46Z
2026-08-21T14:32:46Z,apifb215962,Trendyol Super Lig,2026-08-21T18:30:00+00:00,Erzurumspor FK,Galatasaray,apifb:Marathonbet,asian_handicap,Home +3,home,home@+3,+3,1.03,2026-08-21T14:32:46Z
2026-08-21T14:32:46Z,apifb215962,Trendyol Super Lig,2026-08-21T18:30:00+00:00,Erzurumspor FK,Galatasaray,apifb:Marathonbet,asian_handicap,Away +3,away,away@+3,+3,7.3,2026-08-21T14:32:46Z
2026-08-21T14:32:46Z,apifb215962,Trendyol Super Lig,2026-08-21T18:30:00+00:00,Erzurumspor FK,Galatasaray,apifb:Marathonbet,asian_handicap,Home +1.25,home,home@+1.25,+1.25,1.69,2026-08-21T14:32:46Z
2026-08-21T14:32:46Z,apifb215962,Trendyol Super Lig,2026-08-21T18:30:00+00:00,Erzurumspor FK,Galatasaray,apifb:Marathonbet,asian_handicap,Away +1.25,away,away@+1.25,+1.25,2.0,2026-08-21T14:32:46Z
2026-08-21T14:32:46Z,apifb215962,Trendyol Super Lig,2026-08-21T18:30:00+00:00,Erzurumspor FK,Galatasaray,apifb:Marathonbet,asian_handicap,Home +1.5,home,home@+1.5,+1.5,1.53,2026-08-21T14:32:46Z
2026-08-21T14:32:46Z,apifb215962,Trendyol Super Lig,2026-08-21T18:30:00+00:00,Erzurumspor FK,Galatasaray,apifb:Marathonbet,asian_handicap,Away +1.5,away,away@+1.5,+1.5,2.24,2026-08-21T14:32:46Z
2026-08-21T14:32:46Z,apifb215962,Trendyol Super Lig,2026-08-21T18:30:00+00:00,Erzurumspor FK,Galatasaray,apifb:Marathonbet,asian_handicap,Home +1.75,home,home@+1.75,+1.75,1.39,2026-08-21T14:32:46Z
2026-08-21T14:32:46Z,apifb215962,Trendyol Super Lig,2026-08-21T18:30:00+00:00,Erzurumspor FK,Galatasaray,apifb:Marathonbet,asian_handicap,Away +1.75,away,away@+1.75,+1.75,2.59,2026-08-21T14:32:46Z
2026-08-21T14:32:46Z,apifb215962,Trendyol Super Lig,2026-08-21T18:30:00+00:00,Erzurumspor FK,Galatasaray,apifb:Marathonbet,asian_handicap,Home +2.25,home,home@+2.25,+2.25,1.2,2026-08-21T14:32:46Z
2026-08-21T14:32:46Z,apifb215962,Trendyol Super Lig,2026-08-21T18:30:00+00:00,Erzurumspor FK,Galatasaray,apifb:Marathonbet,asian_handicap,Away +2.25,away,away@+2.25,+2.25,3.68,2026-08-21T14:32:46Z
2026-08-21T14:32:46Z,apifb215962,Trendyol Super Lig,2026-08-21T18:30:00+00:00,Erzurumspor FK,Galatasaray,apifb:Marathonbet,asian_handicap,Home +2.5,home,home@+2.5,+2.5,1.17,2026-08-21T14:32:46Z
2026-08-21T14:32:46Z,apifb215962,Trendyol Super Lig,2026-08-21T18:30:00+00:00,Erzurumspor FK,Galatasaray,apifb:Marathonbet,asian_handicap,Away +2.5,away,away@+2.5,+2.5,4.0,2026-08-21T14:32:46Z
2026-08-21T14:32:46Z,apifb215962,Trendyol Super Lig,2026-08-21T18:30:00+00:00,Erzurumspor FK,Galatasaray,apifb:Marathonbet,asian_handicap,Home +2.75,home,home@+2.75,+2.75,1.1,2026-08-21T14:32:46Z
2026-08-21T14:32:46Z,apifb215962,Trendyol Super Lig,2026-08-21T18:30:00+00:00,Erzurumspor FK,Galatasaray,apifb:Marathonbet,asian_handicap,Away +2.75,away,away@+2.75,+2.75,5.1,2026-08-21T14:32:46Z
2026-08-21T14:32:46Z,apifb215962,Trendyol Super Lig,2026-08-21T18:30:00+00:00,Erzurumspor FK,Galatasaray,apifb:Marathonbet,asian_handicap,Home +3.5,home,home@+3.5,+3.5,1.02,2026-08-21T14:32:46Z
2026-08-21T14:32:46Z,apifb215962,Trendyol Super Lig,2026-08-21T18:30:00+00:00,Erzurumspor FK,Galatasaray,apifb:Marathonbet,asian_handicap,Away +3.5,away,away@+3.5,+3.5,8.2,2026-08-21T14:32:46Z
2026-08-21T14:32:46Z,apifb215962,Trendyol Super Lig,2026-08-21T18:30:00+00:00,Erzurumspor FK,Galatasaray,apifb:Marathonbet,asian_handicap,Home +3.25,home,home@+3.25,+3.25,1.04,2026-08-21T14:32:46Z
2026-08-21T14:32:46Z,apifb215962,Trendyol Super Lig,2026-08-21T18:30:00+00:00,Erzurumspor FK,Galatasaray,apifb:Marathonbet,asian_handicap,Away +3.25,away,away@+3.25,+3.25,6.9,2026-08-21T14:32:46Z
2026-08-21T14:32:46Z,apifb215962,Trendyol Super Lig,2026-08-21T18:30:00+00:00,Erzurumspor FK,Galatasaray,apifb:Marathonbet,asian_handicap,Home +3.75,home,home@+3.75,+3.75,1.02,2026-08-21T14:32:46Z
2026-08-21T14:32:46Z,apifb215962,Trendyol Super Lig,2026-08-21T18:30:00+00:00,Erzurumspor FK,Galatasaray,apifb:Marathonbet,asian_handicap,Away +3.75,away,away@+3.75,+3.75,8.3,2026-08-21T14:32:46Z
2026-08-21T14:32:46Z,apifb215962,Trendyol Super Lig,2026-08-21T18:30:00+00:00,Erzurumspor FK,Galatasaray,apifb:Marathonbet,totals,Over 1.5,over,over@1.5,1.5,1.15,2026-08-21T14:32:46Z
2026-08-21T14:32:46Z,apifb215962,Trendyol Super Lig,2026-08-21T18:30:00+00:00,Erzurumspor FK,Galatasaray,apifb:Marathonbet,totals,Under 1.5,under,under@1.5,1.5,4.25,2026-08-21T14:32:46Z
2026-08-21T14:32:46Z,apifb215962,Trendyol Super Lig,2026-08-21T18:30:00+00:00,Erzurumspor FK,Galatasaray,apifb:Marathonbet,totals,Over 1.75,over,over@1.75,1.75,1.2,2026-08-21T14:32:46Z
2026-08-21T14:32:46Z,apifb215962,Trendyol Super Lig,2026-08-21T18:30:00+00:00,Erzurumspor FK,Galatasaray,apifb:Marathonbet,totals,Under 1.75,under,under@1.75,1.75,3.82,2026-08-21T14:32:46Z
2026-08-21T14:32:46Z,apifb215962,Trendyol Super Lig,2026-08-21T18:30:00+00:00,Erzurumspor FK,Galatasaray,apifb:Marathonbet,totals,Over 2.0,over,over@2.0,2.0,1.26,2026-08-21T14:32:46Z
2026-08-21T14:32:46Z,apifb215962,Trendyol Super Lig,2026-08-21T18:30:00+00:00,Erzurumspor FK,Galatasaray,apifb:Marathonbet,totals,Under 2.0,under,under@2.0,2.0,3.36,2026-08-21T14:32:46Z
2026-08-21T14:32:46Z,apifb215962,Trendyol Super Lig,2026-08-21T18:30:00+00:00,Erzurumspor FK,Galatasaray,apifb:Marathonbet,totals,Over 2.25,over,over@2.25,2.25,1.44,2026-08-21T14:32:46Z
2026-08-21T14:32:46Z,apifb215962,Trendyol Super Lig,2026-08-21T18:30:00+00:00,Erzurumspor FK,Galatasaray,apifb:Marathonbet,totals,Under 2.25,under,under@2.25,2.25,2.56,2026-08-21T14:32:46Z
2026-08-21T14:32:46Z,apifb215962,Trendyol Super Lig,2026-08-21T18:30:00+00:00,Erzurumspor FK,Galatasaray,apifb:Marathonbet,totals,Over 2.5,over,over@2.5,2.5,1.65,2026-08-21T14:32:46Z
2026-08-21T14:32:46Z,apifb215962,Trendyol Super Lig,2026-08-21T18:30:00+00:00,Erzurumspor FK,Galatasaray,apifb:Marathonbet,totals,Under 2.5,under,under@2.5,2.5,2.19,2026-08-21T14:32:46Z
2026-08-21T14:32:46Z,apifb215962,Trendyol Super Lig,2026-08-21T18:30:00+00:00,Erzurumspor FK,Galatasaray,apifb:Marathonbet,totals,Over 2.75,over,over@2.75,2.75,1.78,2026-08-21T14:32:46Z
2026-08-21T14:32:46Z,apifb215962,Trendyol Super Lig,2026-08-21T18:30:00+00:00,Erzurumspor FK,Galatasaray,apifb:Marathonbet,totals,Under 2.75,under,under@2.75,2.75,1.91,2026-08-21T14:32:46Z
2026-08-21T14:32:46Z,apifb215962,Trendyol Super Lig,2026-08-21T18:30:00+00:00,Erzurumspor FK,Galatasaray,apifb:Marathonbet,totals,Over 3.5,over,over@3.5,3.5,2.48,2026-08-21T14:32:46Z
2026-08-21T14:32:46Z,apifb215962,Trendyol Super Lig,2026-08-21T18:30:00+00:00,Erzurumspor FK,Galatasaray,apifb:Marathonbet,totals,Under 3.5,under,under@3.5,3.5,1.43,2026-08-21T14:32:46Z
2026-08-21T14:32:46Z,apifb215962,Trendyol Super Lig,2026-08-21T18:30:00+00:00,Erzurumspor FK,Galatasaray,apifb:Marathonbet,totals,Over 1.0,over,over@1.0,1.0,1.0,2026-08-21T14:32:46Z
2026-08-21T14:32:46Z,apifb215962,Trendyol Super Lig,2026-08-21T18:30:00+00:00,Erzurumspor FK,Galatasaray,apifb:Marathonbet,totals,Under 1.0,under,under@1.0,1.0,9.5,2026-08-21T14:32:46Z
2026-08-21T14:32:46Z,apifb215962,Trendyol Super Lig,2026-08-21T18:30:00+00:00,Erzurumspor FK,Galatasaray,apifb:Marathonbet,totals,Over 1.25,over,over@1.25,1.25,1.07,2026-08-21T14:32:46Z
2026-08-21T14:32:46Z,apifb215962,Trendyol Super Lig,2026-08-21T18:30:00+00:00,Erzurumspor FK,Galatasaray,apifb:Marathonbet,totals,Under 1.25,under,under@1.25,1.25,5.85,2026-08-21T14:32:46Z
2026-08-21T14:32:46Z,apifb215962,Trendyol Super Lig,2026-08-21T18:30:00+00:00,Erzurumspor FK,Galatasaray,apifb:Marathonbet,totals,Over 3.0,over,over@3.0,3.0,2.01,2026-08-21T14:32:46Z
2026-08-21T14:32:46Z,apifb215962,Trendyol Super Lig,2026-08-21T18:30:00+00:00,Erzurumspor FK,Galatasaray,apifb:Marathonbet,totals,Under 3.0,under,under@3.0,3.0,1.69,2026-08-21T14:32:46Z
2026-08-21T14:32:46Z,apifb215962,Trendyol Super Lig,2026-08-21T18:30:00+00:00,Erzurumspor FK,Galatasaray,apifb:Marathonbet,totals,Over 4.5,over,over@4.5,4.5,4.5,2026-08-21T14:32:46Z
2026-08-21T14:32:46Z,apifb215962,Trendyol Super Lig,2026-08-21T18:30:00+00:00,Erzurumspor FK,Galatasaray,apifb:Marathonbet,totals,Under 4.5,under,under@4.5,4.5,1.13,2026-08-21T14:32:46Z
2026-08-21T14:32:46Z,apifb215962,Trendyol Super Lig,2026-08-21T18:30:00+00:00,Erzurumspor FK,Galatasaray,apifb:Marathonbet,totals,Over 3.25,over,over@3.25,3.25,2.26,2026-08-21T14:32:46Z
2026-08-21T14:32:46Z,apifb215962,Trendyol Super Lig,2026-08-21T18:30:00+00:00,Erzurumspor FK,Galatasaray,apifb:Marathonbet,totals,Under 3.25,under,under@3.25,3.25,1.53,2026-08-21T14:32:46Z
2026-08-21T14:32:46Z,apifb215962,Trendyol Super Lig,2026-08-21T18:30:00+00:00,Erzurumspor FK,Galatasaray,apifb:Marathonbet,totals,Over 3.75,over,over@3.75,3.75,2.92,2026-08-21T14:32:46Z
2026-08-21T14:32:46Z,apifb215962,Trendyol Super Lig,2026-08-21T18:30:00+00:00,Erzurumspor FK,Galatasaray,apifb:Marathonbet,totals,Under 3.75,under,under@3.75,3.75,1.31,2026-08-21T14:32:46Z
2026-08-21T14:32:46Z,apifb215962,Trendyol Super Lig,2026-08-21T18:30:00+00:00,Erzurumspor FK,Galatasaray,apifb:Marathonbet,totals,Over 4.0,over,over@4.0,4.0,3.8,2026-08-21T14:32:46Z
2026-08-21T14:32:46Z,apifb215962,Trendyol Super Lig,2026-08-21T18:30:00+00:00,Erzurumspor FK,Galatasaray,apifb:Marathonbet,totals,Under 4.0,under,under@4.0,4.0,1.19,2026-08-21T14:32:46Z
2026-08-21T14:32:46Z,apifb215962,Trendyol Super Lig,2026-08-21T18:30:00+00:00,Erzurumspor FK,Galatasaray,apifb:Marathonbet,totals,Over 4.25,over,over@4.25,4.25,4.15,2026-08-21T14:32:46Z
2026-08-21T14:32:46Z,apifb215962,Trendyol Super Lig,2026-08-21T18:30:00+00:00,Erzurumspor FK,Galatasaray,apifb:Marathonbet,totals,Under 4.25,under,under@4.25,4.25,1.16,2026-08-21T14:32:46Z
2026-08-21T14:32:46Z,apifb215962,Trendyol Super Lig,2026-08-21T18:30:00+00:00,Erzurumspor FK,Galatasaray,apifb:Marathonbet,totals,Over 4.75,over,over@4.75,4.75,5.7,2026-08-21T14:32:46Z
2026-08-21T14:32:46Z,apifb215962,Trendyol Super Lig,2026-08-21T18:30:00+00:00,Erzurumspor FK,Galatasaray,apifb:Marathonbet,totals,Under 4.75,under,under@4.75,4.75,1.08,2026-08-21T14:32:46Z
2026-08-21T14:32:46Z,apifb215962,Trendyol Super Lig,2026-08-21T18:30:00+00:00,Erzurumspor FK,Galatasaray,apifb:Marathonbet,totals,Over 5.0,over,over@5.0,5.0,8.0,2026-08-21T14:32:46Z
2026-08-21T14:32:46Z,apifb215962,Trendyol Super Lig,2026-08-21T18:30:00+00:00,Erzurumspor FK,Galatasaray,apifb:Marathonbet,totals,Under 5.0,under,under@5.0,5.0,1.02,2026-08-21T14:32:46Z
2026-08-21T14:32:46Z,apifb215962,Trendyol Super Lig,2026-08-21T18:30:00+00:00,Erzurumspor FK,Galatasaray,apifb:Marathonbet,totals,Over 5.5,over,over@5.5,5.5,8.7,2026-08-21T14:32:46Z
2026-08-21T14:32:46Z,apifb215962,Trendyol Super Lig,2026-08-21T18:30:00+00:00,Erzurumspor FK,Galatasaray,apifb:Marathonbet,totals,Under 5.5,under,under@5.5,5.5,1.01,2026-08-21T14:32:46Z
2026-08-21T14:32:46Z,apifb215962,Trendyol Super Lig,2026-08-21T18:30:00+00:00,Erzurumspor FK,Galatasaray,apifb:Unibet,h2h,Home,home,home,,7.0,2026-08-21T14:32:46Z
2026-08-21T14:32:46Z,apifb215962,Trendyol Super Lig,2026-08-21T18:30:00+00:00,Erzurumspor FK,Galatasaray,apifb:Unibet,h2h,Draw,draw,draw,,4.4,2026-08-21T14:32:46Z
2026-08-21T14:32:46Z,apifb215962,Trendyol Super Lig,2026-08-21T18:30:00+00:00,Erzurumspor FK,Galatasaray,apifb:Unibet,h2h,Away,away,away,,1.38,2026-08-21T14:32:46Z
2026-08-21T14:32:46Z,apifb215962,Trendyol Super Lig,2026-08-21T18:30:00+00:00,Erzurumspor FK,Galatasaray,apifb:Unibet,asian_handicap,Home +0.5,home,home@+0.5,+0.5,2.75,2026-08-21T14:32:46Z
2026-08-21T14:32:46Z,apifb215962,Trendyol Super Lig,2026-08-21T18:30:00+00:00,Erzurumspor FK,Galatasaray,apifb:Unibet,asian_handicap,Away +0.5,away,away@+0.5,+0.5,1.37,2026-08-21T14:32:46Z
2026-08-21T14:32:46Z,apifb215962,Trendyol Super Lig,2026-08-21T18:30:00+00:00,Erzurumspor FK,Galatasaray,apifb:Unibet,asian_handicap,Home +1.5,home,home@+1.5,+1.5,1.64,2026-08-21T14:32:46Z
2026-08-21T14:32:46Z,apifb215962,Trendyol Super Lig,2026-08-21T18:30:00+00:00,Erzurumspor FK,Galatasaray,apifb:Unibet,asian_handicap,Away +1.5,away,away@+1.5,+1.5,2.08,2026-08-21T14:32:46Z
2026-08-21T14:32:46Z,apifb215962,Trendyol Super Lig,2026-08-21T18:30:00+00:00,Erzurumspor FK,Galatasaray,apifb:Unibet,totals,Over 1.5,over,over@1.5,1.5,1.22,2026-08-21T14:32:46Z
2026-08-21T14:32:46Z,apifb215962,Trendyol Super Lig,2026-08-21T18:30:00+00:00,Erzurumspor FK,Galatasaray,apifb:Unibet,totals,Under 1.5,under,under@1.5,1.5,3.75,2026-08-21T14:32:46Z
2026-08-21T14:32:46Z,apifb215962,Trendyol Super Lig,2026-08-21T18:30:00+00:00,Erzurumspor FK,Galatasaray,apifb:Unibet,totals,Over 2.25,over,over@2.25,2.25,1.52,2026-08-21T14:32:46Z
2026-08-21T14:32:46Z,apifb215962,Trendyol Super Lig,2026-08-21T18:30:00+00:00,Erzurumspor FK,Galatasaray,apifb:Unibet,totals,Under 2.25,under,under@2.25,2.25,2.32,2026-08-21T14:32:46Z
2026-08-21T14:32:46Z,apifb215962,Trendyol Super Lig,2026-08-21T18:30:00+00:00,Erzurumspor FK,Galatasaray,apifb:Unibet,totals,Over 2.5,over,over@2.5,2.5,1.71,2026-08-21T14:32:46Z
2026-08-21T14:32:46Z,apifb215962,Trendyol Super Lig,2026-08-21T18:30:00+00:00,Erzurumspor FK,Galatasaray,apifb:Unibet,totals,Under 2.5,under,under@2.5,2.5,1.98,2026-08-21T14:32:46Z
2026-08-21T14:32:46Z,apifb215962,Trendyol Super Lig,2026-08-21T18:30:00+00:00,Erzurumspor FK,Galatasaray,apifb:Unibet,totals,Over 2.75,over,over@2.75,2.75,1.89,2026-08-21T14:32:46Z
2026-08-21T14:32:46Z,apifb215962,Trendyol Super Lig,2026-08-21T18:30:00+00:00,Erzurumspor FK,Galatasaray,apifb:Unibet,totals,Under 2.75,under,under@2.75,2.75,1.78,2026-08-21T14:32:46Z
2026-08-21T14:32:46Z,apifb215962,Trendyol Super Lig,2026-08-21T18:30:00+00:00,Erzurumspor FK,Galatasaray,apifb:Unibet,totals,Over 3.5,over,over@3.5,3.5,2.75,2026-08-21T14:32:46Z
2026-08-21T14:32:46Z,apifb215962,Trendyol Super Lig,2026-08-21T18:30:00+00:00,Erzurumspor FK,Galatasaray,apifb:Unibet,totals,Under 3.5,under,under@3.5,3.5,1.37,2026-08-21T14:32:46Z
2026-08-21T14:32:46Z,apifb215962,Trendyol Super Lig,2026-08-21T18:30:00+00:00,Erzurumspor FK,Galatasaray,apifb:Unibet,totals,Over 3.0,over,over@3.0,3.0,2.2,2026-08-21T14:32:46Z
2026-08-21T14:32:46Z,apifb215962,Trendyol Super Lig,2026-08-21T18:30:00+00:00,Erzurumspor FK,Galatasaray,apifb:Unibet,totals,Under 3.0,under,under@3.0,3.0,1.57,2026-08-21T14:32:46Z
2026-08-21T14:32:46Z,apifb215962,Trendyol Super Lig,2026-08-21T18:30:00+00:00,Erzurumspor FK,Galatasaray,apifb:Unibet,totals,Over 4.5,over,over@4.5,4.5,4.9,2026-08-21T14:32:46Z
2026-08-21T14:32:46Z,apifb215962,Trendyol Super Lig,2026-08-21T18:30:00+00:00,Erzurumspor FK,Galatasaray,apifb:Unibet,totals,Under 4.5,under,under@4.5,4.5,1.13,2026-08-21T14:32:46Z
2026-08-21T14:32:46Z,apifb215962,Trendyol Super Lig,2026-08-21T18:30:00+00:00,Erzurumspor FK,Galatasaray,apifb:Unibet,totals,Over 3.25,over,over@3.25,3.25,2.48,2026-08-21T14:32:46Z
2026-08-21T14:32:46Z,apifb215962,Trendyol Super Lig,2026-08-21T18:30:00+00:00,Erzurumspor FK,Galatasaray,apifb:Unibet,totals,Under 3.25,under,under@3.25,3.25,1.45,2026-08-21T14:32:46Z
2026-08-21T14:32:46Z,apifb215962,Trendyol Super Lig,2026-08-21T18:30:00+00:00,Erzurumspor FK,Galatasaray,apifb:Betfair,h2h,Home,home,home,,6.5,2026-08-21T14:32:46Z
2026-08-21T14:32:46Z,apifb215962,Trendyol Super Lig,2026-08-21T18:30:00+00:00,Erzurumspor FK,Galatasaray,apifb:Betfair,h2h,Draw,draw,draw,,4.33,2026-08-21T14:32:46Z
2026-08-21T14:32:46Z,apifb215962,Trendyol Super Lig,2026-08-21T18:30:00+00:00,Erzurumspor FK,Galatasaray,apifb:Betfair,h2h,Away,away,away,,1.44,2026-08-21T14:32:46Z
2026-08-21T14:32:46Z,apifb215962,Trendyol Super Lig,2026-08-21T18:30:00+00:00,Erzurumspor FK,Galatasaray,apifb:Betfair,asian_handicap,Home -1.5,home,home@-1.5,-1.5,12.0,2026-08-21T14:32:46Z
2026-08-21T14:32:46Z,apifb215962,Trendyol Super Lig,2026-08-21T18:30:00+00:00,Erzurumspor FK,Galatasaray,apifb:Betfair,asian_handicap,Away -1.5,away,away@-1.5,-1.5,1.02,2026-08-21T14:32:46Z
2026-08-21T14:32:46Z,apifb215962,Trendyol Super Lig,2026-08-21T18:30:00+00:00,Erzurumspor FK,Galatasaray,apifb:Betfair,asian_handicap,Home +1.5,home,home@+1.5,+1.5,1.53,2026-08-21T14:32:46Z
2026-08-21T14:32:46Z,apifb215962,Trendyol Super Lig,2026-08-21T18:30:00+00:00,Erzurumspor FK,Galatasaray,apifb:Betfair,asian_handicap,Away +1.5,away,away@+1.5,+1.5,2.38,2026-08-21T14:32:46Z
2026-08-21T14:32:46Z,apifb215962,Trendyol Super Lig,2026-08-21T18:30:00+00:00,Erzurumspor FK,Galatasaray,apifb:Betfair,asian_handicap,Home +2.5,home,home@+2.5,+2.5,1.17,2026-08-21T14:32:46Z
2026-08-21T14:32:46Z,apifb215962,Trendyol Super Lig,2026-08-21T18:30:00+00:00,Erzurumspor FK,Galatasaray,apifb:Betfair,asian_handicap,Away +2.5,away,away@+2.5,+2.5,4.5,2026-08-21T14:32:46Z
2026-08-21T14:32:46Z,apifb215962,Trendyol Super Lig,2026-08-21T18:30:00+00:00,Erzurumspor FK,Galatasaray,apifb:Betfair,asian_handicap,Home +3.5,home,home@+3.5,+3.5,1.05,2026-08-21T14:32:46Z
2026-08-21T14:32:46Z,apifb215962,Trendyol Super Lig,2026-08-21T18:30:00+00:00,Erzurumspor FK,Galatasaray,apifb:Betfair,asian_handicap,Away +3.5,away,away@+3.5,+3.5,8.5,2026-08-21T14:32:46Z
2026-08-21T14:32:46Z,apifb215962,Trendyol Super Lig,2026-08-21T18:30:00+00:00,Erzurumspor FK,Galatasaray,apifb:Betfair,totals,Over 1.5,over,over@1.5,1.5,1.2,2026-08-21T14:32:46Z
2026-08-21T14:32:46Z,apifb215962,Trendyol Super Lig,2026-08-21T18:30:00+00:00,Erzurumspor FK,Galatasaray,apifb:Betfair,totals,Under 1.5,under,under@1.5,1.5,4.33,2026-08-21T14:32:46Z
2026-08-21T14:32:46Z,apifb215962,Trendyol Super Lig,2026-08-21T18:30:00+00:00,Erzurumspor FK,Galatasaray,apifb:Betfair,totals,Over 2.5,over,over@2.5,2.5,1.67,2026-08-21T14:32:46Z
2026-08-21T14:32:46Z,apifb215962,Trendyol Super Lig,2026-08-21T18:30:00+00:00,Erzurumspor FK,Galatasaray,apifb:Betfair,totals,Under 2.5,under,under@2.5,2.5,2.15,2026-08-21T14:32:46Z
2026-08-21T14:32:46Z,apifb215962,Trendyol Super Lig,2026-08-21T18:30:00+00:00,Erzurumspor FK,Galatasaray,apifb:Betfair,totals,Over 3.5,over,over@3.5,3.5,2.7,2026-08-21T14:32:46Z
2026-08-21T14:32:46Z,apifb215962,Trendyol Super Lig,2026-08-21T18:30:00+00:00,Erzurumspor FK,Galatasaray,apifb:Betfair,totals,Under 3.5,under,under@3.5,3.5,1.44,2026-08-21T14:32:46Z
2026-08-21T14:32:46Z,apifb215962,Trendyol Super Lig,2026-08-21T18:30:00+00:00,Erzurumspor FK,Galatasaray,apifb:Betfair,totals,Over 0.5,over,over@0.5,0.5,1.02,2026-08-21T14:32:46Z
2026-08-21T14:32:46Z,apifb215962,Trendyol Super Lig,2026-08-21T18:30:00+00:00,Erzurumspor FK,Galatasaray,apifb:Betfair,totals,Under 0.5,under,under@0.5,0.5,13.0,2026-08-21T14:32:46Z
2026-08-21T14:32:46Z,apifb215962,Trendyol Super Lig,2026-08-21T18:30:00+00:00,Erzurumspor FK,Galatasaray,apifb:Betfair,totals,Over 4.5,over,over@4.5,4.5,5.0,2026-08-21T14:32:46Z
2026-08-21T14:32:46Z,apifb215962,Trendyol Super Lig,2026-08-21T18:30:00+00:00,Erzurumspor FK,Galatasaray,apifb:Betfair,totals,Under 4.5,under,under@4.5,4.5,1.17,2026-08-21T14:32:46Z
2026-08-21T14:32:46Z,apifb215962,Trendyol Super Lig,2026-08-21T18:30:00+00:00,Erzurumspor FK,Galatasaray,apifb:Betfair,totals,Over 5.5,over,over@5.5,5.5,10.0,2026-08-21T14:32:46Z
2026-08-21T14:32:46Z,apifb215962,Trendyol Super Lig,2026-08-21T18:30:00+00:00,Erzurumspor FK,Galatasaray,apifb:Betfair,totals,Under 5.5,under,under@5.5,5.5,1.05,2026-08-21T14:32:46Z
2026-08-21T14:32:46Z,apifb215962,Trendyol Super Lig,2026-08-21T18:30:00+00:00,Erzurumspor FK,Galatasaray,apifb:Betfair,totals,Over 6.5,over,over@6.5,6.5,17.0,2026-08-21T14:32:46Z
2026-08-21T14:32:46Z,apifb215962,Trendyol Super Lig,2026-08-21T18:30:00+00:00,Erzurumspor FK,Galatasaray,apifb:Betfair,totals,Under 6.5,under,under@6.5,6.5,1.01,2026-08-21T14:32:46Z
2026-08-21T14:32:46Z,apifb215962,Trendyol Super Lig,2026-08-21T18:30:00+00:00,Erzurumspor FK,Galatasaray,apifb:BetVictor,h2h,Home,home,home,,6.0,2026-08-21T14:32:46Z
2026-08-21T14:32:46Z,apifb215962,Trendyol Super Lig,2026-08-21T18:30:00+00:00,Erzurumspor FK,Galatasaray,apifb:BetVictor,h2h,Draw,draw,draw,,4.2,2026-08-21T14:32:46Z
2026-08-21T14:32:46Z,apifb215962,Trendyol Super Lig,2026-08-21T18:30:00+00:00,Erzurumspor FK,Galatasaray,apifb:BetVictor,h2h,Away,away,away,,1.45,2026-08-21T14:32:46Z
2026-08-21T14:32:46Z,apifb215962,Trendyol Super Lig,2026-08-21T18:30:00+00:00,Erzurumspor FK,Galatasaray,apifb:BetVictor,asian_handicap,Home +0.5,home,home@+0.5,+0.5,2.56,2026-08-21T14:32:46Z
2026-08-21T14:32:46Z,apifb215962,Trendyol Super Lig,2026-08-21T18:30:00+00:00,Erzurumspor FK,Galatasaray,apifb:BetVictor,asian_handicap,Away +0.5,away,away@+0.5,+0.5,1.43,2026-08-21T14:32:46Z
2026-08-21T14:32:46Z,apifb215962,Trendyol Super Lig,2026-08-21T18:30:00+00:00,Erzurumspor FK,Galatasaray,apifb:BetVictor,asian_handicap,Home +0.75,home,home@+0.75,+0.75,2.25,2026-08-21T14:32:46Z
2026-08-21T14:32:46Z,apifb215962,Trendyol Super Lig,2026-08-21T18:30:00+00:00,Erzurumspor FK,Galatasaray,apifb:BetVictor,asian_handicap,Away +0.75,away,away@+0.75,+0.75,1.55,2026-08-21T14:32:46Z
2026-08-21T14:32:46Z,apifb215962,Trendyol Super Lig,2026-08-21T18:30:00+00:00,Erzurumspor FK,Galatasaray,apifb:BetVictor,asian_handicap,Home +1,home,home@+1,+1,1.94,2026-08-21T14:32:46Z
2026-08-21T14:32:46Z,apifb215962,Trendyol Super Lig,2026-08-21T18:30:00+00:00,Erzurumspor FK,Galatasaray,apifb:BetVictor,asian_handicap,Away +1,away,away@+1,+1,1.74,2026-08-21T14:32:46Z
2026-08-21T14:32:46Z,apifb215962,Trendyol Super Lig,2026-08-21T18:30:00+00:00,Erzurumspor FK,Galatasaray,apifb:BetVictor,asian_handicap,Home +2,home,home@+2,+2,1.38,2026-08-21T14:32:46Z
2026-08-21T14:32:46Z,apifb215962,Trendyol Super Lig,2026-08-21T18:30:00+00:00,Erzurumspor FK,Galatasaray,apifb:BetVictor,asian_handicap,Away +2,away,away@+2,+2,2.73,2026-08-21T14:32:46Z
2026-08-21T14:32:46Z,apifb215962,Trendyol Super Lig,2026-08-21T18:30:00+00:00,Erzurumspor FK,Galatasaray,apifb:BetVictor,asian_handicap,Home +1.25,home,home@+1.25,+1.25,1.68,2026-08-21T14:32:46Z
2026-08-21T14:32:46Z,apifb215962,Trendyol Super Lig,2026-08-21T18:30:00+00:00,Erzurumspor FK,Galatasaray,apifb:BetVictor,asian_handicap,Away +1.25,away,away@+1.25,+1.25,2.02,2026-08-21T14:32:46Z
2026-08-21T14:32:46Z,apifb215962,Trendyol Super Lig,2026-08-21T18:30:00+00:00,Erzurumspor FK,Galatasaray,apifb:BetVictor,asian_handicap,Home +1.5,home,home@+1.5,+1.5,1.53,2026-08-21T14:32:46Z
2026-08-21T14:32:46Z,apifb215962,Trendyol Super Lig,2026-08-21T18:30:00+00:00,Erzurumspor FK,Galatasaray,apifb:BetVictor,asian_handicap,Away +1.5,away,away@+1.5,+1.5,2.29,2026-08-21T14:32:46Z
2026-08-21T14:32:46Z,apifb215962,Trendyol Super Lig,2026-08-21T18:30:00+00:00,Erzurumspor FK,Galatasaray,apifb:BetVictor,asian_handicap,Home +1.75,home,home@+1.75,+1.75,1.4,2026-08-21T14:32:46Z
2026-08-21T14:32:46Z,apifb215962,Trendyol Super Lig,2026-08-21T18:30:00+00:00,Erzurumspor FK,Galatasaray,apifb:BetVictor,asian_handicap,Away +1.75,away,away@+1.75,+1.75,2.66,2026-08-21T14:32:46Z
2026-08-21T14:32:46Z,apifb215962,Trendyol Super Lig,2026-08-21T18:30:00+00:00,Erzurumspor FK,Galatasaray,apifb:BetVictor,totals,Over 1.5,over,over@1.5,1.5,1.18,2026-08-21T14:32:46Z
2026-08-21T14:32:46Z,apifb215962,Trendyol Super Lig,2026-08-21T18:30:00+00:00,Erzurumspor FK,Galatasaray,apifb:BetVictor,totals,Under 1.5,under,under@1.5,1.5,4.4,2026-08-21T14:32:46Z
2026-08-21T14:32:46Z,apifb215962,Trendyol Super Lig,2026-08-21T18:30:00+00:00,Erzurumspor FK,Galatasaray,apifb:BetVictor,totals,Over 2.25,over,over@2.25,2.25,1.47,2026-08-21T14:32:46Z
2026-08-21T14:32:46Z,apifb215962,Trendyol Super Lig,2026-08-21T18:30:00+00:00,Erzurumspor FK,Galatasaray,apifb:BetVictor,totals,Under 2.25,under,under@2.25,2.25,2.44,2026-08-21T14:32:46Z
2026-08-21T14:32:46Z,apifb215962,Trendyol Super Lig,2026-08-21T18:30:00+00:00,Erzurumspor FK,Galatasaray,apifb:BetVictor,totals,Over 2.5,over,over@2.5,2.5,1.63,2026-08-21T14:32:46Z
2026-08-21T14:32:46Z,apifb215962,Trendyol Super Lig,2026-08-21T18:30:00+00:00,Erzurumspor FK,Galatasaray,apifb:BetVictor,totals,Under 2.5,under,under@2.5,2.5,2.1,2026-08-21T14:32:46Z
2026-08-21T14:32:46Z,apifb215962,Trendyol Super Lig,2026-08-21T18:30:00+00:00,Erzurumspor FK,Galatasaray,apifb:BetVictor,totals,Over 2.75,over,over@2.75,2.75,1.78,2026-08-21T14:32:46Z
2026-08-21T14:32:46Z,apifb215962,Trendyol Super Lig,2026-08-21T18:30:00+00:00,Erzurumspor FK,Galatasaray,apifb:BetVictor,totals,Under 2.75,under,under@2.75,2.75,1.89,2026-08-21T14:32:46Z
2026-08-21T14:32:46Z,apifb215962,Trendyol Super Lig,2026-08-21T18:30:00+00:00,Erzurumspor FK,Galatasaray,apifb:BetVictor,totals,Over 3.5,over,over@3.5,3.5,2.63,2026-08-21T14:32:46Z
2026-08-21T14:32:46Z,apifb215962,Trendyol Super Lig,2026-08-21T18:30:00+00:00,Erzurumspor FK,Galatasaray,apifb:BetVictor,totals,Under 3.5,under,under@3.5,3.5,1.44,2026-08-21T14:32:46Z
2026-08-21T14:32:46Z,apifb215962,Trendyol Super Lig,2026-08-21T18:30:00+00:00,Erzurumspor FK,Galatasaray,apifb:BetVictor,totals,Over 3.0,over,over@3.0,3.0,2.02,2026-08-21T14:32:46Z
2026-08-21T14:32:46Z,apifb215962,Trendyol Super Lig,2026-08-21T18:30:00+00:00,Erzurumspor FK,Galatasaray,apifb:BetVictor,totals,Under 3.0,under,under@3.0,3.0,1.68,2026-08-21T14:32:46Z
2026-08-21T14:32:46Z,apifb215962,Trendyol Super Lig,2026-08-21T18:30:00+00:00,Erzurumspor FK,Galatasaray,apifb:BetVictor,totals,Over 4.5,over,over@4.5,4.5,5.0,2026-08-21T14:32:46Z
2026-08-21T14:32:46Z,apifb215962,Trendyol Super Lig,2026-08-21T18:30:00+00:00,Erzurumspor FK,Galatasaray,apifb:BetVictor,totals,Under 4.5,under,under@4.5,4.5,1.14,2026-08-21T14:32:46Z
2026-08-21T14:32:46Z,apifb215962,Trendyol Super Lig,2026-08-21T18:30:00+00:00,Erzurumspor FK,Galatasaray,apifb:BetVictor,totals,Over 3.25,over,over@3.25,3.25,2.27,2026-08-21T14:32:46Z
2026-08-21T14:32:46Z,apifb215962,Trendyol Super Lig,2026-08-21T18:30:00+00:00,Erzurumspor FK,Galatasaray,apifb:BetVictor,totals,Under 3.25,under,under@3.25,3.25,1.54,2026-08-21T14:32:46Z
2026-08-21T14:32:46Z,apifb215962,Trendyol Super Lig,2026-08-21T18:30:00+00:00,Erzurumspor FK,Galatasaray,apifb:BetVictor,totals,Over 5.5,over,over@5.5,5.5,10.0,2026-08-21T14:32:46Z
2026-08-21T14:32:46Z,apifb215962,Trendyol Super Lig,2026-08-21T18:30:00+00:00,Erzurumspor FK,Galatasaray,apifb:BetVictor,totals,Under 5.5,under,under@5.5,5.5,1.03,2026-08-21T14:32:46Z
2026-08-21T14:32:46Z,apifb215962,Trendyol Super Lig,2026-08-21T18:30:00+00:00,Erzurumspor FK,Galatasaray,apifb:Pinnacle,h2h,Home,home,home,,6.6,2026-08-21T14:32:46Z
2026-08-21T14:32:46Z,apifb215962,Trendyol Super Lig,2026-08-21T18:30:00+00:00,Erzurumspor FK,Galatasaray,apifb:Pinnacle,h2h,Draw,draw,draw,,4.35,2026-08-21T14:32:46Z
2026-08-21T14:32:46Z,apifb215962,Trendyol Super Lig,2026-08-21T18:30:00+00:00,Erzurumspor FK,Galatasaray,apifb:Pinnacle,h2h,Away,away,away,,1.52,2026-08-21T14:32:46Z
2026-08-21T14:32:46Z,apifb215962,Trendyol Super Lig,2026-08-21T18:30:00+00:00,Erzurumspor FK,Galatasaray,apifb:Pinnacle,asian_handicap,Home +0,home,home@+0,+0,5.16,2026-08-21T14:32:46Z
2026-08-21T14:32:46Z,apifb215962,Trendyol Super Lig,2026-08-21T18:30:00+00:00,Erzurumspor FK,Galatasaray,apifb:Pinnacle,asian_handicap,Away +0,away,away@+0,+0,1.19,2026-08-21T14:32:46Z
2026-08-21T14:32:46Z,apifb215962,Trendyol Super Lig,2026-08-21T18:30:00+00:00,Erzurumspor FK,Galatasaray,apifb:Pinnacle,asian_handicap,Home +0.25,home,home@+0.25,+0.25,3.39,2026-08-21T14:32:46Z
2026-08-21T14:32:46Z,apifb215962,Trendyol Super Lig,2026-08-21T18:30:00+00:00,Erzurumspor FK,Galatasaray,apifb:Pinnacle,asian_handicap,Away +0.25,away,away@+0.25,+0.25,1.35,2026-08-21T14:32:46Z
2026-08-21T14:32:46Z,apifb215962,Trendyol Super Lig,2026-08-21T18:30:00+00:00,Erzurumspor FK,Galatasaray,apifb:Pinnacle,asian_handicap,Home +0.5,home,home@+0.5,+0.5,2.68,2026-08-21T14:32:46Z
2026-08-21T14:32:46Z,apifb215962,Trendyol Super Lig,2026-08-21T18:30:00+00:00,Erzurumspor FK,Galatasaray,apifb:Pinnacle,asian_handicap,Away +0.5,away,away@+0.5,+0.5,1.52,2026-08-21T14:32:46Z
2026-08-21T14:32:46Z,apifb215962,Trendyol Super Lig,2026-08-21T18:30:00+00:00,Erzurumspor FK,Galatasaray,apifb:Pinnacle,asian_handicap,Home +0.75,home,home@+0.75,+0.75,2.35,2026-08-21T14:32:46Z
2026-08-21T14:32:46Z,apifb215962,Trendyol Super Lig,2026-08-21T18:30:00+00:00,Erzurumspor FK,Galatasaray,apifb:Pinnacle,asian_handicap,Away +0.75,away,away@+0.75,+0.75,1.66,2026-08-21T14:32:46Z
2026-08-21T14:32:46Z,apifb215962,Trendyol Super Lig,2026-08-21T18:30:00+00:00,Erzurumspor FK,Galatasaray,apifb:Pinnacle,asian_handicap,Home +1,home,home@+1,+1,2.02,2026-08-21T14:32:46Z
2026-08-21T14:32:46Z,apifb215962,Trendyol Super Lig,2026-08-21T18:30:00+00:00,Erzurumspor FK,Galatasaray,apifb:Pinnacle,asian_handicap,Away +1,away,away@+1,+1,1.88,2026-08-21T14:32:46Z
2026-08-21T14:32:46Z,apifb215962,Trendyol Super Lig,2026-08-21T18:30:00+00:00,Erzurumspor FK,Galatasaray,apifb:Pinnacle,asian_handicap,Home +2,home,home@+2,+2,1.29,2026-08-21T14:32:46Z
2026-08-21T14:32:46Z,apifb215962,Trendyol Super Lig,2026-08-21T18:30:00+00:00,Erzurumspor FK,Galatasaray,apifb:Pinnacle,asian_handicap,Away +2,away,away@+2,+2,3.85,2026-08-21T14:32:46Z
2026-08-21T14:32:46Z,apifb215962,Trendyol Super Lig,2026-08-21T18:30:00+00:00,Erzurumspor FK,Galatasaray,apifb:Pinnacle,asian_handicap,Home +1.25,home,home@+1.25,+1.25,1.75,2026-08-21T14:32:46Z
2026-08-21T14:32:46Z,apifb215962,Trendyol Super Lig,2026-08-21T18:30:00+00:00,Erzurumspor FK,Galatasaray,apifb:Pinnacle,asian_handicap,Away +1.25,away,away@+1.25,+1.25,2.19,2026-08-21T14:32:46Z
2026-08-21T14:32:46Z,apifb215962,Trendyol Super Lig,2026-08-21T18:30:00+00:00,Erzurumspor FK,Galatasaray,apifb:Pinnacle,asian_handicap,Home +1.5,home,home@+1.5,+1.5,1.58,2026-08-21T14:32:46Z
2026-08-21T14:32:46Z,apifb215962,Trendyol Super Lig,2026-08-21T18:30:00+00:00,Erzurumspor FK,Galatasaray,apifb:Pinnacle,asian_handicap,Away +1.5,away,away@+1.5,+1.5,2.5,2026-08-21T14:32:46Z
2026-08-21T14:32:46Z,apifb215962,Trendyol Super Lig,2026-08-21T18:30:00+00:00,Erzurumspor FK,Galatasaray,apifb:Pinnacle,asian_handicap,Home +1.75,home,home@+1.75,+1.75,1.43,2026-08-21T14:32:46Z
2026-08-21T14:32:46Z,apifb215962,Trendyol Super Lig,2026-08-21T18:30:00+00:00,Erzurumspor FK,Galatasaray,apifb:Pinnacle,asian_handicap,Away +1.75,away,away@+1.75,+1.75,2.96,2026-08-21T14:32:46Z
2026-08-21T14:32:46Z,apifb215962,Trendyol Super Lig,2026-08-21T18:30:00+00:00,Erzurumspor FK,Galatasaray,apifb:Pinnacle,asian_handicap,Home +2.25,home,home@+2.25,+2.25,1.27,2026-08-21T14:32:46Z
2026-08-21T14:32:46Z,apifb215962,Trendyol Super Lig,2026-08-21T18:30:00+00:00,Erzurumspor FK,Galatasaray,apifb:Pinnacle,asian_handicap,Away +2.25,away,away@+2.25,+2.25,4.04,2026-08-21T14:32:46Z
2026-08-21T14:32:46Z,apifb215962,Trendyol Super Lig,2026-08-21T18:30:00+00:00,Erzurumspor FK,Galatasaray,apifb:Pinnacle,totals,Over 1.5,over,over@1.5,1.5,1.2,2026-08-21T14:32:46Z
2026-08-21T14:32:46Z,apifb215962,Trendyol Super Lig,2026-08-21T18:30:00+00:00,Erzurumspor FK,Galatasaray,apifb:Pinnacle,totals,Under 1.5,under,under@1.5,1.5,4.18,2026-08-21T14:32:46Z
2026-08-21T14:32:46Z,apifb215962,Trendyol Super Lig,2026-08-21T18:30:00+00:00,Erzurumspor FK,Galatasaray,apifb:Pinnacle,totals,Over 2.0,over,over@2.0,2.0,1.39,2026-08-21T14:32:46Z
2026-08-21T14:32:46Z,apifb215962,Trendyol Super Lig,2026-08-21T18:30:00+00:00,Erzurumspor FK,Galatasaray,apifb:Pinnacle,totals,Under 2.0,under,under@2.0,2.0,3.02,2026-08-21T14:32:46Z
2026-08-21T14:32:46Z,apifb215962,Trendyol Super Lig,2026-08-21T18:30:00+00:00,Erzurumspor FK,Galatasaray,apifb:Pinnacle,totals,Over 2.25,over,over@2.25,2.25,1.46,2026-08-21T14:32:46Z
2026-08-21T14:32:46Z,apifb215962,Trendyol Super Lig,2026-08-21T18:30:00+00:00,Erzurumspor FK,Galatasaray,apifb:Pinnacle,totals,Under 2.25,under,under@2.25,2.25,2.58,2026-08-21T14:32:46Z
2026-08-21T14:32:46Z,apifb215962,Trendyol Super Lig,2026-08-21T18:30:00+00:00,Erzurumspor FK,Galatasaray,apifb:Pinnacle,totals,Over 2.5,over,over@2.5,2.5,1.63,2026-08-21T14:32:46Z
2026-08-21T14:32:46Z,apifb215962,Trendyol Super Lig,2026-08-21T18:30:00+00:00,Erzurumspor FK,Galatasaray,apifb:Pinnacle,totals,Under 2.5,under,under@2.5,2.5,2.18,2026-08-21T14:32:46Z
2026-08-21T14:32:46Z,apifb215962,Trendyol Super Lig,2026-08-21T18:30:00+00:00,Erzurumspor FK,Galatasaray,apifb:Pinnacle,totals,Over 2.75,over,over@2.75,2.75,1.87,2026-08-21T14:32:46Z
2026-08-21T14:32:46Z,apifb215962,Trendyol Super Lig,2026-08-21T18:30:00+00:00,Erzurumspor FK,Galatasaray,apifb:Pinnacle,totals,Under 2.75,under,under@2.75,2.75,2.02,2026-08-21T14:32:46Z
2026-08-21T14:32:46Z,apifb215962,Trendyol Super Lig,2026-08-21T18:30:00+00:00,Erzurumspor FK,Galatasaray,apifb:Pinnacle,totals,Over 3.5,over,over@3.5,3.5,2.65,2026-08-21T14:32:46Z
2026-08-21T14:32:46Z,apifb215962,Trendyol Super Lig,2026-08-21T18:30:00+00:00,Erzurumspor FK,Galatasaray,apifb:Pinnacle,totals,Under 3.5,under,under@3.5,3.5,1.43,2026-08-21T14:32:46Z
2026-08-21T14:32:46Z,apifb215962,Trendyol Super Lig,2026-08-21T18:30:00+00:00,Erzurumspor FK,Galatasaray,apifb:Pinnacle,totals,Over 3.0,over,over@3.0,3.0,2.07,2026-08-21T14:32:46Z
2026-08-21T14:32:46Z,apifb215962,Trendyol Super Lig,2026-08-21T18:30:00+00:00,Erzurumspor FK,Galatasaray,apifb:Pinnacle,totals,Under 3.0,under,under@3.0,3.0,1.69,2026-08-21T14:32:46Z
2026-08-21T14:32:46Z,apifb215962,Trendyol Super Lig,2026-08-21T18:30:00+00:00,Erzurumspor FK,Galatasaray,apifb:Pinnacle,totals,Over 4.5,over,over@4.5,4.5,4.88,2026-08-21T14:32:46Z
2026-08-21T14:32:46Z,apifb215962,Trendyol Super Lig,2026-08-21T18:30:00+00:00,Erzurumspor FK,Galatasaray,apifb:Pinnacle,totals,Under 4.5,under,under@4.5,4.5,1.15,2026-08-21T14:32:46Z
2026-08-21T14:32:46Z,apifb215962,Trendyol Super Lig,2026-08-21T18:30:00+00:00,Erzurumspor FK,Galatasaray,apifb:Pinnacle,totals,Over 3.25,over,over@3.25,3.25,2.37,2026-08-21T14:32:46Z
2026-08-21T14:32:46Z,apifb215962,Trendyol Super Lig,2026-08-21T18:30:00+00:00,Erzurumspor FK,Galatasaray,apifb:Pinnacle,totals,Under 3.25,under,under@3.25,3.25,1.53,2026-08-21T14:32:46Z
2026-08-21T14:32:46Z,apifb215962,Trendyol Super Lig,2026-08-21T18:30:00+00:00,Erzurumspor FK,Galatasaray,apifb:SBO,h2h,Home,home,home,,6.47,2026-08-21T14:32:46Z
2026-08-21T14:32:46Z,apifb215962,Trendyol Super Lig,2026-08-21T18:30:00+00:00,Erzurumspor FK,Galatasaray,apifb:SBO,h2h,Draw,draw,draw,,4.22,2026-08-21T14:32:46Z
2026-08-21T14:32:46Z,apifb215962,Trendyol Super Lig,2026-08-21T18:30:00+00:00,Erzurumspor FK,Galatasaray,apifb:SBO,h2h,Away,away,away,,1.36,2026-08-21T14:32:46Z
2026-08-21T14:32:46Z,apifb215962,Trendyol Super Lig,2026-08-21T18:30:00+00:00,Erzurumspor FK,Galatasaray,apifb:SBO,asian_handicap,Home +1,home,home@+1,+1,2.21,2026-08-21T14:32:46Z
2026-08-21T14:32:46Z,apifb215962,Trendyol Super Lig,2026-08-21T18:30:00+00:00,Erzurumspor FK,Galatasaray,apifb:SBO,asian_handicap,Away +1,away,away@+1,+1,1.66,2026-08-21T14:32:46Z
2026-08-21T14:32:46Z,apifb215962,Trendyol Super Lig,2026-08-21T18:30:00+00:00,Erzurumspor FK,Galatasaray,apifb:SBO,asian_handicap,Home +1.25,home,home@+1.25,+1.25,1.92,2026-08-21T14:32:46Z
2026-08-21T14:32:46Z,apifb215962,Trendyol Super Lig,2026-08-21T18:30:00+00:00,Erzurumspor FK,Galatasaray,apifb:SBO,asian_handicap,Away +1.25,away,away@+1.25,+1.25,1.92,2026-08-21T14:32:46Z
2026-08-21T14:32:46Z,apifb215962,Trendyol Super Lig,2026-08-21T18:30:00+00:00,Erzurumspor FK,Galatasaray,apifb:SBO,totals,Over 2.75,over,over@2.75,2.75,1.91,2026-08-21T14:32:46Z
2026-08-21T14:32:46Z,apifb215962,Trendyol Super Lig,2026-08-21T18:30:00+00:00,Erzurumspor FK,Galatasaray,apifb:SBO,totals,Under 2.75,under,under@2.75,2.75,1.91,2026-08-21T14:32:46Z
2026-08-21T14:32:46Z,apifb215962,Trendyol Super Lig,2026-08-21T18:30:00+00:00,Erzurumspor FK,Galatasaray,apifb:SBO,totals,Over 3.0,over,over@3.0,3.0,2.16,2026-08-21T14:32:46Z
2026-08-21T14:32:46Z,apifb215962,Trendyol Super Lig,2026-08-21T18:30:00+00:00,Erzurumspor FK,Galatasaray,apifb:SBO,totals,Under 3.0,under,under@3.0,3.0,1.68,2026-08-21T14:32:46Z
2026-08-21T14:32:46Z,apifb215962,Trendyol Super Lig,2026-08-21T18:30:00+00:00,Erzurumspor FK,Galatasaray,apifb:1xBet,h2h,Home,home,home,,6.76,2026-08-21T14:32:46Z
2026-08-21T14:32:46Z,apifb215962,Trendyol Super Lig,2026-08-21T18:30:00+00:00,Erzurumspor FK,Galatasaray,apifb:1xBet,h2h,Draw,draw,draw,,4.36,2026-08-21T14:32:46Z
2026-08-21T14:32:46Z,apifb215962,Trendyol Super Lig,2026-08-21T18:30:00+00:00,Erzurumspor FK,Galatasaray,apifb:1xBet,h2h,Away,away,away,,1.53,2026-08-21T14:32:46Z
2026-08-21T14:32:46Z,apifb215962,Trendyol Super Lig,2026-08-21T18:30:00+00:00,Erzurumspor FK,Galatasaray,apifb:1xBet,asian_handicap,Home -0.75,home,home@-0.75,-0.75,8.3,2026-08-21T14:32:46Z
2026-08-21T14:32:46Z,apifb215962,Trendyol Super Lig,2026-08-21T18:30:00+00:00,Erzurumspor FK,Galatasaray,apifb:1xBet,asian_handicap,Away -0.75,away,away@-0.75,-0.75,1.02,2026-08-21T14:32:46Z
2026-08-21T14:32:46Z,apifb215962,Trendyol Super Lig,2026-08-21T18:30:00+00:00,Erzurumspor FK,Galatasaray,apifb:1xBet,asian_handicap,Home -0.25,home,home@-0.25,-0.25,5.3,2026-08-21T14:32:46Z
2026-08-21T14:32:46Z,apifb215962,Trendyol Super Lig,2026-08-21T18:30:00+00:00,Erzurumspor FK,Galatasaray,apifb:1xBet,asian_handicap,Away -0.25,away,away@-0.25,-0.25,1.09,2026-08-21T14:32:46Z
2026-08-21T14:32:46Z,apifb215962,Trendyol Super Lig,2026-08-21T18:30:00+00:00,Erzurumspor FK,Galatasaray,apifb:1xBet,asian_handicap,Home +0,home,home@+0,+0,4.8,2026-08-21T14:32:46Z
2026-08-21T14:32:46Z,apifb215962,Trendyol Super Lig,2026-08-21T18:30:00+00:00,Erzurumspor FK,Galatasaray,apifb:1xBet,asian_handicap,Away +0,away,away@+0,+0,1.12,2026-08-21T14:32:46Z
2026-08-21T14:32:46Z,apifb215962,Trendyol Super Lig,2026-08-21T18:30:00+00:00,Erzurumspor FK,Galatasaray,apifb:1xBet,asian_handicap,Home +0.25,home,home@+0.25,+0.25,3.15,2026-08-21T14:32:46Z
2026-08-21T14:32:46Z,apifb215962,Trendyol Super Lig,2026-08-21T18:30:00+00:00,Erzurumspor FK,Galatasaray,apifb:1xBet,asian_handicap,Away +0.25,away,away@+0.25,+0.25,1.28,2026-08-21T14:32:46Z
2026-08-21T14:32:46Z,apifb215962,Trendyol Super Lig,2026-08-21T18:30:00+00:00,Erzurumspor FK,Galatasaray,apifb:1xBet,asian_handicap,Home +0.75,home,home@+0.75,+0.75,2.35,2026-08-21T14:32:46Z
2026-08-21T14:32:46Z,apifb215962,Trendyol Super Lig,2026-08-21T18:30:00+00:00,Erzurumspor FK,Galatasaray,apifb:1xBet,asian_handicap,Away +0.75,away,away@+0.75,+0.75,1.65,2026-08-21T14:32:46Z
2026-08-21T14:32:46Z,apifb215962,Trendyol Super Lig,2026-08-21T18:30:00+00:00,Erzurumspor FK,Galatasaray,apifb:1xBet,asian_handicap,Home +1,home,home@+1,+1,1.97,2026-08-21T14:32:46Z
2026-08-21T14:32:46Z,apifb215962,Trendyol Super Lig,2026-08-21T18:30:00+00:00,Erzurumspor FK,Galatasaray,apifb:1xBet,asian_handicap,Away +1,away,away@+1,+1,1.78,2026-08-21T14:32:46Z
2026-08-21T14:32:46Z,apifb215962,Trendyol Super Lig,2026-08-21T18:30:00+00:00,Erzurumspor FK,Galatasaray,apifb:1xBet,asian_handicap,Home +2,home,home@+2,+2,1.25,2026-08-21T14:32:46Z
2026-08-21T14:32:46Z,apifb215962,Trendyol Super Lig,2026-08-21T18:30:00+00:00,Erzurumspor FK,Galatasaray,apifb:1xBet,asian_handicap,Away +2,away,away@+2,+2,3.28,2026-08-21T14:32:46Z
2026-08-21T14:32:46Z,apifb215962,Trendyol Super Lig,2026-08-21T18:30:00+00:00,Erzurumspor FK,Galatasaray,apifb:1xBet,asian_handicap,Home +3,home,home@+3,+3,1.03,2026-08-21T14:32:46Z
2026-08-21T14:32:46Z,apifb215962,Trendyol Super Lig,2026-08-21T18:30:00+00:00,Erzurumspor FK,Galatasaray,apifb:1xBet,asian_handicap,Away +3,away,away@+3,+3,7.3,2026-08-21T14:32:46Z
2026-08-21T14:32:46Z,apifb215962,Trendyol Super Lig,2026-08-21T18:30:00+00:00,Erzurumspor FK,Galatasaray,apifb:1xBet,asian_handicap,Home +1.25,home,home@+1.25,+1.25,1.79,2026-08-21T14:32:46Z
2026-08-21T14:32:46Z,apifb215962,Trendyol Super Lig,2026-08-21T18:30:00+00:00,Erzurumspor FK,Galatasaray,apifb:1xBet,asian_handicap,Away +1.25,away,away@+1.25,+1.25,2.12,2026-08-21T14:32:46Z
2026-08-21T14:32:46Z,apifb215962,Trendyol Super Lig,2026-08-21T18:30:00+00:00,Erzurumspor FK,Galatasaray,apifb:1xBet,asian_handicap,Home +1.5,home,home@+1.5,+1.5,1.63,2026-08-21T14:32:46Z
2026-08-21T14:32:46Z,apifb215962,Trendyol Super Lig,2026-08-21T18:30:00+00:00,Erzurumspor FK,Galatasaray,apifb:1xBet,asian_handicap,Away +1.5,away,away@+1.5,+1.5,2.39,2026-08-21T14:32:46Z
2026-08-21T14:32:46Z,apifb215962,Trendyol Super Lig,2026-08-21T18:30:00+00:00,Erzurumspor FK,Galatasaray,apifb:1xBet,asian_handicap,Home +1.75,home,home@+1.75,+1.75,1.39,2026-08-21T14:32:46Z
2026-08-21T14:32:46Z,apifb215962,Trendyol Super Lig,2026-08-21T18:30:00+00:00,Erzurumspor FK,Galatasaray,apifb:1xBet,asian_handicap,Away +1.75,away,away@+1.75,+1.75,2.59,2026-08-21T14:32:46Z
2026-08-21T14:32:46Z,apifb215962,Trendyol Super Lig,2026-08-21T18:30:00+00:00,Erzurumspor FK,Galatasaray,apifb:1xBet,asian_handicap,Home +2.25,home,home@+2.25,+2.25,1.2,2026-08-21T14:32:46Z
2026-08-21T14:32:46Z,apifb215962,Trendyol Super Lig,2026-08-21T18:30:00+00:00,Erzurumspor FK,Galatasaray,apifb:1xBet,asian_handicap,Away +2.25,away,away@+2.25,+2.25,3.68,2026-08-21T14:32:46Z
2026-08-21T14:32:46Z,apifb215962,Trendyol Super Lig,2026-08-21T18:30:00+00:00,Erzurumspor FK,Galatasaray,apifb:1xBet,asian_handicap,Home +2.5,home,home@+2.5,+2.5,1.17,2026-08-21T14:32:46Z
2026-08-21T14:32:46Z,apifb215962,Trendyol Super Lig,2026-08-21T18:30:00+00:00,Erzurumspor FK,Galatasaray,apifb:1xBet,asian_handicap,Away +2.5,away,away@+2.5,+2.5,4.0,2026-08-21T14:32:46Z
2026-08-21T14:32:46Z,apifb215962,Trendyol Super Lig,2026-08-21T18:30:00+00:00,Erzurumspor FK,Galatasaray,apifb:1xBet,asian_handicap,Home +2.75,home,home@+2.75,+2.75,1.1,2026-08-21T14:32:46Z
2026-08-21T14:32:46Z,apifb215962,Trendyol Super Lig,2026-08-21T18:30:00+00:00,Erzurumspor FK,Galatasaray,apifb:1xBet,asian_handicap,Away +2.75,away,away@+2.75,+2.75,5.1,2026-08-21T14:32:46Z
2026-08-21T14:32:46Z,apifb215962,Trendyol Super Lig,2026-08-21T18:30:00+00:00,Erzurumspor FK,Galatasaray,apifb:1xBet,asian_handicap,Home +3.5,home,home@+3.5,+3.5,1.02,2026-08-21T14:32:46Z
2026-08-21T14:32:46Z,apifb215962,Trendyol Super Lig,2026-08-21T18:30:00+00:00,Erzurumspor FK,Galatasaray,apifb:1xBet,asian_handicap,Away +3.5,away,away@+3.5,+3.5,8.2,2026-08-21T14:32:46Z
2026-08-21T14:32:46Z,apifb215962,Trendyol Super Lig,2026-08-21T18:30:00+00:00,Erzurumspor FK,Galatasaray,apifb:1xBet,asian_handicap,Home +3.25,home,home@+3.25,+3.25,1.04,2026-08-21T14:32:46Z
2026-08-21T14:32:46Z,apifb215962,Trendyol Super Lig,2026-08-21T18:30:00+00:00,Erzurumspor FK,Galatasaray,apifb:1xBet,asian_handicap,Away +3.25,away,away@+3.25,+3.25,6.89,2026-08-21T14:32:46Z
2026-08-21T14:32:46Z,apifb215962,Trendyol Super Lig,2026-08-21T18:30:00+00:00,Erzurumspor FK,Galatasaray,apifb:1xBet,asian_handicap,Home +3.75,home,home@+3.75,+3.75,1.02,2026-08-21T14:32:46Z
2026-08-21T14:32:46Z,apifb215962,Trendyol Super Lig,2026-08-21T18:30:00+00:00,Erzurumspor FK,Galatasaray,apifb:1xBet,asian_handicap,Away +3.75,away,away@+3.75,+3.75,8.3,2026-08-21T14:32:46Z
2026-08-21T14:32:46Z,apifb215962,Trendyol Super Lig,2026-08-21T18:30:00+00:00,Erzurumspor FK,Galatasaray,apifb:1xBet,totals,Over 1.5,over,over@1.5,1.5,1.15,2026-08-21T14:32:46Z
2026-08-21T14:32:46Z,apifb215962,Trendyol Super Lig,2026-08-21T18:30:00+00:00,Erzurumspor FK,Galatasaray,apifb:1xBet,totals,Under 1.5,under,under@1.5,1.5,4.25,2026-08-21T14:32:46Z
2026-08-21T14:32:46Z,apifb215962,Trendyol Super Lig,2026-08-21T18:30:00+00:00,Erzurumspor FK,Galatasaray,apifb:1xBet,totals,Over 1.75,over,over@1.75,1.75,1.2,2026-08-21T14:32:46Z
2026-08-21T14:32:46Z,apifb215962,Trendyol Super Lig,2026-08-21T18:30:00+00:00,Erzurumspor FK,Galatasaray,apifb:1xBet,totals,Under 1.75,under,under@1.75,1.75,3.84,2026-08-21T14:32:46Z
2026-08-21T14:32:46Z,apifb215962,Trendyol Super Lig,2026-08-21T18:30:00+00:00,Erzurumspor FK,Galatasaray,apifb:1xBet,totals,Over 2.0,over,over@2.0,2.0,1.26,2026-08-21T14:32:46Z
2026-08-21T14:32:46Z,apifb215962,Trendyol Super Lig,2026-08-21T18:30:00+00:00,Erzurumspor FK,Galatasaray,apifb:1xBet,totals,Under 2.0,under,under@2.0,2.0,3.36,2026-08-21T14:32:46Z
2026-08-21T14:32:46Z,apifb215962,Trendyol Super Lig,2026-08-21T18:30:00+00:00,Erzurumspor FK,Galatasaray,apifb:1xBet,totals,Over 2.25,over,over@2.25,2.25,1.52,2026-08-21T14:32:46Z
2026-08-21T14:32:46Z,apifb215962,Trendyol Super Lig,2026-08-21T18:30:00+00:00,Erzurumspor FK,Galatasaray,apifb:1xBet,totals,Under 2.25,under,under@2.25,2.25,2.69,2026-08-21T14:32:46Z
2026-08-21T14:32:46Z,apifb215962,Trendyol Super Lig,2026-08-21T18:30:00+00:00,Erzurumspor FK,Galatasaray,apifb:1xBet,totals,Over 2.5,over,over@2.5,2.5,1.7,2026-08-21T14:32:46Z
2026-08-21T14:32:46Z,apifb215962,Trendyol Super Lig,2026-08-21T18:30:00+00:00,Erzurumspor FK,Galatasaray,apifb:1xBet,totals,Under 2.5,under,under@2.5,2.5,2.26,2026-08-21T14:32:46Z
2026-08-21T14:32:46Z,apifb215962,Trendyol Super Lig,2026-08-21T18:30:00+00:00,Erzurumspor FK,Galatasaray,apifb:1xBet,totals,Over 2.75,over,over@2.75,2.75,1.87,2026-08-21T14:32:46Z
2026-08-21T14:32:46Z,apifb215962,Trendyol Super Lig,2026-08-21T18:30:00+00:00,Erzurumspor FK,Galatasaray,apifb:1xBet,totals,Under 2.75,under,under@2.75,2.75,2.01,2026-08-21T14:32:46Z
2026-08-21T14:32:46Z,apifb215962,Trendyol Super Lig,2026-08-21T18:30:00+00:00,Erzurumspor FK,Galatasaray,apifb:1xBet,totals,Over 3.5,over,over@3.5,3.5,2.48,2026-08-21T14:32:46Z
2026-08-21T14:32:46Z,apifb215962,Trendyol Super Lig,2026-08-21T18:30:00+00:00,Erzurumspor FK,Galatasaray,apifb:1xBet,totals,Under 3.5,under,under@3.5,3.5,1.43,2026-08-21T14:32:46Z
2026-08-21T14:32:46Z,apifb215962,Trendyol Super Lig,2026-08-21T18:30:00+00:00,Erzurumspor FK,Galatasaray,apifb:1xBet,totals,Over 0.5,over,over@0.5,0.5,1.03,2026-08-21T14:32:46Z
2026-08-21T14:32:46Z,apifb215962,Trendyol Super Lig,2026-08-21T18:30:00+00:00,Erzurumspor FK,Galatasaray,apifb:1xBet,totals,Under 0.5,under,under@0.5,0.5,14.4,2026-08-21T14:32:46Z
2026-08-21T14:32:46Z,apifb215962,Trendyol Super Lig,2026-08-21T18:30:00+00:00,Erzurumspor FK,Galatasaray,apifb:1xBet,totals,Over 1.0,over,over@1.0,1.0,1.03,2026-08-21T14:32:46Z
2026-08-21T14:32:46Z,apifb215962,Trendyol Super Lig,2026-08-21T18:30:00+00:00,Erzurumspor FK,Galatasaray,apifb:1xBet,totals,Under 1.0,under,under@1.0,1.0,10.5,2026-08-21T14:32:46Z
2026-08-21T14:32:46Z,apifb215962,Trendyol Super Lig,2026-08-21T18:30:00+00:00,Erzurumspor FK,Galatasaray,apifb:1xBet,totals,Over 1.25,over,over@1.25,1.25,1.07,2026-08-21T14:32:46Z
2026-08-21T14:32:46Z,apifb215962,Trendyol Super Lig,2026-08-21T18:30:00+00:00,Erzurumspor FK,Galatasaray,apifb:1xBet,totals,Under 1.25,under,under@1.25,1.25,5.87,2026-08-21T14:32:46Z
2026-08-21T14:32:46Z,apifb215962,Trendyol Super Lig,2026-08-21T18:30:00+00:00,Erzurumspor FK,Galatasaray,apifb:1xBet,totals,Over 3.0,over,over@3.0,3.0,2.01,2026-08-21T14:32:46Z
2026-08-21T14:32:46Z,apifb215962,Trendyol Super Lig,2026-08-21T18:30:00+00:00,Erzurumspor FK,Galatasaray,apifb:1xBet,totals,Under 3.0,under,under@3.0,3.0,1.69,2026-08-21T14:32:46Z
2026-08-21T14:32:46Z,apifb215962,Trendyol Super Lig,2026-08-21T18:30:00+00:00,Erzurumspor FK,Galatasaray,apifb:1xBet,totals,Over 4.5,over,over@4.5,4.5,4.5,2026-08-21T14:32:46Z
2026-08-21T14:32:46Z,apifb215962,Trendyol Super Lig,2026-08-21T18:30:00+00:00,Erzurumspor FK,Galatasaray,apifb:1xBet,totals,Under 4.5,under,under@4.5,4.5,1.13,2026-08-21T14:32:46Z
2026-08-21T14:32:46Z,apifb215962,Trendyol Super Lig,2026-08-21T18:30:00+00:00,Erzurumspor FK,Galatasaray,apifb:1xBet,totals,Over 3.25,over,over@3.25,3.25,2.25,2026-08-21T14:32:46Z
2026-08-21T14:32:46Z,apifb215962,Trendyol Super Lig,2026-08-21T18:30:00+00:00,Erzurumspor FK,Galatasaray,apifb:1xBet,totals,Under 3.25,under,under@3.25,3.25,1.52,2026-08-21T14:32:46Z
2026-08-21T14:32:46Z,apifb215962,Trendyol Super Lig,2026-08-21T18:30:00+00:00,Erzurumspor FK,Galatasaray,apifb:1xBet,totals,Over 3.75,over,over@3.75,3.75,2.92,2026-08-21T14:32:46Z
2026-08-21T14:32:46Z,apifb215962,Trendyol Super Lig,2026-08-21T18:30:00+00:00,Erzurumspor FK,Galatasaray,apifb:1xBet,totals,Under 3.75,under,under@3.75,3.75,1.31,2026-08-21T14:32:46Z
2026-08-21T14:32:46Z,apifb215962,Trendyol Super Lig,2026-08-21T18:30:00+00:00,Erzurumspor FK,Galatasaray,apifb:1xBet,totals,Over 4.0,over,over@4.0,4.0,3.8,2026-08-21T14:32:46Z
2026-08-21T14:32:46Z,apifb215962,Trendyol Super Lig,2026-08-21T18:30:00+00:00,Erzurumspor FK,Galatasaray,apifb:1xBet,totals,Under 4.0,under,under@4.0,4.0,1.19,2026-08-21T14:32:46Z
2026-08-21T14:32:46Z,apifb215962,Trendyol Super Lig,2026-08-21T18:30:00+00:00,Erzurumspor FK,Galatasaray,apifb:1xBet,totals,Over 4.25,over,over@4.25,4.25,4.15,2026-08-21T14:32:46Z
2026-08-21T14:32:46Z,apifb215962,Trendyol Super Lig,2026-08-21T18:30:00+00:00,Erzurumspor FK,Galatasaray,apifb:1xBet,totals,Under 4.25,under,under@4.25,4.25,1.16,2026-08-21T14:32:46Z
2026-08-21T14:32:46Z,apifb215962,Trendyol Super Lig,2026-08-21T18:30:00+00:00,Erzurumspor FK,Galatasaray,apifb:1xBet,totals,Over 4.75,over,over@4.75,4.75,5.69,2026-08-21T14:32:46Z
2026-08-21T14:32:46Z,apifb215962,Trendyol Super Lig,2026-08-21T18:30:00+00:00,Erzurumspor FK,Galatasaray,apifb:1xBet,totals,Under 4.75,under,under@4.75,4.75,1.08,2026-08-21T14:32:46Z
2026-08-21T14:32:46Z,apifb215962,Trendyol Super Lig,2026-08-21T18:30:00+00:00,Erzurumspor FK,Galatasaray,apifb:1xBet,totals,Over 5.0,over,over@5.0,5.0,8.0,2026-08-21T14:32:46Z
2026-08-21T14:32:46Z,apifb215962,Trendyol Super Lig,2026-08-21T18:30:00+00:00,Erzurumspor FK,Galatasaray,apifb:1xBet,totals,Under 5.0,under,under@5.0,5.0,1.02,2026-08-21T14:32:46Z
2026-08-21T14:32:46Z,apifb215962,Trendyol Super Lig,2026-08-21T18:30:00+00:00,Erzurumspor FK,Galatasaray,apifb:1xBet,totals,Over 7.5,over,over@7.5,7.5,41.0,2026-08-21T14:32:46Z
2026-08-21T14:32:46Z,apifb215962,Trendyol Super Lig,2026-08-21T18:30:00+00:00,Erzurumspor FK,Galatasaray,apifb:1xBet,totals,Under 7.5,under,under@7.5,7.5,1.0,2026-08-21T14:32:46Z
2026-08-21T14:32:46Z,apifb215962,Trendyol Super Lig,2026-08-21T18:30:00+00:00,Erzurumspor FK,Galatasaray,apifb:1xBet,totals,Over 5.5,over,over@5.5,5.5,8.7,2026-08-21T14:32:46Z
2026-08-21T14:32:46Z,apifb215962,Trendyol Super Lig,2026-08-21T18:30:00+00:00,Erzurumspor FK,Galatasaray,apifb:1xBet,totals,Under 5.5,under,under@5.5,5.5,1.01,2026-08-21T14:32:46Z
2026-08-21T14:32:46Z,apifb215962,Trendyol Super Lig,2026-08-21T18:30:00+00:00,Erzurumspor FK,Galatasaray,apifb:1xBet,totals,Over 6.5,over,over@6.5,6.5,21.0,2026-08-21T14:32:46Z
2026-08-21T14:32:46Z,apifb215962,Trendyol Super Lig,2026-08-21T18:30:00+00:00,Erzurumspor FK,Galatasaray,apifb:1xBet,totals,Under 6.5,under,under@6.5,6.5,1.01,2026-08-21T14:32:46Z
2026-08-21T14:32:46Z,apifb215962,Trendyol Super Lig,2026-08-21T18:30:00+00:00,Erzurumspor FK,Galatasaray,apifb:Betano,h2h,Home,home,home,,6.5,2026-08-21T14:32:46Z
2026-08-21T14:32:46Z,apifb215962,Trendyol Super Lig,2026-08-21T18:30:00+00:00,Erzurumspor FK,Galatasaray,apifb:Betano,h2h,Draw,draw,draw,,4.25,2026-08-21T14:32:46Z
2026-08-21T14:32:46Z,apifb215962,Trendyol Super Lig,2026-08-21T18:30:00+00:00,Erzurumspor FK,Galatasaray,apifb:Betano,h2h,Away,away,away,,1.57,2026-08-21T14:32:46Z
2026-08-21T14:32:46Z,apifb215962,Trendyol Super Lig,2026-08-21T18:30:00+00:00,Erzurumspor FK,Galatasaray,apifb:Betano,asian_handicap,Home +0.25,home,home@+0.25,+0.25,3.2,2026-08-21T14:32:46Z
2026-08-21T14:32:46Z,apifb215962,Trendyol Super Lig,2026-08-21T18:30:00+00:00,Erzurumspor FK,Galatasaray,apifb:Betano,asian_handicap,Away +0.25,away,away@+0.25,+0.25,1.38,2026-08-21T14:32:46Z
2026-08-21T14:32:46Z,apifb215962,Trendyol Super Lig,2026-08-21T18:30:00+00:00,Erzurumspor FK,Galatasaray,apifb:Betano,asian_handicap,Home +0.5,home,home@+0.5,+0.5,2.55,2026-08-21T14:32:46Z
2026-08-21T14:32:46Z,apifb215962,Trendyol Super Lig,2026-08-21T18:30:00+00:00,Erzurumspor FK,Galatasaray,apifb:Betano,asian_handicap,Away +0.5,away,away@+0.5,+0.5,1.55,2026-08-21T14:32:46Z
2026-08-21T14:32:46Z,apifb215962,Trendyol Super Lig,2026-08-21T18:30:00+00:00,Erzurumspor FK,Galatasaray,apifb:Betano,asian_handicap,Home +0.75,home,home@+0.75,+0.75,2.25,2026-08-21T14:32:46Z
2026-08-21T14:32:46Z,apifb215962,Trendyol Super Lig,2026-08-21T18:30:00+00:00,Erzurumspor FK,Galatasaray,apifb:Betano,asian_handicap,Away +0.75,away,away@+0.75,+0.75,1.67,2026-08-21T14:32:46Z
2026-08-21T14:32:46Z,apifb215962,Trendyol Super Lig,2026-08-21T18:30:00+00:00,Erzurumspor FK,Galatasaray,apifb:Betano,asian_handicap,Home +1,home,home@+1,+1,1.95,2026-08-21T14:32:46Z
2026-08-21T14:32:46Z,apifb215962,Trendyol Super Lig,2026-08-21T18:30:00+00:00,Erzurumspor FK,Galatasaray,apifb:Betano,asian_handicap,Away +1,away,away@+1,+1,1.9,2026-08-21T14:32:46Z
2026-08-21T14:32:46Z,apifb215962,Trendyol Super Lig,2026-08-21T18:30:00+00:00,Erzurumspor FK,Galatasaray,apifb:Betano,asian_handicap,Home +2,home,home@+2,+2,1.35,2026-08-21T14:32:46Z
2026-08-21T14:32:46Z,apifb215962,Trendyol Super Lig,2026-08-21T18:30:00+00:00,Erzurumspor FK,Galatasaray,apifb:Betano,asian_handicap,Away +2,away,away@+2,+2,3.3,2026-08-21T14:32:46Z
2026-08-21T14:32:46Z,apifb215962,Trendyol Super Lig,2026-08-21T18:30:00+00:00,Erzurumspor FK,Galatasaray,apifb:Betano,asian_handicap,Home +1.25,home,home@+1.25,+1.25,1.72,2026-08-21T14:32:46Z
2026-08-21T14:32:46Z,apifb215962,Trendyol Super Lig,2026-08-21T18:30:00+00:00,Erzurumspor FK,Galatasaray,apifb:Betano,asian_handicap,Away +1.25,away,away@+1.25,+1.25,2.2,2026-08-21T14:32:46Z
2026-08-21T14:32:46Z,apifb215962,Trendyol Super Lig,2026-08-21T18:30:00+00:00,Erzurumspor FK,Galatasaray,apifb:Betano,asian_handicap,Home +1.5,home,home@+1.5,+1.5,1.57,2026-08-21T14:32:46Z
2026-08-21T14:32:46Z,apifb215962,Trendyol Super Lig,2026-08-21T18:30:00+00:00,Erzurumspor FK,Galatasaray,apifb:Betano,asian_handicap,Away +1.5,away,away@+1.5,+1.5,2.5,2026-08-21T14:32:46Z
2026-08-21T14:32:46Z,apifb215962,Trendyol Super Lig,2026-08-21T18:30:00+00:00,Erzurumspor FK,Galatasaray,apifb:Betano,asian_handicap,Home +1.75,home,home@+1.75,+1.75,1.42,2026-08-21T14:32:46Z
2026-08-21T14:32:46Z,apifb215962,Trendyol Super Lig,2026-08-21T18:30:00+00:00,Erzurumspor FK,Galatasaray,apifb:Betano,asian_handicap,Away +1.75,away,away@+1.75,+1.75,2.95,2026-08-21T14:32:46Z
2026-08-21T14:32:46Z,apifb215962,Trendyol Super Lig,2026-08-21T18:30:00+00:00,Erzurumspor FK,Galatasaray,apifb:Betano,asian_handicap,Home +2.25,home,home@+2.25,+2.25,1.4,2026-08-21T14:32:46Z
2026-08-21T14:32:46Z,apifb215962,Trendyol Super Lig,2026-08-21T18:30:00+00:00,Erzurumspor FK,Galatasaray,apifb:Betano,asian_handicap,Away +2.25,away,away@+2.25,+2.25,3.05,2026-08-21T14:32:46Z
2026-08-21T14:32:46Z,apifb215962,Trendyol Super Lig,2026-08-21T18:30:00+00:00,Erzurumspor FK,Galatasaray,apifb:Betano,totals,Over 1.5,over,over@1.5,1.5,1.23,2026-08-21T14:32:46Z
2026-08-21T14:32:46Z,apifb215962,Trendyol Super Lig,2026-08-21T18:30:00+00:00,Erzurumspor FK,Galatasaray,apifb:Betano,totals,Under 1.5,under,under@1.5,1.5,4.2,2026-08-21T14:32:46Z
2026-08-21T14:32:46Z,apifb215962,Trendyol Super Lig,2026-08-21T18:30:00+00:00,Erzurumspor FK,Galatasaray,apifb:Betano,totals,Over 2.0,over,over@2.0,2.0,1.35,2026-08-21T14:32:46Z
2026-08-21T14:32:46Z,apifb215962,Trendyol Super Lig,2026-08-21T18:30:00+00:00,Erzurumspor FK,Galatasaray,apifb:Betano,totals,Under 2.0,under,under@2.0,2.0,3.35,2026-08-21T14:32:46Z
2026-08-21T14:32:46Z,apifb215962,Trendyol Super Lig,2026-08-21T18:30:00+00:00,Erzurumspor FK,Galatasaray,apifb:Betano,totals,Over 2.25,over,over@2.25,2.25,1.52,2026-08-21T14:32:46Z
2026-08-21T14:32:46Z,apifb215962,Trendyol Super Lig,2026-08-21T18:30:00+00:00,Erzurumspor FK,Galatasaray,apifb:Betano,totals,Under 2.25,under,under@2.25,2.25,2.62,2026-08-21T14:32:46Z
2026-08-21T14:32:46Z,apifb215962,Trendyol Super Lig,2026-08-21T18:30:00+00:00,Erzurumspor FK,Galatasaray,apifb:Betano,totals,Over 2.5,over,over@2.5,2.5,1.7,2026-08-21T14:32:46Z
2026-08-21T14:32:46Z,apifb215962,Trendyol Super Lig,2026-08-21T18:30:00+00:00,Erzurumspor FK,Galatasaray,apifb:Betano,totals,Under 2.5,under,under@2.5,2.5,2.2,2026-08-21T14:32:46Z
2026-08-21T14:32:46Z,apifb215962,Trendyol Super Lig,2026-08-21T18:30:00+00:00,Erzurumspor FK,Galatasaray,apifb:Betano,totals,Over 2.75,over,over@2.75,2.75,1.88,2026-08-21T14:32:46Z
2026-08-21T14:32:46Z,apifb215962,Trendyol Super Lig,2026-08-21T18:30:00+00:00,Erzurumspor FK,Galatasaray,apifb:Betano,totals,Under 2.75,under,under@2.75,2.75,1.98,2026-08-21T14:32:46Z
2026-08-21T14:32:46Z,apifb215962,Trendyol Super Lig,2026-08-21T18:30:00+00:00,Erzurumspor FK,Galatasaray,apifb:Betano,totals,Over 3.5,over,over@3.5,3.5,2.7,2026-08-21T14:32:46Z
2026-08-21T14:32:46Z,apifb215962,Trendyol Super Lig,2026-08-21T18:30:00+00:00,Erzurumspor FK,Galatasaray,apifb:Betano,totals,Under 3.5,under,under@3.5,3.5,1.5,2026-08-21T14:32:46Z
2026-08-21T14:32:46Z,apifb215962,Trendyol Super Lig,2026-08-21T18:30:00+00:00,Erzurumspor FK,Galatasaray,apifb:Betano,totals,Over 0.5,over,over@0.5,0.5,1.05,2026-08-21T14:32:46Z
2026-08-21T14:32:46Z,apifb215962,Trendyol Super Lig,2026-08-21T18:30:00+00:00,Erzurumspor FK,Galatasaray,apifb:Betano,totals,Under 0.5,under,under@0.5,0.5,10.5,2026-08-21T14:32:46Z
2026-08-21T14:32:46Z,apifb215962,Trendyol Super Lig,2026-08-21T18:30:00+00:00,Erzurumspor FK,Galatasaray,apifb:Betano,totals,Over 3.0,over,over@3.0,3.0,2.15,2026-08-21T14:32:46Z
2026-08-21T14:32:46Z,apifb215962,Trendyol Super Lig,2026-08-21T18:30:00+00:00,Erzurumspor FK,Galatasaray,apifb:Betano,totals,Under 3.0,under,under@3.0,3.0,1.75,2026-08-21T14:32:46Z
2026-08-21T14:32:46Z,apifb215962,Trendyol Super Lig,2026-08-21T18:30:00+00:00,Erzurumspor FK,Galatasaray,apifb:Betano,totals,Over 4.5,over,over@4.5,4.5,4.7,2026-08-21T14:32:46Z
2026-08-21T14:32:46Z,apifb215962,Trendyol Super Lig,2026-08-21T18:30:00+00:00,Erzurumspor FK,Galatasaray,apifb:Betano,totals,Under 4.5,under,under@4.5,4.5,1.19,2026-08-21T14:32:46Z
2026-08-21T14:32:46Z,apifb215962,Trendyol Super Lig,2026-08-21T18:30:00+00:00,Erzurumspor FK,Galatasaray,apifb:Betano,totals,Over 3.25,over,over@3.25,3.25,2.42,2026-08-21T14:32:46Z
2026-08-21T14:32:46Z,apifb215962,Trendyol Super Lig,2026-08-21T18:30:00+00:00,Erzurumspor FK,Galatasaray,apifb:Betano,totals,Under 3.25,under,under@3.25,3.25,1.6,2026-08-21T14:32:46Z
2026-08-21T14:32:46Z,apifb215962,Trendyol Super Lig,2026-08-21T18:30:00+00:00,Erzurumspor FK,Galatasaray,apifb:Betano,totals,Over 3.75,over,over@3.75,3.75,3.25,2026-08-21T14:32:46Z
2026-08-21T14:32:46Z,apifb215962,Trendyol Super Lig,2026-08-21T18:30:00+00:00,Erzurumspor FK,Galatasaray,apifb:Betano,totals,Under 3.75,under,under@3.75,3.75,1.37,2026-08-21T14:32:46Z
2026-08-21T14:32:46Z,apifb215962,Trendyol Super Lig,2026-08-21T18:30:00+00:00,Erzurumspor FK,Galatasaray,apifb:Betano,totals,Over 5.5,over,over@5.5,5.5,8.5,2026-08-21T14:32:46Z
2026-08-21T14:32:46Z,apifb215962,Trendyol Super Lig,2026-08-21T18:30:00+00:00,Erzurumspor FK,Galatasaray,apifb:Betano,totals,Under 5.5,under,under@5.5,5.5,1.07,2026-08-21T14:32:46Z
2026-08-21T14:32:46Z,apifb215962,Trendyol Super Lig,2026-08-21T18:30:00+00:00,Erzurumspor FK,Galatasaray,apifb:Betano,totals,Over 6.5,over,over@6.5,6.5,13.5,2026-08-21T14:32:46Z
2026-08-21T14:32:46Z,apifb215962,Trendyol Super Lig,2026-08-21T18:30:00+00:00,Erzurumspor FK,Galatasaray,apifb:Betano,totals,Under 6.5,under,under@6.5,6.5,1.03,2026-08-21T14:32:46Z
2026-08-21T14:32:46Z,apifb215962,Trendyol Super Lig,2026-08-21T18:30:00+00:00,Erzurumspor FK,Galatasaray,apifb:Superbet,h2h,Home,home,home,,6.0,2026-08-21T14:32:46Z
2026-08-21T14:32:46Z,apifb215962,Trendyol Super Lig,2026-08-21T18:30:00+00:00,Erzurumspor FK,Galatasaray,apifb:Superbet,h2h,Draw,draw,draw,,4.4,2026-08-21T14:32:46Z
2026-08-21T14:32:46Z,apifb215962,Trendyol Super Lig,2026-08-21T18:30:00+00:00,Erzurumspor FK,Galatasaray,apifb:Superbet,h2h,Away,away,away,,1.49,2026-08-21T14:32:46Z
2026-08-21T14:32:46Z,apifb215962,Trendyol Super Lig,2026-08-21T18:30:00+00:00,Erzurumspor FK,Galatasaray,apifb:Superbet,asian_handicap,Home -0.5,home,home@-0.5,-0.5,5.4,2026-08-21T14:32:46Z
2026-08-21T14:32:46Z,apifb215962,Trendyol Super Lig,2026-08-21T18:30:00+00:00,Erzurumspor FK,Galatasaray,apifb:Superbet,asian_handicap,Away -0.5,away,away@-0.5,-0.5,1.12,2026-08-21T14:32:46Z
2026-08-21T14:32:46Z,apifb215962,Trendyol Super Lig,2026-08-21T18:30:00+00:00,Erzurumspor FK,Galatasaray,apifb:Superbet,asian_handicap,Home +0.5,home,home@+0.5,+0.5,2.5,2026-08-21T14:32:46Z
2026-08-21T14:32:46Z,apifb215962,Trendyol Super Lig,2026-08-21T18:30:00+00:00,Erzurumspor FK,Galatasaray,apifb:Superbet,asian_handicap,Away +0.5,away,away@+0.5,+0.5,1.47,2026-08-21T14:32:46Z
2026-08-21T14:32:46Z,apifb215962,Trendyol Super Lig,2026-08-21T18:30:00+00:00,Erzurumspor FK,Galatasaray,apifb:Superbet,asian_handicap,Home +1.5,home,home@+1.5,+1.5,1.57,2026-08-21T14:32:46Z
2026-08-21T14:32:46Z,apifb215962,Trendyol Super Lig,2026-08-21T18:30:00+00:00,Erzurumspor FK,Galatasaray,apifb:Superbet,asian_handicap,Away +1.5,away,away@+1.5,+1.5,2.27,2026-08-21T14:32:46Z
2026-08-21T14:32:46Z,apifb215962,Trendyol Super Lig,2026-08-21T18:30:00+00:00,Erzurumspor FK,Galatasaray,apifb:Superbet,asian_handicap,Home +2.5,home,home@+2.5,+2.5,1.2,2026-08-21T14:32:46Z
2026-08-21T14:32:46Z,apifb215962,Trendyol Super Lig,2026-08-21T18:30:00+00:00,Erzurumspor FK,Galatasaray,apifb:Superbet,asian_handicap,Away +2.5,away,away@+2.5,+2.5,4.1,2026-08-21T14:32:46Z
2026-08-21T14:32:46Z,apifb215962,Trendyol Super Lig,2026-08-21T18:30:00+00:00,Erzurumspor FK,Galatasaray,apifb:Superbet,asian_handicap,Home +3.5,home,home@+3.5,+3.5,1.05,2026-08-21T14:32:46Z
2026-08-21T14:32:46Z,apifb215962,Trendyol Super Lig,2026-08-21T18:30:00+00:00,Erzurumspor FK,Galatasaray,apifb:Superbet,asian_handicap,Away +3.5,away,away@+3.5,+3.5,7.7,2026-08-21T14:32:46Z
2026-08-21T14:32:46Z,apifb215962,Trendyol Super Lig,2026-08-21T18:30:00+00:00,Erzurumspor FK,Galatasaray,apifb:Superbet,totals,Over 1.5,over,over@1.5,1.5,1.22,2026-08-21T14:32:46Z
2026-08-21T14:32:46Z,apifb215962,Trendyol Super Lig,2026-08-21T18:30:00+00:00,Erzurumspor FK,Galatasaray,apifb:Superbet,totals,Under 1.5,under,under@1.5,1.5,4.3,2026-08-21T14:32:46Z
2026-08-21T14:32:46Z,apifb215962,Trendyol Super Lig,2026-08-21T18:30:00+00:00,Erzurumspor FK,Galatasaray,apifb:Superbet,totals,Over 2.5,over,over@2.5,2.5,1.7,2026-08-21T14:32:46Z
2026-08-21T14:32:46Z,apifb215962,Trendyol Super Lig,2026-08-21T18:30:00+00:00,Erzurumspor FK,Galatasaray,apifb:Superbet,totals,Under 2.5,under,under@2.5,2.5,2.17,2026-08-21T14:32:46Z
2026-08-21T14:32:46Z,apifb215962,Trendyol Super Lig,2026-08-21T18:30:00+00:00,Erzurumspor FK,Galatasaray,apifb:Superbet,totals,Over 3.5,over,over@3.5,3.5,2.72,2026-08-21T14:32:46Z
2026-08-21T14:32:46Z,apifb215962,Trendyol Super Lig,2026-08-21T18:30:00+00:00,Erzurumspor FK,Galatasaray,apifb:Superbet,totals,Under 3.5,under,under@3.5,3.5,1.46,2026-08-21T14:32:46Z
2026-08-21T14:32:46Z,apifb215962,Trendyol Super Lig,2026-08-21T18:30:00+00:00,Erzurumspor FK,Galatasaray,apifb:Superbet,totals,Over 0.5,over,over@0.5,0.5,1.04,2026-08-21T14:32:46Z
2026-08-21T14:32:46Z,apifb215962,Trendyol Super Lig,2026-08-21T18:30:00+00:00,Erzurumspor FK,Galatasaray,apifb:Superbet,totals,Under 0.5,under,under@0.5,0.5,13.0,2026-08-21T14:32:46Z
2026-08-21T14:32:46Z,apifb215962,Trendyol Super Lig,2026-08-21T18:30:00+00:00,Erzurumspor FK,Galatasaray,apifb:Superbet,totals,Over 4.5,over,over@4.5,4.5,5.0,2026-08-21T14:32:46Z
2026-08-21T14:32:46Z,apifb215962,Trendyol Super Lig,2026-08-21T18:30:00+00:00,Erzurumspor FK,Galatasaray,apifb:Superbet,totals,Under 4.5,under,under@4.5,4.5,1.18,2026-08-21T14:32:46Z
2026-08-21T14:32:46Z,apifb215962,Trendyol Super Lig,2026-08-21T18:30:00+00:00,Erzurumspor FK,Galatasaray,apifb:Superbet,totals,Over 5.5,over,over@5.5,5.5,9.6,2026-08-21T14:32:46Z
2026-08-21T14:32:46Z,apifb215962,Trendyol Super Lig,2026-08-21T18:30:00+00:00,Erzurumspor FK,Galatasaray,apifb:Superbet,totals,Under 5.5,under,under@5.5,5.5,1.06,2026-08-21T14:32:46Z
2026-08-21T14:32:46Z,apifb215962,Trendyol Super Lig,2026-08-21T18:30:00+00:00,Erzurumspor FK,Galatasaray,apifb:Superbet,totals,Over 6.5,over,over@6.5,6.5,21.0,2026-08-21T14:32:46Z
2026-08-21T14:32:46Z,apifb215962,Trendyol Super Lig,2026-08-21T18:30:00+00:00,Erzurumspor FK,Galatasaray,apifb:Superbet,totals,Under 6.5,under,under@6.5,6.5,1.02,2026-08-21T14:32:46Z
2026-08-21T14:32:46Z,apifb215962,Trendyol Super Lig,2026-08-21T18:30:00+00:00,Erzurumspor FK,Galatasaray,apifb:888Sport,h2h,Home,home,home,,7.5,2026-08-21T14:32:46Z
2026-08-21T14:32:46Z,apifb215962,Trendyol Super Lig,2026-08-21T18:30:00+00:00,Erzurumspor FK,Galatasaray,apifb:888Sport,h2h,Draw,draw,draw,,4.0,2026-08-21T14:32:46Z
2026-08-21T14:32:46Z,apifb215962,Trendyol Super Lig,2026-08-21T18:30:00+00:00,Erzurumspor FK,Galatasaray,apifb:888Sport,h2h,Away,away,away,,1.4,2026-08-21T14:32:46Z
2026-08-21T14:32:46Z,apifb215962,Trendyol Super Lig,2026-08-21T18:30:00+00:00,Erzurumspor FK,Galatasaray,apifb:888Sport,totals,Over 1.5,over,over@1.5,1.5,1.22,2026-08-21T14:32:46Z
2026-08-21T14:32:46Z,apifb215962,Trendyol Super Lig,2026-08-21T18:30:00+00:00,Erzurumspor FK,Galatasaray,apifb:888Sport,totals,Under 1.5,under,under@1.5,1.5,4.0,2026-08-21T14:32:46Z
2026-08-21T14:32:46Z,apifb215962,Trendyol Super Lig,2026-08-21T18:30:00+00:00,Erzurumspor FK,Galatasaray,apifb:888Sport,totals,Over 2.5,over,over@2.5,2.5,1.7,2026-08-21T14:32:46Z
2026-08-21T14:32:46Z,apifb215962,Trendyol Super Lig,2026-08-21T18:30:00+00:00,Erzurumspor FK,Galatasaray,apifb:888Sport,totals,Under 2.5,under,under@2.5,2.5,2.05,2026-08-21T14:32:46Z
2026-08-21T14:32:46Z,apifb215962,Trendyol Super Lig,2026-08-21T18:30:00+00:00,Erzurumspor FK,Galatasaray,apifb:888Sport,totals,Over 3.5,over,over@3.5,3.5,2.75,2026-08-21T14:32:46Z
2026-08-21T14:32:46Z,apifb215962,Trendyol Super Lig,2026-08-21T18:30:00+00:00,Erzurumspor FK,Galatasaray,apifb:888Sport,totals,Under 3.5,under,under@3.5,3.5,1.4,2026-08-21T14:32:46Z
2026-08-21T14:32:46Z,apifb215962,Trendyol Super Lig,2026-08-21T18:30:00+00:00,Erzurumspor FK,Galatasaray,apifb:888Sport,totals,Over 0.5,over,over@0.5,0.5,1.04,2026-08-21T14:32:46Z
2026-08-21T14:32:46Z,apifb215962,Trendyol Super Lig,2026-08-21T18:30:00+00:00,Erzurumspor FK,Galatasaray,apifb:888Sport,totals,Under 0.5,under,under@0.5,0.5,12.0,2026-08-21T14:32:46Z
2026-08-21T14:32:46Z,apifb215962,Trendyol Super Lig,2026-08-21T18:30:00+00:00,Erzurumspor FK,Galatasaray,apifb:888Sport,totals,Over 4.5,over,over@4.5,4.5,5.0,2026-08-21T14:32:46Z
2026-08-21T14:32:46Z,apifb215962,Trendyol Super Lig,2026-08-21T18:30:00+00:00,Erzurumspor FK,Galatasaray,apifb:888Sport,totals,Under 4.5,under,under@4.5,4.5,1.15,2026-08-21T14:32:46Z
2026-08-21T14:32:46Z,apifb215962,Trendyol Super Lig,2026-08-21T18:30:00+00:00,Erzurumspor FK,Galatasaray,apifb:888Sport,totals,Over 5.5,over,over@5.5,5.5,10.0,2026-08-21T14:32:46Z
2026-08-21T14:32:46Z,apifb215962,Trendyol Super Lig,2026-08-21T18:30:00+00:00,Erzurumspor FK,Galatasaray,apifb:888Sport,totals,Under 5.5,under,under@5.5,5.5,1.05,2026-08-21T14:32:46Z
2026-08-21T14:32:46Z,apifb215962,Trendyol Super Lig,2026-08-21T18:30:00+00:00,Erzurumspor FK,Galatasaray,apifb:Dafabet,h2h,Home,home,home,,6.4,2026-08-21T14:32:46Z
2026-08-21T14:32:46Z,apifb215962,Trendyol Super Lig,2026-08-21T18:30:00+00:00,Erzurumspor FK,Galatasaray,apifb:Dafabet,h2h,Draw,draw,draw,,4.5,2026-08-21T14:32:46Z
2026-08-21T14:32:46Z,apifb215962,Trendyol Super Lig,2026-08-21T18:30:00+00:00,Erzurumspor FK,Galatasaray,apifb:Dafabet,h2h,Away,away,away,,1.5,2026-08-21T14:32:46Z
2026-08-21T14:34:28Z,apifb220055,哥甲,2026-08-21T21:05:00+00:00,Jaguares de Córdoba,Boyacá Chicó FC,apifb:10Bet,h2h,Home,home,home,,1.9,2026-08-21T14:34:28Z
2026-08-21T14:34:28Z,apifb220055,哥甲,2026-08-21T21:05:00+00:00,Jaguares de Córdoba,Boyacá Chicó FC,apifb:10Bet,h2h,Draw,draw,draw,,3.25,2026-08-21T14:34:28Z
2026-08-21T14:34:28Z,apifb220055,哥甲,2026-08-21T21:05:00+00:00,Jaguares de Córdoba,Boyacá Chicó FC,apifb:10Bet,h2h,Away,away,away,,4.3,2026-08-21T14:34:28Z
2026-08-21T14:34:28Z,apifb220055,哥甲,2026-08-21T21:05:00+00:00,Jaguares de Córdoba,Boyacá Chicó FC,apifb:10Bet,asian_handicap,Home -0.5,home,home@-0.5,-0.5,1.85,2026-08-21T14:34:28Z
2026-08-21T14:34:28Z,apifb220055,哥甲,2026-08-21T21:05:00+00:00,Jaguares de Córdoba,Boyacá Chicó FC,apifb:10Bet,asian_handicap,Away -0.5,away,away@-0.5,-0.5,1.9,2026-08-21T14:34:28Z
2026-08-21T14:34:28Z,apifb220055,哥甲,2026-08-21T21:05:00+00:00,Jaguares de Córdoba,Boyacá Chicó FC,apifb:10Bet,asian_handicap,Home +0,home,home@+0,+0,1.36,2026-08-21T14:34:28Z
2026-08-21T14:34:28Z,apifb220055,哥甲,2026-08-21T21:05:00+00:00,Jaguares de Córdoba,Boyacá Chicó FC,apifb:10Bet,asian_handicap,Away +0,away,away@+0,+0,2.95,2026-08-21T14:34:28Z
2026-08-21T14:34:28Z,apifb220055,哥甲,2026-08-21T21:05:00+00:00,Jaguares de Córdoba,Boyacá Chicó FC,apifb:10Bet,totals,Over 1.5,over,over@1.5,1.5,1.45,2026-08-21T14:34:28Z
2026-08-21T14:34:28Z,apifb220055,哥甲,2026-08-21T21:05:00+00:00,Jaguares de Córdoba,Boyacá Chicó FC,apifb:10Bet,totals,Under 1.5,under,under@1.5,1.5,2.7,2026-08-21T14:34:28Z
2026-08-21T14:34:28Z,apifb220055,哥甲,2026-08-21T21:05:00+00:00,Jaguares de Córdoba,Boyacá Chicó FC,apifb:10Bet,totals,Over 2.5,over,over@2.5,2.5,2.38,2026-08-21T14:34:28Z
2026-08-21T14:34:28Z,apifb220055,哥甲,2026-08-21T21:05:00+00:00,Jaguares de Córdoba,Boyacá Chicó FC,apifb:10Bet,totals,Under 2.5,under,under@2.5,2.5,1.57,2026-08-21T14:34:28Z
2026-08-21T14:34:28Z,apifb220055,哥甲,2026-08-21T21:05:00+00:00,Jaguares de Córdoba,Boyacá Chicó FC,apifb:10Bet,totals,Over 3.5,over,over@3.5,3.5,4.5,2026-08-21T14:34:28Z
2026-08-21T14:34:28Z,apifb220055,哥甲,2026-08-21T21:05:00+00:00,Jaguares de Córdoba,Boyacá Chicó FC,apifb:10Bet,totals,Under 3.5,under,under@3.5,3.5,1.2,2026-08-21T14:34:28Z
2026-08-21T14:34:28Z,apifb220055,哥甲,2026-08-21T21:05:00+00:00,Jaguares de Córdoba,Boyacá Chicó FC,apifb:10Bet,totals,Over 0.5,over,over@0.5,0.5,1.09,2026-08-21T14:34:28Z
2026-08-21T14:34:28Z,apifb220055,哥甲,2026-08-21T21:05:00+00:00,Jaguares de Córdoba,Boyacá Chicó FC,apifb:10Bet,totals,Under 0.5,under,under@0.5,0.5,7.0,2026-08-21T14:34:28Z
2026-08-21T14:34:28Z,apifb220055,哥甲,2026-08-21T21:05:00+00:00,Jaguares de Córdoba,Boyacá Chicó FC,apifb:10Bet,totals,Over 4.5,over,over@4.5,4.5,9.0,2026-08-21T14:34:28Z
2026-08-21T14:34:28Z,apifb220055,哥甲,2026-08-21T21:05:00+00:00,Jaguares de Córdoba,Boyacá Chicó FC,apifb:10Bet,totals,Under 4.5,under,under@4.5,4.5,1.05,2026-08-21T14:34:28Z
2026-08-21T14:34:28Z,apifb220055,哥甲,2026-08-21T21:05:00+00:00,Jaguares de Córdoba,Boyacá Chicó FC,apifb:William Hill,h2h,Home,home,home,,1.85,2026-08-21T14:34:28Z
2026-08-21T14:34:28Z,apifb220055,哥甲,2026-08-21T21:05:00+00:00,Jaguares de Córdoba,Boyacá Chicó FC,apifb:William Hill,h2h,Draw,draw,draw,,3.1,2026-08-21T14:34:28Z
2026-08-21T14:34:28Z,apifb220055,哥甲,2026-08-21T21:05:00+00:00,Jaguares de Córdoba,Boyacá Chicó FC,apifb:William Hill,h2h,Away,away,away,,4.4,2026-08-21T14:34:28Z
2026-08-21T14:34:28Z,apifb220055,哥甲,2026-08-21T21:05:00+00:00,Jaguares de Córdoba,Boyacá Chicó FC,apifb:Bet365,h2h,Home,home,home,,1.85,2026-08-21T14:34:28Z
2026-08-21T14:34:28Z,apifb220055,哥甲,2026-08-21T21:05:00+00:00,Jaguares de Córdoba,Boyacá Chicó FC,apifb:Bet365,h2h,Draw,draw,draw,,3.2,2026-08-21T14:34:28Z
2026-08-21T14:34:28Z,apifb220055,哥甲,2026-08-21T21:05:00+00:00,Jaguares de Córdoba,Boyacá Chicó FC,apifb:Bet365,h2h,Away,away,away,,4.75,2026-08-21T14:34:28Z
2026-08-21T14:34:28Z,apifb220055,哥甲,2026-08-21T21:05:00+00:00,Jaguares de Córdoba,Boyacá Chicó FC,apifb:Bet365,asian_handicap,Home -1.25,home,home@-1.25,-1.25,3.0,2026-08-21T14:34:28Z
2026-08-21T14:34:28Z,apifb220055,哥甲,2026-08-21T21:05:00+00:00,Jaguares de Córdoba,Boyacá Chicó FC,apifb:Bet365,asian_handicap,Away -1.25,away,away@-1.25,-1.25,1.38,2026-08-21T14:34:28Z
2026-08-21T14:34:28Z,apifb220055,哥甲,2026-08-21T21:05:00+00:00,Jaguares de Córdoba,Boyacá Chicó FC,apifb:Bet365,asian_handicap,Home -1,home,home@-1,-1,2.6,2026-08-21T14:34:28Z
2026-08-21T14:34:28Z,apifb220055,哥甲,2026-08-21T21:05:00+00:00,Jaguares de Córdoba,Boyacá Chicó FC,apifb:Bet365,asian_handicap,Away -1,away,away@-1,-1,1.48,2026-08-21T14:34:28Z
2026-08-21T14:34:28Z,apifb220055,哥甲,2026-08-21T21:05:00+00:00,Jaguares de Córdoba,Boyacá Chicó FC,apifb:Bet365,asian_handicap,Home -0.75,home,home@-0.75,-0.75,2.1,2026-08-21T14:34:28Z
2026-08-21T14:34:28Z,apifb220055,哥甲,2026-08-21T21:05:00+00:00,Jaguares de Córdoba,Boyacá Chicó FC,apifb:Bet365,asian_handicap,Away -0.75,away,away@-0.75,-0.75,1.7,2026-08-21T14:34:28Z
2026-08-21T14:34:28Z,apifb220055,哥甲,2026-08-21T21:05:00+00:00,Jaguares de Córdoba,Boyacá Chicó FC,apifb:Bet365,asian_handicap,Home -0.5,home,home@-0.5,-0.5,1.85,2026-08-21T14:34:28Z
2026-08-21T14:34:28Z,apifb220055,哥甲,2026-08-21T21:05:00+00:00,Jaguares de Córdoba,Boyacá Chicó FC,apifb:Bet365,asian_handicap,Away -0.5,away,away@-0.5,-0.5,1.95,2026-08-21T14:34:28Z
2026-08-21T14:34:28Z,apifb220055,哥甲,2026-08-21T21:05:00+00:00,Jaguares de Córdoba,Boyacá Chicó FC,apifb:Bet365,asian_handicap,Home -0.25,home,home@-0.25,-0.25,1.6,2026-08-21T14:34:28Z
2026-08-21T14:34:28Z,apifb220055,哥甲,2026-08-21T21:05:00+00:00,Jaguares de Córdoba,Boyacá Chicó FC,apifb:Bet365,asian_handicap,Away -0.25,away,away@-0.25,-0.25,2.3,2026-08-21T14:34:28Z
2026-08-21T14:34:28Z,apifb220055,哥甲,2026-08-21T21:05:00+00:00,Jaguares de Córdoba,Boyacá Chicó FC,apifb:Bet365,asian_handicap,Home +0,home,home@+0,+0,1.32,2026-08-21T14:34:28Z
2026-08-21T14:34:28Z,apifb220055,哥甲,2026-08-21T21:05:00+00:00,Jaguares de Córdoba,Boyacá Chicó FC,apifb:Bet365,asian_handicap,Away +0,away,away@+0,+0,3.3,2026-08-21T14:34:28Z
2026-08-21T14:34:28Z,apifb220055,哥甲,2026-08-21T21:05:00+00:00,Jaguares de Córdoba,Boyacá Chicó FC,apifb:Bet365,asian_handicap,Home +0.25,home,home@+0.25,+0.25,1.25,2026-08-21T14:34:28Z
2026-08-21T14:34:28Z,apifb220055,哥甲,2026-08-21T21:05:00+00:00,Jaguares de Córdoba,Boyacá Chicó FC,apifb:Bet365,asian_handicap,Away +0.25,away,away@+0.25,+0.25,3.8,2026-08-21T14:34:28Z
2026-08-21T14:34:28Z,apifb220055,哥甲,2026-08-21T21:05:00+00:00,Jaguares de Córdoba,Boyacá Chicó FC,apifb:Bet365,asian_handicap,Home +0.5,home,home@+0.5,+0.5,1.2,2026-08-21T14:34:28Z
2026-08-21T14:34:28Z,apifb220055,哥甲,2026-08-21T21:05:00+00:00,Jaguares de Córdoba,Boyacá Chicó FC,apifb:Bet365,asian_handicap,Away +0.5,away,away@+0.5,+0.5,4.4,2026-08-21T14:34:28Z
2026-08-21T14:34:28Z,apifb220055,哥甲,2026-08-21T21:05:00+00:00,Jaguares de Córdoba,Boyacá Chicó FC,apifb:Bet365,asian_handicap,Home +0.75,home,home@+0.75,+0.75,1.12,2026-08-21T14:34:28Z
2026-08-21T14:34:28Z,apifb220055,哥甲,2026-08-21T21:05:00+00:00,Jaguares de Córdoba,Boyacá Chicó FC,apifb:Bet365,asian_handicap,Away +0.75,away,away@+0.75,+0.75,6.0,2026-08-21T14:34:28Z
2026-08-21T14:34:28Z,apifb220055,哥甲,2026-08-21T21:05:00+00:00,Jaguares de Córdoba,Boyacá Chicó FC,apifb:Bet365,asian_handicap,Home -2,home,home@-2,-2,6.6,2026-08-21T14:34:28Z
2026-08-21T14:34:28Z,apifb220055,哥甲,2026-08-21T21:05:00+00:00,Jaguares de Córdoba,Boyacá Chicó FC,apifb:Bet365,asian_handicap,Away -2,away,away@-2,-2,1.11,2026-08-21T14:34:28Z
2026-08-21T14:34:28Z,apifb220055,哥甲,2026-08-21T21:05:00+00:00,Jaguares de Córdoba,Boyacá Chicó FC,apifb:Bet365,asian_handicap,Home -1.75,home,home@-1.75,-1.75,4.4,2026-08-21T14:34:28Z
2026-08-21T14:34:28Z,apifb220055,哥甲,2026-08-21T21:05:00+00:00,Jaguares de Córdoba,Boyacá Chicó FC,apifb:Bet365,asian_handicap,Away -1.75,away,away@-1.75,-1.75,1.2,2026-08-21T14:34:28Z
2026-08-21T14:34:28Z,apifb220055,哥甲,2026-08-21T21:05:00+00:00,Jaguares de Córdoba,Boyacá Chicó FC,apifb:Bet365,asian_handicap,Home -1.5,home,home@-1.5,-1.5,3.45,2026-08-21T14:34:28Z
2026-08-21T14:34:28Z,apifb220055,哥甲,2026-08-21T21:05:00+00:00,Jaguares de Córdoba,Boyacá Chicó FC,apifb:Bet365,asian_handicap,Away -1.5,away,away@-1.5,-1.5,1.3,2026-08-21T14:34:28Z
2026-08-21T14:34:28Z,apifb220055,哥甲,2026-08-21T21:05:00+00:00,Jaguares de Córdoba,Boyacá Chicó FC,apifb:Bet365,asian_handicap,Home -2.25,home,home@-2.25,-2.25,7.0,2026-08-21T14:34:28Z
2026-08-21T14:34:28Z,apifb220055,哥甲,2026-08-21T21:05:00+00:00,Jaguares de Córdoba,Boyacá Chicó FC,apifb:Bet365,asian_handicap,Away -2.25,away,away@-2.25,-2.25,1.1,2026-08-21T14:34:28Z
2026-08-21T14:34:28Z,apifb220055,哥甲,2026-08-21T21:05:00+00:00,Jaguares de Córdoba,Boyacá Chicó FC,apifb:Bet365,totals,Over 1.5,over,over@1.5,1.5,1.4,2026-08-21T14:34:28Z
2026-08-21T14:34:28Z,apifb220055,哥甲,2026-08-21T21:05:00+00:00,Jaguares de Córdoba,Boyacá Chicó FC,apifb:Bet365,totals,Under 1.5,under,under@1.5,1.5,2.75,2026-08-21T14:34:28Z
2026-08-21T14:34:28Z,apifb220055,哥甲,2026-08-21T21:05:00+00:00,Jaguares de Córdoba,Boyacá Chicó FC,apifb:Bet365,totals,Over 2.5,over,over@2.5,2.5,2.25,2026-08-21T14:34:28Z
2026-08-21T14:34:28Z,apifb220055,哥甲,2026-08-21T21:05:00+00:00,Jaguares de Córdoba,Boyacá Chicó FC,apifb:Bet365,totals,Under 2.5,under,under@2.5,2.5,1.62,2026-08-21T14:34:28Z
2026-08-21T14:34:28Z,apifb220055,哥甲,2026-08-21T21:05:00+00:00,Jaguares de Córdoba,Boyacá Chicó FC,apifb:Bet365,totals,Over 3.5,over,over@3.5,3.5,4.0,2026-08-21T14:34:28Z
2026-08-21T14:34:28Z,apifb220055,哥甲,2026-08-21T21:05:00+00:00,Jaguares de Córdoba,Boyacá Chicó FC,apifb:Bet365,totals,Under 3.5,under,under@3.5,3.5,1.22,2026-08-21T14:34:28Z
2026-08-21T14:34:28Z,apifb220055,哥甲,2026-08-21T21:05:00+00:00,Jaguares de Córdoba,Boyacá Chicó FC,apifb:Bet365,totals,Over 0.5,over,over@0.5,0.5,1.08,2026-08-21T14:34:28Z
2026-08-21T14:34:28Z,apifb220055,哥甲,2026-08-21T21:05:00+00:00,Jaguares de Córdoba,Boyacá Chicó FC,apifb:Bet365,totals,Under 0.5,under,under@0.5,0.5,8.0,2026-08-21T14:34:28Z
2026-08-21T14:34:28Z,apifb220055,哥甲,2026-08-21T21:05:00+00:00,Jaguares de Córdoba,Boyacá Chicó FC,apifb:Bet365,totals,Over 4.5,over,over@4.5,4.5,10.0,2026-08-21T14:34:28Z
2026-08-21T14:34:28Z,apifb220055,哥甲,2026-08-21T21:05:00+00:00,Jaguares de Córdoba,Boyacá Chicó FC,apifb:Bet365,totals,Under 4.5,under,under@4.5,4.5,1.06,2026-08-21T14:34:28Z
2026-08-21T14:34:28Z,apifb220055,哥甲,2026-08-21T21:05:00+00:00,Jaguares de Córdoba,Boyacá Chicó FC,apifb:Bet365,totals,Over 5.5,over,over@5.5,5.5,21.0,2026-08-21T14:34:28Z
2026-08-21T14:34:28Z,apifb220055,哥甲,2026-08-21T21:05:00+00:00,Jaguares de Córdoba,Boyacá Chicó FC,apifb:Bet365,totals,Under 5.5,under,under@5.5,5.5,1.01,2026-08-21T14:34:28Z
2026-08-21T14:34:28Z,apifb220055,哥甲,2026-08-21T21:05:00+00:00,Jaguares de Córdoba,Boyacá Chicó FC,apifb:Bet365,totals,Over 6.5,over,over@6.5,6.5,41.0,2026-08-21T14:34:28Z
2026-08-21T14:34:28Z,apifb220055,哥甲,2026-08-21T21:05:00+00:00,Jaguares de Córdoba,Boyacá Chicó FC,apifb:Bet365,totals,Under 6.5,under,under@6.5,6.5,1.0,2026-08-21T14:34:28Z
2026-08-21T14:34:28Z,apifb220055,哥甲,2026-08-21T21:05:00+00:00,Jaguares de Córdoba,Boyacá Chicó FC,apifb:Marathonbet,h2h,Home,home,home,,1.83,2026-08-21T14:34:28Z
2026-08-21T14:34:28Z,apifb220055,哥甲,2026-08-21T21:05:00+00:00,Jaguares de Córdoba,Boyacá Chicó FC,apifb:Marathonbet,h2h,Draw,draw,draw,,3.25,2026-08-21T14:34:28Z
2026-08-21T14:34:28Z,apifb220055,哥甲,2026-08-21T21:05:00+00:00,Jaguares de Córdoba,Boyacá Chicó FC,apifb:Marathonbet,h2h,Away,away,away,,4.45,2026-08-21T14:34:28Z
2026-08-21T14:34:28Z,apifb220055,哥甲,2026-08-21T21:05:00+00:00,Jaguares de Córdoba,Boyacá Chicó FC,apifb:Marathonbet,asian_handicap,Home -1.25,home,home@-1.25,-1.25,2.88,2026-08-21T14:34:28Z
2026-08-21T14:34:28Z,apifb220055,哥甲,2026-08-21T21:05:00+00:00,Jaguares de Córdoba,Boyacá Chicó FC,apifb:Marathonbet,asian_handicap,Away -1.25,away,away@-1.25,-1.25,1.32,2026-08-21T14:34:28Z
2026-08-21T14:34:28Z,apifb220055,哥甲,2026-08-21T21:05:00+00:00,Jaguares de Córdoba,Boyacá Chicó FC,apifb:Marathonbet,asian_handicap,Home -1,home,home@-1,-1,2.49,2026-08-21T14:34:28Z
2026-08-21T14:34:28Z,apifb220055,哥甲,2026-08-21T21:05:00+00:00,Jaguares de Córdoba,Boyacá Chicó FC,apifb:Marathonbet,asian_handicap,Away -1,away,away@-1,-1,1.42,2026-08-21T14:34:28Z
2026-08-21T14:34:28Z,apifb220055,哥甲,2026-08-21T21:05:00+00:00,Jaguares de Córdoba,Boyacá Chicó FC,apifb:Marathonbet,asian_handicap,Home -0.75,home,home@-0.75,-0.75,2.01,2026-08-21T14:34:28Z
2026-08-21T14:34:28Z,apifb220055,哥甲,2026-08-21T21:05:00+00:00,Jaguares de Córdoba,Boyacá Chicó FC,apifb:Marathonbet,asian_handicap,Away -0.75,away,away@-0.75,-0.75,1.65,2026-08-21T14:34:28Z
2026-08-21T14:34:28Z,apifb220055,哥甲,2026-08-21T21:05:00+00:00,Jaguares de Córdoba,Boyacá Chicó FC,apifb:Marathonbet,asian_handicap,Home -0.25,home,home@-0.25,-0.25,1.54,2026-08-21T14:34:28Z
2026-08-21T14:34:28Z,apifb220055,哥甲,2026-08-21T21:05:00+00:00,Jaguares de Córdoba,Boyacá Chicó FC,apifb:Marathonbet,asian_handicap,Away -0.25,away,away@-0.25,-0.25,2.24,2026-08-21T14:34:28Z
2026-08-21T14:34:28Z,apifb220055,哥甲,2026-08-21T21:05:00+00:00,Jaguares de Córdoba,Boyacá Chicó FC,apifb:Marathonbet,asian_handicap,Home +0,home,home@+0,+0,1.32,2026-08-21T14:34:28Z
2026-08-21T14:34:28Z,apifb220055,哥甲,2026-08-21T21:05:00+00:00,Jaguares de Córdoba,Boyacá Chicó FC,apifb:Marathonbet,asian_handicap,Away +0,away,away@+0,+0,3.16,2026-08-21T14:34:28Z
2026-08-21T14:34:28Z,apifb220055,哥甲,2026-08-21T21:05:00+00:00,Jaguares de Córdoba,Boyacá Chicó FC,apifb:Marathonbet,asian_handicap,Home +0.25,home,home@+0.25,+0.25,1.22,2026-08-21T14:34:28Z
2026-08-21T14:34:28Z,apifb220055,哥甲,2026-08-21T21:05:00+00:00,Jaguares de Córdoba,Boyacá Chicó FC,apifb:Marathonbet,asian_handicap,Away +0.25,away,away@+0.25,+0.25,3.58,2026-08-21T14:34:28Z
2026-08-21T14:34:28Z,apifb220055,哥甲,2026-08-21T21:05:00+00:00,Jaguares de Córdoba,Boyacá Chicó FC,apifb:Marathonbet,asian_handicap,Home +0.75,home,home@+0.75,+0.75,1.09,2026-08-21T14:34:28Z
2026-08-21T14:34:28Z,apifb220055,哥甲,2026-08-21T21:05:00+00:00,Jaguares de Córdoba,Boyacá Chicó FC,apifb:Marathonbet,asian_handicap,Away +0.75,away,away@+0.75,+0.75,5.4,2026-08-21T14:34:28Z
2026-08-21T14:34:28Z,apifb220055,哥甲,2026-08-21T21:05:00+00:00,Jaguares de Córdoba,Boyacá Chicó FC,apifb:Marathonbet,asian_handicap,Home -2,home,home@-2,-2,6.05,2026-08-21T14:34:28Z
2026-08-21T14:34:28Z,apifb220055,哥甲,2026-08-21T21:05:00+00:00,Jaguares de Córdoba,Boyacá Chicó FC,apifb:Marathonbet,asian_handicap,Away -2,away,away@-2,-2,1.06,2026-08-21T14:34:28Z
2026-08-21T14:34:28Z,apifb220055,哥甲,2026-08-21T21:05:00+00:00,Jaguares de Córdoba,Boyacá Chicó FC,apifb:Marathonbet,asian_handicap,Home +1,home,home@+1,+1,1.01,2026-08-21T14:34:28Z
2026-08-21T14:34:28Z,apifb220055,哥甲,2026-08-21T21:05:00+00:00,Jaguares de Córdoba,Boyacá Chicó FC,apifb:Marathonbet,asian_handicap,Away +1,away,away@+1,+1,8.8,2026-08-21T14:34:28Z
2026-08-21T14:34:28Z,apifb220055,哥甲,2026-08-21T21:05:00+00:00,Jaguares de Córdoba,Boyacá Chicó FC,apifb:Marathonbet,asian_handicap,Home -1.75,home,home@-1.75,-1.75,4.15,2026-08-21T14:34:28Z
2026-08-21T14:34:28Z,apifb220055,哥甲,2026-08-21T21:05:00+00:00,Jaguares de Córdoba,Boyacá Chicó FC,apifb:Marathonbet,asian_handicap,Away -1.75,away,away@-1.75,-1.75,1.16,2026-08-21T14:34:28Z
2026-08-21T14:34:28Z,apifb220055,哥甲,2026-08-21T21:05:00+00:00,Jaguares de Córdoba,Boyacá Chicó FC,apifb:Marathonbet,asian_handicap,Home -1.5,home,home@-1.5,-1.5,3.28,2026-08-21T14:34:28Z
2026-08-21T14:34:28Z,apifb220055,哥甲,2026-08-21T21:05:00+00:00,Jaguares de Córdoba,Boyacá Chicó FC,apifb:Marathonbet,asian_handicap,Away -1.5,away,away@-1.5,-1.5,1.25,2026-08-21T14:34:28Z
2026-08-21T14:34:28Z,apifb220055,哥甲,2026-08-21T21:05:00+00:00,Jaguares de Córdoba,Boyacá Chicó FC,apifb:Marathonbet,asian_handicap,Home +1.25,home,home@+1.25,+1.25,1.01,2026-08-21T14:34:28Z
2026-08-21T14:34:28Z,apifb220055,哥甲,2026-08-21T21:05:00+00:00,Jaguares de Córdoba,Boyacá Chicó FC,apifb:Marathonbet,asian_handicap,Away +1.25,away,away@+1.25,+1.25,8.8,2026-08-21T14:34:28Z
2026-08-21T14:34:28Z,apifb220055,哥甲,2026-08-21T21:05:00+00:00,Jaguares de Córdoba,Boyacá Chicó FC,apifb:Marathonbet,asian_handicap,Home +1.5,home,home@+1.5,+1.5,1.0,2026-08-21T14:34:28Z
2026-08-21T14:34:28Z,apifb220055,哥甲,2026-08-21T21:05:00+00:00,Jaguares de Córdoba,Boyacá Chicó FC,apifb:Marathonbet,asian_handicap,Away +1.5,away,away@+1.5,+1.5,9.2,2026-08-21T14:34:28Z
2026-08-21T14:34:28Z,apifb220055,哥甲,2026-08-21T21:05:00+00:00,Jaguares de Córdoba,Boyacá Chicó FC,apifb:Marathonbet,asian_handicap,Home -2.5,home,home@-2.5,-2.5,6.8,2026-08-21T14:34:28Z
2026-08-21T14:34:28Z,apifb220055,哥甲,2026-08-21T21:05:00+00:00,Jaguares de Córdoba,Boyacá Chicó FC,apifb:Marathonbet,asian_handicap,Away -2.5,away,away@-2.5,-2.5,1.04,2026-08-21T14:34:28Z
2026-08-21T14:34:28Z,apifb220055,哥甲,2026-08-21T21:05:00+00:00,Jaguares de Córdoba,Boyacá Chicó FC,apifb:Marathonbet,asian_handicap,Home -2.25,home,home@-2.25,-2.25,6.4,2026-08-21T14:34:28Z
2026-08-21T14:34:28Z,apifb220055,哥甲,2026-08-21T21:05:00+00:00,Jaguares de Córdoba,Boyacá Chicó FC,apifb:Marathonbet,asian_handicap,Away -2.25,away,away@-2.25,-2.25,1.05,2026-08-21T14:34:28Z
2026-08-21T14:34:28Z,apifb220055,哥甲,2026-08-21T21:05:00+00:00,Jaguares de Córdoba,Boyacá Chicó FC,apifb:Marathonbet,asian_handicap,Home -2.75,home,home@-2.75,-2.75,8.8,2026-08-21T14:34:28Z
2026-08-21T14:34:28Z,apifb220055,哥甲,2026-08-21T21:05:00+00:00,Jaguares de Córdoba,Boyacá Chicó FC,apifb:Marathonbet,asian_handicap,Away -2.75,away,away@-2.75,-2.75,1.01,2026-08-21T14:34:28Z
2026-08-21T14:34:28Z,apifb220055,哥甲,2026-08-21T21:05:00+00:00,Jaguares de Córdoba,Boyacá Chicó FC,apifb:Marathonbet,totals,Over 1.5,over,over@1.5,1.5,1.39,2026-08-21T14:34:28Z
2026-08-21T14:34:28Z,apifb220055,哥甲,2026-08-21T21:05:00+00:00,Jaguares de Córdoba,Boyacá Chicó FC,apifb:Marathonbet,totals,Under 1.5,under,under@1.5,1.5,2.59,2026-08-21T14:34:28Z
2026-08-21T14:34:28Z,apifb220055,哥甲,2026-08-21T21:05:00+00:00,Jaguares de Córdoba,Boyacá Chicó FC,apifb:Marathonbet,totals,Over 1.75,over,over@1.75,1.75,1.5,2026-08-21T14:34:28Z
2026-08-21T14:34:28Z,apifb220055,哥甲,2026-08-21T21:05:00+00:00,Jaguares de Córdoba,Boyacá Chicó FC,apifb:Marathonbet,totals,Under 1.75,under,under@1.75,1.75,2.3,2026-08-21T14:34:28Z
2026-08-21T14:34:28Z,apifb220055,哥甲,2026-08-21T21:05:00+00:00,Jaguares de Córdoba,Boyacá Chicó FC,apifb:Marathonbet,totals,Over 2.0,over,over@2.0,2.0,1.68,2026-08-21T14:34:28Z
2026-08-21T14:34:28Z,apifb220055,哥甲,2026-08-21T21:05:00+00:00,Jaguares de Córdoba,Boyacá Chicó FC,apifb:Marathonbet,totals,Under 2.0,under,under@2.0,2.0,2.0,2026-08-21T14:34:28Z
2026-08-21T14:34:28Z,apifb220055,哥甲,2026-08-21T21:05:00+00:00,Jaguares de Córdoba,Boyacá Chicó FC,apifb:Marathonbet,totals,Over 2.25,over,over@2.25,2.25,1.97,2026-08-21T14:34:28Z
2026-08-21T14:34:28Z,apifb220055,哥甲,2026-08-21T21:05:00+00:00,Jaguares de Córdoba,Boyacá Chicó FC,apifb:Marathonbet,totals,Under 2.25,under,under@2.25,2.25,1.72,2026-08-21T14:34:28Z
2026-08-21T14:34:28Z,apifb220055,哥甲,2026-08-21T21:05:00+00:00,Jaguares de Córdoba,Boyacá Chicó FC,apifb:Marathonbet,totals,Over 2.5,over,over@2.5,2.5,2.29,2026-08-21T14:34:28Z
2026-08-21T14:34:28Z,apifb220055,哥甲,2026-08-21T21:05:00+00:00,Jaguares de Córdoba,Boyacá Chicó FC,apifb:Marathonbet,totals,Under 2.5,under,under@2.5,2.5,1.59,2026-08-21T14:34:28Z
2026-08-21T14:34:28Z,apifb220055,哥甲,2026-08-21T21:05:00+00:00,Jaguares de Córdoba,Boyacá Chicó FC,apifb:Marathonbet,totals,Over 2.75,over,over@2.75,2.75,2.62,2026-08-21T14:34:28Z
2026-08-21T14:34:28Z,apifb220055,哥甲,2026-08-21T21:05:00+00:00,Jaguares de Córdoba,Boyacá Chicó FC,apifb:Marathonbet,totals,Under 2.75,under,under@2.75,2.75,1.41,2026-08-21T14:34:28Z
2026-08-21T14:34:28Z,apifb220055,哥甲,2026-08-21T21:05:00+00:00,Jaguares de Córdoba,Boyacá Chicó FC,apifb:Marathonbet,totals,Over 3.5,over,over@3.5,3.5,4.05,2026-08-21T14:34:28Z
2026-08-21T14:34:28Z,apifb220055,哥甲,2026-08-21T21:05:00+00:00,Jaguares de Córdoba,Boyacá Chicó FC,apifb:Marathonbet,totals,Under 3.5,under,under@3.5,3.5,1.16,2026-08-21T14:34:28Z
2026-08-21T14:34:28Z,apifb220055,哥甲,2026-08-21T21:05:00+00:00,Jaguares de Córdoba,Boyacá Chicó FC,apifb:Marathonbet,totals,Over 0.5,over,over@0.5,0.5,1.04,2026-08-21T14:34:28Z
2026-08-21T14:34:28Z,apifb220055,哥甲,2026-08-21T21:05:00+00:00,Jaguares de Córdoba,Boyacá Chicó FC,apifb:Marathonbet,totals,Under 0.5,under,under@0.5,0.5,6.75,2026-08-21T14:34:28Z
2026-08-21T14:34:28Z,apifb220055,哥甲,2026-08-21T21:05:00+00:00,Jaguares de Córdoba,Boyacá Chicó FC,apifb:Marathonbet,totals,Over 0.75,over,over@0.75,0.75,1.06,2026-08-21T14:34:28Z
2026-08-21T14:34:28Z,apifb220055,哥甲,2026-08-21T21:05:00+00:00,Jaguares de Córdoba,Boyacá Chicó FC,apifb:Marathonbet,totals,Under 0.75,under,under@0.75,0.75,6.15,2026-08-21T14:34:28Z
2026-08-21T14:34:28Z,apifb220055,哥甲,2026-08-21T21:05:00+00:00,Jaguares de Córdoba,Boyacá Chicó FC,apifb:Marathonbet,totals,Over 1.0,over,over@1.0,1.0,1.08,2026-08-21T14:34:28Z
2026-08-21T14:34:28Z,apifb220055,哥甲,2026-08-21T21:05:00+00:00,Jaguares de Córdoba,Boyacá Chicó FC,apifb:Marathonbet,totals,Under 1.0,under,under@1.0,1.0,5.55,2026-08-21T14:34:28Z
2026-08-21T14:34:28Z,apifb220055,哥甲,2026-08-21T21:05:00+00:00,Jaguares de Córdoba,Boyacá Chicó FC,apifb:Marathonbet,totals,Over 1.25,over,over@1.25,1.25,1.24,2026-08-21T14:34:28Z
2026-08-21T14:34:28Z,apifb220055,哥甲,2026-08-21T21:05:00+00:00,Jaguares de Córdoba,Boyacá Chicó FC,apifb:Marathonbet,totals,Under 1.25,under,under@1.25,1.25,3.34,2026-08-21T14:34:28Z
2026-08-21T14:34:28Z,apifb220055,哥甲,2026-08-21T21:05:00+00:00,Jaguares de Córdoba,Boyacá Chicó FC,apifb:Marathonbet,totals,Over 3.0,over,over@3.0,3.0,3.38,2026-08-21T14:34:28Z
2026-08-21T14:34:28Z,apifb220055,哥甲,2026-08-21T21:05:00+00:00,Jaguares de Córdoba,Boyacá Chicó FC,apifb:Marathonbet,totals,Under 3.0,under,under@3.0,3.0,1.25,2026-08-21T14:34:28Z
2026-08-21T14:34:28Z,apifb220055,哥甲,2026-08-21T21:05:00+00:00,Jaguares de Córdoba,Boyacá Chicó FC,apifb:Marathonbet,totals,Over 4.5,over,over@4.5,4.5,7.9,2026-08-21T14:34:28Z
2026-08-21T14:34:28Z,apifb220055,哥甲,2026-08-21T21:05:00+00:00,Jaguares de Córdoba,Boyacá Chicó FC,apifb:Marathonbet,totals,Under 4.5,under,under@4.5,4.5,1.02,2026-08-21T14:34:28Z
2026-08-21T14:34:28Z,apifb220055,哥甲,2026-08-21T21:05:00+00:00,Jaguares de Córdoba,Boyacá Chicó FC,apifb:Marathonbet,totals,Over 3.25,over,over@3.25,3.25,3.72,2026-08-21T14:34:28Z
2026-08-21T14:34:28Z,apifb220055,哥甲,2026-08-21T21:05:00+00:00,Jaguares de Córdoba,Boyacá Chicó FC,apifb:Marathonbet,totals,Under 3.25,under,under@3.25,3.25,1.2,2026-08-21T14:34:28Z
2026-08-21T14:34:28Z,apifb220055,哥甲,2026-08-21T21:05:00+00:00,Jaguares de Córdoba,Boyacá Chicó FC,apifb:Marathonbet,totals,Over 3.75,over,over@3.75,3.75,5.1,2026-08-21T14:34:28Z
2026-08-21T14:34:28Z,apifb220055,哥甲,2026-08-21T21:05:00+00:00,Jaguares de Córdoba,Boyacá Chicó FC,apifb:Marathonbet,totals,Under 3.75,under,under@3.75,3.75,1.1,2026-08-21T14:34:28Z
2026-08-21T14:34:28Z,apifb220055,哥甲,2026-08-21T21:05:00+00:00,Jaguares de Córdoba,Boyacá Chicó FC,apifb:Marathonbet,totals,Over 4.0,over,over@4.0,4.0,7.2,2026-08-21T14:34:28Z
2026-08-21T14:34:28Z,apifb220055,哥甲,2026-08-21T21:05:00+00:00,Jaguares de Córdoba,Boyacá Chicó FC,apifb:Marathonbet,totals,Under 4.0,under,under@4.0,4.0,1.03,2026-08-21T14:34:28Z
2026-08-21T14:34:28Z,apifb220055,哥甲,2026-08-21T21:05:00+00:00,Jaguares de Córdoba,Boyacá Chicó FC,apifb:Marathonbet,totals,Over 4.25,over,over@4.25,4.25,7.5,2026-08-21T14:34:28Z
2026-08-21T14:34:28Z,apifb220055,哥甲,2026-08-21T21:05:00+00:00,Jaguares de Córdoba,Boyacá Chicó FC,apifb:Marathonbet,totals,Under 4.25,under,under@4.25,4.25,1.03,2026-08-21T14:34:28Z
2026-08-21T14:34:28Z,apifb220055,哥甲,2026-08-21T21:05:00+00:00,Jaguares de Córdoba,Boyacá Chicó FC,apifb:Unibet,h2h,Home,home,home,,1.82,2026-08-21T14:34:28Z
2026-08-21T14:34:28Z,apifb220055,哥甲,2026-08-21T21:05:00+00:00,Jaguares de Córdoba,Boyacá Chicó FC,apifb:Unibet,h2h,Draw,draw,draw,,3.3,2026-08-21T14:34:28Z
2026-08-21T14:34:28Z,apifb220055,哥甲,2026-08-21T21:05:00+00:00,Jaguares de Córdoba,Boyacá Chicó FC,apifb:Unibet,h2h,Away,away,away,,4.6,2026-08-21T14:34:28Z
2026-08-21T14:34:28Z,apifb220055,哥甲,2026-08-21T21:05:00+00:00,Jaguares de Córdoba,Boyacá Chicó FC,apifb:Unibet,asian_handicap,Home -0.5,home,home@-0.5,-0.5,1.77,2026-08-21T14:34:28Z
2026-08-21T14:34:28Z,apifb220055,哥甲,2026-08-21T21:05:00+00:00,Jaguares de Córdoba,Boyacá Chicó FC,apifb:Unibet,asian_handicap,Away -0.5,away,away@-0.5,-0.5,1.9,2026-08-21T14:34:28Z
2026-08-21T14:34:28Z,apifb220055,哥甲,2026-08-21T21:05:00+00:00,Jaguares de Córdoba,Boyacá Chicó FC,apifb:Unibet,totals,Over 1.5,over,over@1.5,1.5,1.4,2026-08-21T14:34:28Z
2026-08-21T14:34:28Z,apifb220055,哥甲,2026-08-21T21:05:00+00:00,Jaguares de Córdoba,Boyacá Chicó FC,apifb:Unibet,totals,Under 1.5,under,under@1.5,1.5,2.65,2026-08-21T14:34:28Z
2026-08-21T14:34:28Z,apifb220055,哥甲,2026-08-21T21:05:00+00:00,Jaguares de Córdoba,Boyacá Chicó FC,apifb:Unibet,totals,Over 1.75,over,over@1.75,1.75,1.5,2026-08-21T14:34:28Z
2026-08-21T14:34:28Z,apifb220055,哥甲,2026-08-21T21:05:00+00:00,Jaguares de Córdoba,Boyacá Chicó FC,apifb:Unibet,totals,Under 1.75,under,under@1.75,1.75,2.35,2026-08-21T14:34:28Z
2026-08-21T14:34:28Z,apifb220055,哥甲,2026-08-21T21:05:00+00:00,Jaguares de Córdoba,Boyacá Chicó FC,apifb:Unibet,totals,Over 2.0,over,over@2.0,2.0,1.68,2026-08-21T14:34:28Z
2026-08-21T14:34:28Z,apifb220055,哥甲,2026-08-21T21:05:00+00:00,Jaguares de Córdoba,Boyacá Chicó FC,apifb:Unibet,totals,Under 2.0,under,under@2.0,2.0,2.0,2026-08-21T14:34:28Z
2026-08-21T14:34:28Z,apifb220055,哥甲,2026-08-21T21:05:00+00:00,Jaguares de Córdoba,Boyacá Chicó FC,apifb:Unibet,totals,Over 2.25,over,over@2.25,2.25,1.98,2026-08-21T14:34:28Z
2026-08-21T14:34:28Z,apifb220055,哥甲,2026-08-21T21:05:00+00:00,Jaguares de Córdoba,Boyacá Chicó FC,apifb:Unibet,totals,Under 2.25,under,under@2.25,2.25,1.72,2026-08-21T14:34:28Z
2026-08-21T14:34:28Z,apifb220055,哥甲,2026-08-21T21:05:00+00:00,Jaguares de Córdoba,Boyacá Chicó FC,apifb:Unibet,totals,Over 2.5,over,over@2.5,2.5,2.25,2026-08-21T14:34:28Z
2026-08-21T14:34:28Z,apifb220055,哥甲,2026-08-21T21:05:00+00:00,Jaguares de Córdoba,Boyacá Chicó FC,apifb:Unibet,totals,Under 2.5,under,under@2.5,2.5,1.55,2026-08-21T14:34:28Z
2026-08-21T14:34:28Z,apifb220055,哥甲,2026-08-21T21:05:00+00:00,Jaguares de Córdoba,Boyacá Chicó FC,apifb:Unibet,totals,Over 2.75,over,over@2.75,2.75,2.7,2026-08-21T14:34:28Z
2026-08-21T14:34:28Z,apifb220055,哥甲,2026-08-21T21:05:00+00:00,Jaguares de Córdoba,Boyacá Chicó FC,apifb:Unibet,totals,Under 2.75,under,under@2.75,2.75,1.4,2026-08-21T14:34:28Z
2026-08-21T14:34:28Z,apifb220055,哥甲,2026-08-21T21:05:00+00:00,Jaguares de Córdoba,Boyacá Chicó FC,apifb:Unibet,totals,Over 3.5,over,over@3.5,3.5,4.1,2026-08-21T14:34:28Z
2026-08-21T14:34:28Z,apifb220055,哥甲,2026-08-21T21:05:00+00:00,Jaguares de Córdoba,Boyacá Chicó FC,apifb:Unibet,totals,Under 3.5,under,under@3.5,3.5,1.18,2026-08-21T14:34:28Z
2026-08-21T14:34:28Z,apifb220055,哥甲,2026-08-21T21:05:00+00:00,Jaguares de Córdoba,Boyacá Chicó FC,apifb:Unibet,totals,Over 0.5,over,over@0.5,0.5,1.07,2026-08-21T14:34:28Z
2026-08-21T14:34:28Z,apifb220055,哥甲,2026-08-21T21:05:00+00:00,Jaguares de Córdoba,Boyacá Chicó FC,apifb:Unibet,totals,Under 0.5,under,under@0.5,0.5,6.4,2026-08-21T14:34:28Z
2026-08-21T14:34:28Z,apifb220055,哥甲,2026-08-21T21:05:00+00:00,Jaguares de Córdoba,Boyacá Chicó FC,apifb:Unibet,totals,Over 1.0,over,over@1.0,1.0,1.1,2026-08-21T14:34:28Z
2026-08-21T14:34:28Z,apifb220055,哥甲,2026-08-21T21:05:00+00:00,Jaguares de Córdoba,Boyacá Chicó FC,apifb:Unibet,totals,Under 1.0,under,under@1.0,1.0,5.4,2026-08-21T14:34:28Z
2026-08-21T14:34:28Z,apifb220055,哥甲,2026-08-21T21:05:00+00:00,Jaguares de Córdoba,Boyacá Chicó FC,apifb:Unibet,totals,Over 1.25,over,over@1.25,1.25,1.25,2026-08-21T14:34:28Z
2026-08-21T14:34:28Z,apifb220055,哥甲,2026-08-21T21:05:00+00:00,Jaguares de Córdoba,Boyacá Chicó FC,apifb:Unibet,totals,Under 1.25,under,under@1.25,1.25,3.4,2026-08-21T14:34:28Z
2026-08-21T14:34:28Z,apifb220055,哥甲,2026-08-21T21:05:00+00:00,Jaguares de Córdoba,Boyacá Chicó FC,apifb:Unibet,totals,Over 3.0,over,over@3.0,3.0,3.45,2026-08-21T14:34:28Z
2026-08-21T14:34:28Z,apifb220055,哥甲,2026-08-21T21:05:00+00:00,Jaguares de Córdoba,Boyacá Chicó FC,apifb:Unibet,totals,Under 3.0,under,under@3.0,3.0,1.26,2026-08-21T14:34:28Z
2026-08-21T14:34:28Z,apifb220055,哥甲,2026-08-21T21:05:00+00:00,Jaguares de Córdoba,Boyacá Chicó FC,apifb:Unibet,totals,Over 3.25,over,over@3.25,3.25,3.8,2026-08-21T14:34:28Z
2026-08-21T14:34:28Z,apifb220055,哥甲,2026-08-21T21:05:00+00:00,Jaguares de Córdoba,Boyacá Chicó FC,apifb:Unibet,totals,Under 3.25,under,under@3.25,3.25,1.22,2026-08-21T14:34:28Z
2026-08-21T14:34:28Z,apifb220055,哥甲,2026-08-21T21:05:00+00:00,Jaguares de Córdoba,Boyacá Chicó FC,apifb:Unibet,totals,Over 3.75,over,over@3.75,3.75,5.25,2026-08-21T14:34:28Z
2026-08-21T14:34:28Z,apifb220055,哥甲,2026-08-21T21:05:00+00:00,Jaguares de Córdoba,Boyacá Chicó FC,apifb:Unibet,totals,Under 3.75,under,under@3.75,3.75,1.12,2026-08-21T14:34:28Z
2026-08-21T14:34:28Z,apifb220055,哥甲,2026-08-21T21:05:00+00:00,Jaguares de Córdoba,Boyacá Chicó FC,apifb:Unibet,totals,Over 4.0,over,over@4.0,4.0,7.5,2026-08-21T14:34:28Z
2026-08-21T14:34:28Z,apifb220055,哥甲,2026-08-21T21:05:00+00:00,Jaguares de Córdoba,Boyacá Chicó FC,apifb:Unibet,totals,Under 4.0,under,under@4.0,4.0,1.06,2026-08-21T14:34:28Z
2026-08-21T14:34:28Z,apifb220055,哥甲,2026-08-21T21:05:00+00:00,Jaguares de Córdoba,Boyacá Chicó FC,apifb:Betfair,h2h,Home,home,home,,1.85,2026-08-21T14:34:28Z
2026-08-21T14:34:28Z,apifb220055,哥甲,2026-08-21T21:05:00+00:00,Jaguares de Córdoba,Boyacá Chicó FC,apifb:Betfair,h2h,Draw,draw,draw,,3.3,2026-08-21T14:34:28Z
2026-08-21T14:34:28Z,apifb220055,哥甲,2026-08-21T21:05:00+00:00,Jaguares de Córdoba,Boyacá Chicó FC,apifb:Betfair,h2h,Away,away,away,,4.33,2026-08-21T14:34:28Z
2026-08-21T14:34:28Z,apifb220055,哥甲,2026-08-21T21:05:00+00:00,Jaguares de Córdoba,Boyacá Chicó FC,apifb:Betfair,asian_handicap,Home -1.5,home,home@-1.5,-1.5,3.25,2026-08-21T14:34:28Z
2026-08-21T14:34:28Z,apifb220055,哥甲,2026-08-21T21:05:00+00:00,Jaguares de Córdoba,Boyacá Chicó FC,apifb:Betfair,asian_handicap,Away -1.5,away,away@-1.5,-1.5,1.29,2026-08-21T14:34:28Z
2026-08-21T14:34:28Z,apifb220055,哥甲,2026-08-21T21:05:00+00:00,Jaguares de Córdoba,Boyacá Chicó FC,apifb:Betfair,asian_handicap,Home +1.5,home,home@+1.5,+1.5,1.04,2026-08-21T14:34:28Z
2026-08-21T14:34:28Z,apifb220055,哥甲,2026-08-21T21:05:00+00:00,Jaguares de Córdoba,Boyacá Chicó FC,apifb:Betfair,asian_handicap,Away +1.5,away,away@+1.5,+1.5,9.5,2026-08-21T14:34:28Z
2026-08-21T14:34:28Z,apifb220055,哥甲,2026-08-21T21:05:00+00:00,Jaguares de Córdoba,Boyacá Chicó FC,apifb:Betfair,asian_handicap,Home -2.5,home,home@-2.5,-2.5,7.5,2026-08-21T14:34:28Z
2026-08-21T14:34:28Z,apifb220055,哥甲,2026-08-21T21:05:00+00:00,Jaguares de Córdoba,Boyacá Chicó FC,apifb:Betfair,asian_handicap,Away -2.5,away,away@-2.5,-2.5,1.06,2026-08-21T14:34:28Z
2026-08-21T14:34:28Z,apifb220055,哥甲,2026-08-21T21:05:00+00:00,Jaguares de Córdoba,Boyacá Chicó FC,apifb:Betfair,asian_handicap,Home -3.5,home,home@-3.5,-3.5,13.0,2026-08-21T14:34:28Z
2026-08-21T14:34:28Z,apifb220055,哥甲,2026-08-21T21:05:00+00:00,Jaguares de Córdoba,Boyacá Chicó FC,apifb:Betfair,asian_handicap,Away -3.5,away,away@-3.5,-3.5,1.01,2026-08-21T14:34:28Z
2026-08-21T14:34:28Z,apifb220055,哥甲,2026-08-21T21:05:00+00:00,Jaguares de Córdoba,Boyacá Chicó FC,apifb:Betfair,totals,Over 1.5,over,over@1.5,1.5,1.4,2026-08-21T14:34:28Z
2026-08-21T14:34:28Z,apifb220055,哥甲,2026-08-21T21:05:00+00:00,Jaguares de Córdoba,Boyacá Chicó FC,apifb:Betfair,totals,Under 1.5,under,under@1.5,1.5,2.88,2026-08-21T14:34:28Z
2026-08-21T14:34:28Z,apifb220055,哥甲,2026-08-21T21:05:00+00:00,Jaguares de Córdoba,Boyacá Chicó FC,apifb:Betfair,totals,Over 2.5,over,over@2.5,2.5,2.38,2026-08-21T14:34:28Z
2026-08-21T14:34:28Z,apifb220055,哥甲,2026-08-21T21:05:00+00:00,Jaguares de Córdoba,Boyacá Chicó FC,apifb:Betfair,totals,Under 2.5,under,under@2.5,2.5,1.57,2026-08-21T14:34:28Z
2026-08-21T14:34:28Z,apifb220055,哥甲,2026-08-21T21:05:00+00:00,Jaguares de Córdoba,Boyacá Chicó FC,apifb:Betfair,totals,Over 3.5,over,over@3.5,3.5,4.5,2026-08-21T14:34:28Z
2026-08-21T14:34:28Z,apifb220055,哥甲,2026-08-21T21:05:00+00:00,Jaguares de Córdoba,Boyacá Chicó FC,apifb:Betfair,totals,Under 3.5,under,under@3.5,3.5,1.2,2026-08-21T14:34:28Z
2026-08-21T14:34:28Z,apifb220055,哥甲,2026-08-21T21:05:00+00:00,Jaguares de Córdoba,Boyacá Chicó FC,apifb:Betfair,totals,Over 0.5,over,over@0.5,0.5,1.07,2026-08-21T14:34:28Z
2026-08-21T14:34:28Z,apifb220055,哥甲,2026-08-21T21:05:00+00:00,Jaguares de Córdoba,Boyacá Chicó FC,apifb:Betfair,totals,Under 0.5,under,under@0.5,0.5,8.0,2026-08-21T14:34:28Z
2026-08-21T14:34:28Z,apifb220055,哥甲,2026-08-21T21:05:00+00:00,Jaguares de Córdoba,Boyacá Chicó FC,apifb:Betfair,totals,Over 4.5,over,over@4.5,4.5,9.0,2026-08-21T14:34:28Z
2026-08-21T14:34:28Z,apifb220055,哥甲,2026-08-21T21:05:00+00:00,Jaguares de Córdoba,Boyacá Chicó FC,apifb:Betfair,totals,Under 4.5,under,under@4.5,4.5,1.06,2026-08-21T14:34:28Z
2026-08-21T14:34:28Z,apifb220055,哥甲,2026-08-21T21:05:00+00:00,Jaguares de Córdoba,Boyacá Chicó FC,apifb:BetVictor,h2h,Home,home,home,,1.83,2026-08-21T14:34:28Z
2026-08-21T14:34:28Z,apifb220055,哥甲,2026-08-21T21:05:00+00:00,Jaguares de Córdoba,Boyacá Chicó FC,apifb:BetVictor,h2h,Draw,draw,draw,,3.25,2026-08-21T14:34:28Z
2026-08-21T14:34:28Z,apifb220055,哥甲,2026-08-21T21:05:00+00:00,Jaguares de Córdoba,Boyacá Chicó FC,apifb:BetVictor,h2h,Away,away,away,,4.33,2026-08-21T14:34:28Z
2026-08-21T14:34:28Z,apifb220055,哥甲,2026-08-21T21:05:00+00:00,Jaguares de Córdoba,Boyacá Chicó FC,apifb:BetVictor,asian_handicap,Home -1,home,home@-1,-1,2.66,2026-08-21T14:34:28Z
2026-08-21T14:34:28Z,apifb220055,哥甲,2026-08-21T21:05:00+00:00,Jaguares de Córdoba,Boyacá Chicó FC,apifb:BetVictor,asian_handicap,Away -1,away,away@-1,-1,1.4,2026-08-21T14:34:28Z
2026-08-21T14:34:28Z,apifb220055,哥甲,2026-08-21T21:05:00+00:00,Jaguares de Córdoba,Boyacá Chicó FC,apifb:BetVictor,asian_handicap,Home -0.75,home,home@-0.75,-0.75,2.08,2026-08-21T14:34:28Z
2026-08-21T14:34:28Z,apifb220055,哥甲,2026-08-21T21:05:00+00:00,Jaguares de Córdoba,Boyacá Chicó FC,apifb:BetVictor,asian_handicap,Away -0.75,away,away@-0.75,-0.75,1.64,2026-08-21T14:34:28Z
2026-08-21T14:34:28Z,apifb220055,哥甲,2026-08-21T21:05:00+00:00,Jaguares de Córdoba,Boyacá Chicó FC,apifb:BetVictor,asian_handicap,Home -0.5,home,home@-0.5,-0.5,1.79,2026-08-21T14:34:28Z
2026-08-21T14:34:28Z,apifb220055,哥甲,2026-08-21T21:05:00+00:00,Jaguares de Córdoba,Boyacá Chicó FC,apifb:BetVictor,asian_handicap,Away -0.5,away,away@-0.5,-0.5,1.88,2026-08-21T14:34:28Z
2026-08-21T14:34:28Z,apifb220055,哥甲,2026-08-21T21:05:00+00:00,Jaguares de Córdoba,Boyacá Chicó FC,apifb:BetVictor,asian_handicap,Home -0.25,home,home@-0.25,-0.25,1.55,2026-08-21T14:34:28Z
2026-08-21T14:34:28Z,apifb220055,哥甲,2026-08-21T21:05:00+00:00,Jaguares de Córdoba,Boyacá Chicó FC,apifb:BetVictor,asian_handicap,Away -0.25,away,away@-0.25,-0.25,2.25,2026-08-21T14:34:28Z
2026-08-21T14:34:28Z,apifb220055,哥甲,2026-08-21T21:05:00+00:00,Jaguares de Córdoba,Boyacá Chicó FC,apifb:BetVictor,asian_handicap,Home +0,home,home@+0,+0,1.3,2026-08-21T14:34:28Z
2026-08-21T14:34:28Z,apifb220055,哥甲,2026-08-21T21:05:00+00:00,Jaguares de Córdoba,Boyacá Chicó FC,apifb:BetVictor,asian_handicap,Away +0,away,away@+0,+0,3.1,2026-08-21T14:34:28Z
2026-08-21T14:34:28Z,apifb220055,哥甲,2026-08-21T21:05:00+00:00,Jaguares de Córdoba,Boyacá Chicó FC,apifb:BetVictor,totals,Over 1.5,over,over@1.5,1.5,1.4,2026-08-21T14:34:28Z
2026-08-21T14:34:28Z,apifb220055,哥甲,2026-08-21T21:05:00+00:00,Jaguares de Córdoba,Boyacá Chicó FC,apifb:BetVictor,totals,Under 1.5,under,under@1.5,1.5,2.75,2026-08-21T14:34:28Z
2026-08-21T14:34:28Z,apifb220055,哥甲,2026-08-21T21:05:00+00:00,Jaguares de Córdoba,Boyacá Chicó FC,apifb:BetVictor,totals,Over 1.75,over,over@1.75,1.75,1.53,2026-08-21T14:34:28Z
2026-08-21T14:34:28Z,apifb220055,哥甲,2026-08-21T21:05:00+00:00,Jaguares de Córdoba,Boyacá Chicó FC,apifb:BetVictor,totals,Under 1.75,under,under@1.75,1.75,2.29,2026-08-21T14:34:28Z
2026-08-21T14:34:28Z,apifb220055,哥甲,2026-08-21T21:05:00+00:00,Jaguares de Córdoba,Boyacá Chicó FC,apifb:BetVictor,totals,Over 2.0,over,over@2.0,2.0,1.7,2026-08-21T14:34:28Z
2026-08-21T14:34:28Z,apifb220055,哥甲,2026-08-21T21:05:00+00:00,Jaguares de Córdoba,Boyacá Chicó FC,apifb:BetVictor,totals,Under 2.0,under,under@2.0,2.0,1.99,2026-08-21T14:34:28Z
2026-08-21T14:34:28Z,apifb220055,哥甲,2026-08-21T21:05:00+00:00,Jaguares de Córdoba,Boyacá Chicó FC,apifb:BetVictor,totals,Over 2.25,over,over@2.25,2.25,1.97,2026-08-21T14:34:28Z
2026-08-21T14:34:28Z,apifb220055,哥甲,2026-08-21T21:05:00+00:00,Jaguares de Córdoba,Boyacá Chicó FC,apifb:BetVictor,totals,Under 2.25,under,under@2.25,2.25,1.72,2026-08-21T14:34:28Z
2026-08-21T14:34:28Z,apifb220055,哥甲,2026-08-21T21:05:00+00:00,Jaguares de Córdoba,Boyacá Chicó FC,apifb:BetVictor,totals,Over 2.5,over,over@2.5,2.5,2.21,2026-08-21T14:34:28Z
2026-08-21T14:34:28Z,apifb220055,哥甲,2026-08-21T21:05:00+00:00,Jaguares de Córdoba,Boyacá Chicó FC,apifb:BetVictor,totals,Under 2.5,under,under@2.5,2.5,1.57,2026-08-21T14:34:28Z
2026-08-21T14:34:28Z,apifb220055,哥甲,2026-08-21T21:05:00+00:00,Jaguares de Córdoba,Boyacá Chicó FC,apifb:BetVictor,totals,Over 2.75,over,over@2.75,2.75,2.59,2026-08-21T14:34:28Z
2026-08-21T14:34:28Z,apifb220055,哥甲,2026-08-21T21:05:00+00:00,Jaguares de Córdoba,Boyacá Chicó FC,apifb:BetVictor,totals,Under 2.75,under,under@2.75,2.75,1.42,2026-08-21T14:34:28Z
2026-08-21T14:34:28Z,apifb220055,哥甲,2026-08-21T21:05:00+00:00,Jaguares de Córdoba,Boyacá Chicó FC,apifb:BetVictor,totals,Over 3.5,over,over@3.5,3.5,4.6,2026-08-21T14:34:28Z
2026-08-21T14:34:28Z,apifb220055,哥甲,2026-08-21T21:05:00+00:00,Jaguares de Córdoba,Boyacá Chicó FC,apifb:BetVictor,totals,Under 3.5,under,under@3.5,3.5,1.17,2026-08-21T14:34:28Z
2026-08-21T14:34:28Z,apifb220055,哥甲,2026-08-21T21:05:00+00:00,Jaguares de Córdoba,Boyacá Chicó FC,apifb:BetVictor,totals,Over 0.5,over,over@0.5,0.5,1.05,2026-08-21T14:34:28Z
2026-08-21T14:34:28Z,apifb220055,哥甲,2026-08-21T21:05:00+00:00,Jaguares de Córdoba,Boyacá Chicó FC,apifb:BetVictor,totals,Under 0.5,under,under@0.5,0.5,8.0,2026-08-21T14:34:28Z
2026-08-21T14:34:28Z,apifb220055,哥甲,2026-08-21T21:05:00+00:00,Jaguares de Córdoba,Boyacá Chicó FC,apifb:BetVictor,totals,Over 4.5,over,over@4.5,4.5,9.5,2026-08-21T14:34:28Z
2026-08-21T14:34:28Z,apifb220055,哥甲,2026-08-21T21:05:00+00:00,Jaguares de Córdoba,Boyacá Chicó FC,apifb:BetVictor,totals,Under 4.5,under,under@4.5,4.5,1.03,2026-08-21T14:34:28Z
2026-08-21T14:34:28Z,apifb220055,哥甲,2026-08-21T21:05:00+00:00,Jaguares de Córdoba,Boyacá Chicó FC,apifb:Pinnacle,h2h,Home,home,home,,1.85,2026-08-21T14:34:28Z
2026-08-21T14:34:28Z,apifb220055,哥甲,2026-08-21T21:05:00+00:00,Jaguares de Córdoba,Boyacá Chicó FC,apifb:Pinnacle,h2h,Draw,draw,draw,,3.34,2026-08-21T14:34:28Z
2026-08-21T14:34:28Z,apifb220055,哥甲,2026-08-21T21:05:00+00:00,Jaguares de Córdoba,Boyacá Chicó FC,apifb:Pinnacle,h2h,Away,away,away,,4.69,2026-08-21T14:34:28Z
2026-08-21T14:34:28Z,apifb220055,哥甲,2026-08-21T21:05:00+00:00,Jaguares de Córdoba,Boyacá Chicó FC,apifb:Pinnacle,asian_handicap,Home -1.25,home,home@-1.25,-1.25,3.19,2026-08-21T14:34:28Z
2026-08-21T14:34:28Z,apifb220055,哥甲,2026-08-21T21:05:00+00:00,Jaguares de Córdoba,Boyacá Chicó FC,apifb:Pinnacle,asian_handicap,Away -1.25,away,away@-1.25,-1.25,1.36,2026-08-21T14:34:28Z
2026-08-21T14:34:28Z,apifb220055,哥甲,2026-08-21T21:05:00+00:00,Jaguares de Córdoba,Boyacá Chicó FC,apifb:Pinnacle,asian_handicap,Home -1,home,home@-1,-1,2.74,2026-08-21T14:34:28Z
2026-08-21T14:34:28Z,apifb220055,哥甲,2026-08-21T21:05:00+00:00,Jaguares de Córdoba,Boyacá Chicó FC,apifb:Pinnacle,asian_handicap,Away -1,away,away@-1,-1,1.47,2026-08-21T14:34:28Z
2026-08-21T14:34:28Z,apifb220055,哥甲,2026-08-21T21:05:00+00:00,Jaguares de Córdoba,Boyacá Chicó FC,apifb:Pinnacle,asian_handicap,Home -0.75,home,home@-0.75,-0.75,2.16,2026-08-21T14:34:28Z
2026-08-21T14:34:28Z,apifb220055,哥甲,2026-08-21T21:05:00+00:00,Jaguares de Córdoba,Boyacá Chicó FC,apifb:Pinnacle,asian_handicap,Away -0.75,away,away@-0.75,-0.75,1.73,2026-08-21T14:34:28Z
2026-08-21T14:34:28Z,apifb220055,哥甲,2026-08-21T21:05:00+00:00,Jaguares de Córdoba,Boyacá Chicó FC,apifb:Pinnacle,asian_handicap,Home -0.5,home,home@-0.5,-0.5,1.87,2026-08-21T14:34:28Z
2026-08-21T14:34:28Z,apifb220055,哥甲,2026-08-21T21:05:00+00:00,Jaguares de Córdoba,Boyacá Chicó FC,apifb:Pinnacle,asian_handicap,Away -0.5,away,away@-0.5,-0.5,1.99,2026-08-21T14:34:28Z
2026-08-21T14:34:28Z,apifb220055,哥甲,2026-08-21T21:05:00+00:00,Jaguares de Córdoba,Boyacá Chicó FC,apifb:Pinnacle,asian_handicap,Home -0.25,home,home@-0.25,-0.25,1.6,2026-08-21T14:34:28Z
2026-08-21T14:34:28Z,apifb220055,哥甲,2026-08-21T21:05:00+00:00,Jaguares de Córdoba,Boyacá Chicó FC,apifb:Pinnacle,asian_handicap,Away -0.25,away,away@-0.25,-0.25,2.4,2026-08-21T14:34:28Z
2026-08-21T14:34:28Z,apifb220055,哥甲,2026-08-21T21:05:00+00:00,Jaguares de Córdoba,Boyacá Chicó FC,apifb:Pinnacle,asian_handicap,Home +0,home,home@+0,+0,1.33,2026-08-21T14:34:28Z
2026-08-21T14:34:28Z,apifb220055,哥甲,2026-08-21T21:05:00+00:00,Jaguares de Córdoba,Boyacá Chicó FC,apifb:Pinnacle,asian_handicap,Away +0,away,away@+0,+0,3.4,2026-08-21T14:34:28Z
2026-08-21T14:34:28Z,apifb220055,哥甲,2026-08-21T21:05:00+00:00,Jaguares de Córdoba,Boyacá Chicó FC,apifb:Pinnacle,asian_handicap,Home +0.25,home,home@+0.25,+0.25,1.25,2026-08-21T14:34:28Z
2026-08-21T14:34:28Z,apifb220055,哥甲,2026-08-21T21:05:00+00:00,Jaguares de Córdoba,Boyacá Chicó FC,apifb:Pinnacle,asian_handicap,Away +0.25,away,away@+0.25,+0.25,4.02,2026-08-21T14:34:28Z
2026-08-21T14:34:28Z,apifb220055,哥甲,2026-08-21T21:05:00+00:00,Jaguares de Córdoba,Boyacá Chicó FC,apifb:Pinnacle,asian_handicap,Home +0.5,home,home@+0.5,+0.5,1.21,2026-08-21T14:34:28Z
2026-08-21T14:34:28Z,apifb220055,哥甲,2026-08-21T21:05:00+00:00,Jaguares de Córdoba,Boyacá Chicó FC,apifb:Pinnacle,asian_handicap,Away +0.5,away,away@+0.5,+0.5,4.64,2026-08-21T14:34:28Z
2026-08-21T14:34:28Z,apifb220055,哥甲,2026-08-21T21:05:00+00:00,Jaguares de Córdoba,Boyacá Chicó FC,apifb:Pinnacle,asian_handicap,Home -1.5,home,home@-1.5,-1.5,3.64,2026-08-21T14:34:28Z
2026-08-21T14:34:28Z,apifb220055,哥甲,2026-08-21T21:05:00+00:00,Jaguares de Córdoba,Boyacá Chicó FC,apifb:Pinnacle,asian_handicap,Away -1.5,away,away@-1.5,-1.5,1.29,2026-08-21T14:34:28Z
2026-08-21T14:34:28Z,apifb220055,哥甲,2026-08-21T21:05:00+00:00,Jaguares de Córdoba,Boyacá Chicó FC,apifb:Pinnacle,totals,Over 1.5,over,over@1.5,1.5,1.44,2026-08-21T14:34:28Z
2026-08-21T14:34:28Z,apifb220055,哥甲,2026-08-21T21:05:00+00:00,Jaguares de Córdoba,Boyacá Chicó FC,apifb:Pinnacle,totals,Under 1.5,under,under@1.5,1.5,2.81,2026-08-21T14:34:28Z
2026-08-21T14:34:28Z,apifb220055,哥甲,2026-08-21T21:05:00+00:00,Jaguares de Córdoba,Boyacá Chicó FC,apifb:Pinnacle,totals,Over 1.75,over,over@1.75,1.75,1.56,2026-08-21T14:34:28Z
2026-08-21T14:34:28Z,apifb220055,哥甲,2026-08-21T21:05:00+00:00,Jaguares de Córdoba,Boyacá Chicó FC,apifb:Pinnacle,totals,Under 1.75,under,under@1.75,1.75,2.47,2026-08-21T14:34:28Z
2026-08-21T14:34:28Z,apifb220055,哥甲,2026-08-21T21:05:00+00:00,Jaguares de Córdoba,Boyacá Chicó FC,apifb:Pinnacle,totals,Over 2.0,over,over@2.0,2.0,1.75,2026-08-21T14:34:28Z
2026-08-21T14:34:28Z,apifb220055,哥甲,2026-08-21T21:05:00+00:00,Jaguares de Córdoba,Boyacá Chicó FC,apifb:Pinnacle,totals,Under 2.0,under,under@2.0,2.0,2.1,2026-08-21T14:34:28Z
2026-08-21T14:34:28Z,apifb220055,哥甲,2026-08-21T21:05:00+00:00,Jaguares de Córdoba,Boyacá Chicó FC,apifb:Pinnacle,totals,Over 2.25,over,over@2.25,2.25,2.07,2026-08-21T14:34:28Z
2026-08-21T14:34:28Z,apifb220055,哥甲,2026-08-21T21:05:00+00:00,Jaguares de Córdoba,Boyacá Chicó FC,apifb:Pinnacle,totals,Under 2.25,under,under@2.25,2.25,1.79,2026-08-21T14:34:28Z
2026-08-21T14:34:28Z,apifb220055,哥甲,2026-08-21T21:05:00+00:00,Jaguares de Córdoba,Boyacá Chicó FC,apifb:Pinnacle,totals,Over 2.5,over,over@2.5,2.5,2.36,2026-08-21T14:34:28Z
2026-08-21T14:34:28Z,apifb220055,哥甲,2026-08-21T21:05:00+00:00,Jaguares de Córdoba,Boyacá Chicó FC,apifb:Pinnacle,totals,Under 2.5,under,under@2.5,2.5,1.61,2026-08-21T14:34:28Z
2026-08-21T14:34:28Z,apifb220055,哥甲,2026-08-21T21:05:00+00:00,Jaguares de Córdoba,Boyacá Chicó FC,apifb:Pinnacle,totals,Over 2.75,over,over@2.75,2.75,2.8,2026-08-21T14:34:28Z
2026-08-21T14:34:28Z,apifb220055,哥甲,2026-08-21T21:05:00+00:00,Jaguares de Córdoba,Boyacá Chicó FC,apifb:Pinnacle,totals,Under 2.75,under,under@2.75,2.75,1.45,2026-08-21T14:34:28Z
2026-08-21T14:34:28Z,apifb220055,哥甲,2026-08-21T21:05:00+00:00,Jaguares de Córdoba,Boyacá Chicó FC,apifb:Pinnacle,totals,Over 3.5,over,over@3.5,3.5,4.41,2026-08-21T14:34:28Z
2026-08-21T14:34:28Z,apifb220055,哥甲,2026-08-21T21:05:00+00:00,Jaguares de Córdoba,Boyacá Chicó FC,apifb:Pinnacle,totals,Under 3.5,under,under@3.5,3.5,1.21,2026-08-21T14:34:28Z
2026-08-21T14:34:28Z,apifb220055,哥甲,2026-08-21T21:05:00+00:00,Jaguares de Córdoba,Boyacá Chicó FC,apifb:SBO,h2h,Home,home,home,,1.84,2026-08-21T14:34:28Z
2026-08-21T14:34:28Z,apifb220055,哥甲,2026-08-21T21:05:00+00:00,Jaguares de Córdoba,Boyacá Chicó FC,apifb:SBO,h2h,Draw,draw,draw,,2.89,2026-08-21T14:34:28Z
2026-08-21T14:34:28Z,apifb220055,哥甲,2026-08-21T21:05:00+00:00,Jaguares de Córdoba,Boyacá Chicó FC,apifb:SBO,h2h,Away,away,away,,3.6,2026-08-21T14:34:28Z
2026-08-21T14:34:28Z,apifb220055,哥甲,2026-08-21T21:05:00+00:00,Jaguares de Córdoba,Boyacá Chicó FC,apifb:SBO,asian_handicap,Home -0.5,home,home@-0.5,-0.5,1.85,2026-08-21T14:34:28Z
2026-08-21T14:34:28Z,apifb220055,哥甲,2026-08-21T21:05:00+00:00,Jaguares de Córdoba,Boyacá Chicó FC,apifb:SBO,asian_handicap,Away -0.5,away,away@-0.5,-0.5,1.93,2026-08-21T14:34:28Z
2026-08-21T14:34:28Z,apifb220055,哥甲,2026-08-21T21:05:00+00:00,Jaguares de Córdoba,Boyacá Chicó FC,apifb:SBO,totals,Over 2.25,over,over@2.25,2.25,2.01,2026-08-21T14:34:28Z
2026-08-21T14:34:28Z,apifb220055,哥甲,2026-08-21T21:05:00+00:00,Jaguares de Córdoba,Boyacá Chicó FC,apifb:SBO,totals,Under 2.25,under,under@2.25,2.25,1.75,2026-08-21T14:34:28Z
2026-08-21T14:34:28Z,apifb220055,哥甲,2026-08-21T21:05:00+00:00,Jaguares de Córdoba,Boyacá Chicó FC,apifb:1xBet,h2h,Home,home,home,,1.85,2026-08-21T14:34:28Z
2026-08-21T14:34:28Z,apifb220055,哥甲,2026-08-21T21:05:00+00:00,Jaguares de Córdoba,Boyacá Chicó FC,apifb:1xBet,h2h,Draw,draw,draw,,3.25,2026-08-21T14:34:28Z
2026-08-21T14:34:28Z,apifb220055,哥甲,2026-08-21T21:05:00+00:00,Jaguares de Córdoba,Boyacá Chicó FC,apifb:1xBet,h2h,Away,away,away,,4.44,2026-08-21T14:34:28Z
2026-08-21T14:34:28Z,apifb220055,哥甲,2026-08-21T21:05:00+00:00,Jaguares de Córdoba,Boyacá Chicó FC,apifb:1xBet,asian_handicap,Home -1.25,home,home@-1.25,-1.25,2.87,2026-08-21T14:34:28Z
2026-08-21T14:34:28Z,apifb220055,哥甲,2026-08-21T21:05:00+00:00,Jaguares de Córdoba,Boyacá Chicó FC,apifb:1xBet,asian_handicap,Away -1.25,away,away@-1.25,-1.25,1.32,2026-08-21T14:34:28Z
2026-08-21T14:34:28Z,apifb220055,哥甲,2026-08-21T21:05:00+00:00,Jaguares de Córdoba,Boyacá Chicó FC,apifb:1xBet,asian_handicap,Home -1,home,home@-1,-1,2.49,2026-08-21T14:34:28Z
2026-08-21T14:34:28Z,apifb220055,哥甲,2026-08-21T21:05:00+00:00,Jaguares de Córdoba,Boyacá Chicó FC,apifb:1xBet,asian_handicap,Away -1,away,away@-1,-1,1.42,2026-08-21T14:34:28Z
2026-08-21T14:34:28Z,apifb220055,哥甲,2026-08-21T21:05:00+00:00,Jaguares de Córdoba,Boyacá Chicó FC,apifb:1xBet,asian_handicap,Home -0.75,home,home@-0.75,-0.75,2.01,2026-08-21T14:34:28Z
2026-08-21T14:34:28Z,apifb220055,哥甲,2026-08-21T21:05:00+00:00,Jaguares de Córdoba,Boyacá Chicó FC,apifb:1xBet,asian_handicap,Away -0.75,away,away@-0.75,-0.75,1.65,2026-08-21T14:34:28Z
2026-08-21T14:34:28Z,apifb220055,哥甲,2026-08-21T21:05:00+00:00,Jaguares de Córdoba,Boyacá Chicó FC,apifb:1xBet,asian_handicap,Home -0.25,home,home@-0.25,-0.25,1.57,2026-08-21T14:34:28Z
2026-08-21T14:34:28Z,apifb220055,哥甲,2026-08-21T21:05:00+00:00,Jaguares de Córdoba,Boyacá Chicó FC,apifb:1xBet,asian_handicap,Away -0.25,away,away@-0.25,-0.25,2.28,2026-08-21T14:34:28Z
2026-08-21T14:34:28Z,apifb220055,哥甲,2026-08-21T21:05:00+00:00,Jaguares de Córdoba,Boyacá Chicó FC,apifb:1xBet,asian_handicap,Home +0,home,home@+0,+0,1.32,2026-08-21T14:34:28Z
2026-08-21T14:34:28Z,apifb220055,哥甲,2026-08-21T21:05:00+00:00,Jaguares de Córdoba,Boyacá Chicó FC,apifb:1xBet,asian_handicap,Away +0,away,away@+0,+0,3.16,2026-08-21T14:34:28Z
2026-08-21T14:34:28Z,apifb220055,哥甲,2026-08-21T21:05:00+00:00,Jaguares de Córdoba,Boyacá Chicó FC,apifb:1xBet,asian_handicap,Home +0.25,home,home@+0.25,+0.25,1.22,2026-08-21T14:34:28Z
2026-08-21T14:34:28Z,apifb220055,哥甲,2026-08-21T21:05:00+00:00,Jaguares de Córdoba,Boyacá Chicó FC,apifb:1xBet,asian_handicap,Away +0.25,away,away@+0.25,+0.25,3.58,2026-08-21T14:34:28Z
2026-08-21T14:34:28Z,apifb220055,哥甲,2026-08-21T21:05:00+00:00,Jaguares de Córdoba,Boyacá Chicó FC,apifb:1xBet,asian_handicap,Home +0.75,home,home@+0.75,+0.75,1.09,2026-08-21T14:34:28Z
2026-08-21T14:34:28Z,apifb220055,哥甲,2026-08-21T21:05:00+00:00,Jaguares de Córdoba,Boyacá Chicó FC,apifb:1xBet,asian_handicap,Away +0.75,away,away@+0.75,+0.75,5.38,2026-08-21T14:34:28Z
2026-08-21T14:34:28Z,apifb220055,哥甲,2026-08-21T21:05:00+00:00,Jaguares de Córdoba,Boyacá Chicó FC,apifb:1xBet,asian_handicap,Home -2,home,home@-2,-2,6.05,2026-08-21T14:34:28Z
2026-08-21T14:34:28Z,apifb220055,哥甲,2026-08-21T21:05:00+00:00,Jaguares de Córdoba,Boyacá Chicó FC,apifb:1xBet,asian_handicap,Away -2,away,away@-2,-2,1.06,2026-08-21T14:34:28Z
2026-08-21T14:34:28Z,apifb220055,哥甲,2026-08-21T21:05:00+00:00,Jaguares de Córdoba,Boyacá Chicó FC,apifb:1xBet,asian_handicap,Home +1,home,home@+1,+1,1.01,2026-08-21T14:34:28Z
2026-08-21T14:34:28Z,apifb220055,哥甲,2026-08-21T21:05:00+00:00,Jaguares de Córdoba,Boyacá Chicó FC,apifb:1xBet,asian_handicap,Away +1,away,away@+1,+1,8.8,2026-08-21T14:34:28Z
2026-08-21T14:34:28Z,apifb220055,哥甲,2026-08-21T21:05:00+00:00,Jaguares de Córdoba,Boyacá Chicó FC,apifb:1xBet,asian_handicap,Home -1.75,home,home@-1.75,-1.75,4.15,2026-08-21T14:34:28Z
2026-08-21T14:34:28Z,apifb220055,哥甲,2026-08-21T21:05:00+00:00,Jaguares de Córdoba,Boyacá Chicó FC,apifb:1xBet,asian_handicap,Away -1.75,away,away@-1.75,-1.75,1.16,2026-08-21T14:34:28Z
2026-08-21T14:34:28Z,apifb220055,哥甲,2026-08-21T21:05:00+00:00,Jaguares de Córdoba,Boyacá Chicó FC,apifb:1xBet,asian_handicap,Home -1.5,home,home@-1.5,-1.5,3.28,2026-08-21T14:34:28Z
2026-08-21T14:34:28Z,apifb220055,哥甲,2026-08-21T21:05:00+00:00,Jaguares de Córdoba,Boyacá Chicó FC,apifb:1xBet,asian_handicap,Away -1.5,away,away@-1.5,-1.5,1.25,2026-08-21T14:34:28Z
2026-08-21T14:34:28Z,apifb220055,哥甲,2026-08-21T21:05:00+00:00,Jaguares de Córdoba,Boyacá Chicó FC,apifb:1xBet,asian_handicap,Home +1.25,home,home@+1.25,+1.25,1.01,2026-08-21T14:34:28Z
2026-08-21T14:34:28Z,apifb220055,哥甲,2026-08-21T21:05:00+00:00,Jaguares de Córdoba,Boyacá Chicó FC,apifb:1xBet,asian_handicap,Away +1.25,away,away@+1.25,+1.25,8.6,2026-08-21T14:34:28Z
2026-08-21T14:34:28Z,apifb220055,哥甲,2026-08-21T21:05:00+00:00,Jaguares de Córdoba,Boyacá Chicó FC,apifb:1xBet,asian_handicap,Home +1.5,home,home@+1.5,+1.5,1.01,2026-08-21T14:34:28Z
2026-08-21T14:34:28Z,apifb220055,哥甲,2026-08-21T21:05:00+00:00,Jaguares de Córdoba,Boyacá Chicó FC,apifb:1xBet,asian_handicap,Away +1.5,away,away@+1.5,+1.5,9.4,2026-08-21T14:34:28Z
2026-08-21T14:34:28Z,apifb220055,哥甲,2026-08-21T21:05:00+00:00,Jaguares de Córdoba,Boyacá Chicó FC,apifb:1xBet,asian_handicap,Home -2.5,home,home@-2.5,-2.5,6.8,2026-08-21T14:34:28Z
2026-08-21T14:34:28Z,apifb220055,哥甲,2026-08-21T21:05:00+00:00,Jaguares de Córdoba,Boyacá Chicó FC,apifb:1xBet,asian_handicap,Away -2.5,away,away@-2.5,-2.5,1.04,2026-08-21T14:34:28Z
2026-08-21T14:34:28Z,apifb220055,哥甲,2026-08-21T21:05:00+00:00,Jaguares de Córdoba,Boyacá Chicó FC,apifb:1xBet,asian_handicap,Home -2.25,home,home@-2.25,-2.25,6.4,2026-08-21T14:34:28Z
2026-08-21T14:34:28Z,apifb220055,哥甲,2026-08-21T21:05:00+00:00,Jaguares de Córdoba,Boyacá Chicó FC,apifb:1xBet,asian_handicap,Away -2.25,away,away@-2.25,-2.25,1.05,2026-08-21T14:34:28Z
2026-08-21T14:34:28Z,apifb220055,哥甲,2026-08-21T21:05:00+00:00,Jaguares de Córdoba,Boyacá Chicó FC,apifb:1xBet,asian_handicap,Home -2.75,home,home@-2.75,-2.75,8.6,2026-08-21T14:34:28Z
2026-08-21T14:34:28Z,apifb220055,哥甲,2026-08-21T21:05:00+00:00,Jaguares de Córdoba,Boyacá Chicó FC,apifb:1xBet,asian_handicap,Away -2.75,away,away@-2.75,-2.75,1.01,2026-08-21T14:34:28Z
2026-08-21T14:34:28Z,apifb220055,哥甲,2026-08-21T21:05:00+00:00,Jaguares de Córdoba,Boyacá Chicó FC,apifb:1xBet,totals,Over 1.5,over,over@1.5,1.5,1.39,2026-08-21T14:34:28Z
2026-08-21T14:34:28Z,apifb220055,哥甲,2026-08-21T21:05:00+00:00,Jaguares de Córdoba,Boyacá Chicó FC,apifb:1xBet,totals,Under 1.5,under,under@1.5,1.5,2.59,2026-08-21T14:34:28Z
2026-08-21T14:34:28Z,apifb220055,哥甲,2026-08-21T21:05:00+00:00,Jaguares de Córdoba,Boyacá Chicó FC,apifb:1xBet,totals,Over 1.75,over,over@1.75,1.75,1.51,2026-08-21T14:34:28Z
2026-08-21T14:34:28Z,apifb220055,哥甲,2026-08-21T21:05:00+00:00,Jaguares de Córdoba,Boyacá Chicó FC,apifb:1xBet,totals,Under 1.75,under,under@1.75,1.75,2.31,2026-08-21T14:34:28Z
2026-08-21T14:34:28Z,apifb220055,哥甲,2026-08-21T21:05:00+00:00,Jaguares de Córdoba,Boyacá Chicó FC,apifb:1xBet,totals,Over 2.0,over,over@2.0,2.0,1.68,2026-08-21T14:34:28Z
2026-08-21T14:34:28Z,apifb220055,哥甲,2026-08-21T21:05:00+00:00,Jaguares de Córdoba,Boyacá Chicó FC,apifb:1xBet,totals,Under 2.0,under,under@2.0,2.0,2.0,2026-08-21T14:34:28Z
2026-08-21T14:34:28Z,apifb220055,哥甲,2026-08-21T21:05:00+00:00,Jaguares de Córdoba,Boyacá Chicó FC,apifb:1xBet,totals,Over 2.25,over,over@2.25,2.25,2.01,2026-08-21T14:34:28Z
2026-08-21T14:34:28Z,apifb220055,哥甲,2026-08-21T21:05:00+00:00,Jaguares de Córdoba,Boyacá Chicó FC,apifb:1xBet,totals,Under 2.25,under,under@2.25,2.25,1.76,2026-08-21T14:34:28Z
2026-08-21T14:34:28Z,apifb220055,哥甲,2026-08-21T21:05:00+00:00,Jaguares de Córdoba,Boyacá Chicó FC,apifb:1xBet,totals,Over 2.5,over,over@2.5,2.5,2.29,2026-08-21T14:34:28Z
2026-08-21T14:34:28Z,apifb220055,哥甲,2026-08-21T21:05:00+00:00,Jaguares de Córdoba,Boyacá Chicó FC,apifb:1xBet,totals,Under 2.5,under,under@2.5,2.5,1.59,2026-08-21T14:34:28Z
2026-08-21T14:34:28Z,apifb220055,哥甲,2026-08-21T21:05:00+00:00,Jaguares de Córdoba,Boyacá Chicó FC,apifb:1xBet,totals,Over 2.75,over,over@2.75,2.75,2.61,2026-08-21T14:34:28Z
2026-08-21T14:34:28Z,apifb220055,哥甲,2026-08-21T21:05:00+00:00,Jaguares de Córdoba,Boyacá Chicó FC,apifb:1xBet,totals,Under 2.75,under,under@2.75,2.75,1.4,2026-08-21T14:34:28Z
2026-08-21T14:34:28Z,apifb220055,哥甲,2026-08-21T21:05:00+00:00,Jaguares de Córdoba,Boyacá Chicó FC,apifb:1xBet,totals,Over 3.5,over,over@3.5,3.5,4.05,2026-08-21T14:34:28Z
2026-08-21T14:34:28Z,apifb220055,哥甲,2026-08-21T21:05:00+00:00,Jaguares de Córdoba,Boyacá Chicó FC,apifb:1xBet,totals,Under 3.5,under,under@3.5,3.5,1.16,2026-08-21T14:34:28Z
2026-08-21T14:34:28Z,apifb220055,哥甲,2026-08-21T21:05:00+00:00,Jaguares de Córdoba,Boyacá Chicó FC,apifb:1xBet,totals,Over 0.5,over,over@0.5,0.5,1.04,2026-08-21T14:34:28Z
2026-08-21T14:34:28Z,apifb220055,哥甲,2026-08-21T21:05:00+00:00,Jaguares de Córdoba,Boyacá Chicó FC,apifb:1xBet,totals,Under 0.5,under,under@0.5,0.5,6.75,2026-08-21T14:34:28Z
2026-08-21T14:34:28Z,apifb220055,哥甲,2026-08-21T21:05:00+00:00,Jaguares de Córdoba,Boyacá Chicó FC,apifb:1xBet,totals,Over 0.75,over,over@0.75,0.75,1.06,2026-08-21T14:34:28Z
2026-08-21T14:34:28Z,apifb220055,哥甲,2026-08-21T21:05:00+00:00,Jaguares de Córdoba,Boyacá Chicó FC,apifb:1xBet,totals,Under 0.75,under,under@0.75,0.75,6.14,2026-08-21T14:34:28Z
2026-08-21T14:34:28Z,apifb220055,哥甲,2026-08-21T21:05:00+00:00,Jaguares de Córdoba,Boyacá Chicó FC,apifb:1xBet,totals,Over 1.0,over,over@1.0,1.0,1.08,2026-08-21T14:34:28Z
2026-08-21T14:34:28Z,apifb220055,哥甲,2026-08-21T21:05:00+00:00,Jaguares de Córdoba,Boyacá Chicó FC,apifb:1xBet,totals,Under 1.0,under,under@1.0,1.0,5.55,2026-08-21T14:34:28Z
2026-08-21T14:34:28Z,apifb220055,哥甲,2026-08-21T21:05:00+00:00,Jaguares de Córdoba,Boyacá Chicó FC,apifb:1xBet,totals,Over 1.25,over,over@1.25,1.25,1.24,2026-08-21T14:34:28Z
2026-08-21T14:34:28Z,apifb220055,哥甲,2026-08-21T21:05:00+00:00,Jaguares de Córdoba,Boyacá Chicó FC,apifb:1xBet,totals,Under 1.25,under,under@1.25,1.25,3.34,2026-08-21T14:34:28Z
2026-08-21T14:34:28Z,apifb220055,哥甲,2026-08-21T21:05:00+00:00,Jaguares de Córdoba,Boyacá Chicó FC,apifb:1xBet,totals,Over 3.0,over,over@3.0,3.0,3.38,2026-08-21T14:34:28Z
2026-08-21T14:34:28Z,apifb220055,哥甲,2026-08-21T21:05:00+00:00,Jaguares de Córdoba,Boyacá Chicó FC,apifb:1xBet,totals,Under 3.0,under,under@3.0,3.0,1.25,2026-08-21T14:34:28Z
2026-08-21T14:34:28Z,apifb220055,哥甲,2026-08-21T21:05:00+00:00,Jaguares de Córdoba,Boyacá Chicó FC,apifb:1xBet,totals,Over 4.5,over,over@4.5,4.5,7.9,2026-08-21T14:34:28Z
2026-08-21T14:34:28Z,apifb220055,哥甲,2026-08-21T21:05:00+00:00,Jaguares de Córdoba,Boyacá Chicó FC,apifb:1xBet,totals,Under 4.5,under,under@4.5,4.5,1.02,2026-08-21T14:34:28Z
2026-08-21T14:34:28Z,apifb220055,哥甲,2026-08-21T21:05:00+00:00,Jaguares de Córdoba,Boyacá Chicó FC,apifb:1xBet,totals,Over 3.25,over,over@3.25,3.25,3.7,2026-08-21T14:34:28Z
2026-08-21T14:34:28Z,apifb220055,哥甲,2026-08-21T21:05:00+00:00,Jaguares de Córdoba,Boyacá Chicó FC,apifb:1xBet,totals,Under 3.25,under,under@3.25,3.25,1.2,2026-08-21T14:34:28Z
2026-08-21T14:34:28Z,apifb220055,哥甲,2026-08-21T21:05:00+00:00,Jaguares de Córdoba,Boyacá Chicó FC,apifb:1xBet,totals,Over 3.75,over,over@3.75,3.75,5.09,2026-08-21T14:34:28Z
2026-08-21T14:34:28Z,apifb220055,哥甲,2026-08-21T21:05:00+00:00,Jaguares de Córdoba,Boyacá Chicó FC,apifb:1xBet,totals,Under 3.75,under,under@3.75,3.75,1.1,2026-08-21T14:34:28Z
2026-08-21T14:34:28Z,apifb220055,哥甲,2026-08-21T21:05:00+00:00,Jaguares de Córdoba,Boyacá Chicó FC,apifb:1xBet,totals,Over 4.0,over,over@4.0,4.0,7.2,2026-08-21T14:34:28Z
2026-08-21T14:34:28Z,apifb220055,哥甲,2026-08-21T21:05:00+00:00,Jaguares de Córdoba,Boyacá Chicó FC,apifb:1xBet,totals,Under 4.0,under,under@4.0,4.0,1.03,2026-08-21T14:34:28Z
2026-08-21T14:34:28Z,apifb220055,哥甲,2026-08-21T21:05:00+00:00,Jaguares de Córdoba,Boyacá Chicó FC,apifb:1xBet,totals,Over 4.25,over,over@4.25,4.25,7.5,2026-08-21T14:34:28Z
2026-08-21T14:34:28Z,apifb220055,哥甲,2026-08-21T21:05:00+00:00,Jaguares de Córdoba,Boyacá Chicó FC,apifb:1xBet,totals,Under 4.25,under,under@4.25,4.25,1.03,2026-08-21T14:34:28Z
2026-08-21T14:34:28Z,apifb220055,哥甲,2026-08-21T21:05:00+00:00,Jaguares de Córdoba,Boyacá Chicó FC,apifb:1xBet,totals,Over 5.5,over,over@5.5,5.5,18.0,2026-08-21T14:34:28Z
2026-08-21T14:34:28Z,apifb220055,哥甲,2026-08-21T21:05:00+00:00,Jaguares de Córdoba,Boyacá Chicó FC,apifb:1xBet,totals,Under 5.5,under,under@5.5,5.5,1.01,2026-08-21T14:34:28Z
2026-08-21T14:34:28Z,apifb220055,哥甲,2026-08-21T21:05:00+00:00,Jaguares de Córdoba,Boyacá Chicó FC,apifb:1xBet,totals,Over 6.5,over,over@6.5,6.5,50.0,2026-08-21T14:34:28Z
2026-08-21T14:34:28Z,apifb220055,哥甲,2026-08-21T21:05:00+00:00,Jaguares de Córdoba,Boyacá Chicó FC,apifb:1xBet,totals,Under 6.5,under,under@6.5,6.5,1.0,2026-08-21T14:34:28Z
2026-08-21T14:34:28Z,apifb220055,哥甲,2026-08-21T21:05:00+00:00,Jaguares de Córdoba,Boyacá Chicó FC,apifb:Betano,h2h,Home,home,home,,1.91,2026-08-21T14:34:28Z
2026-08-21T14:34:28Z,apifb220055,哥甲,2026-08-21T21:05:00+00:00,Jaguares de Córdoba,Boyacá Chicó FC,apifb:Betano,h2h,Draw,draw,draw,,3.35,2026-08-21T14:34:28Z
2026-08-21T14:34:28Z,apifb220055,哥甲,2026-08-21T21:05:00+00:00,Jaguares de Córdoba,Boyacá Chicó FC,apifb:Betano,h2h,Away,away,away,,4.9,2026-08-21T14:34:28Z
2026-08-21T14:34:28Z,apifb220055,哥甲,2026-08-21T21:05:00+00:00,Jaguares de Córdoba,Boyacá Chicó FC,apifb:Betano,asian_handicap,Home -1.25,home,home@-1.25,-1.25,3.05,2026-08-21T14:34:28Z
2026-08-21T14:34:28Z,apifb220055,哥甲,2026-08-21T21:05:00+00:00,Jaguares de Córdoba,Boyacá Chicó FC,apifb:Betano,asian_handicap,Away -1.25,away,away@-1.25,-1.25,1.37,2026-08-21T14:34:28Z
2026-08-21T14:34:28Z,apifb220055,哥甲,2026-08-21T21:05:00+00:00,Jaguares de Córdoba,Boyacá Chicó FC,apifb:Betano,asian_handicap,Home -1,home,home@-1,-1,2.65,2026-08-21T14:34:28Z
2026-08-21T14:34:28Z,apifb220055,哥甲,2026-08-21T21:05:00+00:00,Jaguares de Córdoba,Boyacá Chicó FC,apifb:Betano,asian_handicap,Away -1,away,away@-1,-1,1.47,2026-08-21T14:34:28Z
2026-08-21T14:34:28Z,apifb220055,哥甲,2026-08-21T21:05:00+00:00,Jaguares de Córdoba,Boyacá Chicó FC,apifb:Betano,asian_handicap,Home -0.75,home,home@-0.75,-0.75,2.12,2026-08-21T14:34:28Z
2026-08-21T14:34:28Z,apifb220055,哥甲,2026-08-21T21:05:00+00:00,Jaguares de Córdoba,Boyacá Chicó FC,apifb:Betano,asian_handicap,Away -0.75,away,away@-0.75,-0.75,1.7,2026-08-21T14:34:28Z
2026-08-21T14:34:28Z,apifb220055,哥甲,2026-08-21T21:05:00+00:00,Jaguares de Córdoba,Boyacá Chicó FC,apifb:Betano,asian_handicap,Home -0.5,home,home@-0.5,-0.5,1.83,2026-08-21T14:34:28Z
2026-08-21T14:34:28Z,apifb220055,哥甲,2026-08-21T21:05:00+00:00,Jaguares de Córdoba,Boyacá Chicó FC,apifb:Betano,asian_handicap,Away -0.5,away,away@-0.5,-0.5,1.93,2026-08-21T14:34:28Z
2026-08-21T14:34:28Z,apifb220055,哥甲,2026-08-21T21:05:00+00:00,Jaguares de Córdoba,Boyacá Chicó FC,apifb:Betano,asian_handicap,Home -0.25,home,home@-0.25,-0.25,1.6,2026-08-21T14:34:28Z
2026-08-21T14:34:28Z,apifb220055,哥甲,2026-08-21T21:05:00+00:00,Jaguares de Córdoba,Boyacá Chicó FC,apifb:Betano,asian_handicap,Away -0.25,away,away@-0.25,-0.25,2.32,2026-08-21T14:34:28Z
2026-08-21T14:34:28Z,apifb220055,哥甲,2026-08-21T21:05:00+00:00,Jaguares de Córdoba,Boyacá Chicó FC,apifb:Betano,totals,Over 1.5,over,over@1.5,1.5,1.44,2026-08-21T14:34:28Z
2026-08-21T14:34:28Z,apifb220055,哥甲,2026-08-21T21:05:00+00:00,Jaguares de Córdoba,Boyacá Chicó FC,apifb:Betano,totals,Under 1.5,under,under@1.5,1.5,2.67,2026-08-21T14:34:28Z
2026-08-21T14:34:28Z,apifb220055,哥甲,2026-08-21T21:05:00+00:00,Jaguares de Córdoba,Boyacá Chicó FC,apifb:Betano,totals,Over 1.75,over,over@1.75,1.75,1.55,2026-08-21T14:34:28Z
2026-08-21T14:34:28Z,apifb220055,哥甲,2026-08-21T21:05:00+00:00,Jaguares de Córdoba,Boyacá Chicó FC,apifb:Betano,totals,Under 1.75,under,under@1.75,1.75,2.4,2026-08-21T14:34:28Z
2026-08-21T14:34:28Z,apifb220055,哥甲,2026-08-21T21:05:00+00:00,Jaguares de Córdoba,Boyacá Chicó FC,apifb:Betano,totals,Over 2.0,over,over@2.0,2.0,1.72,2026-08-21T14:34:28Z
2026-08-21T14:34:28Z,apifb220055,哥甲,2026-08-21T21:05:00+00:00,Jaguares de Córdoba,Boyacá Chicó FC,apifb:Betano,totals,Under 2.0,under,under@2.0,2.0,2.07,2026-08-21T14:34:28Z
2026-08-21T14:34:28Z,apifb220055,哥甲,2026-08-21T21:05:00+00:00,Jaguares de Córdoba,Boyacá Chicó FC,apifb:Betano,totals,Over 2.25,over,over@2.25,2.25,2.02,2026-08-21T14:34:28Z
2026-08-21T14:34:28Z,apifb220055,哥甲,2026-08-21T21:05:00+00:00,Jaguares de Córdoba,Boyacá Chicó FC,apifb:Betano,totals,Under 2.25,under,under@2.25,2.25,1.78,2026-08-21T14:34:28Z
2026-08-21T14:34:28Z,apifb220055,哥甲,2026-08-21T21:05:00+00:00,Jaguares de Córdoba,Boyacá Chicó FC,apifb:Betano,totals,Over 2.5,over,over@2.5,2.5,2.3,2026-08-21T14:34:28Z
2026-08-21T14:34:28Z,apifb220055,哥甲,2026-08-21T21:05:00+00:00,Jaguares de Córdoba,Boyacá Chicó FC,apifb:Betano,totals,Under 2.5,under,under@2.5,2.5,1.6,2026-08-21T14:34:28Z
2026-08-21T14:34:28Z,apifb220055,哥甲,2026-08-21T21:05:00+00:00,Jaguares de Córdoba,Boyacá Chicó FC,apifb:Betano,totals,Over 2.75,over,over@2.75,2.75,2.7,2026-08-21T14:34:28Z
2026-08-21T14:34:28Z,apifb220055,哥甲,2026-08-21T21:05:00+00:00,Jaguares de Córdoba,Boyacá Chicó FC,apifb:Betano,totals,Under 2.75,under,under@2.75,2.75,1.45,2026-08-21T14:34:28Z
2026-08-21T14:34:28Z,apifb220055,哥甲,2026-08-21T21:05:00+00:00,Jaguares de Córdoba,Boyacá Chicó FC,apifb:Betano,totals,Over 3.5,over,over@3.5,3.5,4.0,2026-08-21T14:34:28Z
2026-08-21T14:34:28Z,apifb220055,哥甲,2026-08-21T21:05:00+00:00,Jaguares de Córdoba,Boyacá Chicó FC,apifb:Betano,totals,Under 3.5,under,under@3.5,3.5,1.22,2026-08-21T14:34:28Z
2026-08-21T14:34:28Z,apifb220055,哥甲,2026-08-21T21:05:00+00:00,Jaguares de Córdoba,Boyacá Chicó FC,apifb:Betano,totals,Over 0.5,over,over@0.5,0.5,1.1,2026-08-21T14:34:28Z
2026-08-21T14:34:28Z,apifb220055,哥甲,2026-08-21T21:05:00+00:00,Jaguares de Córdoba,Boyacá Chicó FC,apifb:Betano,totals,Under 0.5,under,under@0.5,0.5,6.2,2026-08-21T14:34:28Z
2026-08-21T14:34:28Z,apifb220055,哥甲,2026-08-21T21:05:00+00:00,Jaguares de Córdoba,Boyacá Chicó FC,apifb:Betano,totals,Over 4.5,over,over@4.5,4.5,7.2,2026-08-21T14:34:28Z
2026-08-21T14:34:28Z,apifb220055,哥甲,2026-08-21T21:05:00+00:00,Jaguares de Córdoba,Boyacá Chicó FC,apifb:Betano,totals,Under 4.5,under,under@4.5,4.5,1.07,2026-08-21T14:34:28Z
2026-08-21T14:34:28Z,apifb220055,哥甲,2026-08-21T21:05:00+00:00,Jaguares de Córdoba,Boyacá Chicó FC,apifb:Betano,totals,Over 5.5,over,over@5.5,5.5,11.0,2026-08-21T14:34:28Z
2026-08-21T14:34:28Z,apifb220055,哥甲,2026-08-21T21:05:00+00:00,Jaguares de Córdoba,Boyacá Chicó FC,apifb:Betano,totals,Under 5.5,under,under@5.5,5.5,1.02,2026-08-21T14:34:28Z
2026-08-21T14:34:28Z,apifb220055,哥甲,2026-08-21T21:05:00+00:00,Jaguares de Córdoba,Boyacá Chicó FC,apifb:Superbet,h2h,Home,home,home,,1.9,2026-08-21T14:34:28Z
2026-08-21T14:34:28Z,apifb220055,哥甲,2026-08-21T21:05:00+00:00,Jaguares de Córdoba,Boyacá Chicó FC,apifb:Superbet,h2h,Draw,draw,draw,,3.25,2026-08-21T14:34:28Z
2026-08-21T14:34:28Z,apifb220055,哥甲,2026-08-21T21:05:00+00:00,Jaguares de Córdoba,Boyacá Chicó FC,apifb:Superbet,h2h,Away,away,away,,4.3,2026-08-21T14:34:28Z
2026-08-21T14:34:28Z,apifb220055,哥甲,2026-08-21T21:05:00+00:00,Jaguares de Córdoba,Boyacá Chicó FC,apifb:Superbet,asian_handicap,Home -0.5,home,home@-0.5,-0.5,1.83,2026-08-21T14:34:28Z
2026-08-21T14:34:28Z,apifb220055,哥甲,2026-08-21T21:05:00+00:00,Jaguares de Córdoba,Boyacá Chicó FC,apifb:Superbet,asian_handicap,Away -0.5,away,away@-0.5,-0.5,1.87,2026-08-21T14:34:28Z
2026-08-21T14:34:28Z,apifb220055,哥甲,2026-08-21T21:05:00+00:00,Jaguares de Córdoba,Boyacá Chicó FC,apifb:Superbet,asian_handicap,Home +0.5,home,home@+0.5,+0.5,1.2,2026-08-21T14:34:28Z
2026-08-21T14:34:28Z,apifb220055,哥甲,2026-08-21T21:05:00+00:00,Jaguares de Córdoba,Boyacá Chicó FC,apifb:Superbet,asian_handicap,Away +0.5,away,away@+0.5,+0.5,4.0,2026-08-21T14:34:28Z
2026-08-21T14:34:28Z,apifb220055,哥甲,2026-08-21T21:05:00+00:00,Jaguares de Córdoba,Boyacá Chicó FC,apifb:Superbet,asian_handicap,Home -1.5,home,home@-1.5,-1.5,3.45,2026-08-21T14:34:28Z
2026-08-21T14:34:28Z,apifb220055,哥甲,2026-08-21T21:05:00+00:00,Jaguares de Córdoba,Boyacá Chicó FC,apifb:Superbet,asian_handicap,Away -1.5,away,away@-1.5,-1.5,1.27,2026-08-21T14:34:28Z
2026-08-21T14:34:28Z,apifb220055,哥甲,2026-08-21T21:05:00+00:00,Jaguares de Córdoba,Boyacá Chicó FC,apifb:Superbet,asian_handicap,Home +1.5,home,home@+1.5,+1.5,1.04,2026-08-21T14:34:28Z
2026-08-21T14:34:28Z,apifb220055,哥甲,2026-08-21T21:05:00+00:00,Jaguares de Córdoba,Boyacá Chicó FC,apifb:Superbet,asian_handicap,Away +1.5,away,away@+1.5,+1.5,9.4,2026-08-21T14:34:28Z
2026-08-21T14:34:28Z,apifb220055,哥甲,2026-08-21T21:05:00+00:00,Jaguares de Córdoba,Boyacá Chicó FC,apifb:Superbet,asian_handicap,Home -2.5,home,home@-2.5,-2.5,7.3,2026-08-21T14:34:28Z
2026-08-21T14:34:28Z,apifb220055,哥甲,2026-08-21T21:05:00+00:00,Jaguares de Córdoba,Boyacá Chicó FC,apifb:Superbet,asian_handicap,Away -2.5,away,away@-2.5,-2.5,1.06,2026-08-21T14:34:28Z
2026-08-21T14:34:28Z,apifb220055,哥甲,2026-08-21T21:05:00+00:00,Jaguares de Córdoba,Boyacá Chicó FC,apifb:Superbet,totals,Over 1.5,over,over@1.5,1.5,1.42,2026-08-21T14:34:28Z
2026-08-21T14:34:28Z,apifb220055,哥甲,2026-08-21T21:05:00+00:00,Jaguares de Córdoba,Boyacá Chicó FC,apifb:Superbet,totals,Under 1.5,under,under@1.5,1.5,2.75,2026-08-21T14:34:28Z
2026-08-21T14:34:28Z,apifb220055,哥甲,2026-08-21T21:05:00+00:00,Jaguares de Córdoba,Boyacá Chicó FC,apifb:Superbet,totals,Over 2.5,over,over@2.5,2.5,2.3,2026-08-21T14:34:28Z
2026-08-21T14:34:28Z,apifb220055,哥甲,2026-08-21T21:05:00+00:00,Jaguares de Córdoba,Boyacá Chicó FC,apifb:Superbet,totals,Under 2.5,under,under@2.5,2.5,1.58,2026-08-21T14:34:28Z
2026-08-21T14:34:28Z,apifb220055,哥甲,2026-08-21T21:05:00+00:00,Jaguares de Córdoba,Boyacá Chicó FC,apifb:Superbet,totals,Over 3.5,over,over@3.5,3.5,4.2,2026-08-21T14:34:28Z
2026-08-21T14:34:28Z,apifb220055,哥甲,2026-08-21T21:05:00+00:00,Jaguares de Córdoba,Boyacá Chicó FC,apifb:Superbet,totals,Under 3.5,under,under@3.5,3.5,1.2,2026-08-21T14:34:28Z
2026-08-21T14:34:28Z,apifb220055,哥甲,2026-08-21T21:05:00+00:00,Jaguares de Córdoba,Boyacá Chicó FC,apifb:Superbet,totals,Over 0.5,over,over@0.5,0.5,1.08,2026-08-21T14:34:28Z
2026-08-21T14:34:28Z,apifb220055,哥甲,2026-08-21T21:05:00+00:00,Jaguares de Córdoba,Boyacá Chicó FC,apifb:Superbet,totals,Under 0.5,under,under@0.5,0.5,7.1,2026-08-21T14:34:28Z
2026-08-21T14:34:28Z,apifb220055,哥甲,2026-08-21T21:05:00+00:00,Jaguares de Córdoba,Boyacá Chicó FC,apifb:Superbet,totals,Over 4.5,over,over@4.5,4.5,8.5,2026-08-21T14:34:28Z
2026-08-21T14:34:28Z,apifb220055,哥甲,2026-08-21T21:05:00+00:00,Jaguares de Córdoba,Boyacá Chicó FC,apifb:Superbet,totals,Under 4.5,under,under@4.5,4.5,1.05,2026-08-21T14:34:28Z
2026-08-21T14:34:28Z,apifb220055,哥甲,2026-08-21T21:05:00+00:00,Jaguares de Córdoba,Boyacá Chicó FC,apifb:Superbet,totals,Over 5.5,over,over@5.5,5.5,19.0,2026-08-21T14:34:28Z
2026-08-21T14:34:28Z,apifb220055,哥甲,2026-08-21T21:05:00+00:00,Jaguares de Córdoba,Boyacá Chicó FC,apifb:Superbet,totals,Under 5.5,under,under@5.5,5.5,1.01,2026-08-21T14:34:28Z
2026-08-21T14:34:28Z,apifb220055,哥甲,2026-08-21T21:05:00+00:00,Jaguares de Córdoba,Boyacá Chicó FC,apifb:Superbet,totals,Over 6.5,over,over@6.5,6.5,45.0,2026-08-21T14:34:28Z
2026-08-21T14:34:28Z,apifb220055,哥甲,2026-08-21T21:05:00+00:00,Jaguares de Córdoba,Boyacá Chicó FC,apifb:Superbet,totals,Under 6.5,under,under@6.5,6.5,1.0,2026-08-21T14:34:28Z
2026-08-21T14:34:28Z,apifb220055,哥甲,2026-08-21T21:05:00+00:00,Jaguares de Córdoba,Boyacá Chicó FC,apifb:888Sport,h2h,Home,home,home,,1.85,2026-08-21T14:34:28Z
2026-08-21T14:34:28Z,apifb220055,哥甲,2026-08-21T21:05:00+00:00,Jaguares de Córdoba,Boyacá Chicó FC,apifb:888Sport,h2h,Draw,draw,draw,,3.1,2026-08-21T14:34:28Z
2026-08-21T14:34:28Z,apifb220055,哥甲,2026-08-21T21:05:00+00:00,Jaguares de Córdoba,Boyacá Chicó FC,apifb:888Sport,h2h,Away,away,away,,4.33,2026-08-21T14:34:28Z
2026-08-21T14:34:28Z,apifb220055,哥甲,2026-08-21T21:05:00+00:00,Jaguares de Córdoba,Boyacá Chicó FC,apifb:888Sport,totals,Over 1.5,over,over@1.5,1.5,1.4,2026-08-21T14:34:28Z
2026-08-21T14:34:28Z,apifb220055,哥甲,2026-08-21T21:05:00+00:00,Jaguares de Córdoba,Boyacá Chicó FC,apifb:888Sport,totals,Under 1.5,under,under@1.5,1.5,2.75,2026-08-21T14:34:28Z
2026-08-21T14:34:28Z,apifb220055,哥甲,2026-08-21T21:05:00+00:00,Jaguares de Córdoba,Boyacá Chicó FC,apifb:888Sport,totals,Over 2.5,over,over@2.5,2.5,2.25,2026-08-21T14:34:28Z
2026-08-21T14:34:28Z,apifb220055,哥甲,2026-08-21T21:05:00+00:00,Jaguares de Córdoba,Boyacá Chicó FC,apifb:888Sport,totals,Under 2.5,under,under@2.5,2.5,1.6,2026-08-21T14:34:28Z
2026-08-21T14:34:28Z,apifb220055,哥甲,2026-08-21T21:05:00+00:00,Jaguares de Córdoba,Boyacá Chicó FC,apifb:888Sport,totals,Over 3.5,over,over@3.5,3.5,4.33,2026-08-21T14:34:28Z
2026-08-21T14:34:28Z,apifb220055,哥甲,2026-08-21T21:05:00+00:00,Jaguares de Córdoba,Boyacá Chicó FC,apifb:888Sport,totals,Under 3.5,under,under@3.5,3.5,1.2,2026-08-21T14:34:28Z
2026-08-21T14:34:28Z,apifb220055,哥甲,2026-08-21T21:05:00+00:00,Jaguares de Córdoba,Boyacá Chicó FC,apifb:888Sport,totals,Over 0.5,over,over@0.5,0.5,1.08,2026-08-21T14:34:28Z
2026-08-21T14:34:28Z,apifb220055,哥甲,2026-08-21T21:05:00+00:00,Jaguares de Córdoba,Boyacá Chicó FC,apifb:888Sport,totals,Under 0.5,under,under@0.5,0.5,7.5,2026-08-21T14:34:28Z
2026-08-21T14:34:28Z,apifb220055,哥甲,2026-08-21T21:05:00+00:00,Jaguares de Córdoba,Boyacá Chicó FC,apifb:888Sport,totals,Over 4.5,over,over@4.5,4.5,9.0,2026-08-21T14:34:28Z
2026-08-21T14:34:28Z,apifb220055,哥甲,2026-08-21T21:05:00+00:00,Jaguares de Córdoba,Boyacá Chicó FC,apifb:888Sport,totals,Under 4.5,under,under@4.5,4.5,1.06,2026-08-21T14:34:28Z
2026-08-21T14:34:28Z,apifb220055,哥甲,2026-08-21T21:05:00+00:00,Jaguares de Córdoba,Boyacá Chicó FC,apifb:888Sport,totals,Over 5.5,over,over@5.5,5.5,23.0,2026-08-21T14:34:28Z
2026-08-21T14:34:28Z,apifb220055,哥甲,2026-08-21T21:05:00+00:00,Jaguares de Córdoba,Boyacá Chicó FC,apifb:888Sport,totals,Under 5.5,under,under@5.5,5.5,1.01,2026-08-21T14:34:28Z
2026-08-21T14:34:28Z,apifb220055,哥甲,2026-08-21T21:05:00+00:00,Jaguares de Córdoba,Boyacá Chicó FC,apifb:Dafabet,h2h,Home,home,home,,1.89,2026-08-21T14:34:28Z
2026-08-21T14:34:28Z,apifb220055,哥甲,2026-08-21T21:05:00+00:00,Jaguares de Córdoba,Boyacá Chicó FC,apifb:Dafabet,h2h,Draw,draw,draw,,3.2,2026-08-21T14:34:28Z
2026-08-21T14:34:28Z,apifb220055,哥甲,2026-08-21T21:05:00+00:00,Jaguares de Córdoba,Boyacá Chicó FC,apifb:Dafabet,h2h,Away,away,away,,4.4,2026-08-21T14:34:28Z
2026-08-21T14:32:46Z,222618,沙超,2026-08-21T16:00:00Z,Al-Riyadh,Al-Nassr,betclic_fr,h2h,Al-Nassr,away,away,,1.24,2026-08-21T14:30:01Z
2026-08-21T14:32:46Z,222618,沙超,2026-08-21T16:00:00Z,Al-Riyadh,Al-Nassr,betclic_fr,h2h,Al-Riyadh,home,home,,9.25,2026-08-21T14:30:01Z
2026-08-21T14:32:46Z,222618,沙超,2026-08-21T16:00:00Z,Al-Riyadh,Al-Nassr,betclic_fr,h2h,Draw,draw,draw,,5.9,2026-08-21T14:30:01Z
2026-08-21T14:32:46Z,222618,沙超,2026-08-21T16:00:00Z,Al-Riyadh,Al-Nassr,pinnacle,h2h,Al-Nassr,away,away,,1.25,2026-08-21T14:32:42Z
2026-08-21T14:32:46Z,222618,沙超,2026-08-21T16:00:00Z,Al-Riyadh,Al-Nassr,pinnacle,h2h,Al-Riyadh,home,home,,9.96,2026-08-21T14:32:42Z
2026-08-21T14:32:46Z,222618,沙超,2026-08-21T16:00:00Z,Al-Riyadh,Al-Nassr,pinnacle,h2h,Draw,draw,draw,,6.17,2026-08-21T14:32:42Z
2026-08-21T14:32:46Z,222618,沙超,2026-08-21T16:00:00Z,Al-Riyadh,Al-Nassr,pinnacle,spreads,Al-Nassr,away,away@-1.75,-1.75,1.93,2026-08-21T14:32:42Z
2026-08-21T14:32:46Z,222618,沙超,2026-08-21T16:00:00Z,Al-Riyadh,Al-Nassr,pinnacle,spreads,Al-Riyadh,home,home@1.75,1.75,1.91,2026-08-21T14:32:42Z
2026-08-21T14:32:46Z,222618,沙超,2026-08-21T16:00:00Z,Al-Riyadh,Al-Nassr,pinnacle,totals,Over,over,over@3.25,3.25,1.85,2026-08-21T14:32:42Z
2026-08-21T14:32:46Z,222618,沙超,2026-08-21T16:00:00Z,Al-Riyadh,Al-Nassr,pinnacle,totals,Under,under,under@3.25,3.25,1.97,2026-08-21T14:32:42Z
2026-08-21T14:32:46Z,222618,沙超,2026-08-21T16:00:00Z,Al-Riyadh,Al-Nassr,paddypower,h2h,Al-Nassr,away,away,,1.2,2026-08-21T14:31:48Z
2026-08-21T14:32:46Z,222618,沙超,2026-08-21T16:00:00Z,Al-Riyadh,Al-Nassr,paddypower,h2h,Al-Riyadh,home,home,,10.0,2026-08-21T14:31:48Z
2026-08-21T14:32:46Z,222618,沙超,2026-08-21T16:00:00Z,Al-Riyadh,Al-Nassr,paddypower,h2h,Draw,draw,draw,,5.5,2026-08-21T14:31:48Z
2026-08-21T14:32:46Z,222618,沙超,2026-08-21T16:00:00Z,Al-Riyadh,Al-Nassr,betfair_ex_eu,h2h,Al-Nassr,away,away,,1.27,2026-08-21T14:32:42Z
2026-08-21T14:32:46Z,222618,沙超,2026-08-21T16:00:00Z,Al-Riyadh,Al-Nassr,betfair_ex_eu,h2h,Al-Riyadh,home,home,,12.5,2026-08-21T14:32:42Z
2026-08-21T14:32:46Z,222618,沙超,2026-08-21T16:00:00Z,Al-Riyadh,Al-Nassr,betfair_ex_eu,h2h,Draw,draw,draw,,6.6,2026-08-21T14:32:42Z
2026-08-21T14:32:46Z,222618,沙超,2026-08-21T16:00:00Z,Al-Riyadh,Al-Nassr,betfair_ex_eu,h2h_lay,Al-Nassr,h2h_lay,h2h_lay,,1.29,2026-08-21T14:32:42Z
2026-08-21T14:32:46Z,222618,沙超,2026-08-21T16:00:00Z,Al-Riyadh,Al-Nassr,betfair_ex_eu,h2h_lay,Al-Riyadh,h2h_lay,h2h_lay,,14.0,2026-08-21T14:32:42Z
2026-08-21T14:32:46Z,222618,沙超,2026-08-21T16:00:00Z,Al-Riyadh,Al-Nassr,betfair_ex_eu,h2h_lay,Draw,h2h_lay,h2h_lay,,7.4,2026-08-21T14:32:42Z
2026-08-21T14:32:46Z,222618,沙超,2026-08-21T16:00:00Z,Al-Riyadh,Al-Nassr,betfair_sb_uk,h2h,Al-Nassr,away,away,,1.22,2026-08-21T14:32:42Z
2026-08-21T14:32:46Z,222618,沙超,2026-08-21T16:00:00Z,Al-Riyadh,Al-Nassr,betfair_sb_uk,h2h,Al-Riyadh,home,home,,11.0,2026-08-21T14:32:42Z
2026-08-21T14:32:46Z,222618,沙超,2026-08-21T16:00:00Z,Al-Riyadh,Al-Nassr,betfair_sb_uk,h2h,Draw,draw,draw,,6.0,2026-08-21T14:32:42Z
2026-08-21T14:32:46Z,222618,沙超,2026-08-21T16:00:00Z,Al-Riyadh,Al-Nassr,skybet,h2h,Al-Nassr,away,away,,1.2,2026-08-21T14:32:43Z
2026-08-21T14:32:46Z,222618,沙超,2026-08-21T16:00:00Z,Al-Riyadh,Al-Nassr,skybet,h2h,Al-Riyadh,home,home,,9.0,2026-08-21T14:32:43Z
2026-08-21T14:32:46Z,222618,沙超,2026-08-21T16:00:00Z,Al-Riyadh,Al-Nassr,skybet,h2h,Draw,draw,draw,,5.5,2026-08-21T14:32:43Z
2026-08-21T14:32:46Z,222618,沙超,2026-08-21T16:00:00Z,Al-Riyadh,Al-Nassr,smarkets,h2h,Al-Nassr,away,away,,1.27,2026-08-21T14:32:44Z
2026-08-21T14:32:46Z,222618,沙超,2026-08-21T16:00:00Z,Al-Riyadh,Al-Nassr,smarkets,h2h,Al-Riyadh,home,home,,13.0,2026-08-21T14:32:44Z
2026-08-21T14:32:46Z,222618,沙超,2026-08-21T16:00:00Z,Al-Riyadh,Al-Nassr,smarkets,h2h,Draw,draw,draw,,6.8,2026-08-21T14:32:44Z
2026-08-21T14:32:46Z,222618,沙超,2026-08-21T16:00:00Z,Al-Riyadh,Al-Nassr,smarkets,h2h_lay,Al-Nassr,h2h_lay,h2h_lay,,1.28,2026-08-21T14:32:44Z
2026-08-21T14:32:46Z,222618,沙超,2026-08-21T16:00:00Z,Al-Riyadh,Al-Nassr,smarkets,h2h_lay,Al-Riyadh,h2h_lay,h2h_lay,,14.01,2026-08-21T14:32:44Z
2026-08-21T14:32:46Z,222618,沙超,2026-08-21T16:00:00Z,Al-Riyadh,Al-Nassr,smarkets,h2h_lay,Draw,h2h_lay,h2h_lay,,7.2,2026-08-21T14:32:44Z
2026-08-21T14:32:46Z,222618,沙超,2026-08-21T16:00:00Z,Al-Riyadh,Al-Nassr,onexbet,h2h,Al-Nassr,away,away,,1.24,2026-08-21T14:32:44Z
2026-08-21T14:32:46Z,222618,沙超,2026-08-21T16:00:00Z,Al-Riyadh,Al-Nassr,onexbet,h2h,Al-Riyadh,home,home,,9.9,2026-08-21T14:32:44Z
2026-08-21T14:32:46Z,222618,沙超,2026-08-21T16:00:00Z,Al-Riyadh,Al-Nassr,onexbet,h2h,Draw,draw,draw,,6.11,2026-08-21T14:32:44Z
2026-08-21T14:32:46Z,222618,沙超,2026-08-21T16:00:00Z,Al-Riyadh,Al-Nassr,onexbet,spreads,Al-Nassr,away,away@-1.5,-1.50,1.72,2026-08-21T14:32:44Z
2026-08-21T14:32:46Z,222618,沙超,2026-08-21T16:00:00Z,Al-Riyadh,Al-Nassr,onexbet,spreads,Al-Riyadh,home,home@1.5,1.50,2.04,2026-08-21T14:32:44Z
2026-08-21T14:32:46Z,222618,沙超,2026-08-21T16:00:00Z,Al-Riyadh,Al-Nassr,onexbet,totals,Over,over,over@3.5,3.50,2.02,2026-08-21T14:32:44Z
2026-08-21T14:32:46Z,222618,沙超,2026-08-21T16:00:00Z,Al-Riyadh,Al-Nassr,onexbet,totals,Under,under,under@3.5,3.50,1.74,2026-08-21T14:32:44Z
2026-08-21T14:32:46Z,222618,沙超,2026-08-21T16:00:00Z,Al-Riyadh,Al-Nassr,betfred_uk,h2h,Al-Nassr,away,away,,1.25,2026-08-21T14:32:42Z
2026-08-21T14:32:46Z,222618,沙超,2026-08-21T16:00:00Z,Al-Riyadh,Al-Nassr,betfred_uk,h2h,Al-Riyadh,home,home,,9.5,2026-08-21T14:32:42Z
2026-08-21T14:32:46Z,222618,沙超,2026-08-21T16:00:00Z,Al-Riyadh,Al-Nassr,betfred_uk,h2h,Draw,draw,draw,,5.5,2026-08-21T14:32:42Z
2026-08-21T14:32:46Z,222618,沙超,2026-08-21T16:00:00Z,Al-Riyadh,Al-Nassr,betfair_ex_uk,h2h,Al-Nassr,away,away,,1.27,2026-08-21T14:32:42Z
2026-08-21T14:32:46Z,222618,沙超,2026-08-21T16:00:00Z,Al-Riyadh,Al-Nassr,betfair_ex_uk,h2h,Al-Riyadh,home,home,,12.5,2026-08-21T14:32:42Z
2026-08-21T14:32:46Z,222618,沙超,2026-08-21T16:00:00Z,Al-Riyadh,Al-Nassr,betfair_ex_uk,h2h,Draw,draw,draw,,6.6,2026-08-21T14:32:42Z
2026-08-21T14:32:46Z,222618,沙超,2026-08-21T16:00:00Z,Al-Riyadh,Al-Nassr,betfair_ex_uk,h2h_lay,Al-Nassr,h2h_lay,h2h_lay,,1.29,2026-08-21T14:32:42Z
2026-08-21T14:32:46Z,222618,沙超,2026-08-21T16:00:00Z,Al-Riyadh,Al-Nassr,betfair_ex_uk,h2h_lay,Al-Riyadh,h2h_lay,h2h_lay,,14.0,2026-08-21T14:32:42Z
2026-08-21T14:32:46Z,222618,沙超,2026-08-21T16:00:00Z,Al-Riyadh,Al-Nassr,betfair_ex_uk,h2h_lay,Draw,h2h_lay,h2h_lay,,7.4,2026-08-21T14:32:42Z
2026-08-21T14:32:46Z,222618,沙超,2026-08-21T16:00:00Z,Al-Riyadh,Al-Nassr,williamhill,h2h,Al-Nassr,away,away,,1.25,2026-08-21T14:31:48Z
2026-08-21T14:32:46Z,222618,沙超,2026-08-21T16:00:00Z,Al-Riyadh,Al-Nassr,williamhill,h2h,Al-Riyadh,home,home,,8.5,2026-08-21T14:31:48Z
2026-08-21T14:32:46Z,222618,沙超,2026-08-21T16:00:00Z,Al-Riyadh,Al-Nassr,williamhill,h2h,Draw,draw,draw,,5.0,2026-08-21T14:31:48Z
2026-08-21T14:32:46Z,222618,沙超,2026-08-21T16:00:00Z,Al-Riyadh,Al-Nassr,livescorebet,h2h,Al-Nassr,away,away,,1.2,2026-08-21T14:32:42Z
2026-08-21T14:32:46Z,222618,沙超,2026-08-21T16:00:00Z,Al-Riyadh,Al-Nassr,livescorebet,h2h,Al-Riyadh,home,home,,9.0,2026-08-21T14:32:42Z
2026-08-21T14:32:46Z,222618,沙超,2026-08-21T16:00:00Z,Al-Riyadh,Al-Nassr,livescorebet,h2h,Draw,draw,draw,,5.3,2026-08-21T14:32:42Z
2026-08-21T14:32:46Z,222618,沙超,2026-08-21T16:00:00Z,Al-Riyadh,Al-Nassr,unibet_nl,h2h,Al-Nassr,away,away,,1.24,2026-08-21T14:32:43Z
2026-08-21T14:32:46Z,222618,沙超,2026-08-21T16:00:00Z,Al-Riyadh,Al-Nassr,unibet_nl,h2h,Al-Riyadh,home,home,,9.0,2026-08-21T14:32:43Z
2026-08-21T14:32:46Z,222618,沙超,2026-08-21T16:00:00Z,Al-Riyadh,Al-Nassr,unibet_nl,h2h,Draw,draw,draw,,5.5,2026-08-21T14:32:43Z
2026-08-21T14:32:46Z,222618,沙超,2026-08-21T16:00:00Z,Al-Riyadh,Al-Nassr,unibet_nl,totals,Over,over,over@3.5,3.50,1.97,2026-08-21T14:32:43Z
2026-08-21T14:32:46Z,222618,沙超,2026-08-21T16:00:00Z,Al-Riyadh,Al-Nassr,unibet_nl,totals,Under,under,under@3.5,3.50,1.77,2026-08-21T14:32:43Z
2026-08-21T14:32:46Z,222618,沙超,2026-08-21T16:00:00Z,Al-Riyadh,Al-Nassr,pmu_fr,h2h,Al-Nassr,away,away,,1.17,2026-08-21T14:32:43Z
2026-08-21T14:32:46Z,222618,沙超,2026-08-21T16:00:00Z,Al-Riyadh,Al-Nassr,pmu_fr,h2h,Al-Riyadh,home,home,,8.5,2026-08-21T14:32:43Z
2026-08-21T14:32:46Z,222618,沙超,2026-08-21T16:00:00Z,Al-Riyadh,Al-Nassr,pmu_fr,h2h,Draw,draw,draw,,5.25,2026-08-21T14:32:43Z
2026-08-21T14:32:46Z,222618,沙超,2026-08-21T16:00:00Z,Al-Riyadh,Al-Nassr,pmu_fr,totals,Over,over,over@3.5,3.50,1.85,2026-08-21T14:32:43Z
2026-08-21T14:32:46Z,222618,沙超,2026-08-21T16:00:00Z,Al-Riyadh,Al-Nassr,pmu_fr,totals,Under,under,under@3.5,3.50,1.67,2026-08-21T14:32:43Z
2026-08-21T14:32:46Z,222618,沙超,2026-08-21T16:00:00Z,Al-Riyadh,Al-Nassr,leovegas_se,h2h,Al-Nassr,away,away,,1.21,2026-08-21T14:32:43Z
2026-08-21T14:32:46Z,222618,沙超,2026-08-21T16:00:00Z,Al-Riyadh,Al-Nassr,leovegas_se,h2h,Al-Riyadh,home,home,,9.0,2026-08-21T14:32:43Z
2026-08-21T14:32:46Z,222618,沙超,2026-08-21T16:00:00Z,Al-Riyadh,Al-Nassr,leovegas_se,h2h,Draw,draw,draw,,5.4,2026-08-21T14:32:43Z
2026-08-21T14:32:46Z,222618,沙超,2026-08-21T16:00:00Z,Al-Riyadh,Al-Nassr,leovegas_se,totals,Over,over,over@3.5,3.50,1.92,2026-08-21T14:32:43Z
2026-08-21T14:32:46Z,222618,沙超,2026-08-21T16:00:00Z,Al-Riyadh,Al-Nassr,leovegas_se,totals,Under,under,under@3.5,3.50,1.73,2026-08-21T14:32:43Z
2026-08-21T14:32:46Z,222618,沙超,2026-08-21T16:00:00Z,Al-Riyadh,Al-Nassr,sport888,h2h,Al-Nassr,away,away,,1.25,2026-08-21T14:32:43Z
2026-08-21T14:32:46Z,222618,沙超,2026-08-21T16:00:00Z,Al-Riyadh,Al-Nassr,sport888,h2h,Al-Riyadh,home,home,,8.5,2026-08-21T14:32:43Z
2026-08-21T14:32:46Z,222618,沙超,2026-08-21T16:00:00Z,Al-Riyadh,Al-Nassr,sport888,h2h,Draw,draw,draw,,5.0,2026-08-21T14:32:43Z
2026-08-21T14:32:46Z,222618,沙超,2026-08-21T16:00:00Z,Al-Riyadh,Al-Nassr,unibet_fr,h2h,Al-Nassr,away,away,,1.22,2026-08-21T14:32:14Z
2026-08-21T14:32:46Z,222618,沙超,2026-08-21T16:00:00Z,Al-Riyadh,Al-Nassr,unibet_fr,h2h,Al-Riyadh,home,home,,9.5,2026-08-21T14:32:14Z
2026-08-21T14:32:46Z,222618,沙超,2026-08-21T16:00:00Z,Al-Riyadh,Al-Nassr,unibet_fr,h2h,Draw,draw,draw,,6.1,2026-08-21T14:32:14Z
2026-08-21T14:32:46Z,222618,沙超,2026-08-21T16:00:00Z,Al-Riyadh,Al-Nassr,unibet_se,h2h,Al-Nassr,away,away,,1.24,2026-08-21T14:32:43Z
2026-08-21T14:32:46Z,222618,沙超,2026-08-21T16:00:00Z,Al-Riyadh,Al-Nassr,unibet_se,h2h,Al-Riyadh,home,home,,9.0,2026-08-21T14:32:43Z
2026-08-21T14:32:46Z,222618,沙超,2026-08-21T16:00:00Z,Al-Riyadh,Al-Nassr,unibet_se,h2h,Draw,draw,draw,,5.5,2026-08-21T14:32:43Z
2026-08-21T14:32:46Z,222618,沙超,2026-08-21T16:00:00Z,Al-Riyadh,Al-Nassr,unibet_se,totals,Over,over,over@3.5,3.50,1.97,2026-08-21T14:32:43Z
2026-08-21T14:32:46Z,222618,沙超,2026-08-21T16:00:00Z,Al-Riyadh,Al-Nassr,unibet_se,totals,Under,under,under@3.5,3.50,1.77,2026-08-21T14:32:43Z
2026-08-21T14:32:46Z,222618,沙超,2026-08-21T16:00:00Z,Al-Riyadh,Al-Nassr,grosvenor,h2h,Al-Nassr,away,away,,1.24,2026-08-21T14:32:43Z
2026-08-21T14:32:46Z,222618,沙超,2026-08-21T16:00:00Z,Al-Riyadh,Al-Nassr,grosvenor,h2h,Al-Riyadh,home,home,,9.0,2026-08-21T14:32:43Z
2026-08-21T14:32:46Z,222618,沙超,2026-08-21T16:00:00Z,Al-Riyadh,Al-Nassr,grosvenor,h2h,Draw,draw,draw,,5.5,2026-08-21T14:32:43Z
2026-08-21T14:32:46Z,222618,沙超,2026-08-21T16:00:00Z,Al-Riyadh,Al-Nassr,grosvenor,totals,Over,over,over@3.5,3.50,1.97,2026-08-21T14:32:43Z
2026-08-21T14:32:46Z,222618,沙超,2026-08-21T16:00:00Z,Al-Riyadh,Al-Nassr,grosvenor,totals,Under,under,under@3.5,3.50,1.77,2026-08-21T14:32:43Z
2026-08-21T14:32:46Z,222618,沙超,2026-08-21T16:00:00Z,Al-Riyadh,Al-Nassr,unibet_uk,h2h,Al-Nassr,away,away,,1.25,2026-08-21T14:32:45Z
2026-08-21T14:32:46Z,222618,沙超,2026-08-21T16:00:00Z,Al-Riyadh,Al-Nassr,unibet_uk,h2h,Al-Riyadh,home,home,,9.0,2026-08-21T14:32:45Z
2026-08-21T14:32:46Z,222618,沙超,2026-08-21T16:00:00Z,Al-Riyadh,Al-Nassr,unibet_uk,h2h,Draw,draw,draw,,5.75,2026-08-21T14:32:45Z
2026-08-21T14:32:46Z,222618,沙超,2026-08-21T16:00:00Z,Al-Riyadh,Al-Nassr,winamax_de,h2h,Al-Nassr,away,away,,1.22,2026-08-21T14:31:49Z
2026-08-21T14:32:46Z,222618,沙超,2026-08-21T16:00:00Z,Al-Riyadh,Al-Nassr,winamax_de,h2h,Al-Riyadh,home,home,,8.5,2026-08-21T14:31:49Z
2026-08-21T14:32:46Z,222618,沙超,2026-08-21T16:00:00Z,Al-Riyadh,Al-Nassr,winamax_de,h2h,Draw,draw,draw,,6.25,2026-08-21T14:31:49Z
2026-08-21T14:32:46Z,222618,沙超,2026-08-21T16:00:00Z,Al-Riyadh,Al-Nassr,virginbet,h2h,Al-Nassr,away,away,,1.2,2026-08-21T14:32:42Z
2026-08-21T14:32:46Z,222618,沙超,2026-08-21T16:00:00Z,Al-Riyadh,Al-Nassr,virginbet,h2h,Al-Riyadh,home,home,,9.0,2026-08-21T14:32:42Z
2026-08-21T14:32:46Z,222618,沙超,2026-08-21T16:00:00Z,Al-Riyadh,Al-Nassr,virginbet,h2h,Draw,draw,draw,,5.3,2026-08-21T14:32:42Z
2026-08-21T14:32:46Z,222618,沙超,2026-08-21T16:00:00Z,Al-Riyadh,Al-Nassr,tipico_de,h2h,Al-Nassr,away,away,,1.2,2026-08-21T14:32:45Z
2026-08-21T14:32:46Z,222618,沙超,2026-08-21T16:00:00Z,Al-Riyadh,Al-Nassr,tipico_de,h2h,Al-Riyadh,home,home,,10.5,2026-08-21T14:32:45Z
2026-08-21T14:32:46Z,222618,沙超,2026-08-21T16:00:00Z,Al-Riyadh,Al-Nassr,tipico_de,h2h,Draw,draw,draw,,6.2,2026-08-21T14:32:45Z
2026-08-21T14:32:46Z,222618,沙超,2026-08-21T16:00:00Z,Al-Riyadh,Al-Nassr,tipico_de,totals,Over,over,over@3.5,3.50,1.93,2026-08-21T14:32:45Z
2026-08-21T14:32:46Z,222618,沙超,2026-08-21T16:00:00Z,Al-Riyadh,Al-Nassr,tipico_de,totals,Under,under,under@3.5,3.50,1.75,2026-08-21T14:32:45Z
2026-08-21T14:32:46Z,222618,沙超,2026-08-21T16:00:00Z,Al-Riyadh,Al-Nassr,boylesports,h2h,Al-Nassr,away,away,,1.22,2026-08-21T14:32:13Z
2026-08-21T14:32:46Z,222618,沙超,2026-08-21T16:00:00Z,Al-Riyadh,Al-Nassr,boylesports,h2h,Al-Riyadh,home,home,,8.0,2026-08-21T14:32:13Z
2026-08-21T14:32:46Z,222618,沙超,2026-08-21T16:00:00Z,Al-Riyadh,Al-Nassr,boylesports,h2h,Draw,draw,draw,,5.5,2026-08-21T14:32:13Z
2026-08-21T14:32:46Z,222618,沙超,2026-08-21T16:00:00Z,Al-Riyadh,Al-Nassr,winamax_fr,h2h,Al-Nassr,away,away,,1.21,2026-08-21T14:32:44Z
2026-08-21T14:32:46Z,222618,沙超,2026-08-21T16:00:00Z,Al-Riyadh,Al-Nassr,winamax_fr,h2h,Al-Riyadh,home,home,,8.0,2026-08-21T14:32:44Z
2026-08-21T14:32:46Z,222618,沙超,2026-08-21T16:00:00Z,Al-Riyadh,Al-Nassr,winamax_fr,h2h,Draw,draw,draw,,6.0,2026-08-21T14:32:44Z
2026-08-21T14:32:46Z,222618,沙超,2026-08-21T16:00:00Z,Al-Riyadh,Al-Nassr,ladbrokes_uk,h2h,Al-Nassr,away,away,,1.28,2026-08-21T14:32:42Z
2026-08-21T14:32:46Z,222618,沙超,2026-08-21T16:00:00Z,Al-Riyadh,Al-Nassr,ladbrokes_uk,h2h,Al-Riyadh,home,home,,9.0,2026-08-21T14:32:42Z
2026-08-21T14:32:46Z,222618,沙超,2026-08-21T16:00:00Z,Al-Riyadh,Al-Nassr,ladbrokes_uk,h2h,Draw,draw,draw,,6.0,2026-08-21T14:32:42Z
2026-08-21T14:32:46Z,222618,沙超,2026-08-21T16:00:00Z,Al-Riyadh,Al-Nassr,coral,h2h,Al-Nassr,away,away,,1.28,2026-08-21T14:32:43Z
2026-08-21T14:32:46Z,222618,沙超,2026-08-21T16:00:00Z,Al-Riyadh,Al-Nassr,coral,h2h,Al-Riyadh,home,home,,9.5,2026-08-21T14:32:43Z
2026-08-21T14:32:46Z,222618,沙超,2026-08-21T16:00:00Z,Al-Riyadh,Al-Nassr,coral,h2h,Draw,draw,draw,,6.0,2026-08-21T14:32:43Z
2026-08-21T14:34:28Z,222619,沙超,2026-08-21T16:15:00Z,Al-Hazem,Al Diriyah,winamax_fr,h2h,Al-Hazem,home,home,,3.15,2026-08-21T14:34:24Z
2026-08-21T14:34:28Z,222619,沙超,2026-08-21T16:15:00Z,Al-Hazem,Al Diriyah,winamax_fr,h2h,Diriyah Club,away,away,,1.92,2026-08-21T14:34:24Z
2026-08-21T14:34:28Z,222619,沙超,2026-08-21T16:15:00Z,Al-Hazem,Al Diriyah,winamax_fr,h2h,Draw,draw,draw,,3.55,2026-08-21T14:34:24Z
2026-08-21T14:34:28Z,222619,沙超,2026-08-21T16:15:00Z,Al-Hazem,Al Diriyah,winamax_de,h2h,Al-Hazem,home,home,,3.2,2026-08-21T14:33:35Z
2026-08-21T14:34:28Z,222619,沙超,2026-08-21T16:15:00Z,Al-Hazem,Al Diriyah,winamax_de,h2h,Diriyah Club,away,away,,1.96,2026-08-21T14:33:35Z
2026-08-21T14:34:28Z,222619,沙超,2026-08-21T16:15:00Z,Al-Hazem,Al Diriyah,winamax_de,h2h,Draw,draw,draw,,3.65,2026-08-21T14:33:35Z
2026-08-21T14:34:28Z,222619,沙超,2026-08-21T16:15:00Z,Al-Hazem,Al Diriyah,unibet_nl,h2h,Al-Hazem,home,home,,2.95,2026-08-21T14:34:23Z
2026-08-21T14:34:28Z,222619,沙超,2026-08-21T16:15:00Z,Al-Hazem,Al Diriyah,unibet_nl,h2h,Diriyah Club,away,away,,2.12,2026-08-21T14:34:23Z
2026-08-21T14:34:28Z,222619,沙超,2026-08-21T16:15:00Z,Al-Hazem,Al Diriyah,unibet_nl,h2h,Draw,draw,draw,,3.45,2026-08-21T14:34:23Z
2026-08-21T14:34:28Z,222619,沙超,2026-08-21T16:15:00Z,Al-Hazem,Al Diriyah,unibet_nl,totals,Over,over,over@2.5,2.50,1.61,2026-08-21T14:34:23Z
2026-08-21T14:34:28Z,222619,沙超,2026-08-21T16:15:00Z,Al-Hazem,Al Diriyah,unibet_nl,totals,Under,under,under@2.5,2.50,2.23,2026-08-21T14:34:23Z
2026-08-21T14:34:28Z,222619,沙超,2026-08-21T16:15:00Z,Al-Hazem,Al Diriyah,betfair_ex_uk,h2h,Al-Hazem,home,home,,3.45,2026-08-21T14:34:24Z
2026-08-21T14:34:28Z,222619,沙超,2026-08-21T16:15:00Z,Al-Hazem,Al Diriyah,betfair_ex_uk,h2h,Diriyah Club,away,away,,2.16,2026-08-21T14:34:24Z
2026-08-21T14:34:28Z,222619,沙超,2026-08-21T16:15:00Z,Al-Hazem,Al Diriyah,betfair_ex_uk,h2h,Draw,draw,draw,,3.8,2026-08-21T14:34:24Z
2026-08-21T14:34:28Z,222619,沙超,2026-08-21T16:15:00Z,Al-Hazem,Al Diriyah,betfair_ex_uk,h2h_lay,Al-Hazem,h2h_lay,h2h_lay,,3.6,2026-08-21T14:34:24Z
2026-08-21T14:34:28Z,222619,沙超,2026-08-21T16:15:00Z,Al-Hazem,Al Diriyah,betfair_ex_uk,h2h_lay,Diriyah Club,h2h_lay,h2h_lay,,2.2,2026-08-21T14:34:24Z
2026-08-21T14:34:28Z,222619,沙超,2026-08-21T16:15:00Z,Al-Hazem,Al Diriyah,betfair_ex_uk,h2h_lay,Draw,h2h_lay,h2h_lay,,4.0,2026-08-21T14:34:24Z
2026-08-21T14:34:28Z,222619,沙超,2026-08-21T16:15:00Z,Al-Hazem,Al Diriyah,unibet_uk,h2h,Al-Hazem,home,home,,3.3,2026-08-21T14:34:25Z
2026-08-21T14:34:28Z,222619,沙超,2026-08-21T16:15:00Z,Al-Hazem,Al Diriyah,unibet_uk,h2h,Diriyah Club,away,away,,2.05,2026-08-21T14:34:25Z
2026-08-21T14:34:28Z,222619,沙超,2026-08-21T16:15:00Z,Al-Hazem,Al Diriyah,unibet_uk,h2h,Draw,draw,draw,,3.4,2026-08-21T14:34:25Z
2026-08-21T14:34:28Z,222619,沙超,2026-08-21T16:15:00Z,Al-Hazem,Al Diriyah,betfair_ex_eu,h2h,Al-Hazem,home,home,,3.45,2026-08-21T14:34:24Z
2026-08-21T14:34:28Z,222619,沙超,2026-08-21T16:15:00Z,Al-Hazem,Al Diriyah,betfair_ex_eu,h2h,Diriyah Club,away,away,,2.16,2026-08-21T14:34:24Z
2026-08-21T14:34:28Z,222619,沙超,2026-08-21T16:15:00Z,Al-Hazem,Al Diriyah,betfair_ex_eu,h2h,Draw,draw,draw,,3.8,2026-08-21T14:34:24Z
2026-08-21T14:34:28Z,222619,沙超,2026-08-21T16:15:00Z,Al-Hazem,Al Diriyah,betfair_ex_eu,h2h_lay,Al-Hazem,h2h_lay,h2h_lay,,3.65,2026-08-21T14:34:24Z
2026-08-21T14:34:28Z,222619,沙超,2026-08-21T16:15:00Z,Al-Hazem,Al Diriyah,betfair_ex_eu,h2h_lay,Diriyah Club,h2h_lay,h2h_lay,,2.2,2026-08-21T14:34:24Z
2026-08-21T14:34:28Z,222619,沙超,2026-08-21T16:15:00Z,Al-Hazem,Al Diriyah,betfair_ex_eu,h2h_lay,Draw,h2h_lay,h2h_lay,,4.0,2026-08-21T14:34:24Z
2026-08-21T14:34:28Z,222619,沙超,2026-08-21T16:15:00Z,Al-Hazem,Al Diriyah,unibet_fr,h2h,Al-Hazem,home,home,,3.3,2026-08-21T14:33:34Z
2026-08-21T14:34:28Z,222619,沙超,2026-08-21T16:15:00Z,Al-Hazem,Al Diriyah,unibet_fr,h2h,Diriyah Club,away,away,,2.0,2026-08-21T14:33:34Z
2026-08-21T14:34:28Z,222619,沙超,2026-08-21T16:15:00Z,Al-Hazem,Al Diriyah,unibet_fr,h2h,Draw,draw,draw,,3.5,2026-08-21T14:33:34Z
2026-08-21T14:34:28Z,222619,沙超,2026-08-21T16:15:00Z,Al-Hazem,Al Diriyah,paddypower,h2h,Al-Hazem,home,home,,3.25,2026-08-21T14:34:26Z
2026-08-21T14:34:28Z,222619,沙超,2026-08-21T16:15:00Z,Al-Hazem,Al Diriyah,paddypower,h2h,Diriyah Club,away,away,,1.91,2026-08-21T14:34:26Z
2026-08-21T14:34:28Z,222619,沙超,2026-08-21T16:15:00Z,Al-Hazem,Al Diriyah,paddypower,h2h,Draw,draw,draw,,3.6,2026-08-21T14:34:26Z
2026-08-21T14:34:28Z,222619,沙超,2026-08-21T16:15:00Z,Al-Hazem,Al Diriyah,betfair_sb_uk,h2h,Al-Hazem,home,home,,3.3,2026-08-21T14:34:24Z
2026-08-21T14:34:28Z,222619,沙超,2026-08-21T16:15:00Z,Al-Hazem,Al Diriyah,betfair_sb_uk,h2h,Diriyah Club,away,away,,1.95,2026-08-21T14:34:24Z
2026-08-21T14:34:28Z,222619,沙超,2026-08-21T16:15:00Z,Al-Hazem,Al Diriyah,betfair_sb_uk,h2h,Draw,draw,draw,,3.7,2026-08-21T14:34:24Z
2026-08-21T14:34:28Z,222619,沙超,2026-08-21T16:15:00Z,Al-Hazem,Al Diriyah,onexbet,h2h,Al-Hazem,home,home,,3.25,2026-08-21T14:34:23Z
2026-08-21T14:34:28Z,222619,沙超,2026-08-21T16:15:00Z,Al-Hazem,Al Diriyah,onexbet,h2h,Diriyah Club,away,away,,2.06,2026-08-21T14:34:23Z
2026-08-21T14:34:28Z,222619,沙超,2026-08-21T16:15:00Z,Al-Hazem,Al Diriyah,onexbet,h2h,Draw,draw,draw,,3.63,2026-08-21T14:34:23Z
2026-08-21T14:34:28Z,222619,沙超,2026-08-21T16:15:00Z,Al-Hazem,Al Diriyah,onexbet,spreads,Al-Hazem,home,home@0.0,0,2.41,2026-08-21T14:34:23Z
2026-08-21T14:34:28Z,222619,沙超,2026-08-21T16:15:00Z,Al-Hazem,Al Diriyah,onexbet,spreads,Diriyah Club,away,away@0.0,0,1.53,2026-08-21T14:34:23Z
2026-08-21T14:34:28Z,222619,沙超,2026-08-21T16:15:00Z,Al-Hazem,Al Diriyah,onexbet,totals,Over,over,over@2.5,2.50,1.68,2026-08-21T14:34:23Z
2026-08-21T14:34:28Z,222619,沙超,2026-08-21T16:15:00Z,Al-Hazem,Al Diriyah,onexbet,totals,Under,under,under@2.5,2.50,2.11,2026-08-21T14:34:23Z
2026-08-21T14:34:28Z,222619,沙超,2026-08-21T16:15:00Z,Al-Hazem,Al Diriyah,unibet_se,h2h,Al-Hazem,home,home,,2.95,2026-08-21T14:34:23Z
2026-08-21T14:34:28Z,222619,沙超,2026-08-21T16:15:00Z,Al-Hazem,Al Diriyah,unibet_se,h2h,Diriyah Club,away,away,,2.12,2026-08-21T14:34:23Z
2026-08-21T14:34:28Z,222619,沙超,2026-08-21T16:15:00Z,Al-Hazem,Al Diriyah,unibet_se,h2h,Draw,draw,draw,,3.45,2026-08-21T14:34:23Z
2026-08-21T14:34:28Z,222619,沙超,2026-08-21T16:15:00Z,Al-Hazem,Al Diriyah,unibet_se,totals,Over,over,over@2.5,2.50,1.61,2026-08-21T14:34:23Z
2026-08-21T14:34:28Z,222619,沙超,2026-08-21T16:15:00Z,Al-Hazem,Al Diriyah,unibet_se,totals,Under,under,under@2.5,2.50,2.23,2026-08-21T14:34:23Z
2026-08-21T14:34:28Z,222619,沙超,2026-08-21T16:15:00Z,Al-Hazem,Al Diriyah,skybet,h2h,Al-Hazem,home,home,,3.1,2026-08-21T14:34:23Z
2026-08-21T14:34:28Z,222619,沙超,2026-08-21T16:15:00Z,Al-Hazem,Al Diriyah,skybet,h2h,Diriyah Club,away,away,,1.91,2026-08-21T14:34:23Z
2026-08-21T14:34:28Z,222619,沙超,2026-08-21T16:15:00Z,Al-Hazem,Al Diriyah,skybet,h2h,Draw,draw,draw,,3.5,2026-08-21T14:34:23Z
2026-08-21T14:34:28Z,222619,沙超,2026-08-21T16:15:00Z,Al-Hazem,Al Diriyah,boylesports,h2h,Al-Hazem,home,home,,2.9,2026-08-21T14:33:34Z
2026-08-21T14:34:28Z,222619,沙超,2026-08-21T16:15:00Z,Al-Hazem,Al Diriyah,boylesports,h2h,Diriyah Club,away,away,,1.91,2026-08-21T14:33:34Z
2026-08-21T14:34:28Z,222619,沙超,2026-08-21T16:15:00Z,Al-Hazem,Al Diriyah,boylesports,h2h,Draw,draw,draw,,3.4,2026-08-21T14:33:34Z
2026-08-21T14:34:28Z,222619,沙超,2026-08-21T16:15:00Z,Al-Hazem,Al Diriyah,virginbet,h2h,Al-Hazem,home,home,,2.85,2026-08-21T14:34:23Z
2026-08-21T14:34:28Z,222619,沙超,2026-08-21T16:15:00Z,Al-Hazem,Al Diriyah,virginbet,h2h,Diriyah Club,away,away,,2.04,2026-08-21T14:34:23Z
2026-08-21T14:34:28Z,222619,沙超,2026-08-21T16:15:00Z,Al-Hazem,Al Diriyah,virginbet,h2h,Draw,draw,draw,,3.35,2026-08-21T14:34:23Z
2026-08-21T14:34:28Z,222619,沙超,2026-08-21T16:15:00Z,Al-Hazem,Al Diriyah,pmu_fr,h2h,Al-Hazem,home,home,,2.8,2026-08-21T14:34:24Z
2026-08-21T14:34:28Z,222619,沙超,2026-08-21T16:15:00Z,Al-Hazem,Al Diriyah,pmu_fr,h2h,Diriyah Club,away,away,,2.0,2026-08-21T14:34:24Z
2026-08-21T14:34:28Z,222619,沙超,2026-08-21T16:15:00Z,Al-Hazem,Al Diriyah,pmu_fr,h2h,Draw,draw,draw,,3.25,2026-08-21T14:34:24Z
2026-08-21T14:34:28Z,222619,沙超,2026-08-21T16:15:00Z,Al-Hazem,Al Diriyah,pmu_fr,totals,Over,over,over@2.5,2.50,1.51,2026-08-21T14:34:24Z
2026-08-21T14:34:28Z,222619,沙超,2026-08-21T16:15:00Z,Al-Hazem,Al Diriyah,pmu_fr,totals,Under,under,under@2.5,2.50,2.1,2026-08-21T14:34:24Z
2026-08-21T14:34:28Z,222619,沙超,2026-08-21T16:15:00Z,Al-Hazem,Al Diriyah,tipico_de,h2h,Al-Hazem,home,home,,3.1,2026-08-21T14:34:25Z
2026-08-21T14:34:28Z,222619,沙超,2026-08-21T16:15:00Z,Al-Hazem,Al Diriyah,tipico_de,h2h,Diriyah Club,away,away,,2.05,2026-08-21T14:34:25Z
2026-08-21T14:34:28Z,222619,沙超,2026-08-21T16:15:00Z,Al-Hazem,Al Diriyah,tipico_de,h2h,Draw,draw,draw,,3.6,2026-08-21T14:34:25Z
2026-08-21T14:34:28Z,222619,沙超,2026-08-21T16:15:00Z,Al-Hazem,Al Diriyah,tipico_de,totals,Over,over,over@2.5,2.50,1.62,2026-08-21T14:34:25Z
2026-08-21T14:34:28Z,222619,沙超,2026-08-21T16:15:00Z,Al-Hazem,Al Diriyah,tipico_de,totals,Under,under,under@2.5,2.50,2.15,2026-08-21T14:34:25Z
2026-08-21T14:34:28Z,222619,沙超,2026-08-21T16:15:00Z,Al-Hazem,Al Diriyah,grosvenor,h2h,Al-Hazem,home,home,,2.95,2026-08-21T14:34:23Z
2026-08-21T14:34:28Z,222619,沙超,2026-08-21T16:15:00Z,Al-Hazem,Al Diriyah,grosvenor,h2h,Diriyah Club,away,away,,2.12,2026-08-21T14:34:23Z
2026-08-21T14:34:28Z,222619,沙超,2026-08-21T16:15:00Z,Al-Hazem,Al Diriyah,grosvenor,h2h,Draw,draw,draw,,3.45,2026-08-21T14:34:23Z
2026-08-21T14:34:28Z,222619,沙超,2026-08-21T16:15:00Z,Al-Hazem,Al Diriyah,grosvenor,totals,Over,over,over@2.5,2.50,1.61,2026-08-21T14:34:23Z
2026-08-21T14:34:28Z,222619,沙超,2026-08-21T16:15:00Z,Al-Hazem,Al Diriyah,grosvenor,totals,Under,under,under@2.5,2.50,2.23,2026-08-21T14:34:23Z
2026-08-21T14:34:28Z,222619,沙超,2026-08-21T16:15:00Z,Al-Hazem,Al Diriyah,livescorebet,h2h,Al-Hazem,home,home,,2.85,2026-08-21T14:34:24Z
2026-08-21T14:34:28Z,222619,沙超,2026-08-21T16:15:00Z,Al-Hazem,Al Diriyah,livescorebet,h2h,Diriyah Club,away,away,,2.04,2026-08-21T14:34:24Z
2026-08-21T14:34:28Z,222619,沙超,2026-08-21T16:15:00Z,Al-Hazem,Al Diriyah,livescorebet,h2h,Draw,draw,draw,,3.35,2026-08-21T14:34:24Z
2026-08-21T14:34:28Z,222619,沙超,2026-08-21T16:15:00Z,Al-Hazem,Al Diriyah,leovegas_se,h2h,Al-Hazem,home,home,,2.88,2026-08-21T14:34:26Z
2026-08-21T14:34:28Z,222619,沙超,2026-08-21T16:15:00Z,Al-Hazem,Al Diriyah,leovegas_se,h2h,Diriyah Club,away,away,,2.07,2026-08-21T14:34:26Z
2026-08-21T14:34:28Z,222619,沙超,2026-08-21T16:15:00Z,Al-Hazem,Al Diriyah,leovegas_se,h2h,Draw,draw,draw,,3.35,2026-08-21T14:34:26Z
2026-08-21T14:34:28Z,222619,沙超,2026-08-21T16:15:00Z,Al-Hazem,Al Diriyah,leovegas_se,totals,Over,over,over@2.5,2.50,1.56,2026-08-21T14:34:26Z
2026-08-21T14:34:28Z,222619,沙超,2026-08-21T16:15:00Z,Al-Hazem,Al Diriyah,leovegas_se,totals,Under,under,under@2.5,2.50,2.17,2026-08-21T14:34:26Z
2026-08-21T14:34:28Z,222619,沙超,2026-08-21T16:15:00Z,Al-Hazem,Al Diriyah,ladbrokes_uk,h2h,Al-Hazem,home,home,,3.3,2026-08-21T14:34:23Z
2026-08-21T14:34:28Z,222619,沙超,2026-08-21T16:15:00Z,Al-Hazem,Al Diriyah,ladbrokes_uk,h2h,Diriyah Club,away,away,,2.05,2026-08-21T14:34:23Z
2026-08-21T14:34:28Z,222619,沙超,2026-08-21T16:15:00Z,Al-Hazem,Al Diriyah,ladbrokes_uk,h2h,Draw,draw,draw,,3.6,2026-08-21T14:34:23Z
2026-08-21T14:34:28Z,222619,沙超,2026-08-21T16:15:00Z,Al-Hazem,Al Diriyah,coral,h2h,Al-Hazem,home,home,,3.3,2026-08-21T14:34:23Z
2026-08-21T14:34:28Z,222619,沙超,2026-08-21T16:15:00Z,Al-Hazem,Al Diriyah,coral,h2h,Diriyah Club,away,away,,2.05,2026-08-21T14:34:23Z
2026-08-21T14:34:28Z,222619,沙超,2026-08-21T16:15:00Z,Al-Hazem,Al Diriyah,coral,h2h,Draw,draw,draw,,3.7,2026-08-21T14:34:23Z
2026-08-21T14:34:28Z,222619,沙超,2026-08-21T16:15:00Z,Al-Hazem,Al Diriyah,betclic_fr,h2h,Al-Hazem,home,home,,3.23,2026-08-21T14:30:01Z
2026-08-21T14:34:28Z,222619,沙超,2026-08-21T16:15:00Z,Al-Hazem,Al Diriyah,betclic_fr,h2h,Diriyah Club,away,away,,2.03,2026-08-21T14:30:01Z
2026-08-21T14:34:28Z,222619,沙超,2026-08-21T16:15:00Z,Al-Hazem,Al Diriyah,betclic_fr,h2h,Draw,draw,draw,,3.55,2026-08-21T14:30:01Z
2026-08-21T14:34:28Z,222620,沙超,2026-08-21T18:00:00Z,Al Faisaly,Neom SC,pinnacle,h2h,Al-Faisaly KSA FC,home,home,,3.91,2026-08-21T14:34:23Z
2026-08-21T14:34:28Z,222620,沙超,2026-08-21T18:00:00Z,Al Faisaly,Neom SC,pinnacle,h2h,Neom,away,away,,1.88,2026-08-21T14:34:23Z
2026-08-21T14:34:28Z,222620,沙超,2026-08-21T18:00:00Z,Al Faisaly,Neom SC,pinnacle,h2h,Draw,draw,draw,,3.77,2026-08-21T14:34:23Z
2026-08-21T14:34:28Z,222620,沙超,2026-08-21T18:00:00Z,Al Faisaly,Neom SC,pinnacle,spreads,Al-Faisaly KSA FC,home,home@0.5,0.50,1.96,2026-08-21T14:34:23Z
2026-08-21T14:34:28Z,222620,沙超,2026-08-21T18:00:00Z,Al Faisaly,Neom SC,pinnacle,spreads,Neom,away,away@-0.5,-0.50,1.89,2026-08-21T14:34:23Z
2026-08-21T14:34:28Z,222620,沙超,2026-08-21T18:00:00Z,Al Faisaly,Neom SC,pinnacle,totals,Over,over,over@2.5,2.50,1.84,2026-08-21T14:34:23Z
2026-08-21T14:34:28Z,222620,沙超,2026-08-21T18:00:00Z,Al Faisaly,Neom SC,pinnacle,totals,Under,under,under@2.5,2.50,2.0,2026-08-21T14:34:23Z
2026-08-21T14:34:28Z,222620,沙超,2026-08-21T18:00:00Z,Al Faisaly,Neom SC,sport888,h2h,Al-Faisaly KSA FC,home,home,,3.6,2026-08-21T14:34:24Z
2026-08-21T14:34:28Z,222620,沙超,2026-08-21T18:00:00Z,Al Faisaly,Neom SC,sport888,h2h,Neom,away,away,,1.83,2026-08-21T14:34:24Z
2026-08-21T14:34:28Z,222620,沙超,2026-08-21T18:00:00Z,Al Faisaly,Neom SC,sport888,h2h,Draw,draw,draw,,3.3,2026-08-21T14:34:24Z
2026-08-21T14:34:28Z,222620,沙超,2026-08-21T18:00:00Z,Al Faisaly,Neom SC,williamhill,h2h,Al-Faisaly KSA FC,home,home,,3.6,2026-08-21T14:34:23Z
2026-08-21T14:34:28Z,222620,沙超,2026-08-21T18:00:00Z,Al Faisaly,Neom SC,williamhill,h2h,Neom,away,away,,1.83,2026-08-21T14:34:23Z
2026-08-21T14:34:28Z,222620,沙超,2026-08-21T18:00:00Z,Al Faisaly,Neom SC,williamhill,h2h,Draw,draw,draw,,3.3,2026-08-21T14:34:23Z
2026-08-21T14:34:28Z,222620,沙超,2026-08-21T18:00:00Z,Al Faisaly,Neom SC,betfair_ex_uk,h2h,Al-Faisaly KSA FC,home,home,,4.1,2026-08-21T14:34:24Z
2026-08-21T14:34:28Z,222620,沙超,2026-08-21T18:00:00Z,Al Faisaly,Neom SC,betfair_ex_uk,h2h,Neom,away,away,,1.97,2026-08-21T14:34:24Z
2026-08-21T14:34:28Z,222620,沙超,2026-08-21T18:00:00Z,Al Faisaly,Neom SC,betfair_ex_uk,h2h,Draw,draw,draw,,3.85,2026-08-21T14:34:24Z
2026-08-21T14:34:28Z,222620,沙超,2026-08-21T18:00:00Z,Al Faisaly,Neom SC,betfair_ex_uk,h2h_lay,Al-Faisaly KSA FC,h2h_lay,h2h_lay,,4.3,2026-08-21T14:34:24Z
2026-08-21T14:34:28Z,222620,沙超,2026-08-21T18:00:00Z,Al Faisaly,Neom SC,betfair_ex_uk,h2h_lay,Neom,h2h_lay,h2h_lay,,2.0,2026-08-21T14:34:24Z
2026-08-21T14:34:28Z,222620,沙超,2026-08-21T18:00:00Z,Al Faisaly,Neom SC,betfair_ex_uk,h2h_lay,Draw,h2h_lay,h2h_lay,,4.0,2026-08-21T14:34:24Z
2026-08-21T14:34:28Z,222620,沙超,2026-08-21T18:00:00Z,Al Faisaly,Neom SC,betfair_ex_eu,h2h,Al-Faisaly KSA FC,home,home,,4.1,2026-08-21T14:34:24Z
2026-08-21T14:34:28Z,222620,沙超,2026-08-21T18:00:00Z,Al Faisaly,Neom SC,betfair_ex_eu,h2h,Neom,away,away,,1.97,2026-08-21T14:34:24Z
2026-08-21T14:34:28Z,222620,沙超,2026-08-21T18:00:00Z,Al Faisaly,Neom SC,betfair_ex_eu,h2h,Draw,draw,draw,,3.85,2026-08-21T14:34:24Z
2026-08-21T14:34:28Z,222620,沙超,2026-08-21T18:00:00Z,Al Faisaly,Neom SC,betfair_ex_eu,h2h_lay,Al-Faisaly KSA FC,h2h_lay,h2h_lay,,4.3,2026-08-21T14:34:24Z
2026-08-21T14:34:28Z,222620,沙超,2026-08-21T18:00:00Z,Al Faisaly,Neom SC,betfair_ex_eu,h2h_lay,Neom,h2h_lay,h2h_lay,,2.0,2026-08-21T14:34:24Z
2026-08-21T14:34:28Z,222620,沙超,2026-08-21T18:00:00Z,Al Faisaly,Neom SC,betfair_ex_eu,h2h_lay,Draw,h2h_lay,h2h_lay,,4.0,2026-08-21T14:34:24Z
2026-08-21T14:34:28Z,222620,沙超,2026-08-21T18:00:00Z,Al Faisaly,Neom SC,unibet_se,h2h,Al-Faisaly KSA FC,home,home,,3.9,2026-08-21T14:34:23Z
2026-08-21T14:34:28Z,222620,沙超,2026-08-21T18:00:00Z,Al Faisaly,Neom SC,unibet_se,h2h,Neom,away,away,,1.79,2026-08-21T14:34:23Z
2026-08-21T14:34:28Z,222620,沙超,2026-08-21T18:00:00Z,Al Faisaly,Neom SC,unibet_se,h2h,Draw,draw,draw,,3.45,2026-08-21T14:34:23Z
2026-08-21T14:34:28Z,222620,沙超,2026-08-21T18:00:00Z,Al Faisaly,Neom SC,unibet_se,totals,Over,over,over@2.5,2.50,1.79,2026-08-21T14:34:23Z
2026-08-21T14:34:28Z,222620,沙超,2026-08-21T18:00:00Z,Al Faisaly,Neom SC,unibet_se,totals,Under,under,under@2.5,2.50,1.94,2026-08-21T14:34:23Z
2026-08-21T14:34:28Z,222620,沙超,2026-08-21T18:00:00Z,Al Faisaly,Neom SC,winamax_de,h2h,Al-Faisaly KSA FC,home,home,,3.65,2026-08-21T14:33:35Z
2026-08-21T14:34:28Z,222620,沙超,2026-08-21T18:00:00Z,Al Faisaly,Neom SC,winamax_de,h2h,Neom,away,away,,1.8,2026-08-21T14:33:35Z
2026-08-21T14:34:28Z,222620,沙超,2026-08-21T18:00:00Z,Al Faisaly,Neom SC,winamax_de,h2h,Draw,draw,draw,,3.75,2026-08-21T14:33:35Z
2026-08-21T14:34:28Z,222620,沙超,2026-08-21T18:00:00Z,Al Faisaly,Neom SC,unibet_uk,h2h,Al-Faisaly KSA FC,home,home,,3.7,2026-08-21T14:34:25Z
2026-08-21T14:34:28Z,222620,沙超,2026-08-21T18:00:00Z,Al Faisaly,Neom SC,unibet_uk,h2h,Neom,away,away,,1.88,2026-08-21T14:34:25Z
2026-08-21T14:34:28Z,222620,沙超,2026-08-21T18:00:00Z,Al Faisaly,Neom SC,unibet_uk,h2h,Draw,draw,draw,,3.6,2026-08-21T14:34:25Z
2026-08-21T14:34:28Z,222620,沙超,2026-08-21T18:00:00Z,Al Faisaly,Neom SC,livescorebet,h2h,Al-Faisaly KSA FC,home,home,,3.8,2026-08-21T14:34:24Z
2026-08-21T14:34:28Z,222620,沙超,2026-08-21T18:00:00Z,Al Faisaly,Neom SC,livescorebet,h2h,Neom,away,away,,1.73,2026-08-21T14:34:24Z
2026-08-21T14:34:28Z,222620,沙超,2026-08-21T18:00:00Z,Al Faisaly,Neom SC,livescorebet,h2h,Draw,draw,draw,,3.35,2026-08-21T14:34:24Z
2026-08-21T14:34:28Z,222620,沙超,2026-08-21T18:00:00Z,Al Faisaly,Neom SC,virginbet,h2h,Al-Faisaly KSA FC,home,home,,3.8,2026-08-21T14:34:23Z
2026-08-21T14:34:28Z,222620,沙超,2026-08-21T18:00:00Z,Al Faisaly,Neom SC,virginbet,h2h,Neom,away,away,,1.73,2026-08-21T14:34:23Z
2026-08-21T14:34:28Z,222620,沙超,2026-08-21T18:00:00Z,Al Faisaly,Neom SC,virginbet,h2h,Draw,draw,draw,,3.35,2026-08-21T14:34:23Z
2026-08-21T14:34:28Z,222620,沙超,2026-08-21T18:00:00Z,Al Faisaly,Neom SC,leovegas_se,h2h,Al-Faisaly KSA FC,home,home,,3.8,2026-08-21T14:34:26Z
2026-08-21T14:34:28Z,222620,沙超,2026-08-21T18:00:00Z,Al Faisaly,Neom SC,leovegas_se,h2h,Neom,away,away,,1.75,2026-08-21T14:34:26Z
2026-08-21T14:34:28Z,222620,沙超,2026-08-21T18:00:00Z,Al Faisaly,Neom SC,leovegas_se,h2h,Draw,draw,draw,,3.4,2026-08-21T14:34:26Z
2026-08-21T14:34:28Z,222620,沙超,2026-08-21T18:00:00Z,Al Faisaly,Neom SC,leovegas_se,totals,Over,over,over@2.5,2.50,1.74,2026-08-21T14:34:26Z
2026-08-21T14:34:28Z,222620,沙超,2026-08-21T18:00:00Z,Al Faisaly,Neom SC,leovegas_se,totals,Under,under,under@2.5,2.50,1.89,2026-08-21T14:34:26Z
2026-08-21T14:34:28Z,222620,沙超,2026-08-21T18:00:00Z,Al Faisaly,Neom SC,unibet_nl,h2h,Al-Faisaly KSA FC,home,home,,3.9,2026-08-21T14:34:23Z
2026-08-21T14:34:28Z,222620,沙超,2026-08-21T18:00:00Z,Al Faisaly,Neom SC,unibet_nl,h2h,Neom,away,away,,1.79,2026-08-21T14:34:23Z
2026-08-21T14:34:28Z,222620,沙超,2026-08-21T18:00:00Z,Al Faisaly,Neom SC,unibet_nl,h2h,Draw,draw,draw,,3.45,2026-08-21T14:34:23Z
2026-08-21T14:34:28Z,222620,沙超,2026-08-21T18:00:00Z,Al Faisaly,Neom SC,unibet_nl,totals,Over,over,over@2.5,2.50,1.79,2026-08-21T14:34:23Z
2026-08-21T14:34:28Z,222620,沙超,2026-08-21T18:00:00Z,Al Faisaly,Neom SC,unibet_nl,totals,Under,under,under@2.5,2.50,1.94,2026-08-21T14:34:23Z
2026-08-21T14:34:28Z,222620,沙超,2026-08-21T18:00:00Z,Al Faisaly,Neom SC,grosvenor,h2h,Al-Faisaly KSA FC,home,home,,3.9,2026-08-21T14:34:23Z
2026-08-21T14:34:28Z,222620,沙超,2026-08-21T18:00:00Z,Al Faisaly,Neom SC,grosvenor,h2h,Neom,away,away,,1.79,2026-08-21T14:34:23Z
2026-08-21T14:34:28Z,222620,沙超,2026-08-21T18:00:00Z,Al Faisaly,Neom SC,grosvenor,h2h,Draw,draw,draw,,3.45,2026-08-21T14:34:23Z
2026-08-21T14:34:28Z,222620,沙超,2026-08-21T18:00:00Z,Al Faisaly,Neom SC,grosvenor,totals,Over,over,over@2.5,2.50,1.79,2026-08-21T14:34:23Z
2026-08-21T14:34:28Z,222620,沙超,2026-08-21T18:00:00Z,Al Faisaly,Neom SC,grosvenor,totals,Under,under,under@2.5,2.50,1.94,2026-08-21T14:34:23Z
2026-08-21T14:34:28Z,222620,沙超,2026-08-21T18:00:00Z,Al Faisaly,Neom SC,paddypower,h2h,Al-Faisaly KSA FC,home,home,,3.8,2026-08-21T14:34:26Z
2026-08-21T14:34:28Z,222620,沙超,2026-08-21T18:00:00Z,Al Faisaly,Neom SC,paddypower,h2h,Neom,away,away,,1.83,2026-08-21T14:34:26Z
2026-08-21T14:34:28Z,222620,沙超,2026-08-21T18:00:00Z,Al Faisaly,Neom SC,paddypower,h2h,Draw,draw,draw,,3.6,2026-08-21T14:34:26Z
2026-08-21T14:34:28Z,222620,沙超,2026-08-21T18:00:00Z,Al Faisaly,Neom SC,winamax_fr,h2h,Al-Faisaly KSA FC,home,home,,3.55,2026-08-21T14:34:24Z
2026-08-21T14:34:28Z,222620,沙超,2026-08-21T18:00:00Z,Al Faisaly,Neom SC,winamax_fr,h2h,Neom,away,away,,1.78,2026-08-21T14:34:24Z
2026-08-21T14:34:28Z,222620,沙超,2026-08-21T18:00:00Z,Al Faisaly,Neom SC,winamax_fr,h2h,Draw,draw,draw,,3.7,2026-08-21T14:34:24Z
2026-08-21T14:34:28Z,222620,沙超,2026-08-21T18:00:00Z,Al Faisaly,Neom SC,skybet,h2h,Al-Faisaly KSA FC,home,home,,3.6,2026-08-21T14:34:23Z
2026-08-21T14:34:28Z,222620,沙超,2026-08-21T18:00:00Z,Al Faisaly,Neom SC,skybet,h2h,Neom,away,away,,1.8,2026-08-21T14:34:23Z
2026-08-21T14:34:28Z,222620,沙超,2026-08-21T18:00:00Z,Al Faisaly,Neom SC,skybet,h2h,Draw,draw,draw,,3.4,2026-08-21T14:34:23Z
2026-08-21T14:34:28Z,222620,沙超,2026-08-21T18:00:00Z,Al Faisaly,Neom SC,betfair_sb_uk,h2h,Al-Faisaly KSA FC,home,home,,3.9,2026-08-21T14:34:24Z
2026-08-21T14:34:28Z,222620,沙超,2026-08-21T18:00:00Z,Al Faisaly,Neom SC,betfair_sb_uk,h2h,Neom,away,away,,1.87,2026-08-21T14:34:24Z
2026-08-21T14:34:28Z,222620,沙超,2026-08-21T18:00:00Z,Al Faisaly,Neom SC,betfair_sb_uk,h2h,Draw,draw,draw,,3.6,2026-08-21T14:34:24Z
2026-08-21T14:34:28Z,222620,沙超,2026-08-21T18:00:00Z,Al Faisaly,Neom SC,betclic_fr,h2h,Al-Faisaly KSA FC,home,home,,3.73,2026-08-21T14:30:01Z
2026-08-21T14:34:28Z,222620,沙超,2026-08-21T18:00:00Z,Al Faisaly,Neom SC,betclic_fr,h2h,Neom,away,away,,1.86,2026-08-21T14:30:01Z
2026-08-21T14:34:28Z,222620,沙超,2026-08-21T18:00:00Z,Al Faisaly,Neom SC,betclic_fr,h2h,Draw,draw,draw,,3.65,2026-08-21T14:30:01Z
2026-08-21T14:32:46Z,222621,沙超,2026-08-21T18:00:00Z,Al-Qadsiah,Al-Ittihad,pinnacle,h2h,Al-Ittihad,away,away,,5.75,2026-08-21T14:32:42Z
2026-08-21T14:32:46Z,222621,沙超,2026-08-21T18:00:00Z,Al-Qadsiah,Al-Ittihad,pinnacle,h2h,Al-Qadsiah,home,home,,1.43,2026-08-21T14:32:42Z
2026-08-21T14:32:46Z,222621,沙超,2026-08-21T18:00:00Z,Al-Qadsiah,Al-Ittihad,pinnacle,h2h,Draw,draw,draw,,5.49,2026-08-21T14:32:42Z
2026-08-21T14:32:46Z,222621,沙超,2026-08-21T18:00:00Z,Al-Qadsiah,Al-Ittihad,pinnacle,spreads,Al-Ittihad,away,away@1.25,1.25,2.01,2026-08-21T14:32:42Z
2026-08-21T14:32:46Z,222621,沙超,2026-08-21T18:00:00Z,Al-Qadsiah,Al-Ittihad,pinnacle,spreads,Al-Qadsiah,home,home@-1.25,-1.25,1.85,2026-08-21T14:32:42Z
2026-08-21T14:32:46Z,222621,沙超,2026-08-21T18:00:00Z,Al-Qadsiah,Al-Ittihad,pinnacle,totals,Over,over,over@3.75,3.75,1.96,2026-08-21T14:32:42Z
2026-08-21T14:32:46Z,222621,沙超,2026-08-21T18:00:00Z,Al-Qadsiah,Al-Ittihad,pinnacle,totals,Under,under,under@3.75,3.75,1.88,2026-08-21T14:32:42Z
2026-08-21T14:32:46Z,222621,沙超,2026-08-21T18:00:00Z,Al-Qadsiah,Al-Ittihad,betfair_ex_eu,h2h,Al-Ittihad,away,away,,6.2,2026-08-21T14:32:42Z
2026-08-21T14:32:46Z,222621,沙超,2026-08-21T18:00:00Z,Al-Qadsiah,Al-Ittihad,betfair_ex_eu,h2h,Al-Qadsiah,home,home,,1.47,2026-08-21T14:32:42Z
2026-08-21T14:32:46Z,222621,沙超,2026-08-21T18:00:00Z,Al-Qadsiah,Al-Ittihad,betfair_ex_eu,h2h,Draw,draw,draw,,5.7,2026-08-21T14:32:42Z
2026-08-21T14:32:46Z,222621,沙超,2026-08-21T18:00:00Z,Al-Qadsiah,Al-Ittihad,betfair_ex_eu,h2h_lay,Al-Ittihad,h2h_lay,h2h_lay,,6.8,2026-08-21T14:32:42Z
2026-08-21T14:32:46Z,222621,沙超,2026-08-21T18:00:00Z,Al-Qadsiah,Al-Ittihad,betfair_ex_eu,h2h_lay,Al-Qadsiah,h2h_lay,h2h_lay,,1.48,2026-08-21T14:32:42Z
2026-08-21T14:32:46Z,222621,沙超,2026-08-21T18:00:00Z,Al-Qadsiah,Al-Ittihad,betfair_ex_eu,h2h_lay,Draw,h2h_lay,h2h_lay,,6.2,2026-08-21T14:32:42Z
2026-08-21T14:32:46Z,222621,沙超,2026-08-21T18:00:00Z,Al-Qadsiah,Al-Ittihad,livescorebet,h2h,Al-Ittihad,away,away,,5.25,2026-08-21T14:32:42Z
2026-08-21T14:32:46Z,222621,沙超,2026-08-21T18:00:00Z,Al-Qadsiah,Al-Ittihad,livescorebet,h2h,Al-Qadsiah,home,home,,1.37,2026-08-21T14:32:42Z
2026-08-21T14:32:46Z,222621,沙超,2026-08-21T18:00:00Z,Al-Qadsiah,Al-Ittihad,livescorebet,h2h,Draw,draw,draw,,4.6,2026-08-21T14:32:42Z
2026-08-21T14:32:46Z,222621,沙超,2026-08-21T18:00:00Z,Al-Qadsiah,Al-Ittihad,virginbet,h2h,Al-Ittihad,away,away,,5.25,2026-08-21T14:32:42Z
2026-08-21T14:32:46Z,222621,沙超,2026-08-21T18:00:00Z,Al-Qadsiah,Al-Ittihad,virginbet,h2h,Al-Qadsiah,home,home,,1.37,2026-08-21T14:32:42Z
2026-08-21T14:32:46Z,222621,沙超,2026-08-21T18:00:00Z,Al-Qadsiah,Al-Ittihad,virginbet,h2h,Draw,draw,draw,,4.6,2026-08-21T14:32:42Z
2026-08-21T14:32:46Z,222621,沙超,2026-08-21T18:00:00Z,Al-Qadsiah,Al-Ittihad,unibet_fr,h2h,Al-Ittihad,away,away,,5.8,2026-08-21T14:32:14Z
2026-08-21T14:32:46Z,222621,沙超,2026-08-21T18:00:00Z,Al-Qadsiah,Al-Ittihad,unibet_fr,h2h,Al-Qadsiah,home,home,,1.38,2026-08-21T14:32:14Z
2026-08-21T14:32:46Z,222621,沙超,2026-08-21T18:00:00Z,Al-Qadsiah,Al-Ittihad,unibet_fr,h2h,Draw,draw,draw,,4.7,2026-08-21T14:32:14Z
2026-08-21T14:32:46Z,222621,沙超,2026-08-21T18:00:00Z,Al-Qadsiah,Al-Ittihad,leovegas_se,h2h,Al-Ittihad,away,away,,5.3,2026-08-21T14:32:43Z
2026-08-21T14:32:46Z,222621,沙超,2026-08-21T18:00:00Z,Al-Qadsiah,Al-Ittihad,leovegas_se,h2h,Al-Qadsiah,home,home,,1.38,2026-08-21T14:32:43Z
2026-08-21T14:32:46Z,222621,沙超,2026-08-21T18:00:00Z,Al-Qadsiah,Al-Ittihad,leovegas_se,h2h,Draw,draw,draw,,4.6,2026-08-21T14:32:43Z
2026-08-21T14:32:46Z,222621,沙超,2026-08-21T18:00:00Z,Al-Qadsiah,Al-Ittihad,leovegas_se,totals,Over,over,over@3.5,3.50,1.75,2026-08-21T14:32:43Z
2026-08-21T14:32:46Z,222621,沙超,2026-08-21T18:00:00Z,Al-Qadsiah,Al-Ittihad,leovegas_se,totals,Under,under,under@3.5,3.50,1.89,2026-08-21T14:32:43Z
2026-08-21T14:32:46Z,222621,沙超,2026-08-21T18:00:00Z,Al-Qadsiah,Al-Ittihad,smarkets,h2h,Al-Ittihad,away,away,,6.2,2026-08-21T14:32:44Z
2026-08-21T14:32:46Z,222621,沙超,2026-08-21T18:00:00Z,Al-Qadsiah,Al-Ittihad,smarkets,h2h,Al-Qadsiah,home,home,,1.46,2026-08-21T14:32:44Z
2026-08-21T14:32:46Z,222621,沙超,2026-08-21T18:00:00Z,Al-Qadsiah,Al-Ittihad,smarkets,h2h,Draw,draw,draw,,5.8,2026-08-21T14:32:44Z
2026-08-21T14:32:46Z,222621,沙超,2026-08-21T18:00:00Z,Al-Qadsiah,Al-Ittihad,smarkets,h2h_lay,Al-Ittihad,h2h_lay,h2h_lay,,6.8,2026-08-21T14:32:44Z
2026-08-21T14:32:46Z,222621,沙超,2026-08-21T18:00:00Z,Al-Qadsiah,Al-Ittihad,smarkets,h2h_lay,Al-Qadsiah,h2h_lay,h2h_lay,,1.49,2026-08-21T14:32:44Z
2026-08-21T14:32:46Z,222621,沙超,2026-08-21T18:00:00Z,Al-Qadsiah,Al-Ittihad,smarkets,h2h_lay,Draw,h2h_lay,h2h_lay,,6.2,2026-08-21T14:32:44Z
2026-08-21T14:32:46Z,222621,沙超,2026-08-21T18:00:00Z,Al-Qadsiah,Al-Ittihad,betfred_uk,h2h,Al-Ittihad,away,away,,5.5,2026-08-21T14:32:42Z
2026-08-21T14:32:46Z,222621,沙超,2026-08-21T18:00:00Z,Al-Qadsiah,Al-Ittihad,betfred_uk,h2h,Al-Qadsiah,home,home,,1.4,2026-08-21T14:32:42Z
2026-08-21T14:32:46Z,222621,沙超,2026-08-21T18:00:00Z,Al-Qadsiah,Al-Ittihad,betfred_uk,h2h,Draw,draw,draw,,5.0,2026-08-21T14:32:42Z
2026-08-21T14:32:46Z,222621,沙超,2026-08-21T18:00:00Z,Al-Qadsiah,Al-Ittihad,unibet_uk,h2h,Al-Ittihad,away,away,,5.75,2026-08-21T14:32:45Z
2026-08-21T14:32:46Z,222621,沙超,2026-08-21T18:00:00Z,Al-Qadsiah,Al-Ittihad,unibet_uk,h2h,Al-Qadsiah,home,home,,1.4,2026-08-21T14:32:45Z
2026-08-21T14:32:46Z,222621,沙超,2026-08-21T18:00:00Z,Al-Qadsiah,Al-Ittihad,unibet_uk,h2h,Draw,draw,draw,,5.25,2026-08-21T14:32:45Z
2026-08-21T14:32:46Z,222621,沙超,2026-08-21T18:00:00Z,Al-Qadsiah,Al-Ittihad,betfair_ex_uk,h2h,Al-Ittihad,away,away,,6.2,2026-08-21T14:32:42Z
2026-08-21T14:32:46Z,222621,沙超,2026-08-21T18:00:00Z,Al-Qadsiah,Al-Ittihad,betfair_ex_uk,h2h,Al-Qadsiah,home,home,,1.47,2026-08-21T14:32:42Z
2026-08-21T14:32:46Z,222621,沙超,2026-08-21T18:00:00Z,Al-Qadsiah,Al-Ittihad,betfair_ex_uk,h2h,Draw,draw,draw,,5.7,2026-08-21T14:32:42Z
2026-08-21T14:32:46Z,222621,沙超,2026-08-21T18:00:00Z,Al-Qadsiah,Al-Ittihad,betfair_ex_uk,h2h_lay,Al-Ittihad,h2h_lay,h2h_lay,,6.8,2026-08-21T14:32:42Z
2026-08-21T14:32:46Z,222621,沙超,2026-08-21T18:00:00Z,Al-Qadsiah,Al-Ittihad,betfair_ex_uk,h2h_lay,Al-Qadsiah,h2h_lay,h2h_lay,,1.48,2026-08-21T14:32:42Z
2026-08-21T14:32:46Z,222621,沙超,2026-08-21T18:00:00Z,Al-Qadsiah,Al-Ittihad,betfair_ex_uk,h2h_lay,Draw,h2h_lay,h2h_lay,,6.2,2026-08-21T14:32:42Z
2026-08-21T14:32:46Z,222621,沙超,2026-08-21T18:00:00Z,Al-Qadsiah,Al-Ittihad,sport888,h2h,Al-Ittihad,away,away,,5.0,2026-08-21T14:32:43Z
2026-08-21T14:32:46Z,222621,沙超,2026-08-21T18:00:00Z,Al-Qadsiah,Al-Ittihad,sport888,h2h,Al-Qadsiah,home,home,,1.4,2026-08-21T14:32:43Z
2026-08-21T14:32:46Z,222621,沙超,2026-08-21T18:00:00Z,Al-Qadsiah,Al-Ittihad,sport888,h2h,Draw,draw,draw,,4.75,2026-08-21T14:32:43Z
2026-08-21T14:32:46Z,222621,沙超,2026-08-21T18:00:00Z,Al-Qadsiah,Al-Ittihad,unibet_nl,h2h,Al-Ittihad,away,away,,5.4,2026-08-21T14:32:43Z
2026-08-21T14:32:46Z,222621,沙超,2026-08-21T18:00:00Z,Al-Qadsiah,Al-Ittihad,unibet_nl,h2h,Al-Qadsiah,home,home,,1.41,2026-08-21T14:32:43Z
2026-08-21T14:32:46Z,222621,沙超,2026-08-21T18:00:00Z,Al-Qadsiah,Al-Ittihad,unibet_nl,h2h,Draw,draw,draw,,4.75,2026-08-21T14:32:43Z
2026-08-21T14:32:46Z,222621,沙超,2026-08-21T18:00:00Z,Al-Qadsiah,Al-Ittihad,unibet_nl,totals,Over,over,over@3.5,3.50,1.8,2026-08-21T14:32:43Z
2026-08-21T14:32:46Z,222621,沙超,2026-08-21T18:00:00Z,Al-Qadsiah,Al-Ittihad,unibet_nl,totals,Under,under,under@3.5,3.50,1.94,2026-08-21T14:32:43Z
2026-08-21T14:32:46Z,222621,沙超,2026-08-21T18:00:00Z,Al-Qadsiah,Al-Ittihad,onexbet,h2h,Al-Ittihad,away,away,,6.21,2026-08-21T14:32:44Z
2026-08-21T14:32:46Z,222621,沙超,2026-08-21T18:00:00Z,Al-Qadsiah,Al-Ittihad,onexbet,h2h,Al-Qadsiah,home,home,,1.39,2026-08-21T14:32:44Z
2026-08-21T14:32:46Z,222621,沙超,2026-08-21T18:00:00Z,Al-Qadsiah,Al-Ittihad,onexbet,h2h,Draw,draw,draw,,5.36,2026-08-21T14:32:44Z
2026-08-21T14:32:46Z,222621,沙超,2026-08-21T18:00:00Z,Al-Qadsiah,Al-Ittihad,onexbet,spreads,Al-Ittihad,away,away@1.5,1.50,1.75,2026-08-21T14:32:44Z
2026-08-21T14:32:46Z,222621,沙超,2026-08-21T18:00:00Z,Al-Qadsiah,Al-Ittihad,onexbet,spreads,Al-Qadsiah,home,home@-1.5,-1.50,2.01,2026-08-21T14:32:44Z
2026-08-21T14:32:46Z,222621,沙超,2026-08-21T18:00:00Z,Al-Qadsiah,Al-Ittihad,onexbet,totals,Over,over,over@3.5,3.50,1.75,2026-08-21T14:32:44Z
2026-08-21T14:32:46Z,222621,沙超,2026-08-21T18:00:00Z,Al-Qadsiah,Al-Ittihad,onexbet,totals,Under,under,under@3.5,3.50,2.01,2026-08-21T14:32:44Z
2026-08-21T14:32:46Z,222621,沙超,2026-08-21T18:00:00Z,Al-Qadsiah,Al-Ittihad,grosvenor,h2h,Al-Ittihad,away,away,,5.4,2026-08-21T14:32:43Z
2026-08-21T14:32:46Z,222621,沙超,2026-08-21T18:00:00Z,Al-Qadsiah,Al-Ittihad,grosvenor,h2h,Al-Qadsiah,home,home,,1.41,2026-08-21T14:32:43Z
2026-08-21T14:32:46Z,222621,沙超,2026-08-21T18:00:00Z,Al-Qadsiah,Al-Ittihad,grosvenor,h2h,Draw,draw,draw,,4.75,2026-08-21T14:32:43Z
2026-08-21T14:32:46Z,222621,沙超,2026-08-21T18:00:00Z,Al-Qadsiah,Al-Ittihad,grosvenor,totals,Over,over,over@3.5,3.50,1.8,2026-08-21T14:32:43Z
2026-08-21T14:32:46Z,222621,沙超,2026-08-21T18:00:00Z,Al-Qadsiah,Al-Ittihad,grosvenor,totals,Under,under,under@3.5,3.50,1.94,2026-08-21T14:32:43Z
2026-08-21T14:32:46Z,222621,沙超,2026-08-21T18:00:00Z,Al-Qadsiah,Al-Ittihad,unibet_se,h2h,Al-Ittihad,away,away,,5.4,2026-08-21T14:32:43Z
2026-08-21T14:32:46Z,222621,沙超,2026-08-21T18:00:00Z,Al-Qadsiah,Al-Ittihad,unibet_se,h2h,Al-Qadsiah,home,home,,1.41,2026-08-21T14:32:43Z
2026-08-21T14:32:46Z,222621,沙超,2026-08-21T18:00:00Z,Al-Qadsiah,Al-Ittihad,unibet_se,h2h,Draw,draw,draw,,4.75,2026-08-21T14:32:43Z
2026-08-21T14:32:46Z,222621,沙超,2026-08-21T18:00:00Z,Al-Qadsiah,Al-Ittihad,unibet_se,totals,Over,over,over@3.5,3.50,1.8,2026-08-21T14:32:43Z
2026-08-21T14:32:46Z,222621,沙超,2026-08-21T18:00:00Z,Al-Qadsiah,Al-Ittihad,unibet_se,totals,Under,under,under@3.5,3.50,1.94,2026-08-21T14:32:43Z
2026-08-21T14:32:46Z,222621,沙超,2026-08-21T18:00:00Z,Al-Qadsiah,Al-Ittihad,pmu_fr,h2h,Al-Ittihad,away,away,,5.1,2026-08-21T14:32:43Z
2026-08-21T14:32:46Z,222621,沙超,2026-08-21T18:00:00Z,Al-Qadsiah,Al-Ittihad,pmu_fr,h2h,Al-Qadsiah,home,home,,1.34,2026-08-21T14:32:43Z
2026-08-21T14:32:46Z,222621,沙超,2026-08-21T18:00:00Z,Al-Qadsiah,Al-Ittihad,pmu_fr,h2h,Draw,draw,draw,,4.5,2026-08-21T14:32:43Z
2026-08-21T14:32:46Z,222621,沙超,2026-08-21T18:00:00Z,Al-Qadsiah,Al-Ittihad,pmu_fr,totals,Over,over,over@3.5,3.50,1.7,2026-08-21T14:32:43Z
2026-08-21T14:32:46Z,222621,沙超,2026-08-21T18:00:00Z,Al-Qadsiah,Al-Ittihad,pmu_fr,totals,Under,under,under@3.5,3.50,1.83,2026-08-21T14:32:43Z
2026-08-21T14:32:46Z,222621,沙超,2026-08-21T18:00:00Z,Al-Qadsiah,Al-Ittihad,tipico_de,h2h,Al-Ittihad,away,away,,6.0,2026-08-21T14:32:45Z
2026-08-21T14:32:46Z,222621,沙超,2026-08-21T18:00:00Z,Al-Qadsiah,Al-Ittihad,tipico_de,h2h,Al-Qadsiah,home,home,,1.35,2026-08-21T14:32:45Z
2026-08-21T14:32:46Z,222621,沙超,2026-08-21T18:00:00Z,Al-Qadsiah,Al-Ittihad,tipico_de,h2h,Draw,draw,draw,,5.5,2026-08-21T14:32:45Z
2026-08-21T14:32:46Z,222621,沙超,2026-08-21T18:00:00Z,Al-Qadsiah,Al-Ittihad,tipico_de,totals,Over,over,over@3.5,3.50,1.67,2026-08-21T14:32:45Z
2026-08-21T14:32:46Z,222621,沙超,2026-08-21T18:00:00Z,Al-Qadsiah,Al-Ittihad,tipico_de,totals,Under,under,under@3.5,3.50,2.05,2026-08-21T14:32:45Z
2026-08-21T14:32:46Z,222621,沙超,2026-08-21T18:00:00Z,Al-Qadsiah,Al-Ittihad,williamhill,h2h,Al-Ittihad,away,away,,5.0,2026-08-21T14:31:48Z
2026-08-21T14:32:46Z,222621,沙超,2026-08-21T18:00:00Z,Al-Qadsiah,Al-Ittihad,williamhill,h2h,Al-Qadsiah,home,home,,1.4,2026-08-21T14:31:48Z
2026-08-21T14:32:46Z,222621,沙超,2026-08-21T18:00:00Z,Al-Qadsiah,Al-Ittihad,williamhill,h2h,Draw,draw,draw,,4.75,2026-08-21T14:31:48Z
2026-08-21T14:32:46Z,222621,沙超,2026-08-21T18:00:00Z,Al-Qadsiah,Al-Ittihad,skybet,h2h,Al-Ittihad,away,away,,5.5,2026-08-21T14:32:43Z
2026-08-21T14:32:46Z,222621,沙超,2026-08-21T18:00:00Z,Al-Qadsiah,Al-Ittihad,skybet,h2h,Al-Qadsiah,home,home,,1.36,2026-08-21T14:32:43Z
2026-08-21T14:32:46Z,222621,沙超,2026-08-21T18:00:00Z,Al-Qadsiah,Al-Ittihad,skybet,h2h,Draw,draw,draw,,4.75,2026-08-21T14:32:43Z
2026-08-21T14:32:46Z,222621,沙超,2026-08-21T18:00:00Z,Al-Qadsiah,Al-Ittihad,winamax_de,h2h,Al-Ittihad,away,away,,5.5,2026-08-21T14:31:49Z
2026-08-21T14:32:46Z,222621,沙超,2026-08-21T18:00:00Z,Al-Qadsiah,Al-Ittihad,winamax_de,h2h,Al-Qadsiah,home,home,,1.38,2026-08-21T14:31:49Z
2026-08-21T14:32:46Z,222621,沙超,2026-08-21T18:00:00Z,Al-Qadsiah,Al-Ittihad,winamax_de,h2h,Draw,draw,draw,,5.3,2026-08-21T14:31:49Z
2026-08-21T14:32:46Z,222621,沙超,2026-08-21T18:00:00Z,Al-Qadsiah,Al-Ittihad,winamax_fr,h2h,Al-Ittihad,away,away,,5.3,2026-08-21T14:32:44Z
2026-08-21T14:32:46Z,222621,沙超,2026-08-21T18:00:00Z,Al-Qadsiah,Al-Ittihad,winamax_fr,h2h,Al-Qadsiah,home,home,,1.37,2026-08-21T14:32:44Z
2026-08-21T14:32:46Z,222621,沙超,2026-08-21T18:00:00Z,Al-Qadsiah,Al-Ittihad,winamax_fr,h2h,Draw,draw,draw,,5.1,2026-08-21T14:32:44Z
2026-08-21T14:32:46Z,222621,沙超,2026-08-21T18:00:00Z,Al-Qadsiah,Al-Ittihad,paddypower,h2h,Al-Ittihad,away,away,,5.5,2026-08-21T14:31:48Z
2026-08-21T14:32:46Z,222621,沙超,2026-08-21T18:00:00Z,Al-Qadsiah,Al-Ittihad,paddypower,h2h,Al-Qadsiah,home,home,,1.36,2026-08-21T14:31:48Z
2026-08-21T14:32:46Z,222621,沙超,2026-08-21T18:00:00Z,Al-Qadsiah,Al-Ittihad,paddypower,h2h,Draw,draw,draw,,5.0,2026-08-21T14:31:48Z
2026-08-21T14:32:46Z,222621,沙超,2026-08-21T18:00:00Z,Al-Qadsiah,Al-Ittihad,betfair_sb_uk,h2h,Al-Ittihad,away,away,,6.0,2026-08-21T14:32:42Z
2026-08-21T14:32:46Z,222621,沙超,2026-08-21T18:00:00Z,Al-Qadsiah,Al-Ittihad,betfair_sb_uk,h2h,Al-Qadsiah,home,home,,1.4,2026-08-21T14:32:42Z
2026-08-21T14:32:46Z,222621,沙超,2026-08-21T18:00:00Z,Al-Qadsiah,Al-Ittihad,betfair_sb_uk,h2h,Draw,draw,draw,,5.0,2026-08-21T14:32:42Z
2026-08-21T14:32:46Z,222621,沙超,2026-08-21T18:00:00Z,Al-Qadsiah,Al-Ittihad,boylesports,h2h,Al-Ittihad,away,away,,4.75,2026-08-21T14:32:13Z
2026-08-21T14:32:46Z,222621,沙超,2026-08-21T18:00:00Z,Al-Qadsiah,Al-Ittihad,boylesports,h2h,Al-Qadsiah,home,home,,1.33,2026-08-21T14:32:13Z
2026-08-21T14:32:46Z,222621,沙超,2026-08-21T18:00:00Z,Al-Qadsiah,Al-Ittihad,boylesports,h2h,Draw,draw,draw,,4.75,2026-08-21T14:32:13Z
2026-08-21T14:32:46Z,222621,沙超,2026-08-21T18:00:00Z,Al-Qadsiah,Al-Ittihad,ladbrokes_uk,h2h,Al-Ittihad,away,away,,5.75,2026-08-21T14:32:42Z
2026-08-21T14:32:46Z,222621,沙超,2026-08-21T18:00:00Z,Al-Qadsiah,Al-Ittihad,ladbrokes_uk,h2h,Al-Qadsiah,home,home,,1.44,2026-08-21T14:32:42Z
2026-08-21T14:32:46Z,222621,沙超,2026-08-21T18:00:00Z,Al-Qadsiah,Al-Ittihad,ladbrokes_uk,h2h,Draw,draw,draw,,5.25,2026-08-21T14:32:42Z
2026-08-21T14:32:46Z,222621,沙超,2026-08-21T18:00:00Z,Al-Qadsiah,Al-Ittihad,coral,h2h,Al-Ittihad,away,away,,5.75,2026-08-21T14:32:43Z
2026-08-21T14:32:46Z,222621,沙超,2026-08-21T18:00:00Z,Al-Qadsiah,Al-Ittihad,coral,h2h,Al-Qadsiah,home,home,,1.44,2026-08-21T14:32:43Z
2026-08-21T14:32:46Z,222621,沙超,2026-08-21T18:00:00Z,Al-Qadsiah,Al-Ittihad,coral,h2h,Draw,draw,draw,,5.25,2026-08-21T14:32:43Z
2026-08-21T14:32:46Z,222621,沙超,2026-08-21T18:00:00Z,Al-Qadsiah,Al-Ittihad,betclic_fr,h2h,Al-Ittihad,away,away,,5.9,2026-08-21T14:30:01Z
2026-08-21T14:32:46Z,222621,沙超,2026-08-21T18:00:00Z,Al-Qadsiah,Al-Ittihad,betclic_fr,h2h,Al-Qadsiah,home,home,,1.38,2026-08-21T14:30:01Z
2026-08-21T14:32:46Z,222621,沙超,2026-08-21T18:00:00Z,Al-Qadsiah,Al-Ittihad,betclic_fr,h2h,Draw,draw,draw,,5.25,2026-08-21T14:30:01Z
2026-08-21T14:34:28Z,223596,阿甲,2026-08-21T17:30:00Z,Aldosivi,Club Atlético Unión de Santa Fe,fanduel,h2h,Aldosivi Mar del Plata,home,home,,2.8,2026-08-21T14:33:20Z
2026-08-21T14:34:28Z,223596,阿甲,2026-08-21T17:30:00Z,Aldosivi,Club Atlético Unión de Santa Fe,fanduel,h2h,Union Santa Fe,away,away,,2.7,2026-08-21T14:33:20Z
2026-08-21T14:34:28Z,223596,阿甲,2026-08-21T17:30:00Z,Aldosivi,Club Atlético Unión de Santa Fe,fanduel,h2h,Draw,draw,draw,,3.0,2026-08-21T14:33:20Z
2026-08-21T14:34:28Z,223596,阿甲,2026-08-21T17:30:00Z,Aldosivi,Club Atlético Unión de Santa Fe,paddypower,h2h,Aldosivi Mar del Plata,home,home,,2.62,2026-08-21T14:33:52Z
2026-08-21T14:34:28Z,223596,阿甲,2026-08-21T17:30:00Z,Aldosivi,Club Atlético Unión de Santa Fe,paddypower,h2h,Union Santa Fe,away,away,,2.6,2026-08-21T14:33:52Z
2026-08-21T14:34:28Z,223596,阿甲,2026-08-21T17:30:00Z,Aldosivi,Club Atlético Unión de Santa Fe,paddypower,h2h,Draw,draw,draw,,2.9,2026-08-21T14:33:52Z
2026-08-21T14:34:28Z,223596,阿甲,2026-08-21T17:30:00Z,Aldosivi,Club Atlético Unión de Santa Fe,skybet,h2h,Aldosivi Mar del Plata,home,home,,2.63,2026-08-21T14:33:54Z
2026-08-21T14:34:28Z,223596,阿甲,2026-08-21T17:30:00Z,Aldosivi,Club Atlético Unión de Santa Fe,skybet,h2h,Union Santa Fe,away,away,,2.5,2026-08-21T14:33:54Z
2026-08-21T14:34:28Z,223596,阿甲,2026-08-21T17:30:00Z,Aldosivi,Club Atlético Unión de Santa Fe,skybet,h2h,Draw,draw,draw,,2.88,2026-08-21T14:33:54Z
2026-08-21T14:34:28Z,223596,阿甲,2026-08-21T17:30:00Z,Aldosivi,Club Atlético Unión de Santa Fe,onexbet,h2h,Aldosivi Mar del Plata,home,home,,2.81,2026-08-21T14:33:51Z
2026-08-21T14:34:28Z,223596,阿甲,2026-08-21T17:30:00Z,Aldosivi,Club Atlético Unión de Santa Fe,onexbet,h2h,Union Santa Fe,away,away,,2.77,2026-08-21T14:33:51Z
2026-08-21T14:34:28Z,223596,阿甲,2026-08-21T17:30:00Z,Aldosivi,Club Atlético Unión de Santa Fe,onexbet,h2h,Draw,draw,draw,,2.98,2026-08-21T14:33:51Z
2026-08-21T14:34:28Z,223596,阿甲,2026-08-21T17:30:00Z,Aldosivi,Club Atlético Unión de Santa Fe,onexbet,spreads,Aldosivi Mar del Plata,home,home@0.0,0,1.91,2026-08-21T14:33:51Z
2026-08-21T14:34:28Z,223596,阿甲,2026-08-21T17:30:00Z,Aldosivi,Club Atlético Unión de Santa Fe,onexbet,spreads,Union Santa Fe,away,away@0.0,0,1.89,2026-08-21T14:33:51Z
2026-08-21T14:34:28Z,223596,阿甲,2026-08-21T17:30:00Z,Aldosivi,Club Atlético Unión de Santa Fe,onexbet,totals,Over,over,over@1.5,1.50,1.52,2026-08-21T14:33:51Z
2026-08-21T14:34:28Z,223596,阿甲,2026-08-21T17:30:00Z,Aldosivi,Club Atlético Unión de Santa Fe,onexbet,totals,Under,under,under@1.5,1.50,2.52,2026-08-21T14:33:51Z
2026-08-21T14:34:28Z,223596,阿甲,2026-08-21T17:30:00Z,Aldosivi,Club Atlético Unión de Santa Fe,marathonbet,h2h,Aldosivi Mar del Plata,home,home,,2.76,2026-08-21T14:33:52Z
2026-08-21T14:34:28Z,223596,阿甲,2026-08-21T17:30:00Z,Aldosivi,Club Atlético Unión de Santa Fe,marathonbet,h2h,Union Santa Fe,away,away,,2.72,2026-08-21T14:33:52Z
2026-08-21T14:34:28Z,223596,阿甲,2026-08-21T17:30:00Z,Aldosivi,Club Atlético Unión de Santa Fe,marathonbet,h2h,Draw,draw,draw,,2.92,2026-08-21T14:33:52Z
2026-08-21T14:34:28Z,223596,阿甲,2026-08-21T17:30:00Z,Aldosivi,Club Atlético Unión de Santa Fe,betfred_uk,h2h,Aldosivi Mar del Plata,home,home,,2.75,2026-08-21T14:33:52Z
2026-08-21T14:34:28Z,223596,阿甲,2026-08-21T17:30:00Z,Aldosivi,Club Atlético Unión de Santa Fe,betfred_uk,h2h,Union Santa Fe,away,away,,2.62,2026-08-21T14:33:52Z
2026-08-21T14:34:28Z,223596,阿甲,2026-08-21T17:30:00Z,Aldosivi,Club Atlético Unión de Santa Fe,betfred_uk,h2h,Draw,draw,draw,,2.88,2026-08-21T14:33:52Z
2026-08-21T14:34:28Z,223596,阿甲,2026-08-21T17:30:00Z,Aldosivi,Club Atlético Unión de Santa Fe,livescorebet,h2h,Aldosivi Mar del Plata,home,home,,2.75,2026-08-21T14:33:51Z
2026-08-21T14:34:28Z,223596,阿甲,2026-08-21T17:30:00Z,Aldosivi,Club Atlético Unión de Santa Fe,livescorebet,h2h,Union Santa Fe,away,away,,2.45,2026-08-21T14:33:51Z
2026-08-21T14:34:28Z,223596,阿甲,2026-08-21T17:30:00Z,Aldosivi,Club Atlético Unión de Santa Fe,livescorebet,h2h,Draw,draw,draw,,2.85,2026-08-21T14:33:51Z
2026-08-21T14:34:28Z,223596,阿甲,2026-08-21T17:30:00Z,Aldosivi,Club Atlético Unión de Santa Fe,unibet_se,h2h,Aldosivi Mar del Plata,home,home,,2.9,2026-08-21T14:33:51Z
2026-08-21T14:34:28Z,223596,阿甲,2026-08-21T17:30:00Z,Aldosivi,Club Atlético Unión de Santa Fe,unibet_se,h2h,Union Santa Fe,away,away,,2.6,2026-08-21T14:33:51Z
2026-08-21T14:34:28Z,223596,阿甲,2026-08-21T17:30:00Z,Aldosivi,Club Atlético Unión de Santa Fe,unibet_se,h2h,Draw,draw,draw,,3.0,2026-08-21T14:33:51Z
2026-08-21T14:34:28Z,223596,阿甲,2026-08-21T17:30:00Z,Aldosivi,Club Atlético Unión de Santa Fe,unibet_se,totals,Over,over,over@2.5,2.50,2.55,2026-08-21T14:33:51Z
2026-08-21T14:34:28Z,223596,阿甲,2026-08-21T17:30:00Z,Aldosivi,Club Atlético Unión de Santa Fe,unibet_se,totals,Under,under,under@2.5,2.50,1.49,2026-08-21T14:33:51Z
2026-08-21T14:34:28Z,223596,阿甲,2026-08-21T17:30:00Z,Aldosivi,Club Atlético Unión de Santa Fe,virginbet,h2h,Aldosivi Mar del Plata,home,home,,2.75,2026-08-21T14:33:51Z
2026-08-21T14:34:28Z,223596,阿甲,2026-08-21T17:30:00Z,Aldosivi,Club Atlético Unión de Santa Fe,virginbet,h2h,Union Santa Fe,away,away,,2.45,2026-08-21T14:33:51Z
2026-08-21T14:34:28Z,223596,阿甲,2026-08-21T17:30:00Z,Aldosivi,Club Atlético Unión de Santa Fe,virginbet,h2h,Draw,draw,draw,,2.85,2026-08-21T14:33:51Z
2026-08-21T14:34:28Z,223596,阿甲,2026-08-21T17:30:00Z,Aldosivi,Club Atlético Unión de Santa Fe,betrivers,h2h,Aldosivi Mar del Plata,home,home,,2.85,2026-08-21T14:33:51Z
2026-08-21T14:34:28Z,223596,阿甲,2026-08-21T17:30:00Z,Aldosivi,Club Atlético Unión de Santa Fe,betrivers,h2h,Union Santa Fe,away,away,,2.55,2026-08-21T14:33:51Z
2026-08-21T14:34:28Z,223596,阿甲,2026-08-21T17:30:00Z,Aldosivi,Club Atlético Unión de Santa Fe,betrivers,h2h,Draw,draw,draw,,2.95,2026-08-21T14:33:51Z
2026-08-21T14:34:28Z,223596,阿甲,2026-08-21T17:30:00Z,Aldosivi,Club Atlético Unión de Santa Fe,betrivers,totals,Over,over,over@2.5,2.50,2.5,2026-08-21T14:33:51Z
2026-08-21T14:34:28Z,223596,阿甲,2026-08-21T17:30:00Z,Aldosivi,Club Atlético Unión de Santa Fe,betrivers,totals,Under,under,under@2.5,2.50,1.49,2026-08-21T14:33:51Z
2026-08-21T14:34:28Z,223596,阿甲,2026-08-21T17:30:00Z,Aldosivi,Club Atlético Unión de Santa Fe,leovegas_se,h2h,Aldosivi Mar del Plata,home,home,,2.7,2026-08-21T14:33:51Z
2026-08-21T14:34:28Z,223596,阿甲,2026-08-21T17:30:00Z,Aldosivi,Club Atlético Unión de Santa Fe,leovegas_se,h2h,Union Santa Fe,away,away,,2.43,2026-08-21T14:33:51Z
2026-08-21T14:34:28Z,223596,阿甲,2026-08-21T17:30:00Z,Aldosivi,Club Atlético Unión de Santa Fe,leovegas_se,h2h,Draw,draw,draw,,2.8,2026-08-21T14:33:51Z
2026-08-21T14:34:28Z,223596,阿甲,2026-08-21T17:30:00Z,Aldosivi,Club Atlético Unión de Santa Fe,leovegas_se,totals,Over,over,over@2.5,2.50,2.48,2026-08-21T14:33:51Z
2026-08-21T14:34:28Z,223596,阿甲,2026-08-21T17:30:00Z,Aldosivi,Club Atlético Unión de Santa Fe,leovegas_se,totals,Under,under,under@2.5,2.50,1.45,2026-08-21T14:33:51Z
2026-08-21T14:34:28Z,223596,阿甲,2026-08-21T17:30:00Z,Aldosivi,Club Atlético Unión de Santa Fe,unibet_fr,h2h,Aldosivi Mar del Plata,home,home,,2.65,2026-08-21T14:33:51Z
2026-08-21T14:34:28Z,223596,阿甲,2026-08-21T17:30:00Z,Aldosivi,Club Atlético Unión de Santa Fe,unibet_fr,h2h,Union Santa Fe,away,away,,2.5,2026-08-21T14:33:51Z
2026-08-21T14:34:28Z,223596,阿甲,2026-08-21T17:30:00Z,Aldosivi,Club Atlético Unión de Santa Fe,unibet_fr,h2h,Draw,draw,draw,,2.85,2026-08-21T14:33:51Z
2026-08-21T14:34:28Z,223596,阿甲,2026-08-21T17:30:00Z,Aldosivi,Club Atlético Unión de Santa Fe,betclic_fr,h2h,Aldosivi Mar del Plata,home,home,,2.68,2026-08-21T14:33:13Z
2026-08-21T14:34:28Z,223596,阿甲,2026-08-21T17:30:00Z,Aldosivi,Club Atlético Unión de Santa Fe,betclic_fr,h2h,Union Santa Fe,away,away,,2.62,2026-08-21T14:33:13Z
2026-08-21T14:34:28Z,223596,阿甲,2026-08-21T17:30:00Z,Aldosivi,Club Atlético Unión de Santa Fe,betclic_fr,h2h,Draw,draw,draw,,2.88,2026-08-21T14:33:13Z
2026-08-21T14:34:28Z,223596,阿甲,2026-08-21T17:30:00Z,Aldosivi,Club Atlético Unión de Santa Fe,smarkets,h2h,Aldosivi Mar del Plata,home,home,,2.88,2026-08-21T14:34:10Z
2026-08-21T14:34:28Z,223596,阿甲,2026-08-21T17:30:00Z,Aldosivi,Club Atlético Unión de Santa Fe,smarkets,h2h,Union Santa Fe,away,away,,2.88,2026-08-21T14:34:10Z
2026-08-21T14:34:28Z,223596,阿甲,2026-08-21T17:30:00Z,Aldosivi,Club Atlético Unión de Santa Fe,smarkets,h2h,Draw,draw,draw,,3.05,2026-08-21T14:34:10Z
2026-08-21T14:34:28Z,223596,阿甲,2026-08-21T17:30:00Z,Aldosivi,Club Atlético Unión de Santa Fe,smarkets,h2h_lay,Aldosivi Mar del Plata,h2h_lay,h2h_lay,,2.98,2026-08-21T14:34:10Z
2026-08-21T14:34:28Z,223596,阿甲,2026-08-21T17:30:00Z,Aldosivi,Club Atlético Unión de Santa Fe,smarkets,h2h_lay,Union Santa Fe,h2h_lay,h2h_lay,,2.76,2026-08-21T14:34:10Z
2026-08-21T14:34:28Z,223596,阿甲,2026-08-21T17:30:00Z,Aldosivi,Club Atlético Unión de Santa Fe,smarkets,h2h_lay,Draw,h2h_lay,h2h_lay,,3.15,2026-08-21T14:34:10Z
2026-08-21T14:34:28Z,223596,阿甲,2026-08-21T17:30:00Z,Aldosivi,Club Atlético Unión de Santa Fe,codere_it,h2h,Aldosivi Mar del Plata,home,home,,2.75,2026-08-21T14:33:51Z
2026-08-21T14:34:28Z,223596,阿甲,2026-08-21T17:30:00Z,Aldosivi,Club Atlético Unión de Santa Fe,codere_it,h2h,Union Santa Fe,away,away,,2.75,2026-08-21T14:33:51Z
2026-08-21T14:34:28Z,223596,阿甲,2026-08-21T17:30:00Z,Aldosivi,Club Atlético Unión de Santa Fe,codere_it,h2h,Draw,draw,draw,,3.0,2026-08-21T14:33:51Z
2026-08-21T14:34:28Z,223596,阿甲,2026-08-21T17:30:00Z,Aldosivi,Club Atlético Unión de Santa Fe,codere_it,totals,Over,over,over@1.5,1.50,1.5,2026-08-21T14:33:51Z
2026-08-21T14:34:28Z,223596,阿甲,2026-08-21T17:30:00Z,Aldosivi,Club Atlético Unión de Santa Fe,codere_it,totals,Under,under,under@1.5,1.50,2.37,2026-08-21T14:33:51Z
2026-08-21T14:34:28Z,223596,阿甲,2026-08-21T17:30:00Z,Aldosivi,Club Atlético Unión de Santa Fe,winamax_fr,h2h,Aldosivi Mar del Plata,home,home,,2.6,2026-08-21T14:33:22Z
2026-08-21T14:34:28Z,223596,阿甲,2026-08-21T17:30:00Z,Aldosivi,Club Atlético Unión de Santa Fe,winamax_fr,h2h,Union Santa Fe,away,away,,2.6,2026-08-21T14:33:22Z
2026-08-21T14:34:28Z,223596,阿甲,2026-08-21T17:30:00Z,Aldosivi,Club Atlético Unión de Santa Fe,winamax_fr,h2h,Draw,draw,draw,,2.9,2026-08-21T14:33:22Z
2026-08-21T14:34:28Z,223596,阿甲,2026-08-21T17:30:00Z,Aldosivi,Club Atlético Unión de Santa Fe,winamax_de,h2h,Aldosivi Mar del Plata,home,home,,2.65,2026-08-21T14:33:53Z
2026-08-21T14:34:28Z,223596,阿甲,2026-08-21T17:30:00Z,Aldosivi,Club Atlético Unión de Santa Fe,winamax_de,h2h,Union Santa Fe,away,away,,2.6,2026-08-21T14:33:53Z
2026-08-21T14:34:28Z,223596,阿甲,2026-08-21T17:30:00Z,Aldosivi,Club Atlético Unión de Santa Fe,winamax_de,h2h,Draw,draw,draw,,2.95,2026-08-21T14:33:53Z
2026-08-21T14:34:28Z,223596,阿甲,2026-08-21T17:30:00Z,Aldosivi,Club Atlético Unión de Santa Fe,boylesports,h2h,Aldosivi Mar del Plata,home,home,,2.75,2026-08-21T14:33:56Z
2026-08-21T14:34:28Z,223596,阿甲,2026-08-21T17:30:00Z,Aldosivi,Club Atlético Unión de Santa Fe,boylesports,h2h,Union Santa Fe,away,away,,2.6,2026-08-21T14:33:56Z
2026-08-21T14:34:28Z,223596,阿甲,2026-08-21T17:30:00Z,Aldosivi,Club Atlético Unión de Santa Fe,boylesports,h2h,Draw,draw,draw,,3.0,2026-08-21T14:33:56Z
2026-08-21T14:34:28Z,223596,阿甲,2026-08-21T17:30:00Z,Aldosivi,Club Atlético Unión de Santa Fe,betmgm,h2h,Aldosivi Mar del Plata,home,home,,2.65,2026-08-21T14:33:50Z
2026-08-21T14:34:28Z,223596,阿甲,2026-08-21T17:30:00Z,Aldosivi,Club Atlético Unión de Santa Fe,betmgm,h2h,Union Santa Fe,away,away,,2.75,2026-08-21T14:33:50Z
2026-08-21T14:34:28Z,223596,阿甲,2026-08-21T17:30:00Z,Aldosivi,Club Atlético Unión de Santa Fe,betmgm,h2h,Draw,draw,draw,,2.95,2026-08-21T14:33:50Z
2026-08-21T14:34:28Z,223596,阿甲,2026-08-21T17:30:00Z,Aldosivi,Club Atlético Unión de Santa Fe,betmgm,totals,Over,over,over@1.5,1.50,1.5,2026-08-21T14:33:50Z
2026-08-21T14:34:28Z,223596,阿甲,2026-08-21T17:30:00Z,Aldosivi,Club Atlético Unión de Santa Fe,betmgm,totals,Under,under,under@1.5,1.50,2.4,2026-08-21T14:33:50Z
2026-08-21T14:34:28Z,223596,阿甲,2026-08-21T17:30:00Z,Aldosivi,Club Atlético Unión de Santa Fe,bovada,h2h,Aldosivi Mar del Plata,home,home,,2.75,2026-08-21T14:32:57Z
2026-08-21T14:34:28Z,223596,阿甲,2026-08-21T17:30:00Z,Aldosivi,Club Atlético Unión de Santa Fe,bovada,h2h,Union Santa Fe,away,away,,2.8,2026-08-21T14:32:57Z
2026-08-21T14:34:28Z,223596,阿甲,2026-08-21T17:30:00Z,Aldosivi,Club Atlético Unión de Santa Fe,bovada,h2h,Draw,draw,draw,,2.9,2026-08-21T14:32:57Z
2026-08-21T14:34:28Z,223596,阿甲,2026-08-21T17:30:00Z,Aldosivi,Club Atlético Unión de Santa Fe,bovada,spreads,Aldosivi Mar del Plata,home,home@0.0,0,1.83,2026-08-21T14:32:57Z
2026-08-21T14:34:28Z,223596,阿甲,2026-08-21T17:30:00Z,Aldosivi,Club Atlético Unión de Santa Fe,bovada,spreads,Union Santa Fe,away,away@0.0,0,2.0,2026-08-21T14:32:57Z
2026-08-21T14:34:28Z,223596,阿甲,2026-08-21T17:30:00Z,Aldosivi,Club Atlético Unión de Santa Fe,bovada,totals,Over,over,over@2.0,2,1.95,2026-08-21T14:32:57Z
2026-08-21T14:34:28Z,223596,阿甲,2026-08-21T17:30:00Z,Aldosivi,Club Atlético Unión de Santa Fe,bovada,totals,Under,under,under@2.0,2,1.87,2026-08-21T14:32:57Z
2026-08-21T14:34:28Z,223596,阿甲,2026-08-21T17:30:00Z,Aldosivi,Club Atlético Unión de Santa Fe,nordicbet,h2h,Aldosivi Mar del Plata,home,home,,2.72,2026-08-21T14:32:28Z
2026-08-21T14:34:28Z,223596,阿甲,2026-08-21T17:30:00Z,Aldosivi,Club Atlético Unión de Santa Fe,nordicbet,h2h,Union Santa Fe,away,away,,2.72,2026-08-21T14:32:28Z
2026-08-21T14:34:28Z,223596,阿甲,2026-08-21T17:30:00Z,Aldosivi,Club Atlético Unión de Santa Fe,nordicbet,h2h,Draw,draw,draw,,2.92,2026-08-21T14:32:28Z
2026-08-21T14:34:28Z,223596,阿甲,2026-08-21T17:30:00Z,Aldosivi,Club Atlético Unión de Santa Fe,nordicbet,totals,Over,over,over@2.5,2.50,2.62,2026-08-21T14:32:28Z
2026-08-21T14:34:28Z,223596,阿甲,2026-08-21T17:30:00Z,Aldosivi,Club Atlético Unión de Santa Fe,nordicbet,totals,Under,under,under@2.5,2.50,1.46,2026-08-21T14:32:28Z
2026-08-21T14:34:28Z,223596,阿甲,2026-08-21T17:30:00Z,Aldosivi,Club Atlético Unión de Santa Fe,betsson,h2h,Aldosivi Mar del Plata,home,home,,2.72,2026-08-21T14:33:51Z
2026-08-21T14:34:28Z,223596,阿甲,2026-08-21T17:30:00Z,Aldosivi,Club Atlético Unión de Santa Fe,betsson,h2h,Union Santa Fe,away,away,,2.72,2026-08-21T14:33:51Z
2026-08-21T14:34:28Z,223596,阿甲,2026-08-21T17:30:00Z,Aldosivi,Club Atlético Unión de Santa Fe,betsson,h2h,Draw,draw,draw,,2.92,2026-08-21T14:33:51Z
2026-08-21T14:34:28Z,223596,阿甲,2026-08-21T17:30:00Z,Aldosivi,Club Atlético Unión de Santa Fe,betsson,totals,Over,over,over@2.5,2.50,2.62,2026-08-21T14:33:51Z
2026-08-21T14:34:28Z,223596,阿甲,2026-08-21T17:30:00Z,Aldosivi,Club Atlético Unión de Santa Fe,betsson,totals,Under,under,under@2.5,2.50,1.46,2026-08-21T14:33:51Z
2026-08-21T14:34:28Z,223596,阿甲,2026-08-21T17:30:00Z,Aldosivi,Club Atlético Unión de Santa Fe,ladbrokes_uk,h2h,Aldosivi Mar del Plata,home,home,,2.7,2026-08-21T14:33:51Z
2026-08-21T14:34:28Z,223596,阿甲,2026-08-21T17:30:00Z,Aldosivi,Club Atlético Unión de Santa Fe,ladbrokes_uk,h2h,Union Santa Fe,away,away,,2.8,2026-08-21T14:33:51Z
2026-08-21T14:34:28Z,223596,阿甲,2026-08-21T17:30:00Z,Aldosivi,Club Atlético Unión de Santa Fe,ladbrokes_uk,h2h,Draw,draw,draw,,3.0,2026-08-21T14:33:51Z
2026-08-21T14:34:28Z,223596,阿甲,2026-08-21T17:30:00Z,Aldosivi,Club Atlético Unión de Santa Fe,unibet_uk,h2h,Aldosivi Mar del Plata,home,home,,2.75,2026-08-21T14:33:51Z
2026-08-21T14:34:28Z,223596,阿甲,2026-08-21T17:30:00Z,Aldosivi,Club Atlético Unión de Santa Fe,unibet_uk,h2h,Union Santa Fe,away,away,,2.75,2026-08-21T14:33:51Z
2026-08-21T14:34:28Z,223596,阿甲,2026-08-21T17:30:00Z,Aldosivi,Club Atlético Unión de Santa Fe,unibet_uk,h2h,Draw,draw,draw,,3.0,2026-08-21T14:33:51Z
2026-08-21T14:34:28Z,223596,阿甲,2026-08-21T17:30:00Z,Aldosivi,Club Atlético Unión de Santa Fe,pinnacle,h2h,Aldosivi Mar del Plata,home,home,,2.84,2026-08-21T14:34:10Z
2026-08-21T14:34:28Z,223596,阿甲,2026-08-21T17:30:00Z,Aldosivi,Club Atlético Unión de Santa Fe,pinnacle,h2h,Union Santa Fe,away,away,,2.84,2026-08-21T14:34:10Z
2026-08-21T14:34:28Z,223596,阿甲,2026-08-21T17:30:00Z,Aldosivi,Club Atlético Unión de Santa Fe,pinnacle,h2h,Draw,draw,draw,,3.05,2026-08-21T14:34:10Z
2026-08-21T14:34:28Z,223596,阿甲,2026-08-21T17:30:00Z,Aldosivi,Club Atlético Unión de Santa Fe,pinnacle,spreads,Aldosivi Mar del Plata,home,home@0.0,0,1.95,2026-08-21T14:34:10Z
2026-08-21T14:34:28Z,223596,阿甲,2026-08-21T17:30:00Z,Aldosivi,Club Atlético Unión de Santa Fe,pinnacle,spreads,Union Santa Fe,away,away@-0.0,-0,1.95,2026-08-21T14:34:10Z
2026-08-21T14:34:28Z,223596,阿甲,2026-08-21T17:30:00Z,Aldosivi,Club Atlético Unión de Santa Fe,pinnacle,totals,Over,over,over@2.0,2,2.0,2026-08-21T14:34:10Z
2026-08-21T14:34:28Z,223596,阿甲,2026-08-21T17:30:00Z,Aldosivi,Club Atlético Unión de Santa Fe,pinnacle,totals,Under,under,under@2.0,2,1.89,2026-08-21T14:34:10Z
2026-08-21T14:34:28Z,223596,阿甲,2026-08-21T17:30:00Z,Aldosivi,Club Atlético Unión de Santa Fe,draftkings,h2h,Aldosivi Mar del Plata,home,home,,2.8,2026-08-21T14:33:51Z
2026-08-21T14:34:28Z,223596,阿甲,2026-08-21T17:30:00Z,Aldosivi,Club Atlético Unión de Santa Fe,draftkings,h2h,Union Santa Fe,away,away,,2.75,2026-08-21T14:33:51Z
2026-08-21T14:34:28Z,223596,阿甲,2026-08-21T17:30:00Z,Aldosivi,Club Atlético Unión de Santa Fe,draftkings,h2h,Draw,draw,draw,,3.0,2026-08-21T14:33:51Z
2026-08-21T14:34:28Z,223596,阿甲,2026-08-21T17:30:00Z,Aldosivi,Club Atlético Unión de Santa Fe,betfair_sb_uk,h2h,Aldosivi Mar del Plata,home,home,,2.75,2026-08-21T14:33:53Z
2026-08-21T14:34:28Z,223596,阿甲,2026-08-21T17:30:00Z,Aldosivi,Club Atlético Unión de Santa Fe,betfair_sb_uk,h2h,Union Santa Fe,away,away,,2.63,2026-08-21T14:33:53Z
2026-08-21T14:34:28Z,223596,阿甲,2026-08-21T17:30:00Z,Aldosivi,Club Atlético Unión de Santa Fe,betfair_sb_uk,h2h,Draw,draw,draw,,3.0,2026-08-21T14:33:53Z
2026-08-21T14:34:28Z,223596,阿甲,2026-08-21T17:30:00Z,Aldosivi,Club Atlético Unión de Santa Fe,betway,h2h,Aldosivi Mar del Plata,home,home,,2.7,2026-08-21T14:33:53Z
2026-08-21T14:34:28Z,223596,阿甲,2026-08-21T17:30:00Z,Aldosivi,Club Atlético Unión de Santa Fe,betway,h2h,Union Santa Fe,away,away,,2.7,2026-08-21T14:33:53Z
2026-08-21T14:34:28Z,223596,阿甲,2026-08-21T17:30:00Z,Aldosivi,Club Atlético Unión de Santa Fe,betway,h2h,Draw,draw,draw,,3.0,2026-08-21T14:33:53Z
2026-08-21T14:34:28Z,223596,阿甲,2026-08-21T17:30:00Z,Aldosivi,Club Atlético Unión de Santa Fe,betfair_ex_uk,h2h,Aldosivi Mar del Plata,home,home,,2.9,2026-08-21T14:34:11Z
2026-08-21T14:34:28Z,223596,阿甲,2026-08-21T17:30:00Z,Aldosivi,Club Atlético Unión de Santa Fe,betfair_ex_uk,h2h,Union Santa Fe,away,away,,2.9,2026-08-21T14:34:11Z
2026-08-21T14:34:28Z,223596,阿甲,2026-08-21T17:30:00Z,Aldosivi,Club Atlético Unión de Santa Fe,betfair_ex_uk,h2h,Draw,draw,draw,,3.05,2026-08-21T14:34:11Z
2026-08-21T14:34:28Z,223596,阿甲,2026-08-21T17:30:00Z,Aldosivi,Club Atlético Unión de Santa Fe,betfair_ex_uk,h2h_lay,Aldosivi Mar del Plata,h2h_lay,h2h_lay,,2.98,2026-08-21T14:34:11Z
2026-08-21T14:34:28Z,223596,阿甲,2026-08-21T17:30:00Z,Aldosivi,Club Atlético Unión de Santa Fe,betfair_ex_uk,h2h_lay,Union Santa Fe,h2h_lay,h2h_lay,,2.98,2026-08-21T14:34:11Z
2026-08-21T14:34:28Z,223596,阿甲,2026-08-21T17:30:00Z,Aldosivi,Club Atlético Unión de Santa Fe,betfair_ex_uk,h2h_lay,Draw,h2h_lay,h2h_lay,,3.15,2026-08-21T14:34:11Z
2026-08-21T14:34:28Z,223596,阿甲,2026-08-21T17:30:00Z,Aldosivi,Club Atlético Unión de Santa Fe,betfair_ex_eu,h2h,Aldosivi Mar del Plata,home,home,,2.9,2026-08-21T14:34:10Z
2026-08-21T14:34:28Z,223596,阿甲,2026-08-21T17:30:00Z,Aldosivi,Club Atlético Unión de Santa Fe,betfair_ex_eu,h2h,Union Santa Fe,away,away,,2.9,2026-08-21T14:34:10Z
2026-08-21T14:34:28Z,223596,阿甲,2026-08-21T17:30:00Z,Aldosivi,Club Atlético Unión de Santa Fe,betfair_ex_eu,h2h,Draw,draw,draw,,3.05,2026-08-21T14:34:10Z
2026-08-21T14:34:28Z,223596,阿甲,2026-08-21T17:30:00Z,Aldosivi,Club Atlético Unión de Santa Fe,betfair_ex_eu,h2h_lay,Aldosivi Mar del Plata,h2h_lay,h2h_lay,,2.98,2026-08-21T14:34:10Z
2026-08-21T14:34:28Z,223596,阿甲,2026-08-21T17:30:00Z,Aldosivi,Club Atlético Unión de Santa Fe,betfair_ex_eu,h2h_lay,Union Santa Fe,h2h_lay,h2h_lay,,2.98,2026-08-21T14:34:10Z
2026-08-21T14:34:28Z,223596,阿甲,2026-08-21T17:30:00Z,Aldosivi,Club Atlético Unión de Santa Fe,betfair_ex_eu,h2h_lay,Draw,h2h_lay,h2h_lay,,3.15,2026-08-21T14:34:10Z
2026-08-21T14:34:28Z,223596,阿甲,2026-08-21T17:30:00Z,Aldosivi,Club Atlético Unión de Santa Fe,betonlineag,h2h,Aldosivi Mar del Plata,home,home,,2.95,2026-08-21T14:33:52Z
2026-08-21T14:34:28Z,223596,阿甲,2026-08-21T17:30:00Z,Aldosivi,Club Atlético Unión de Santa Fe,betonlineag,h2h,Union Santa Fe,away,away,,2.65,2026-08-21T14:33:52Z
2026-08-21T14:34:28Z,223596,阿甲,2026-08-21T17:30:00Z,Aldosivi,Club Atlético Unión de Santa Fe,betonlineag,h2h,Draw,draw,draw,,3.0,2026-08-21T14:33:52Z
2026-08-21T14:34:28Z,223596,阿甲,2026-08-21T17:30:00Z,Aldosivi,Club Atlético Unión de Santa Fe,betonlineag,spreads,Aldosivi Mar del Plata,home,home@0.0,0,2.0,2026-08-21T14:33:52Z
2026-08-21T14:34:28Z,223596,阿甲,2026-08-21T17:30:00Z,Aldosivi,Club Atlético Unión de Santa Fe,betonlineag,spreads,Union Santa Fe,away,away@0.0,0,1.83,2026-08-21T14:33:52Z
2026-08-21T14:34:28Z,223596,阿甲,2026-08-21T17:30:00Z,Aldosivi,Club Atlético Unión de Santa Fe,betonlineag,totals,Over,over,over@2.0,2,1.97,2026-08-21T14:33:52Z
2026-08-21T14:34:28Z,223596,阿甲,2026-08-21T17:30:00Z,Aldosivi,Club Atlético Unión de Santa Fe,betonlineag,totals,Under,under,under@2.0,2,1.85,2026-08-21T14:33:52Z
2026-08-21T14:34:28Z,223596,阿甲,2026-08-21T17:30:00Z,Aldosivi,Club Atlético Unión de Santa Fe,lowvig,h2h,Aldosivi Mar del Plata,home,home,,2.95,2026-08-21T14:32:29Z
2026-08-21T14:34:28Z,223596,阿甲,2026-08-21T17:30:00Z,Aldosivi,Club Atlético Unión de Santa Fe,lowvig,h2h,Union Santa Fe,away,away,,2.65,2026-08-21T14:32:29Z
2026-08-21T14:34:28Z,223596,阿甲,2026-08-21T17:30:00Z,Aldosivi,Club Atlético Unión de Santa Fe,lowvig,h2h,Draw,draw,draw,,3.0,2026-08-21T14:32:29Z
2026-08-21T14:34:28Z,223596,阿甲,2026-08-21T17:30:00Z,Aldosivi,Club Atlético Unión de Santa Fe,lowvig,spreads,Aldosivi Mar del Plata,home,home@0.0,0,2.0,2026-08-21T14:32:29Z
2026-08-21T14:34:28Z,223596,阿甲,2026-08-21T17:30:00Z,Aldosivi,Club Atlético Unión de Santa Fe,lowvig,spreads,Union Santa Fe,away,away@0.0,0,1.83,2026-08-21T14:32:29Z
2026-08-21T14:34:28Z,223596,阿甲,2026-08-21T17:30:00Z,Aldosivi,Club Atlético Unión de Santa Fe,lowvig,totals,Over,over,over@2.0,2,1.97,2026-08-21T14:32:29Z
2026-08-21T14:34:28Z,223596,阿甲,2026-08-21T17:30:00Z,Aldosivi,Club Atlético Unión de Santa Fe,lowvig,totals,Under,under,under@2.0,2,1.85,2026-08-21T14:32:29Z
2026-08-21T14:34:28Z,223596,阿甲,2026-08-21T17:30:00Z,Aldosivi,Club Atlético Unión de Santa Fe,betanysports,h2h,Aldosivi Mar del Plata,home,home,,2.95,2026-08-21T14:33:52Z
2026-08-21T14:34:28Z,223596,阿甲,2026-08-21T17:30:00Z,Aldosivi,Club Atlético Unión de Santa Fe,betanysports,h2h,Union Santa Fe,away,away,,2.65,2026-08-21T14:33:52Z
2026-08-21T14:34:28Z,223596,阿甲,2026-08-21T17:30:00Z,Aldosivi,Club Atlético Unión de Santa Fe,betanysports,h2h,Draw,draw,draw,,3.0,2026-08-21T14:33:52Z
2026-08-21T14:34:28Z,223596,阿甲,2026-08-21T17:30:00Z,Aldosivi,Club Atlético Unión de Santa Fe,betanysports,spreads,Aldosivi Mar del Plata,home,home@0.0,0,1.91,2026-08-21T14:33:52Z
2026-08-21T14:34:28Z,223596,阿甲,2026-08-21T17:30:00Z,Aldosivi,Club Atlético Unión de Santa Fe,betanysports,spreads,Union Santa Fe,away,away@0.0,0,1.83,2026-08-21T14:33:52Z
2026-08-21T14:34:28Z,223596,阿甲,2026-08-21T17:30:00Z,Aldosivi,Club Atlético Unión de Santa Fe,betanysports,totals,Over,over,over@2.0,2,1.88,2026-08-21T14:33:52Z
2026-08-21T14:34:28Z,223596,阿甲,2026-08-21T17:30:00Z,Aldosivi,Club Atlético Unión de Santa Fe,betanysports,totals,Under,under,under@2.0,2,1.85,2026-08-21T14:33:52Z
2026-08-21T14:34:28Z,223603,阿甲,2026-08-21T23:00:00Z,Estudiantes de Río Cuarto,San Lorenzo,paddypower,h2h,Estudiantes de Río Cuarto,home,home,,3.2,2026-08-21T14:33:52Z
2026-08-21T14:34:28Z,223603,阿甲,2026-08-21T23:00:00Z,Estudiantes de Río Cuarto,San Lorenzo,paddypower,h2h,San Lorenzo,away,away,,2.4,2026-08-21T14:33:52Z
2026-08-21T14:34:28Z,223603,阿甲,2026-08-21T23:00:00Z,Estudiantes de Río Cuarto,San Lorenzo,paddypower,h2h,Draw,draw,draw,,2.75,2026-08-21T14:33:52Z
2026-08-21T14:34:28Z,223603,阿甲,2026-08-21T23:00:00Z,Estudiantes de Río Cuarto,San Lorenzo,fanduel,h2h,Estudiantes de Río Cuarto,home,home,,3.3,2026-08-21T14:33:20Z
2026-08-21T14:34:28Z,223603,阿甲,2026-08-21T23:00:00Z,Estudiantes de Río Cuarto,San Lorenzo,fanduel,h2h,San Lorenzo,away,away,,2.45,2026-08-21T14:33:20Z
2026-08-21T14:34:28Z,223603,阿甲,2026-08-21T23:00:00Z,Estudiantes de Río Cuarto,San Lorenzo,fanduel,h2h,Draw,draw,draw,,2.8,2026-08-21T14:33:20Z
2026-08-21T14:34:28Z,223603,阿甲,2026-08-21T23:00:00Z,Estudiantes de Río Cuarto,San Lorenzo,skybet,h2h,Estudiantes de Río Cuarto,home,home,,3.1,2026-08-21T14:33:54Z
2026-08-21T14:34:28Z,223603,阿甲,2026-08-21T23:00:00Z,Estudiantes de Río Cuarto,San Lorenzo,skybet,h2h,San Lorenzo,away,away,,2.38,2026-08-21T14:33:54Z
2026-08-21T14:34:28Z,223603,阿甲,2026-08-21T23:00:00Z,Estudiantes de Río Cuarto,San Lorenzo,skybet,h2h,Draw,draw,draw,,2.7,2026-08-21T14:33:54Z
2026-08-21T14:34:28Z,223603,阿甲,2026-08-21T23:00:00Z,Estudiantes de Río Cuarto,San Lorenzo,onexbet,h2h,Estudiantes de Río Cuarto,home,home,,3.5,2026-08-21T14:33:51Z
2026-08-21T14:34:28Z,223603,阿甲,2026-08-21T23:00:00Z,Estudiantes de Río Cuarto,San Lorenzo,onexbet,h2h,San Lorenzo,away,away,,2.48,2026-08-21T14:33:51Z
2026-08-21T14:34:28Z,223603,阿甲,2026-08-21T23:00:00Z,Estudiantes de Río Cuarto,San Lorenzo,onexbet,h2h,Draw,draw,draw,,2.74,2026-08-21T14:33:51Z
2026-08-21T14:34:28Z,223603,阿甲,2026-08-21T23:00:00Z,Estudiantes de Río Cuarto,San Lorenzo,onexbet,spreads,Estudiantes de Río Cuarto,home,home@0.0,0,2.29,2026-08-21T14:33:51Z
2026-08-21T14:34:28Z,223603,阿甲,2026-08-21T23:00:00Z,Estudiantes de Río Cuarto,San Lorenzo,onexbet,spreads,San Lorenzo,away,away@0.0,0,1.62,2026-08-21T14:33:51Z
2026-08-21T14:34:28Z,223603,阿甲,2026-08-21T23:00:00Z,Estudiantes de Río Cuarto,San Lorenzo,onexbet,totals,Over,over,over@1.5,1.50,1.74,2026-08-21T14:33:51Z
2026-08-21T14:34:28Z,223603,阿甲,2026-08-21T23:00:00Z,Estudiantes de Río Cuarto,San Lorenzo,onexbet,totals,Under,under,under@1.5,1.50,2.1,2026-08-21T14:33:51Z
2026-08-21T14:34:28Z,223603,阿甲,2026-08-21T23:00:00Z,Estudiantes de Río Cuarto,San Lorenzo,marathonbet,h2h,Estudiantes de Río Cuarto,home,home,,3.42,2026-08-21T14:33:52Z
2026-08-21T14:34:28Z,223603,阿甲,2026-08-21T23:00:00Z,Estudiantes de Río Cuarto,San Lorenzo,marathonbet,h2h,San Lorenzo,away,away,,2.44,2026-08-21T14:33:52Z
2026-08-21T14:34:28Z,223603,阿甲,2026-08-21T23:00:00Z,Estudiantes de Río Cuarto,San Lorenzo,marathonbet,h2h,Draw,draw,draw,,2.7,2026-08-21T14:33:52Z
2026-08-21T14:34:28Z,223603,阿甲,2026-08-21T23:00:00Z,Estudiantes de Río Cuarto,San Lorenzo,bovada,h2h,Estudiantes de Río Cuarto,home,home,,3.35,2026-08-21T14:32:57Z
2026-08-21T14:34:28Z,223603,阿甲,2026-08-21T23:00:00Z,Estudiantes de Río Cuarto,San Lorenzo,bovada,h2h,San Lorenzo,away,away,,2.45,2026-08-21T14:32:57Z
2026-08-21T14:34:28Z,223603,阿甲,2026-08-21T23:00:00Z,Estudiantes de Río Cuarto,San Lorenzo,bovada,h2h,Draw,draw,draw,,2.75,2026-08-21T14:32:57Z
2026-08-21T14:34:28Z,223603,阿甲,2026-08-21T23:00:00Z,Estudiantes de Río Cuarto,San Lorenzo,bovada,spreads,Estudiantes de Río Cuarto,home,home@0.25,0.25,1.77,2026-08-21T14:32:57Z
2026-08-21T14:34:28Z,223603,阿甲,2026-08-21T23:00:00Z,Estudiantes de Río Cuarto,San Lorenzo,bovada,spreads,San Lorenzo,away,away@-0.25,-0.25,2.1,2026-08-21T14:32:57Z
2026-08-21T14:34:28Z,223603,阿甲,2026-08-21T23:00:00Z,Estudiantes de Río Cuarto,San Lorenzo,bovada,totals,Over,over,over@1.5,1.50,1.74,2026-08-21T14:32:57Z
2026-08-21T14:34:28Z,223603,阿甲,2026-08-21T23:00:00Z,Estudiantes de Río Cuarto,San Lorenzo,bovada,totals,Under,under,under@1.5,1.50,2.13,2026-08-21T14:32:57Z
2026-08-21T14:34:28Z,223603,阿甲,2026-08-21T23:00:00Z,Estudiantes de Río Cuarto,San Lorenzo,betfred_uk,h2h,Estudiantes de Río Cuarto,home,home,,3.25,2026-08-21T14:33:52Z
2026-08-21T14:34:28Z,223603,阿甲,2026-08-21T23:00:00Z,Estudiantes de Río Cuarto,San Lorenzo,betfred_uk,h2h,San Lorenzo,away,away,,2.4,2026-08-21T14:33:52Z
2026-08-21T14:34:28Z,223603,阿甲,2026-08-21T23:00:00Z,Estudiantes de Río Cuarto,San Lorenzo,betfred_uk,h2h,Draw,draw,draw,,2.75,2026-08-21T14:33:52Z
2026-08-21T14:34:28Z,223603,阿甲,2026-08-21T23:00:00Z,Estudiantes de Río Cuarto,San Lorenzo,betclic_fr,h2h,Estudiantes de Río Cuarto,home,home,,3.25,2026-08-21T14:33:13Z
2026-08-21T14:34:28Z,223603,阿甲,2026-08-21T23:00:00Z,Estudiantes de Río Cuarto,San Lorenzo,betclic_fr,h2h,San Lorenzo,away,away,,2.43,2026-08-21T14:33:13Z
2026-08-21T14:34:28Z,223603,阿甲,2026-08-21T23:00:00Z,Estudiantes de Río Cuarto,San Lorenzo,betclic_fr,h2h,Draw,draw,draw,,2.6,2026-08-21T14:33:13Z
2026-08-21T14:34:28Z,223603,阿甲,2026-08-21T23:00:00Z,Estudiantes de Río Cuarto,San Lorenzo,winamax_de,h2h,Estudiantes de Río Cuarto,home,home,,3.1,2026-08-21T14:33:53Z
2026-08-21T14:34:28Z,223603,阿甲,2026-08-21T23:00:00Z,Estudiantes de Río Cuarto,San Lorenzo,winamax_de,h2h,San Lorenzo,away,away,,2.4,2026-08-21T14:33:53Z
2026-08-21T14:34:28Z,223603,阿甲,2026-08-21T23:00:00Z,Estudiantes de Río Cuarto,San Lorenzo,winamax_de,h2h,Draw,draw,draw,,2.75,2026-08-21T14:33:53Z
2026-08-21T14:34:28Z,223603,阿甲,2026-08-21T23:00:00Z,Estudiantes de Río Cuarto,San Lorenzo,winamax_fr,h2h,Estudiantes de Río Cuarto,home,home,,3.05,2026-08-21T14:33:22Z
2026-08-21T14:34:28Z,223603,阿甲,2026-08-21T23:00:00Z,Estudiantes de Río Cuarto,San Lorenzo,winamax_fr,h2h,San Lorenzo,away,away,,2.35,2026-08-21T14:33:22Z
2026-08-21T14:34:28Z,223603,阿甲,2026-08-21T23:00:00Z,Estudiantes de Río Cuarto,San Lorenzo,winamax_fr,h2h,Draw,draw,draw,,2.7,2026-08-21T14:33:22Z
2026-08-21T14:34:28Z,223603,阿甲,2026-08-21T23:00:00Z,Estudiantes de Río Cuarto,San Lorenzo,codere_it,h2h,Estudiantes de Río Cuarto,home,home,,3.3,2026-08-21T14:33:51Z
2026-08-21T14:34:28Z,223603,阿甲,2026-08-21T23:00:00Z,Estudiantes de Río Cuarto,San Lorenzo,codere_it,h2h,San Lorenzo,away,away,,2.55,2026-08-21T14:33:51Z
2026-08-21T14:34:28Z,223603,阿甲,2026-08-21T23:00:00Z,Estudiantes de Río Cuarto,San Lorenzo,codere_it,h2h,Draw,draw,draw,,2.8,2026-08-21T14:33:51Z
2026-08-21T14:34:28Z,223603,阿甲,2026-08-21T23:00:00Z,Estudiantes de Río Cuarto,San Lorenzo,codere_it,totals,Over,over,over@1.5,1.50,1.68,2026-08-21T14:33:51Z
2026-08-21T14:34:28Z,223603,阿甲,2026-08-21T23:00:00Z,Estudiantes de Río Cuarto,San Lorenzo,codere_it,totals,Under,under,under@1.5,1.50,2.02,2026-08-21T14:33:51Z
2026-08-21T14:34:28Z,223603,阿甲,2026-08-21T23:00:00Z,Estudiantes de Río Cuarto,San Lorenzo,smarkets,h2h,Estudiantes de Río Cuarto,home,home,,3.7,2026-08-21T14:34:10Z
2026-08-21T14:34:28Z,223603,阿甲,2026-08-21T23:00:00Z,Estudiantes de Río Cuarto,San Lorenzo,smarkets,h2h,San Lorenzo,away,away,,2.56,2026-08-21T14:34:10Z
2026-08-21T14:34:28Z,223603,阿甲,2026-08-21T23:00:00Z,Estudiantes de Río Cuarto,San Lorenzo,smarkets,h2h,Draw,draw,draw,,2.84,2026-08-21T14:34:10Z
2026-08-21T14:34:28Z,223603,阿甲,2026-08-21T23:00:00Z,Estudiantes de Río Cuarto,San Lorenzo,smarkets,h2h_lay,Estudiantes de Río Cuarto,h2h_lay,h2h_lay,,3.8,2026-08-21T14:34:10Z
2026-08-21T14:34:28Z,223603,阿甲,2026-08-21T23:00:00Z,Estudiantes de Río Cuarto,San Lorenzo,smarkets,h2h_lay,San Lorenzo,h2h_lay,h2h_lay,,2.64,2026-08-21T14:34:10Z
2026-08-21T14:34:28Z,223603,阿甲,2026-08-21T23:00:00Z,Estudiantes de Río Cuarto,San Lorenzo,smarkets,h2h_lay,Draw,h2h_lay,h2h_lay,,2.86,2026-08-21T14:34:10Z
2026-08-21T14:34:28Z,223603,阿甲,2026-08-21T23:00:00Z,Estudiantes de Río Cuarto,San Lorenzo,virginbet,h2h,Estudiantes de Río Cuarto,home,home,,2.95,2026-08-21T14:33:51Z
2026-08-21T14:34:28Z,223603,阿甲,2026-08-21T23:00:00Z,Estudiantes de Río Cuarto,San Lorenzo,virginbet,h2h,San Lorenzo,away,away,,2.45,2026-08-21T14:33:51Z
2026-08-21T14:34:28Z,223603,阿甲,2026-08-21T23:00:00Z,Estudiantes de Río Cuarto,San Lorenzo,virginbet,h2h,Draw,draw,draw,,2.63,2026-08-21T14:33:51Z
2026-08-21T14:34:28Z,223603,阿甲,2026-08-21T23:00:00Z,Estudiantes de Río Cuarto,San Lorenzo,unibet_se,h2h,Estudiantes de Río Cuarto,home,home,,3.15,2026-08-21T14:33:51Z
2026-08-21T14:34:28Z,223603,阿甲,2026-08-21T23:00:00Z,Estudiantes de Río Cuarto,San Lorenzo,unibet_se,h2h,San Lorenzo,away,away,,2.6,2026-08-21T14:33:51Z
2026-08-21T14:34:28Z,223603,阿甲,2026-08-21T23:00:00Z,Estudiantes de Río Cuarto,San Lorenzo,unibet_se,h2h,Draw,draw,draw,,2.75,2026-08-21T14:33:51Z
2026-08-21T14:34:28Z,223603,阿甲,2026-08-21T23:00:00Z,Estudiantes de Río Cuarto,San Lorenzo,unibet_se,totals,Over,over,over@1.5,1.50,1.68,2026-08-21T14:33:51Z
2026-08-21T14:34:28Z,223603,阿甲,2026-08-21T23:00:00Z,Estudiantes de Río Cuarto,San Lorenzo,unibet_se,totals,Under,under,under@1.5,1.50,2.14,2026-08-21T14:33:51Z
2026-08-21T14:34:28Z,223603,阿甲,2026-08-21T23:00:00Z,Estudiantes de Río Cuarto,San Lorenzo,livescorebet,h2h,Estudiantes de Río Cuarto,home,home,,2.95,2026-08-21T14:33:51Z
2026-08-21T14:34:28Z,223603,阿甲,2026-08-21T23:00:00Z,Estudiantes de Río Cuarto,San Lorenzo,livescorebet,h2h,San Lorenzo,away,away,,2.45,2026-08-21T14:33:51Z
2026-08-21T14:34:28Z,223603,阿甲,2026-08-21T23:00:00Z,Estudiantes de Río Cuarto,San Lorenzo,livescorebet,h2h,Draw,draw,draw,,2.63,2026-08-21T14:33:51Z
2026-08-21T14:34:28Z,223603,阿甲,2026-08-21T23:00:00Z,Estudiantes de Río Cuarto,San Lorenzo,leovegas_se,h2h,Estudiantes de Río Cuarto,home,home,,2.9,2026-08-21T14:33:51Z
2026-08-21T14:34:28Z,223603,阿甲,2026-08-21T23:00:00Z,Estudiantes de Río Cuarto,San Lorenzo,leovegas_se,h2h,San Lorenzo,away,away,,2.43,2026-08-21T14:33:51Z
2026-08-21T14:34:28Z,223603,阿甲,2026-08-21T23:00:00Z,Estudiantes de Río Cuarto,San Lorenzo,leovegas_se,h2h,Draw,draw,draw,,2.6,2026-08-21T14:33:51Z
2026-08-21T14:34:28Z,223603,阿甲,2026-08-21T23:00:00Z,Estudiantes de Río Cuarto,San Lorenzo,leovegas_se,totals,Over,over,over@1.5,1.50,1.64,2026-08-21T14:33:51Z
2026-08-21T14:34:28Z,223603,阿甲,2026-08-21T23:00:00Z,Estudiantes de Río Cuarto,San Lorenzo,leovegas_se,totals,Under,under,under@1.5,1.50,2.1,2026-08-21T14:33:51Z
2026-08-21T14:34:28Z,223603,阿甲,2026-08-21T23:00:00Z,Estudiantes de Río Cuarto,San Lorenzo,betrivers,h2h,Estudiantes de Río Cuarto,home,home,,3.05,2026-08-21T14:33:51Z
2026-08-21T14:34:28Z,223603,阿甲,2026-08-21T23:00:00Z,Estudiantes de Río Cuarto,San Lorenzo,betrivers,h2h,San Lorenzo,away,away,,2.55,2026-08-21T14:33:51Z
2026-08-21T14:34:28Z,223603,阿甲,2026-08-21T23:00:00Z,Estudiantes de Río Cuarto,San Lorenzo,betrivers,h2h,Draw,draw,draw,,2.7,2026-08-21T14:33:51Z
2026-08-21T14:34:28Z,223603,阿甲,2026-08-21T23:00:00Z,Estudiantes de Río Cuarto,San Lorenzo,betrivers,totals,Over,over,over@1.5,1.50,1.67,2026-08-21T14:33:51Z
2026-08-21T14:34:28Z,223603,阿甲,2026-08-21T23:00:00Z,Estudiantes de Río Cuarto,San Lorenzo,betrivers,totals,Under,under,under@1.5,1.50,2.12,2026-08-21T14:33:51Z
2026-08-21T14:34:28Z,223603,阿甲,2026-08-21T23:00:00Z,Estudiantes de Río Cuarto,San Lorenzo,boylesports,h2h,Estudiantes de Río Cuarto,home,home,,3.3,2026-08-21T14:33:56Z
2026-08-21T14:34:28Z,223603,阿甲,2026-08-21T23:00:00Z,Estudiantes de Río Cuarto,San Lorenzo,boylesports,h2h,San Lorenzo,away,away,,2.4,2026-08-21T14:33:56Z
2026-08-21T14:34:28Z,223603,阿甲,2026-08-21T23:00:00Z,Estudiantes de Río Cuarto,San Lorenzo,boylesports,h2h,Draw,draw,draw,,2.62,2026-08-21T14:33:56Z
2026-08-21T14:34:28Z,223603,阿甲,2026-08-21T23:00:00Z,Estudiantes de Río Cuarto,San Lorenzo,betmgm,h2h,Estudiantes de Río Cuarto,home,home,,3.4,2026-08-21T14:33:50Z
2026-08-21T14:34:28Z,223603,阿甲,2026-08-21T23:00:00Z,Estudiantes de Río Cuarto,San Lorenzo,betmgm,h2h,San Lorenzo,away,away,,2.45,2026-08-21T14:33:50Z
2026-08-21T14:34:28Z,223603,阿甲,2026-08-21T23:00:00Z,Estudiantes de Río Cuarto,San Lorenzo,betmgm,h2h,Draw,draw,draw,,2.7,2026-08-21T14:33:50Z
2026-08-21T14:34:28Z,223603,阿甲,2026-08-21T23:00:00Z,Estudiantes de Río Cuarto,San Lorenzo,betmgm,totals,Over,over,over@1.5,1.50,1.67,2026-08-21T14:33:50Z
2026-08-21T14:34:28Z,223603,阿甲,2026-08-21T23:00:00Z,Estudiantes de Río Cuarto,San Lorenzo,betmgm,totals,Under,under,under@1.5,1.50,2.05,2026-08-21T14:33:50Z
2026-08-21T14:34:28Z,223603,阿甲,2026-08-21T23:00:00Z,Estudiantes de Río Cuarto,San Lorenzo,ladbrokes_uk,h2h,Estudiantes de Río Cuarto,home,home,,3.4,2026-08-21T14:33:51Z
2026-08-21T14:34:28Z,223603,阿甲,2026-08-21T23:00:00Z,Estudiantes de Río Cuarto,San Lorenzo,ladbrokes_uk,h2h,San Lorenzo,away,away,,2.45,2026-08-21T14:33:51Z
2026-08-21T14:34:28Z,223603,阿甲,2026-08-21T23:00:00Z,Estudiantes de Río Cuarto,San Lorenzo,ladbrokes_uk,h2h,Draw,draw,draw,,2.75,2026-08-21T14:33:51Z
2026-08-21T14:34:28Z,223603,阿甲,2026-08-21T23:00:00Z,Estudiantes de Río Cuarto,San Lorenzo,nordicbet,h2h,Estudiantes de Río Cuarto,home,home,,3.55,2026-08-21T14:32:28Z
2026-08-21T14:34:28Z,223603,阿甲,2026-08-21T23:00:00Z,Estudiantes de Río Cuarto,San Lorenzo,nordicbet,h2h,San Lorenzo,away,away,,2.42,2026-08-21T14:32:28Z
2026-08-21T14:34:28Z,223603,阿甲,2026-08-21T23:00:00Z,Estudiantes de Río Cuarto,San Lorenzo,nordicbet,h2h,Draw,draw,draw,,2.78,2026-08-21T14:32:28Z
2026-08-21T14:34:28Z,223603,阿甲,2026-08-21T23:00:00Z,Estudiantes de Río Cuarto,San Lorenzo,nordicbet,totals,Over,over,over@2.5,2.50,3.25,2026-08-21T14:32:28Z
2026-08-21T14:34:28Z,223603,阿甲,2026-08-21T23:00:00Z,Estudiantes de Río Cuarto,San Lorenzo,nordicbet,totals,Under,under,under@2.5,2.50,1.32,2026-08-21T14:32:28Z
2026-08-21T14:34:28Z,223603,阿甲,2026-08-21T23:00:00Z,Estudiantes de Río Cuarto,San Lorenzo,betsson,h2h,Estudiantes de Río Cuarto,home,home,,3.55,2026-08-21T14:33:51Z
2026-08-21T14:34:28Z,223603,阿甲,2026-08-21T23:00:00Z,Estudiantes de Río Cuarto,San Lorenzo,betsson,h2h,San Lorenzo,away,away,,2.42,2026-08-21T14:33:51Z
2026-08-21T14:34:28Z,223603,阿甲,2026-08-21T23:00:00Z,Estudiantes de Río Cuarto,San Lorenzo,betsson,h2h,Draw,draw,draw,,2.78,2026-08-21T14:33:51Z
2026-08-21T14:34:28Z,223603,阿甲,2026-08-21T23:00:00Z,Estudiantes de Río Cuarto,San Lorenzo,betsson,totals,Over,over,over@2.5,2.50,3.25,2026-08-21T14:33:51Z
2026-08-21T14:34:28Z,223603,阿甲,2026-08-21T23:00:00Z,Estudiantes de Río Cuarto,San Lorenzo,betsson,totals,Under,under,under@2.5,2.50,1.32,2026-08-21T14:33:51Z
2026-08-21T14:34:28Z,223603,阿甲,2026-08-21T23:00:00Z,Estudiantes de Río Cuarto,San Lorenzo,unibet_uk,h2h,Estudiantes de Río Cuarto,home,home,,3.25,2026-08-21T14:33:51Z
2026-08-21T14:34:28Z,223603,阿甲,2026-08-21T23:00:00Z,Estudiantes de Río Cuarto,San Lorenzo,unibet_uk,h2h,San Lorenzo,away,away,,2.5,2026-08-21T14:33:51Z
2026-08-21T14:34:28Z,223603,阿甲,2026-08-21T23:00:00Z,Estudiantes de Río Cuarto,San Lorenzo,unibet_uk,h2h,Draw,draw,draw,,2.75,2026-08-21T14:33:51Z
2026-08-21T14:34:28Z,223603,阿甲,2026-08-21T23:00:00Z,Estudiantes de Río Cuarto,San Lorenzo,betfair_sb_uk,h2h,Estudiantes de Río Cuarto,home,home,,3.25,2026-08-21T14:33:53Z
2026-08-21T14:34:28Z,223603,阿甲,2026-08-21T23:00:00Z,Estudiantes de Río Cuarto,San Lorenzo,betfair_sb_uk,h2h,San Lorenzo,away,away,,2.4,2026-08-21T14:33:53Z
2026-08-21T14:34:28Z,223603,阿甲,2026-08-21T23:00:00Z,Estudiantes de Río Cuarto,San Lorenzo,betfair_sb_uk,h2h,Draw,draw,draw,,2.8,2026-08-21T14:33:53Z
2026-08-21T14:34:28Z,223603,阿甲,2026-08-21T23:00:00Z,Estudiantes de Río Cuarto,San Lorenzo,betfair_ex_eu,h2h,Estudiantes de Río Cuarto,home,home,,3.7,2026-08-21T14:34:10Z
2026-08-21T14:34:28Z,223603,阿甲,2026-08-21T23:00:00Z,Estudiantes de Río Cuarto,San Lorenzo,betfair_ex_eu,h2h,San Lorenzo,away,away,,2.56,2026-08-21T14:34:10Z
2026-08-21T14:34:28Z,223603,阿甲,2026-08-21T23:00:00Z,Estudiantes de Río Cuarto,San Lorenzo,betfair_ex_eu,h2h,Draw,draw,draw,,2.82,2026-08-21T14:34:10Z
2026-08-21T14:34:28Z,223603,阿甲,2026-08-21T23:00:00Z,Estudiantes de Río Cuarto,San Lorenzo,betfair_ex_eu,h2h_lay,Estudiantes de Río Cuarto,h2h_lay,h2h_lay,,3.8,2026-08-21T14:34:10Z
2026-08-21T14:34:28Z,223603,阿甲,2026-08-21T23:00:00Z,Estudiantes de Río Cuarto,San Lorenzo,betfair_ex_eu,h2h_lay,San Lorenzo,h2h_lay,h2h_lay,,2.64,2026-08-21T14:34:10Z
2026-08-21T14:34:28Z,223603,阿甲,2026-08-21T23:00:00Z,Estudiantes de Río Cuarto,San Lorenzo,betfair_ex_eu,h2h_lay,Draw,h2h_lay,h2h_lay,,2.9,2026-08-21T14:34:10Z
2026-08-21T14:34:28Z,223603,阿甲,2026-08-21T23:00:00Z,Estudiantes de Río Cuarto,San Lorenzo,betfair_ex_uk,h2h,Estudiantes de Río Cuarto,home,home,,3.7,2026-08-21T14:34:11Z
2026-08-21T14:34:28Z,223603,阿甲,2026-08-21T23:00:00Z,Estudiantes de Río Cuarto,San Lorenzo,betfair_ex_uk,h2h,San Lorenzo,away,away,,2.56,2026-08-21T14:34:11Z
2026-08-21T14:34:28Z,223603,阿甲,2026-08-21T23:00:00Z,Estudiantes de Río Cuarto,San Lorenzo,betfair_ex_uk,h2h,Draw,draw,draw,,2.82,2026-08-21T14:34:11Z
2026-08-21T14:34:28Z,223603,阿甲,2026-08-21T23:00:00Z,Estudiantes de Río Cuarto,San Lorenzo,betfair_ex_uk,h2h_lay,Estudiantes de Río Cuarto,h2h_lay,h2h_lay,,3.8,2026-08-21T14:34:11Z
2026-08-21T14:34:28Z,223603,阿甲,2026-08-21T23:00:00Z,Estudiantes de Río Cuarto,San Lorenzo,betfair_ex_uk,h2h_lay,San Lorenzo,h2h_lay,h2h_lay,,2.64,2026-08-21T14:34:11Z
2026-08-21T14:34:28Z,223603,阿甲,2026-08-21T23:00:00Z,Estudiantes de Río Cuarto,San Lorenzo,betfair_ex_uk,h2h_lay,Draw,h2h_lay,h2h_lay,,2.9,2026-08-21T14:34:11Z
2026-08-21T14:34:28Z,223603,阿甲,2026-08-21T23:00:00Z,Estudiantes de Río Cuarto,San Lorenzo,betway,h2h,Estudiantes de Río Cuarto,home,home,,3.4,2026-08-21T14:33:53Z
2026-08-21T14:34:28Z,223603,阿甲,2026-08-21T23:00:00Z,Estudiantes de Río Cuarto,San Lorenzo,betway,h2h,San Lorenzo,away,away,,2.4,2026-08-21T14:33:53Z
2026-08-21T14:34:28Z,223603,阿甲,2026-08-21T23:00:00Z,Estudiantes de Río Cuarto,San Lorenzo,betway,h2h,Draw,draw,draw,,2.75,2026-08-21T14:33:53Z
2026-08-21T14:34:28Z,223603,阿甲,2026-08-21T23:00:00Z,Estudiantes de Río Cuarto,San Lorenzo,pinnacle,h2h,Estudiantes de Río Cuarto,home,home,,3.62,2026-08-21T14:34:10Z
2026-08-21T14:34:28Z,223603,阿甲,2026-08-21T23:00:00Z,Estudiantes de Río Cuarto,San Lorenzo,pinnacle,h2h,San Lorenzo,away,away,,2.51,2026-08-21T14:34:10Z
2026-08-21T14:34:28Z,223603,阿甲,2026-08-21T23:00:00Z,Estudiantes de Río Cuarto,San Lorenzo,pinnacle,h2h,Draw,draw,draw,,2.8,2026-08-21T14:34:10Z
2026-08-21T14:34:28Z,223603,阿甲,2026-08-21T23:00:00Z,Estudiantes de Río Cuarto,San Lorenzo,pinnacle,spreads,Estudiantes de Río Cuarto,home,home@0.25,0.25,1.83,2026-08-21T14:34:10Z
2026-08-21T14:34:28Z,223603,阿甲,2026-08-21T23:00:00Z,Estudiantes de Río Cuarto,San Lorenzo,pinnacle,spreads,San Lorenzo,away,away@-0.25,-0.25,2.08,2026-08-21T14:34:10Z
2026-08-21T14:34:28Z,223603,阿甲,2026-08-21T23:00:00Z,Estudiantes de Río Cuarto,San Lorenzo,pinnacle,totals,Over,over,over@1.75,1.75,2.04,2026-08-21T14:34:10Z
2026-08-21T14:34:28Z,223603,阿甲,2026-08-21T23:00:00Z,Estudiantes de Río Cuarto,San Lorenzo,pinnacle,totals,Under,under,under@1.75,1.75,1.85,2026-08-21T14:34:10Z
2026-08-21T14:34:28Z,223603,阿甲,2026-08-21T23:00:00Z,Estudiantes de Río Cuarto,San Lorenzo,draftkings,h2h,Estudiantes de Río Cuarto,home,home,,3.35,2026-08-21T14:33:51Z
2026-08-21T14:34:28Z,223603,阿甲,2026-08-21T23:00:00Z,Estudiantes de Río Cuarto,San Lorenzo,draftkings,h2h,San Lorenzo,away,away,,2.55,2026-08-21T14:33:51Z
2026-08-21T14:34:28Z,223603,阿甲,2026-08-21T23:00:00Z,Estudiantes de Río Cuarto,San Lorenzo,draftkings,h2h,Draw,draw,draw,,2.75,2026-08-21T14:33:51Z
2026-08-21T14:34:28Z,223603,阿甲,2026-08-21T23:00:00Z,Estudiantes de Río Cuarto,San Lorenzo,betonlineag,h2h,Estudiantes de Río Cuarto,home,home,,3.48,2026-08-21T14:33:52Z
2026-08-21T14:34:28Z,223603,阿甲,2026-08-21T23:00:00Z,Estudiantes de Río Cuarto,San Lorenzo,betonlineag,h2h,San Lorenzo,away,away,,2.52,2026-08-21T14:33:52Z
2026-08-21T14:34:28Z,223603,阿甲,2026-08-21T23:00:00Z,Estudiantes de Río Cuarto,San Lorenzo,betonlineag,h2h,Draw,draw,draw,,2.85,2026-08-21T14:33:52Z
2026-08-21T14:34:28Z,223603,阿甲,2026-08-21T23:00:00Z,Estudiantes de Río Cuarto,San Lorenzo,betonlineag,spreads,Estudiantes de Río Cuarto,home,home@0.0,0,2.23,2026-08-21T14:33:52Z
2026-08-21T14:34:28Z,223603,阿甲,2026-08-21T23:00:00Z,Estudiantes de Río Cuarto,San Lorenzo,betonlineag,spreads,San Lorenzo,away,away@0.0,0,1.7,2026-08-21T14:33:52Z
2026-08-21T14:34:28Z,223603,阿甲,2026-08-21T23:00:00Z,Estudiantes de Río Cuarto,San Lorenzo,betonlineag,totals,Over,over,over@1.5,1.50,1.74,2026-08-21T14:33:52Z
2026-08-21T14:34:28Z,223603,阿甲,2026-08-21T23:00:00Z,Estudiantes de Río Cuarto,San Lorenzo,betonlineag,totals,Under,under,under@1.5,1.50,2.15,2026-08-21T14:33:52Z
2026-08-21T14:34:28Z,223603,阿甲,2026-08-21T23:00:00Z,Estudiantes de Río Cuarto,San Lorenzo,lowvig,h2h,Estudiantes de Río Cuarto,home,home,,3.48,2026-08-21T14:32:29Z
2026-08-21T14:34:28Z,223603,阿甲,2026-08-21T23:00:00Z,Estudiantes de Río Cuarto,San Lorenzo,lowvig,h2h,San Lorenzo,away,away,,2.52,2026-08-21T14:32:29Z
2026-08-21T14:34:28Z,223603,阿甲,2026-08-21T23:00:00Z,Estudiantes de Río Cuarto,San Lorenzo,lowvig,h2h,Draw,draw,draw,,2.85,2026-08-21T14:32:29Z
2026-08-21T14:34:28Z,223603,阿甲,2026-08-21T23:00:00Z,Estudiantes de Río Cuarto,San Lorenzo,lowvig,spreads,Estudiantes de Río Cuarto,home,home@0.0,0,2.23,2026-08-21T14:32:29Z
2026-08-21T14:34:28Z,223603,阿甲,2026-08-21T23:00:00Z,Estudiantes de Río Cuarto,San Lorenzo,lowvig,spreads,San Lorenzo,away,away@0.0,0,1.7,2026-08-21T14:32:29Z
2026-08-21T14:34:28Z,223603,阿甲,2026-08-21T23:00:00Z,Estudiantes de Río Cuarto,San Lorenzo,lowvig,totals,Over,over,over@1.5,1.50,1.74,2026-08-21T14:32:29Z
2026-08-21T14:34:28Z,223603,阿甲,2026-08-21T23:00:00Z,Estudiantes de Río Cuarto,San Lorenzo,lowvig,totals,Under,under,under@1.5,1.50,2.15,2026-08-21T14:32:29Z
2026-08-21T14:34:28Z,223603,阿甲,2026-08-21T23:00:00Z,Estudiantes de Río Cuarto,San Lorenzo,betanysports,h2h,Estudiantes de Río Cuarto,home,home,,3.48,2026-08-21T14:33:52Z
2026-08-21T14:34:28Z,223603,阿甲,2026-08-21T23:00:00Z,Estudiantes de Río Cuarto,San Lorenzo,betanysports,h2h,San Lorenzo,away,away,,2.52,2026-08-21T14:33:52Z
2026-08-21T14:34:28Z,223603,阿甲,2026-08-21T23:00:00Z,Estudiantes de Río Cuarto,San Lorenzo,betanysports,h2h,Draw,draw,draw,,2.85,2026-08-21T14:33:52Z
2026-08-21T14:34:28Z,223603,阿甲,2026-08-21T23:00:00Z,Estudiantes de Río Cuarto,San Lorenzo,betanysports,spreads,Estudiantes de Río Cuarto,home,home@0.0,0,2.13,2026-08-21T14:33:52Z
2026-08-21T14:34:28Z,223603,阿甲,2026-08-21T23:00:00Z,Estudiantes de Río Cuarto,San Lorenzo,betanysports,spreads,San Lorenzo,away,away@0.0,0,1.7,2026-08-21T14:33:52Z
2026-08-21T14:34:28Z,223603,阿甲,2026-08-21T23:00:00Z,Estudiantes de Río Cuarto,San Lorenzo,betanysports,totals,Over,over,over@1.5,1.50,1.73,2026-08-21T14:33:52Z
2026-08-21T14:34:28Z,223603,阿甲,2026-08-21T23:00:00Z,Estudiantes de Río Cuarto,San Lorenzo,betanysports,totals,Under,under,under@1.5,1.50,2.07,2026-08-21T14:33:52Z
2026-08-21T14:32:46Z,apifb374898,Liga Portugal 2,2026-08-21T19:15:00+00:00,Tondela,Académica Coimbra,apifb:10Bet,h2h,Home,home,home,,1.88,2026-08-21T14:32:46Z
2026-08-21T14:32:46Z,apifb374898,Liga Portugal 2,2026-08-21T19:15:00+00:00,Tondela,Académica Coimbra,apifb:10Bet,h2h,Draw,draw,draw,,3.3,2026-08-21T14:32:46Z
2026-08-21T14:32:46Z,apifb374898,Liga Portugal 2,2026-08-21T19:15:00+00:00,Tondela,Académica Coimbra,apifb:10Bet,h2h,Away,away,away,,3.95,2026-08-21T14:32:46Z
2026-08-21T14:32:46Z,apifb374898,Liga Portugal 2,2026-08-21T19:15:00+00:00,Tondela,Académica Coimbra,apifb:10Bet,asian_handicap,Home -0.5,home,home@-0.5,-0.5,1.85,2026-08-21T14:32:46Z
2026-08-21T14:32:46Z,apifb374898,Liga Portugal 2,2026-08-21T19:15:00+00:00,Tondela,Académica Coimbra,apifb:10Bet,asian_handicap,Away -0.5,away,away@-0.5,-0.5,1.85,2026-08-21T14:32:46Z
2026-08-21T14:32:46Z,apifb374898,Liga Portugal 2,2026-08-21T19:15:00+00:00,Tondela,Académica Coimbra,apifb:10Bet,totals,Over 1.5,over,over@1.5,1.5,1.36,2026-08-21T14:32:46Z
2026-08-21T14:32:46Z,apifb374898,Liga Portugal 2,2026-08-21T19:15:00+00:00,Tondela,Académica Coimbra,apifb:10Bet,totals,Under 1.5,under,under@1.5,1.5,3.0,2026-08-21T14:32:46Z
2026-08-21T14:32:46Z,apifb374898,Liga Portugal 2,2026-08-21T19:15:00+00:00,Tondela,Académica Coimbra,apifb:10Bet,totals,Over 2.5,over,over@2.5,2.5,2.05,2026-08-21T14:32:46Z
2026-08-21T14:32:46Z,apifb374898,Liga Portugal 2,2026-08-21T19:15:00+00:00,Tondela,Académica Coimbra,apifb:10Bet,totals,Under 2.5,under,under@2.5,2.5,1.73,2026-08-21T14:32:46Z
2026-08-21T14:32:46Z,apifb374898,Liga Portugal 2,2026-08-21T19:15:00+00:00,Tondela,Académica Coimbra,apifb:10Bet,totals,Over 3.5,over,over@3.5,3.5,3.7,2026-08-21T14:32:46Z
2026-08-21T14:32:46Z,apifb374898,Liga Portugal 2,2026-08-21T19:15:00+00:00,Tondela,Académica Coimbra,apifb:10Bet,totals,Under 3.5,under,under@3.5,3.5,1.25,2026-08-21T14:32:46Z
2026-08-21T14:32:46Z,apifb374898,Liga Portugal 2,2026-08-21T19:15:00+00:00,Tondela,Académica Coimbra,apifb:10Bet,totals,Over 0.5,over,over@0.5,0.5,1.06,2026-08-21T14:32:46Z
2026-08-21T14:32:46Z,apifb374898,Liga Portugal 2,2026-08-21T19:15:00+00:00,Tondela,Académica Coimbra,apifb:10Bet,totals,Under 0.5,under,under@0.5,0.5,8.0,2026-08-21T14:32:46Z
2026-08-21T14:32:46Z,apifb374898,Liga Portugal 2,2026-08-21T19:15:00+00:00,Tondela,Académica Coimbra,apifb:William Hill,h2h,Home,home,home,,1.85,2026-08-21T14:32:46Z
2026-08-21T14:32:46Z,apifb374898,Liga Portugal 2,2026-08-21T19:15:00+00:00,Tondela,Académica Coimbra,apifb:William Hill,h2h,Draw,draw,draw,,3.2,2026-08-21T14:32:46Z
2026-08-21T14:32:46Z,apifb374898,Liga Portugal 2,2026-08-21T19:15:00+00:00,Tondela,Académica Coimbra,apifb:William Hill,h2h,Away,away,away,,3.9,2026-08-21T14:32:46Z
2026-08-21T14:32:46Z,apifb374898,Liga Portugal 2,2026-08-21T19:15:00+00:00,Tondela,Académica Coimbra,apifb:Bet365,h2h,Home,home,home,,1.83,2026-08-21T14:32:46Z
2026-08-21T14:32:46Z,apifb374898,Liga Portugal 2,2026-08-21T19:15:00+00:00,Tondela,Académica Coimbra,apifb:Bet365,h2h,Draw,draw,draw,,3.4,2026-08-21T14:32:46Z
2026-08-21T14:32:46Z,apifb374898,Liga Portugal 2,2026-08-21T19:15:00+00:00,Tondela,Académica Coimbra,apifb:Bet365,h2h,Away,away,away,,3.6,2026-08-21T14:32:46Z
2026-08-21T14:32:46Z,apifb374898,Liga Portugal 2,2026-08-21T19:15:00+00:00,Tondela,Académica Coimbra,apifb:Bet365,asian_handicap,Home -1.25,home,home@-1.25,-1.25,3.0,2026-08-21T14:32:46Z
2026-08-21T14:32:46Z,apifb374898,Liga Portugal 2,2026-08-21T19:15:00+00:00,Tondela,Académica Coimbra,apifb:Bet365,asian_handicap,Away -1.25,away,away@-1.25,-1.25,1.38,2026-08-21T14:32:46Z
2026-08-21T14:32:46Z,apifb374898,Liga Portugal 2,2026-08-21T19:15:00+00:00,Tondela,Académica Coimbra,apifb:Bet365,asian_handicap,Home -1,home,home@-1,-1,2.68,2026-08-21T14:32:46Z
2026-08-21T14:32:46Z,apifb374898,Liga Portugal 2,2026-08-21T19:15:00+00:00,Tondela,Académica Coimbra,apifb:Bet365,asian_handicap,Away -1,away,away@-1,-1,1.45,2026-08-21T14:32:46Z
2026-08-21T14:32:46Z,apifb374898,Liga Portugal 2,2026-08-21T19:15:00+00:00,Tondela,Académica Coimbra,apifb:Bet365,asian_handicap,Home -0.75,home,home@-0.75,-0.75,2.1,2026-08-21T14:32:46Z
2026-08-21T14:32:46Z,apifb374898,Liga Portugal 2,2026-08-21T19:15:00+00:00,Tondela,Académica Coimbra,apifb:Bet365,asian_handicap,Away -0.75,away,away@-0.75,-0.75,1.7,2026-08-21T14:32:46Z
2026-08-21T14:32:46Z,apifb374898,Liga Portugal 2,2026-08-21T19:15:00+00:00,Tondela,Académica Coimbra,apifb:Bet365,asian_handicap,Home -0.5,home,home@-0.5,-0.5,1.85,2026-08-21T14:32:46Z
2026-08-21T14:32:46Z,apifb374898,Liga Portugal 2,2026-08-21T19:15:00+00:00,Tondela,Académica Coimbra,apifb:Bet365,asian_handicap,Away -0.5,away,away@-0.5,-0.5,1.95,2026-08-21T14:32:46Z
2026-08-21T14:32:46Z,apifb374898,Liga Portugal 2,2026-08-21T19:15:00+00:00,Tondela,Académica Coimbra,apifb:Bet365,asian_handicap,Home -0.25,home,home@-0.25,-0.25,1.62,2026-08-21T14:32:46Z
2026-08-21T14:32:46Z,apifb374898,Liga Portugal 2,2026-08-21T19:15:00+00:00,Tondela,Académica Coimbra,apifb:Bet365,asian_handicap,Away -0.25,away,away@-0.25,-0.25,2.25,2026-08-21T14:32:46Z
2026-08-21T14:32:46Z,apifb374898,Liga Portugal 2,2026-08-21T19:15:00+00:00,Tondela,Académica Coimbra,apifb:Bet365,asian_handicap,Home +0,home,home@+0,+0,1.4,2026-08-21T14:32:46Z
2026-08-21T14:32:46Z,apifb374898,Liga Portugal 2,2026-08-21T19:15:00+00:00,Tondela,Académica Coimbra,apifb:Bet365,asian_handicap,Away +0,away,away@+0,+0,2.85,2026-08-21T14:32:46Z
2026-08-21T14:32:46Z,apifb374898,Liga Portugal 2,2026-08-21T19:15:00+00:00,Tondela,Académica Coimbra,apifb:Bet365,asian_handicap,Home +0.25,home,home@+0.25,+0.25,1.3,2026-08-21T14:32:46Z
2026-08-21T14:32:46Z,apifb374898,Liga Portugal 2,2026-08-21T19:15:00+00:00,Tondela,Académica Coimbra,apifb:Bet365,asian_handicap,Away +0.25,away,away@+0.25,+0.25,3.45,2026-08-21T14:32:46Z
2026-08-21T14:32:46Z,apifb374898,Liga Portugal 2,2026-08-21T19:15:00+00:00,Tondela,Académica Coimbra,apifb:Bet365,asian_handicap,Home +0.5,home,home@+0.5,+0.5,1.25,2026-08-21T14:32:46Z
2026-08-21T14:32:46Z,apifb374898,Liga Portugal 2,2026-08-21T19:15:00+00:00,Tondela,Académica Coimbra,apifb:Bet365,asian_handicap,Away +0.5,away,away@+0.5,+0.5,3.8,2026-08-21T14:32:46Z
2026-08-21T14:32:46Z,apifb374898,Liga Portugal 2,2026-08-21T19:15:00+00:00,Tondela,Académica Coimbra,apifb:Bet365,asian_handicap,Home +0.75,home,home@+0.75,+0.75,1.16,2026-08-21T14:32:46Z
2026-08-21T14:32:46Z,apifb374898,Liga Portugal 2,2026-08-21T19:15:00+00:00,Tondela,Académica Coimbra,apifb:Bet365,asian_handicap,Away +0.75,away,away@+0.75,+0.75,5.25,2026-08-21T14:32:46Z
2026-08-21T14:32:46Z,apifb374898,Liga Portugal 2,2026-08-21T19:15:00+00:00,Tondela,Académica Coimbra,apifb:Bet365,asian_handicap,Home -2,home,home@-2,-2,6.6,2026-08-21T14:32:46Z
2026-08-21T14:32:46Z,apifb374898,Liga Portugal 2,2026-08-21T19:15:00+00:00,Tondela,Académica Coimbra,apifb:Bet365,asian_handicap,Away -2,away,away@-2,-2,1.11,2026-08-21T14:32:46Z
2026-08-21T14:32:46Z,apifb374898,Liga Portugal 2,2026-08-21T19:15:00+00:00,Tondela,Académica Coimbra,apifb:Bet365,asian_handicap,Home -1.75,home,home@-1.75,-1.75,4.4,2026-08-21T14:32:46Z
2026-08-21T14:32:46Z,apifb374898,Liga Portugal 2,2026-08-21T19:15:00+00:00,Tondela,Académica Coimbra,apifb:Bet365,asian_handicap,Away -1.75,away,away@-1.75,-1.75,1.2,2026-08-21T14:32:46Z
2026-08-21T14:32:46Z,apifb374898,Liga Portugal 2,2026-08-21T19:15:00+00:00,Tondela,Académica Coimbra,apifb:Bet365,asian_handicap,Home -1.5,home,home@-1.5,-1.5,3.45,2026-08-21T14:32:46Z
2026-08-21T14:32:46Z,apifb374898,Liga Portugal 2,2026-08-21T19:15:00+00:00,Tondela,Académica Coimbra,apifb:Bet365,asian_handicap,Away -1.5,away,away@-1.5,-1.5,1.3,2026-08-21T14:32:46Z
2026-08-21T14:32:46Z,apifb374898,Liga Portugal 2,2026-08-21T19:15:00+00:00,Tondela,Académica Coimbra,apifb:Bet365,asian_handicap,Home -2.5,home,home@-2.5,-2.5,6.4,2026-08-21T14:32:46Z
2026-08-21T14:32:46Z,apifb374898,Liga Portugal 2,2026-08-21T19:15:00+00:00,Tondela,Académica Coimbra,apifb:Bet365,asian_handicap,Away -2.5,away,away@-2.5,-2.5,1.12,2026-08-21T14:32:46Z
2026-08-21T14:32:46Z,apifb374898,Liga Portugal 2,2026-08-21T19:15:00+00:00,Tondela,Académica Coimbra,apifb:Bet365,asian_handicap,Home -2.25,home,home@-2.25,-2.25,5.9,2026-08-21T14:32:46Z
2026-08-21T14:32:46Z,apifb374898,Liga Portugal 2,2026-08-21T19:15:00+00:00,Tondela,Académica Coimbra,apifb:Bet365,asian_handicap,Away -2.25,away,away@-2.25,-2.25,1.13,2026-08-21T14:32:46Z
2026-08-21T14:32:46Z,apifb374898,Liga Portugal 2,2026-08-21T19:15:00+00:00,Tondela,Académica Coimbra,apifb:Bet365,totals,Over 1.5,over,over@1.5,1.5,1.36,2026-08-21T14:32:46Z
2026-08-21T14:32:46Z,apifb374898,Liga Portugal 2,2026-08-21T19:15:00+00:00,Tondela,Académica Coimbra,apifb:Bet365,totals,Under 1.5,under,under@1.5,1.5,3.0,2026-08-21T14:32:46Z
2026-08-21T14:32:46Z,apifb374898,Liga Portugal 2,2026-08-21T19:15:00+00:00,Tondela,Académica Coimbra,apifb:Bet365,totals,Over 2.5,over,over@2.5,2.5,2.15,2026-08-21T14:32:46Z
2026-08-21T14:32:46Z,apifb374898,Liga Portugal 2,2026-08-21T19:15:00+00:00,Tondela,Académica Coimbra,apifb:Bet365,totals,Under 2.5,under,under@2.5,2.5,1.67,2026-08-21T14:32:46Z
2026-08-21T14:32:46Z,apifb374898,Liga Portugal 2,2026-08-21T19:15:00+00:00,Tondela,Académica Coimbra,apifb:Bet365,totals,Over 3.5,over,over@3.5,3.5,4.0,2026-08-21T14:32:46Z
2026-08-21T14:32:46Z,apifb374898,Liga Portugal 2,2026-08-21T19:15:00+00:00,Tondela,Académica Coimbra,apifb:Bet365,totals,Under 3.5,under,under@3.5,3.5,1.22,2026-08-21T14:32:46Z
2026-08-21T14:32:46Z,apifb374898,Liga Portugal 2,2026-08-21T19:15:00+00:00,Tondela,Académica Coimbra,apifb:Bet365,totals,Over 0.5,over,over@0.5,0.5,1.06,2026-08-21T14:32:46Z
2026-08-21T14:32:46Z,apifb374898,Liga Portugal 2,2026-08-21T19:15:00+00:00,Tondela,Académica Coimbra,apifb:Bet365,totals,Under 0.5,under,under@0.5,0.5,10.0,2026-08-21T14:32:46Z
2026-08-21T14:32:46Z,apifb374898,Liga Portugal 2,2026-08-21T19:15:00+00:00,Tondela,Académica Coimbra,apifb:Bet365,totals,Over 4.5,over,over@4.5,4.5,9.0,2026-08-21T14:32:46Z
2026-08-21T14:32:46Z,apifb374898,Liga Portugal 2,2026-08-21T19:15:00+00:00,Tondela,Académica Coimbra,apifb:Bet365,totals,Under 4.5,under,under@4.5,4.5,1.07,2026-08-21T14:32:46Z
2026-08-21T14:32:46Z,apifb374898,Liga Portugal 2,2026-08-21T19:15:00+00:00,Tondela,Académica Coimbra,apifb:Bet365,totals,Over 5.5,over,over@5.5,5.5,19.0,2026-08-21T14:32:46Z
2026-08-21T14:32:46Z,apifb374898,Liga Portugal 2,2026-08-21T19:15:00+00:00,Tondela,Académica Coimbra,apifb:Bet365,totals,Under 5.5,under,under@5.5,5.5,1.02,2026-08-21T14:32:46Z
2026-08-21T14:32:46Z,apifb374898,Liga Portugal 2,2026-08-21T19:15:00+00:00,Tondela,Académica Coimbra,apifb:Bet365,totals,Over 6.5,over,over@6.5,6.5,41.0,2026-08-21T14:32:46Z
2026-08-21T14:32:46Z,apifb374898,Liga Portugal 2,2026-08-21T19:15:00+00:00,Tondela,Académica Coimbra,apifb:Bet365,totals,Under 6.5,under,under@6.5,6.5,1.0,2026-08-21T14:32:46Z
2026-08-21T14:32:46Z,apifb374898,Liga Portugal 2,2026-08-21T19:15:00+00:00,Tondela,Académica Coimbra,apifb:Marathonbet,h2h,Home,home,home,,1.85,2026-08-21T14:32:46Z
2026-08-21T14:32:46Z,apifb374898,Liga Portugal 2,2026-08-21T19:15:00+00:00,Tondela,Académica Coimbra,apifb:Marathonbet,h2h,Draw,draw,draw,,3.38,2026-08-21T14:32:46Z
2026-08-21T14:32:46Z,apifb374898,Liga Portugal 2,2026-08-21T19:15:00+00:00,Tondela,Académica Coimbra,apifb:Marathonbet,h2h,Away,away,away,,4.15,2026-08-21T14:32:46Z
2026-08-21T14:32:46Z,apifb374898,Liga Portugal 2,2026-08-21T19:15:00+00:00,Tondela,Académica Coimbra,apifb:Marathonbet,asian_handicap,Home -1.25,home,home@-1.25,-1.25,3.05,2026-08-21T14:32:46Z
2026-08-21T14:32:46Z,apifb374898,Liga Portugal 2,2026-08-21T19:15:00+00:00,Tondela,Académica Coimbra,apifb:Marathonbet,asian_handicap,Away -1.25,away,away@-1.25,-1.25,1.3,2026-08-21T14:32:46Z
2026-08-21T14:32:46Z,apifb374898,Liga Portugal 2,2026-08-21T19:15:00+00:00,Tondela,Académica Coimbra,apifb:Marathonbet,asian_handicap,Home -1,home,home@-1,-1,2.67,2026-08-21T14:32:46Z
2026-08-21T14:32:46Z,apifb374898,Liga Portugal 2,2026-08-21T19:15:00+00:00,Tondela,Académica Coimbra,apifb:Marathonbet,asian_handicap,Away -1,away,away@-1,-1,1.43,2026-08-21T14:32:46Z
2026-08-21T14:32:46Z,apifb374898,Liga Portugal 2,2026-08-21T19:15:00+00:00,Tondela,Académica Coimbra,apifb:Marathonbet,asian_handicap,Home -0.75,home,home@-0.75,-0.75,2.07,2026-08-21T14:32:46Z
2026-08-21T14:32:46Z,apifb374898,Liga Portugal 2,2026-08-21T19:15:00+00:00,Tondela,Académica Coimbra,apifb:Marathonbet,asian_handicap,Away -0.75,away,away@-0.75,-0.75,1.63,2026-08-21T14:32:46Z
2026-08-21T14:32:46Z,apifb374898,Liga Portugal 2,2026-08-21T19:15:00+00:00,Tondela,Académica Coimbra,apifb:Marathonbet,asian_handicap,Home -0.25,home,home@-0.25,-0.25,1.56,2026-08-21T14:32:46Z
2026-08-21T14:32:46Z,apifb374898,Liga Portugal 2,2026-08-21T19:15:00+00:00,Tondela,Académica Coimbra,apifb:Marathonbet,asian_handicap,Away -0.25,away,away@-0.25,-0.25,2.17,2026-08-21T14:32:46Z
2026-08-21T14:32:46Z,apifb374898,Liga Portugal 2,2026-08-21T19:15:00+00:00,Tondela,Académica Coimbra,apifb:Marathonbet,asian_handicap,Home +0,home,home@+0,+0,1.32,2026-08-21T14:32:46Z
2026-08-21T14:32:46Z,apifb374898,Liga Portugal 2,2026-08-21T19:15:00+00:00,Tondela,Académica Coimbra,apifb:Marathonbet,asian_handicap,Away +0,away,away@+0,+0,2.88,2026-08-21T14:32:46Z
2026-08-21T14:32:46Z,apifb374898,Liga Portugal 2,2026-08-21T19:15:00+00:00,Tondela,Académica Coimbra,apifb:Marathonbet,asian_handicap,Home +0.25,home,home@+0.25,+0.25,1.24,2026-08-21T14:32:46Z
2026-08-21T14:32:46Z,apifb374898,Liga Portugal 2,2026-08-21T19:15:00+00:00,Tondela,Académica Coimbra,apifb:Marathonbet,asian_handicap,Away +0.25,away,away@+0.25,+0.25,3.34,2026-08-21T14:32:46Z
2026-08-21T14:32:46Z,apifb374898,Liga Portugal 2,2026-08-21T19:15:00+00:00,Tondela,Académica Coimbra,apifb:Marathonbet,asian_handicap,Home +0.75,home,home@+0.75,+0.75,1.09,2026-08-21T14:32:46Z
2026-08-21T14:32:46Z,apifb374898,Liga Portugal 2,2026-08-21T19:15:00+00:00,Tondela,Académica Coimbra,apifb:Marathonbet,asian_handicap,Away +0.75,away,away@+0.75,+0.75,5.3,2026-08-21T14:32:46Z
2026-08-21T14:32:46Z,apifb374898,Liga Portugal 2,2026-08-21T19:15:00+00:00,Tondela,Académica Coimbra,apifb:Marathonbet,asian_handicap,Home -2,home,home@-2,-2,6.65,2026-08-21T14:32:46Z
2026-08-21T14:32:46Z,apifb374898,Liga Portugal 2,2026-08-21T19:15:00+00:00,Tondela,Académica Coimbra,apifb:Marathonbet,asian_handicap,Away -2,away,away@-2,-2,1.05,2026-08-21T14:32:46Z
2026-08-21T14:32:46Z,apifb374898,Liga Portugal 2,2026-08-21T19:15:00+00:00,Tondela,Académica Coimbra,apifb:Marathonbet,asian_handicap,Home +1,home,home@+1,+1,1.01,2026-08-21T14:32:46Z
2026-08-21T14:32:46Z,apifb374898,Liga Portugal 2,2026-08-21T19:15:00+00:00,Tondela,Académica Coimbra,apifb:Marathonbet,asian_handicap,Away +1,away,away@+1,+1,9.0,2026-08-21T14:32:46Z
2026-08-21T14:32:46Z,apifb374898,Liga Portugal 2,2026-08-21T19:15:00+00:00,Tondela,Académica Coimbra,apifb:Marathonbet,asian_handicap,Home -1.75,home,home@-1.75,-1.75,4.45,2026-08-21T14:32:46Z
2026-08-21T14:32:46Z,apifb374898,Liga Portugal 2,2026-08-21T19:15:00+00:00,Tondela,Académica Coimbra,apifb:Marathonbet,asian_handicap,Away -1.75,away,away@-1.75,-1.75,1.14,2026-08-21T14:32:46Z
2026-08-21T14:32:46Z,apifb374898,Liga Portugal 2,2026-08-21T19:15:00+00:00,Tondela,Académica Coimbra,apifb:Marathonbet,asian_handicap,Home -1.5,home,home@-1.5,-1.5,3.44,2026-08-21T14:32:46Z
2026-08-21T14:32:46Z,apifb374898,Liga Portugal 2,2026-08-21T19:15:00+00:00,Tondela,Académica Coimbra,apifb:Marathonbet,asian_handicap,Away -1.5,away,away@-1.5,-1.5,1.23,2026-08-21T14:32:46Z
2026-08-21T14:32:46Z,apifb374898,Liga Portugal 2,2026-08-21T19:15:00+00:00,Tondela,Académica Coimbra,apifb:Marathonbet,asian_handicap,Home +1.25,home,home@+1.25,+1.25,1.01,2026-08-21T14:32:46Z
2026-08-21T14:32:46Z,apifb374898,Liga Portugal 2,2026-08-21T19:15:00+00:00,Tondela,Académica Coimbra,apifb:Marathonbet,asian_handicap,Away +1.25,away,away@+1.25,+1.25,9.0,2026-08-21T14:32:46Z
2026-08-21T14:32:46Z,apifb374898,Liga Portugal 2,2026-08-21T19:15:00+00:00,Tondela,Académica Coimbra,apifb:Marathonbet,asian_handicap,Home +1.5,home,home@+1.5,+1.5,1.0,2026-08-21T14:32:46Z
2026-08-21T14:32:46Z,apifb374898,Liga Portugal 2,2026-08-21T19:15:00+00:00,Tondela,Académica Coimbra,apifb:Marathonbet,asian_handicap,Away +1.5,away,away@+1.5,+1.5,9.3,2026-08-21T14:32:46Z
2026-08-21T14:32:46Z,apifb374898,Liga Portugal 2,2026-08-21T19:15:00+00:00,Tondela,Académica Coimbra,apifb:Marathonbet,asian_handicap,Home -2.5,home,home@-2.5,-2.5,7.7,2026-08-21T14:32:46Z
2026-08-21T14:32:46Z,apifb374898,Liga Portugal 2,2026-08-21T19:15:00+00:00,Tondela,Académica Coimbra,apifb:Marathonbet,asian_handicap,Away -2.5,away,away@-2.5,-2.5,1.03,2026-08-21T14:32:46Z
2026-08-21T14:32:46Z,apifb374898,Liga Portugal 2,2026-08-21T19:15:00+00:00,Tondela,Académica Coimbra,apifb:Marathonbet,asian_handicap,Home -2.25,home,home@-2.25,-2.25,7.2,2026-08-21T14:32:46Z
2026-08-21T14:32:46Z,apifb374898,Liga Portugal 2,2026-08-21T19:15:00+00:00,Tondela,Académica Coimbra,apifb:Marathonbet,asian_handicap,Away -2.25,away,away@-2.25,-2.25,1.03,2026-08-21T14:32:46Z
2026-08-21T14:32:46Z,apifb374898,Liga Portugal 2,2026-08-21T19:15:00+00:00,Tondela,Académica Coimbra,apifb:Marathonbet,asian_handicap,Home -2.75,home,home@-2.75,-2.75,8.3,2026-08-21T14:32:46Z
2026-08-21T14:32:46Z,apifb374898,Liga Portugal 2,2026-08-21T19:15:00+00:00,Tondela,Académica Coimbra,apifb:Marathonbet,asian_handicap,Away -2.75,away,away@-2.75,-2.75,1.02,2026-08-21T14:32:46Z
2026-08-21T14:32:46Z,apifb374898,Liga Portugal 2,2026-08-21T19:15:00+00:00,Tondela,Académica Coimbra,apifb:Marathonbet,totals,Over 1.5,over,over@1.5,1.5,1.32,2026-08-21T14:32:46Z
2026-08-21T14:32:46Z,apifb374898,Liga Portugal 2,2026-08-21T19:15:00+00:00,Tondela,Académica Coimbra,apifb:Marathonbet,totals,Under 1.5,under,under@1.5,1.5,2.88,2026-08-21T14:32:46Z
2026-08-21T14:32:46Z,apifb374898,Liga Portugal 2,2026-08-21T19:15:00+00:00,Tondela,Académica Coimbra,apifb:Marathonbet,totals,Over 1.75,over,over@1.75,1.75,1.41,2026-08-21T14:32:46Z
2026-08-21T14:32:46Z,apifb374898,Liga Portugal 2,2026-08-21T19:15:00+00:00,Tondela,Académica Coimbra,apifb:Marathonbet,totals,Under 1.75,under,under@1.75,1.75,2.55,2026-08-21T14:32:46Z
2026-08-21T14:32:46Z,apifb374898,Liga Portugal 2,2026-08-21T19:15:00+00:00,Tondela,Académica Coimbra,apifb:Marathonbet,totals,Over 2.0,over,over@2.0,2.0,1.56,2026-08-21T14:32:46Z
2026-08-21T14:32:46Z,apifb374898,Liga Portugal 2,2026-08-21T19:15:00+00:00,Tondela,Académica Coimbra,apifb:Marathonbet,totals,Under 2.0,under,under@2.0,2.0,2.2,2026-08-21T14:32:46Z
2026-08-21T14:32:46Z,apifb374898,Liga Portugal 2,2026-08-21T19:15:00+00:00,Tondela,Académica Coimbra,apifb:Marathonbet,totals,Over 2.25,over,over@2.25,2.25,1.83,2026-08-21T14:32:46Z
2026-08-21T14:32:46Z,apifb374898,Liga Portugal 2,2026-08-21T19:15:00+00:00,Tondela,Académica Coimbra,apifb:Marathonbet,totals,Under 2.25,under,under@2.25,2.25,1.84,2026-08-21T14:32:46Z
2026-08-21T14:32:46Z,apifb374898,Liga Portugal 2,2026-08-21T19:15:00+00:00,Tondela,Académica Coimbra,apifb:Marathonbet,totals,Over 2.5,over,over@2.5,2.5,2.12,2026-08-21T14:32:46Z
2026-08-21T14:32:46Z,apifb374898,Liga Portugal 2,2026-08-21T19:15:00+00:00,Tondela,Académica Coimbra,apifb:Marathonbet,totals,Under 2.5,under,under@2.5,2.5,1.68,2026-08-21T14:32:46Z
2026-08-21T14:32:46Z,apifb374898,Liga Portugal 2,2026-08-21T19:15:00+00:00,Tondela,Académica Coimbra,apifb:Marathonbet,totals,Over 2.75,over,over@2.75,2.75,2.42,2026-08-21T14:32:46Z
2026-08-21T14:32:46Z,apifb374898,Liga Portugal 2,2026-08-21T19:15:00+00:00,Tondela,Académica Coimbra,apifb:Marathonbet,totals,Under 2.75,under,under@2.75,2.75,1.48,2026-08-21T14:32:46Z
2026-08-21T14:32:46Z,apifb374898,Liga Portugal 2,2026-08-21T19:15:00+00:00,Tondela,Académica Coimbra,apifb:Marathonbet,totals,Over 3.5,over,over@3.5,3.5,3.78,2026-08-21T14:32:46Z
2026-08-21T14:32:46Z,apifb374898,Liga Portugal 2,2026-08-21T19:15:00+00:00,Tondela,Académica Coimbra,apifb:Marathonbet,totals,Under 3.5,under,under@3.5,3.5,1.19,2026-08-21T14:32:46Z
2026-08-21T14:32:46Z,apifb374898,Liga Portugal 2,2026-08-21T19:15:00+00:00,Tondela,Académica Coimbra,apifb:Marathonbet,totals,Over 0.5,over,over@0.5,0.5,1.01,2026-08-21T14:32:46Z
2026-08-21T14:32:46Z,apifb374898,Liga Portugal 2,2026-08-21T19:15:00+00:00,Tondela,Académica Coimbra,apifb:Marathonbet,totals,Under 0.5,under,under@0.5,0.5,8.5,2026-08-21T14:32:46Z
2026-08-21T14:32:46Z,apifb374898,Liga Portugal 2,2026-08-21T19:15:00+00:00,Tondela,Académica Coimbra,apifb:Marathonbet,totals,Over 0.75,over,over@0.75,0.75,1.02,2026-08-21T14:32:46Z
2026-08-21T14:32:46Z,apifb374898,Liga Portugal 2,2026-08-21T19:15:00+00:00,Tondela,Académica Coimbra,apifb:Marathonbet,totals,Under 0.75,under,under@0.75,0.75,7.8,2026-08-21T14:32:46Z
2026-08-21T14:32:46Z,apifb374898,Liga Portugal 2,2026-08-21T19:15:00+00:00,Tondela,Académica Coimbra,apifb:Marathonbet,totals,Over 1.0,over,over@1.0,1.0,1.04,2026-08-21T14:32:46Z
2026-08-21T14:32:46Z,apifb374898,Liga Portugal 2,2026-08-21T19:15:00+00:00,Tondela,Académica Coimbra,apifb:Marathonbet,totals,Under 1.0,under,under@1.0,1.0,7.0,2026-08-21T14:32:46Z
2026-08-21T14:32:46Z,apifb374898,Liga Portugal 2,2026-08-21T19:15:00+00:00,Tondela,Académica Coimbra,apifb:Marathonbet,totals,Over 1.25,over,over@1.25,1.25,1.18,2026-08-21T14:32:46Z
2026-08-21T14:32:46Z,apifb374898,Liga Portugal 2,2026-08-21T19:15:00+00:00,Tondela,Académica Coimbra,apifb:Marathonbet,totals,Under 1.25,under,under@1.25,1.25,3.92,2026-08-21T14:32:46Z
2026-08-21T14:32:46Z,apifb374898,Liga Portugal 2,2026-08-21T19:15:00+00:00,Tondela,Académica Coimbra,apifb:Marathonbet,totals,Over 3.0,over,over@3.0,3.0,3.06,2026-08-21T14:32:46Z
2026-08-21T14:32:46Z,apifb374898,Liga Portugal 2,2026-08-21T19:15:00+00:00,Tondela,Académica Coimbra,apifb:Marathonbet,totals,Under 3.0,under,under@3.0,3.0,1.3,2026-08-21T14:32:46Z
2026-08-21T14:32:46Z,apifb374898,Liga Portugal 2,2026-08-21T19:15:00+00:00,Tondela,Académica Coimbra,apifb:Marathonbet,totals,Over 4.5,over,over@4.5,4.5,7.8,2026-08-21T14:32:46Z
2026-08-21T14:32:46Z,apifb374898,Liga Portugal 2,2026-08-21T19:15:00+00:00,Tondela,Académica Coimbra,apifb:Marathonbet,totals,Under 4.5,under,under@4.5,4.5,1.02,2026-08-21T14:32:46Z
2026-08-21T14:32:46Z,apifb374898,Liga Portugal 2,2026-08-21T19:15:00+00:00,Tondela,Académica Coimbra,apifb:Marathonbet,totals,Over 3.25,over,over@3.25,3.25,3.38,2026-08-21T14:32:46Z
2026-08-21T14:32:46Z,apifb374898,Liga Portugal 2,2026-08-21T19:15:00+00:00,Tondela,Académica Coimbra,apifb:Marathonbet,totals,Under 3.25,under,under@3.25,3.25,1.24,2026-08-21T14:32:46Z
2026-08-21T14:32:46Z,apifb374898,Liga Portugal 2,2026-08-21T19:15:00+00:00,Tondela,Académica Coimbra,apifb:Marathonbet,totals,Over 3.75,over,over@3.75,3.75,4.8,2026-08-21T14:32:46Z
2026-08-21T14:32:46Z,apifb374898,Liga Portugal 2,2026-08-21T19:15:00+00:00,Tondela,Académica Coimbra,apifb:Marathonbet,totals,Under 3.75,under,under@3.75,3.75,1.11,2026-08-21T14:32:46Z
2026-08-21T14:32:46Z,apifb374898,Liga Portugal 2,2026-08-21T19:15:00+00:00,Tondela,Académica Coimbra,apifb:Marathonbet,totals,Over 4.0,over,over@4.0,4.0,7.0,2026-08-21T14:32:46Z
2026-08-21T14:32:46Z,apifb374898,Liga Portugal 2,2026-08-21T19:15:00+00:00,Tondela,Académica Coimbra,apifb:Marathonbet,totals,Under 4.0,under,under@4.0,4.0,1.04,2026-08-21T14:32:46Z
2026-08-21T14:32:46Z,apifb374898,Liga Portugal 2,2026-08-21T19:15:00+00:00,Tondela,Académica Coimbra,apifb:Marathonbet,totals,Over 4.25,over,over@4.25,4.25,7.4,2026-08-21T14:32:46Z
2026-08-21T14:32:46Z,apifb374898,Liga Portugal 2,2026-08-21T19:15:00+00:00,Tondela,Académica Coimbra,apifb:Marathonbet,totals,Under 4.25,under,under@4.25,4.25,1.03,2026-08-21T14:32:46Z
2026-08-21T14:32:46Z,apifb374898,Liga Portugal 2,2026-08-21T19:15:00+00:00,Tondela,Académica Coimbra,apifb:Unibet,h2h,Home,home,home,,1.87,2026-08-21T14:32:46Z
2026-08-21T14:32:46Z,apifb374898,Liga Portugal 2,2026-08-21T19:15:00+00:00,Tondela,Académica Coimbra,apifb:Unibet,h2h,Draw,draw,draw,,3.25,2026-08-21T14:32:46Z
2026-08-21T14:32:46Z,apifb374898,Liga Portugal 2,2026-08-21T19:15:00+00:00,Tondela,Académica Coimbra,apifb:Unibet,h2h,Away,away,away,,3.65,2026-08-21T14:32:46Z
2026-08-21T14:32:46Z,apifb374898,Liga Portugal 2,2026-08-21T19:15:00+00:00,Tondela,Académica Coimbra,apifb:Unibet,totals,Over 1.5,over,over@1.5,1.5,1.3,2026-08-21T14:32:46Z
2026-08-21T14:32:46Z,apifb374898,Liga Portugal 2,2026-08-21T19:15:00+00:00,Tondela,Académica Coimbra,apifb:Unibet,totals,Under 1.5,under,under@1.5,1.5,2.95,2026-08-21T14:32:46Z
2026-08-21T14:32:46Z,apifb374898,Liga Portugal 2,2026-08-21T19:15:00+00:00,Tondela,Académica Coimbra,apifb:Unibet,totals,Over 2.5,over,over@2.5,2.5,1.98,2026-08-21T14:32:46Z
2026-08-21T14:32:46Z,apifb374898,Liga Portugal 2,2026-08-21T19:15:00+00:00,Tondela,Académica Coimbra,apifb:Unibet,totals,Under 2.5,under,under@2.5,2.5,1.67,2026-08-21T14:32:46Z
2026-08-21T14:32:46Z,apifb374898,Liga Portugal 2,2026-08-21T19:15:00+00:00,Tondela,Académica Coimbra,apifb:Unibet,totals,Over 3.5,over,over@3.5,3.5,3.45,2026-08-21T14:32:46Z
2026-08-21T14:32:46Z,apifb374898,Liga Portugal 2,2026-08-21T19:15:00+00:00,Tondela,Académica Coimbra,apifb:Unibet,totals,Under 3.5,under,under@3.5,3.5,1.23,2026-08-21T14:32:46Z
2026-08-21T14:32:46Z,apifb374898,Liga Portugal 2,2026-08-21T19:15:00+00:00,Tondela,Académica Coimbra,apifb:Betfair,h2h,Home,home,home,,1.85,2026-08-21T14:32:46Z
2026-08-21T14:32:46Z,apifb374898,Liga Portugal 2,2026-08-21T19:15:00+00:00,Tondela,Académica Coimbra,apifb:Betfair,h2h,Draw,draw,draw,,3.3,2026-08-21T14:32:46Z
2026-08-21T14:32:46Z,apifb374898,Liga Portugal 2,2026-08-21T19:15:00+00:00,Tondela,Académica Coimbra,apifb:Betfair,h2h,Away,away,away,,3.9,2026-08-21T14:32:46Z
2026-08-21T14:32:46Z,apifb374898,Liga Portugal 2,2026-08-21T19:15:00+00:00,Tondela,Académica Coimbra,apifb:Betfair,totals,Over 1.5,over,over@1.5,1.5,1.36,2026-08-21T14:32:46Z
2026-08-21T14:32:46Z,apifb374898,Liga Portugal 2,2026-08-21T19:15:00+00:00,Tondela,Académica Coimbra,apifb:Betfair,totals,Under 1.5,under,under@1.5,1.5,3.1,2026-08-21T14:32:46Z
2026-08-21T14:32:46Z,apifb374898,Liga Portugal 2,2026-08-21T19:15:00+00:00,Tondela,Académica Coimbra,apifb:Betfair,totals,Over 2.5,over,over@2.5,2.5,2.1,2026-08-21T14:32:46Z
2026-08-21T14:32:46Z,apifb374898,Liga Portugal 2,2026-08-21T19:15:00+00:00,Tondela,Académica Coimbra,apifb:Betfair,totals,Under 2.5,under,under@2.5,2.5,1.65,2026-08-21T14:32:46Z
2026-08-21T14:32:46Z,apifb374898,Liga Portugal 2,2026-08-21T19:15:00+00:00,Tondela,Académica Coimbra,apifb:Betfair,totals,Over 3.5,over,over@3.5,3.5,4.1,2026-08-21T14:32:46Z
2026-08-21T14:32:46Z,apifb374898,Liga Portugal 2,2026-08-21T19:15:00+00:00,Tondela,Académica Coimbra,apifb:Betfair,totals,Under 3.5,under,under@3.5,3.5,1.22,2026-08-21T14:32:46Z
2026-08-21T14:32:46Z,apifb374898,Liga Portugal 2,2026-08-21T19:15:00+00:00,Tondela,Académica Coimbra,apifb:Betfair,totals,Over 0.5,over,over@0.5,0.5,1.06,2026-08-21T14:32:46Z
2026-08-21T14:32:46Z,apifb374898,Liga Portugal 2,2026-08-21T19:15:00+00:00,Tondela,Académica Coimbra,apifb:Betfair,totals,Under 0.5,under,under@0.5,0.5,8.5,2026-08-21T14:32:46Z
2026-08-21T14:32:46Z,apifb374898,Liga Portugal 2,2026-08-21T19:15:00+00:00,Tondela,Académica Coimbra,apifb:Betfair,totals,Over 4.5,over,over@4.5,4.5,8.0,2026-08-21T14:32:46Z
2026-08-21T14:32:46Z,apifb374898,Liga Portugal 2,2026-08-21T19:15:00+00:00,Tondela,Académica Coimbra,apifb:Betfair,totals,Under 4.5,under,under@4.5,4.5,1.07,2026-08-21T14:32:46Z
2026-08-21T14:32:46Z,apifb374898,Liga Portugal 2,2026-08-21T19:15:00+00:00,Tondela,Académica Coimbra,apifb:Betfair,totals,Over 5.5,over,over@5.5,5.5,17.0,2026-08-21T14:32:46Z
2026-08-21T14:32:46Z,apifb374898,Liga Portugal 2,2026-08-21T19:15:00+00:00,Tondela,Académica Coimbra,apifb:Betfair,totals,Under 5.5,under,under@5.5,5.5,1.01,2026-08-21T14:32:46Z
2026-08-21T14:32:46Z,apifb374898,Liga Portugal 2,2026-08-21T19:15:00+00:00,Tondela,Académica Coimbra,apifb:BetVictor,h2h,Home,home,home,,1.83,2026-08-21T14:32:46Z
2026-08-21T14:32:46Z,apifb374898,Liga Portugal 2,2026-08-21T19:15:00+00:00,Tondela,Académica Coimbra,apifb:BetVictor,h2h,Draw,draw,draw,,3.25,2026-08-21T14:32:46Z
2026-08-21T14:32:46Z,apifb374898,Liga Portugal 2,2026-08-21T19:15:00+00:00,Tondela,Académica Coimbra,apifb:BetVictor,h2h,Away,away,away,,4.1,2026-08-21T14:32:46Z
2026-08-21T14:32:46Z,apifb374898,Liga Portugal 2,2026-08-21T19:15:00+00:00,Tondela,Académica Coimbra,apifb:BetVictor,asian_handicap,Home -1.25,home,home@-1.25,-1.25,2.73,2026-08-21T14:32:46Z
2026-08-21T14:32:46Z,apifb374898,Liga Portugal 2,2026-08-21T19:15:00+00:00,Tondela,Académica Coimbra,apifb:BetVictor,asian_handicap,Away -1.25,away,away@-1.25,-1.25,1.38,2026-08-21T14:32:46Z
2026-08-21T14:32:46Z,apifb374898,Liga Portugal 2,2026-08-21T19:15:00+00:00,Tondela,Académica Coimbra,apifb:BetVictor,asian_handicap,Home -1,home,home@-1,-1,2.66,2026-08-21T14:32:46Z
2026-08-21T14:32:46Z,apifb374898,Liga Portugal 2,2026-08-21T19:15:00+00:00,Tondela,Académica Coimbra,apifb:BetVictor,asian_handicap,Away -1,away,away@-1,-1,1.4,2026-08-21T14:32:46Z
2026-08-21T14:32:46Z,apifb374898,Liga Portugal 2,2026-08-21T19:15:00+00:00,Tondela,Académica Coimbra,apifb:BetVictor,asian_handicap,Home -0.75,home,home@-0.75,-0.75,2.1,2026-08-21T14:32:46Z
2026-08-21T14:32:46Z,apifb374898,Liga Portugal 2,2026-08-21T19:15:00+00:00,Tondela,Académica Coimbra,apifb:BetVictor,asian_handicap,Away -0.75,away,away@-0.75,-0.75,1.63,2026-08-21T14:32:46Z
2026-08-21T14:32:46Z,apifb374898,Liga Portugal 2,2026-08-21T19:15:00+00:00,Tondela,Académica Coimbra,apifb:BetVictor,asian_handicap,Home -0.5,home,home@-0.5,-0.5,1.81,2026-08-21T14:32:46Z
2026-08-21T14:32:46Z,apifb374898,Liga Portugal 2,2026-08-21T19:15:00+00:00,Tondela,Académica Coimbra,apifb:BetVictor,asian_handicap,Away -0.5,away,away@-0.5,-0.5,1.86,2026-08-21T14:32:46Z
2026-08-21T14:32:46Z,apifb374898,Liga Portugal 2,2026-08-21T19:15:00+00:00,Tondela,Académica Coimbra,apifb:BetVictor,asian_handicap,Home -0.25,home,home@-0.25,-0.25,1.57,2026-08-21T14:32:46Z
2026-08-21T14:32:46Z,apifb374898,Liga Portugal 2,2026-08-21T19:15:00+00:00,Tondela,Académica Coimbra,apifb:BetVictor,asian_handicap,Away -0.25,away,away@-0.25,-0.25,2.21,2026-08-21T14:32:46Z
2026-08-21T14:32:46Z,apifb374898,Liga Portugal 2,2026-08-21T19:15:00+00:00,Tondela,Académica Coimbra,apifb:BetVictor,asian_handicap,Home +0,home,home@+0,+0,1.33,2026-08-21T14:32:46Z
2026-08-21T14:32:46Z,apifb374898,Liga Portugal 2,2026-08-21T19:15:00+00:00,Tondela,Académica Coimbra,apifb:BetVictor,asian_handicap,Away +0,away,away@+0,+0,2.96,2026-08-21T14:32:46Z
2026-08-21T14:32:46Z,apifb374898,Liga Portugal 2,2026-08-21T19:15:00+00:00,Tondela,Académica Coimbra,apifb:BetVictor,totals,Over 1.5,over,over@1.5,1.5,1.36,2026-08-21T14:32:46Z
2026-08-21T14:32:46Z,apifb374898,Liga Portugal 2,2026-08-21T19:15:00+00:00,Tondela,Académica Coimbra,apifb:BetVictor,totals,Under 1.5,under,under@1.5,1.5,2.9,2026-08-21T14:32:46Z
2026-08-21T14:32:46Z,apifb374898,Liga Portugal 2,2026-08-21T19:15:00+00:00,Tondela,Académica Coimbra,apifb:BetVictor,totals,Over 1.75,over,over@1.75,1.75,1.46,2026-08-21T14:32:46Z
2026-08-21T14:32:46Z,apifb374898,Liga Portugal 2,2026-08-21T19:15:00+00:00,Tondela,Académica Coimbra,apifb:BetVictor,totals,Under 1.75,under,under@1.75,1.75,2.47,2026-08-21T14:32:46Z
2026-08-21T14:32:46Z,apifb374898,Liga Portugal 2,2026-08-21T19:15:00+00:00,Tondela,Académica Coimbra,apifb:BetVictor,totals,Over 2.0,over,over@2.0,2.0,1.6,2026-08-21T14:32:46Z
2026-08-21T14:32:46Z,apifb374898,Liga Portugal 2,2026-08-21T19:15:00+00:00,Tondela,Académica Coimbra,apifb:BetVictor,totals,Under 2.0,under,under@2.0,2.0,2.15,2026-08-21T14:32:46Z
2026-08-21T14:32:46Z,apifb374898,Liga Portugal 2,2026-08-21T19:15:00+00:00,Tondela,Académica Coimbra,apifb:BetVictor,totals,Over 2.25,over,over@2.25,2.25,1.84,2026-08-21T14:32:46Z
2026-08-21T14:32:46Z,apifb374898,Liga Portugal 2,2026-08-21T19:15:00+00:00,Tondela,Académica Coimbra,apifb:BetVictor,totals,Under 2.25,under,under@2.25,2.25,1.83,2026-08-21T14:32:46Z
2026-08-21T14:32:46Z,apifb374898,Liga Portugal 2,2026-08-21T19:15:00+00:00,Tondela,Académica Coimbra,apifb:BetVictor,totals,Over 2.5,over,over@2.5,2.5,2.07,2026-08-21T14:32:46Z
2026-08-21T14:32:46Z,apifb374898,Liga Portugal 2,2026-08-21T19:15:00+00:00,Tondela,Académica Coimbra,apifb:BetVictor,totals,Under 2.5,under,under@2.5,2.5,1.65,2026-08-21T14:32:46Z
2026-08-21T14:32:46Z,apifb374898,Liga Portugal 2,2026-08-21T19:15:00+00:00,Tondela,Académica Coimbra,apifb:BetVictor,totals,Over 2.75,over,over@2.75,2.75,2.39,2026-08-21T14:32:46Z
2026-08-21T14:32:46Z,apifb374898,Liga Portugal 2,2026-08-21T19:15:00+00:00,Tondela,Académica Coimbra,apifb:BetVictor,totals,Under 2.75,under,under@2.75,2.75,1.49,2026-08-21T14:32:46Z
2026-08-21T14:32:46Z,apifb374898,Liga Portugal 2,2026-08-21T19:15:00+00:00,Tondela,Académica Coimbra,apifb:BetVictor,totals,Over 3.5,over,over@3.5,3.5,4.1,2026-08-21T14:32:46Z
2026-08-21T14:32:46Z,apifb374898,Liga Portugal 2,2026-08-21T19:15:00+00:00,Tondela,Académica Coimbra,apifb:BetVictor,totals,Under 3.5,under,under@3.5,3.5,1.2,2026-08-21T14:32:46Z
2026-08-21T14:32:46Z,apifb374898,Liga Portugal 2,2026-08-21T19:15:00+00:00,Tondela,Académica Coimbra,apifb:BetVictor,totals,Over 0.5,over,over@0.5,0.5,1.04,2026-08-21T14:32:46Z
2026-08-21T14:32:46Z,apifb374898,Liga Portugal 2,2026-08-21T19:15:00+00:00,Tondela,Académica Coimbra,apifb:BetVictor,totals,Under 0.5,under,under@0.5,0.5,8.5,2026-08-21T14:32:46Z
2026-08-21T14:32:46Z,apifb374898,Liga Portugal 2,2026-08-21T19:15:00+00:00,Tondela,Académica Coimbra,apifb:BetVictor,totals,Over 4.5,over,over@4.5,4.5,8.5,2026-08-21T14:32:46Z
2026-08-21T14:32:46Z,apifb374898,Liga Portugal 2,2026-08-21T19:15:00+00:00,Tondela,Académica Coimbra,apifb:BetVictor,totals,Under 4.5,under,under@4.5,4.5,1.04,2026-08-21T14:32:46Z
2026-08-21T14:32:46Z,apifb374898,Liga Portugal 2,2026-08-21T19:15:00+00:00,Tondela,Académica Coimbra,apifb:Pinnacle,h2h,Home,home,home,,1.89,2026-08-21T14:32:46Z
2026-08-21T14:32:46Z,apifb374898,Liga Portugal 2,2026-08-21T19:15:00+00:00,Tondela,Académica Coimbra,apifb:Pinnacle,h2h,Draw,draw,draw,,3.49,2026-08-21T14:32:46Z
2026-08-21T14:32:46Z,apifb374898,Liga Portugal 2,2026-08-21T19:15:00+00:00,Tondela,Académica Coimbra,apifb:Pinnacle,h2h,Away,away,away,,4.25,2026-08-21T14:32:46Z
2026-08-21T14:32:46Z,apifb374898,Liga Portugal 2,2026-08-21T19:15:00+00:00,Tondela,Académica Coimbra,apifb:Pinnacle,asian_handicap,Home -1.25,home,home@-1.25,-1.25,3.16,2026-08-21T14:32:46Z
2026-08-21T14:32:46Z,apifb374898,Liga Portugal 2,2026-08-21T19:15:00+00:00,Tondela,Académica Coimbra,apifb:Pinnacle,asian_handicap,Away -1.25,away,away@-1.25,-1.25,1.37,2026-08-21T14:32:46Z
2026-08-21T14:32:46Z,apifb374898,Liga Portugal 2,2026-08-21T19:15:00+00:00,Tondela,Académica Coimbra,apifb:Pinnacle,asian_handicap,Home -1,home,home@-1,-1,2.75,2026-08-21T14:32:46Z
2026-08-21T14:32:46Z,apifb374898,Liga Portugal 2,2026-08-21T19:15:00+00:00,Tondela,Académica Coimbra,apifb:Pinnacle,asian_handicap,Away -1,away,away@-1,-1,1.47,2026-08-21T14:32:46Z
2026-08-21T14:32:46Z,apifb374898,Liga Portugal 2,2026-08-21T19:15:00+00:00,Tondela,Académica Coimbra,apifb:Pinnacle,asian_handicap,Home -0.75,home,home@-0.75,-0.75,2.19,2026-08-21T14:32:46Z
2026-08-21T14:32:46Z,apifb374898,Liga Portugal 2,2026-08-21T19:15:00+00:00,Tondela,Académica Coimbra,apifb:Pinnacle,asian_handicap,Away -0.75,away,away@-0.75,-0.75,1.71,2026-08-21T14:32:46Z
2026-08-21T14:32:46Z,apifb374898,Liga Portugal 2,2026-08-21T19:15:00+00:00,Tondela,Académica Coimbra,apifb:Pinnacle,asian_handicap,Home -0.5,home,home@-0.5,-0.5,1.9,2026-08-21T14:32:46Z
2026-08-21T14:32:46Z,apifb374898,Liga Portugal 2,2026-08-21T19:15:00+00:00,Tondela,Académica Coimbra,apifb:Pinnacle,asian_handicap,Away -0.5,away,away@-0.5,-0.5,1.95,2026-08-21T14:32:46Z
2026-08-21T14:32:46Z,apifb374898,Liga Portugal 2,2026-08-21T19:15:00+00:00,Tondela,Académica Coimbra,apifb:Pinnacle,asian_handicap,Home -0.25,home,home@-0.25,-0.25,1.64,2026-08-21T14:32:46Z
2026-08-21T14:32:46Z,apifb374898,Liga Portugal 2,2026-08-21T19:15:00+00:00,Tondela,Académica Coimbra,apifb:Pinnacle,asian_handicap,Away -0.25,away,away@-0.25,-0.25,2.32,2026-08-21T14:32:46Z
2026-08-21T14:32:46Z,apifb374898,Liga Portugal 2,2026-08-21T19:15:00+00:00,Tondela,Académica Coimbra,apifb:Pinnacle,asian_handicap,Home +0,home,home@+0,+0,1.38,2026-08-21T14:32:46Z
2026-08-21T14:32:46Z,apifb374898,Liga Portugal 2,2026-08-21T19:15:00+00:00,Tondela,Académica Coimbra,apifb:Pinnacle,asian_handicap,Away +0,away,away@+0,+0,3.13,2026-08-21T14:32:46Z
2026-08-21T14:32:46Z,apifb374898,Liga Portugal 2,2026-08-21T19:15:00+00:00,Tondela,Académica Coimbra,apifb:Pinnacle,asian_handicap,Home +0.25,home,home@+0.25,+0.25,1.29,2026-08-21T14:32:46Z
2026-08-21T14:32:46Z,apifb374898,Liga Portugal 2,2026-08-21T19:15:00+00:00,Tondela,Académica Coimbra,apifb:Pinnacle,asian_handicap,Away +0.25,away,away@+0.25,+0.25,3.66,2026-08-21T14:32:46Z
2026-08-21T14:32:46Z,apifb374898,Liga Portugal 2,2026-08-21T19:15:00+00:00,Tondela,Académica Coimbra,apifb:Pinnacle,asian_handicap,Home +0.5,home,home@+0.5,+0.5,1.24,2026-08-21T14:32:46Z
2026-08-21T14:32:46Z,apifb374898,Liga Portugal 2,2026-08-21T19:15:00+00:00,Tondela,Académica Coimbra,apifb:Pinnacle,asian_handicap,Away +0.5,away,away@+0.5,+0.5,4.21,2026-08-21T14:32:46Z
2026-08-21T14:32:46Z,apifb374898,Liga Portugal 2,2026-08-21T19:15:00+00:00,Tondela,Académica Coimbra,apifb:Pinnacle,asian_handicap,Home -1.5,home,home@-1.5,-1.5,3.58,2026-08-21T14:32:46Z
2026-08-21T14:32:46Z,apifb374898,Liga Portugal 2,2026-08-21T19:15:00+00:00,Tondela,Académica Coimbra,apifb:Pinnacle,asian_handicap,Away -1.5,away,away@-1.5,-1.5,1.3,2026-08-21T14:32:46Z
2026-08-21T14:32:46Z,apifb374898,Liga Portugal 2,2026-08-21T19:15:00+00:00,Tondela,Académica Coimbra,apifb:Pinnacle,totals,Over 1.5,over,over@1.5,1.5,1.38,2026-08-21T14:32:46Z
2026-08-21T14:32:46Z,apifb374898,Liga Portugal 2,2026-08-21T19:15:00+00:00,Tondela,Académica Coimbra,apifb:Pinnacle,totals,Under 1.5,under,under@1.5,1.5,3.04,2026-08-21T14:32:46Z
2026-08-21T14:32:46Z,apifb374898,Liga Portugal 2,2026-08-21T19:15:00+00:00,Tondela,Académica Coimbra,apifb:Pinnacle,totals,Over 1.75,over,over@1.75,1.75,1.48,2026-08-21T14:32:46Z
2026-08-21T14:32:46Z,apifb374898,Liga Portugal 2,2026-08-21T19:15:00+00:00,Tondela,Académica Coimbra,apifb:Pinnacle,totals,Under 1.75,under,under@1.75,1.75,2.68,2026-08-21T14:32:46Z
2026-08-21T14:32:46Z,apifb374898,Liga Portugal 2,2026-08-21T19:15:00+00:00,Tondela,Académica Coimbra,apifb:Pinnacle,totals,Over 2.0,over,over@2.0,2.0,1.63,2026-08-21T14:32:46Z
2026-08-21T14:32:46Z,apifb374898,Liga Portugal 2,2026-08-21T19:15:00+00:00,Tondela,Académica Coimbra,apifb:Pinnacle,totals,Under 2.0,under,under@2.0,2.0,2.3,2026-08-21T14:32:46Z
2026-08-21T14:32:46Z,apifb374898,Liga Portugal 2,2026-08-21T19:15:00+00:00,Tondela,Académica Coimbra,apifb:Pinnacle,totals,Over 2.25,over,over@2.25,2.25,1.92,2026-08-21T14:32:46Z
2026-08-21T14:32:46Z,apifb374898,Liga Portugal 2,2026-08-21T19:15:00+00:00,Tondela,Académica Coimbra,apifb:Pinnacle,totals,Under 2.25,under,under@2.25,2.25,1.92,2026-08-21T14:32:46Z
2026-08-21T14:32:46Z,apifb374898,Liga Portugal 2,2026-08-21T19:15:00+00:00,Tondela,Académica Coimbra,apifb:Pinnacle,totals,Over 2.5,over,over@2.5,2.5,2.19,2026-08-21T14:32:46Z
2026-08-21T14:32:46Z,apifb374898,Liga Portugal 2,2026-08-21T19:15:00+00:00,Tondela,Académica Coimbra,apifb:Pinnacle,totals,Under 2.5,under,under@2.5,2.5,1.69,2026-08-21T14:32:46Z
2026-08-21T14:32:46Z,apifb374898,Liga Portugal 2,2026-08-21T19:15:00+00:00,Tondela,Académica Coimbra,apifb:Pinnacle,totals,Over 2.75,over,over@2.75,2.75,2.55,2026-08-21T14:32:46Z
2026-08-21T14:32:46Z,apifb374898,Liga Portugal 2,2026-08-21T19:15:00+00:00,Tondela,Académica Coimbra,apifb:Pinnacle,totals,Under 2.75,under,under@2.75,2.75,1.52,2026-08-21T14:32:46Z
2026-08-21T14:32:46Z,apifb374898,Liga Portugal 2,2026-08-21T19:15:00+00:00,Tondela,Académica Coimbra,apifb:Pinnacle,totals,Over 3.5,over,over@3.5,3.5,3.99,2026-08-21T14:32:46Z
2026-08-21T14:32:46Z,apifb374898,Liga Portugal 2,2026-08-21T19:15:00+00:00,Tondela,Académica Coimbra,apifb:Pinnacle,totals,Under 3.5,under,under@3.5,3.5,1.25,2026-08-21T14:32:46Z
2026-08-21T14:32:46Z,apifb374898,Liga Portugal 2,2026-08-21T19:15:00+00:00,Tondela,Académica Coimbra,apifb:SBO,h2h,Home,home,home,,1.84,2026-08-21T14:32:46Z
2026-08-21T14:32:46Z,apifb374898,Liga Portugal 2,2026-08-21T19:15:00+00:00,Tondela,Académica Coimbra,apifb:SBO,h2h,Draw,draw,draw,,2.97,2026-08-21T14:32:46Z
2026-08-21T14:32:46Z,apifb374898,Liga Portugal 2,2026-08-21T19:15:00+00:00,Tondela,Académica Coimbra,apifb:SBO,h2h,Away,away,away,,3.5,2026-08-21T14:32:46Z
2026-08-21T14:32:46Z,apifb374898,Liga Portugal 2,2026-08-21T19:15:00+00:00,Tondela,Académica Coimbra,apifb:SBO,asian_handicap,Home -0.5,home,home@-0.5,-0.5,1.85,2026-08-21T14:32:46Z
2026-08-21T14:32:46Z,apifb374898,Liga Portugal 2,2026-08-21T19:15:00+00:00,Tondela,Académica Coimbra,apifb:SBO,asian_handicap,Away -0.5,away,away@-0.5,-0.5,1.93,2026-08-21T14:32:46Z
2026-08-21T14:32:46Z,apifb374898,Liga Portugal 2,2026-08-21T19:15:00+00:00,Tondela,Académica Coimbra,apifb:SBO,totals,Over 2.25,over,over@2.25,2.25,1.83,2026-08-21T14:32:46Z
2026-08-21T14:32:46Z,apifb374898,Liga Portugal 2,2026-08-21T19:15:00+00:00,Tondela,Académica Coimbra,apifb:SBO,totals,Under 2.25,under,under@2.25,2.25,1.93,2026-08-21T14:32:46Z
2026-08-21T14:32:46Z,apifb374898,Liga Portugal 2,2026-08-21T19:15:00+00:00,Tondela,Académica Coimbra,apifb:1xBet,h2h,Home,home,home,,1.87,2026-08-21T14:32:46Z
2026-08-21T14:32:46Z,apifb374898,Liga Portugal 2,2026-08-21T19:15:00+00:00,Tondela,Académica Coimbra,apifb:1xBet,h2h,Draw,draw,draw,,3.38,2026-08-21T14:32:46Z
2026-08-21T14:32:46Z,apifb374898,Liga Portugal 2,2026-08-21T19:15:00+00:00,Tondela,Académica Coimbra,apifb:1xBet,h2h,Away,away,away,,4.14,2026-08-21T14:32:46Z
2026-08-21T14:32:46Z,apifb374898,Liga Portugal 2,2026-08-21T19:15:00+00:00,Tondela,Académica Coimbra,apifb:1xBet,asian_handicap,Home -1.25,home,home@-1.25,-1.25,3.12,2026-08-21T14:32:46Z
2026-08-21T14:32:46Z,apifb374898,Liga Portugal 2,2026-08-21T19:15:00+00:00,Tondela,Académica Coimbra,apifb:1xBet,asian_handicap,Away -1.25,away,away@-1.25,-1.25,1.33,2026-08-21T14:32:46Z
2026-08-21T14:32:46Z,apifb374898,Liga Portugal 2,2026-08-21T19:15:00+00:00,Tondela,Académica Coimbra,apifb:1xBet,asian_handicap,Home -1,home,home@-1,-1,2.67,2026-08-21T14:32:46Z
2026-08-21T14:32:46Z,apifb374898,Liga Portugal 2,2026-08-21T19:15:00+00:00,Tondela,Académica Coimbra,apifb:1xBet,asian_handicap,Away -1,away,away@-1,-1,1.43,2026-08-21T14:32:46Z
2026-08-21T14:32:46Z,apifb374898,Liga Portugal 2,2026-08-21T19:15:00+00:00,Tondela,Académica Coimbra,apifb:1xBet,asian_handicap,Home -0.75,home,home@-0.75,-0.75,2.07,2026-08-21T14:32:46Z
2026-08-21T14:32:46Z,apifb374898,Liga Portugal 2,2026-08-21T19:15:00+00:00,Tondela,Académica Coimbra,apifb:1xBet,asian_handicap,Away -0.75,away,away@-0.75,-0.75,1.63,2026-08-21T14:32:46Z
2026-08-21T14:32:46Z,apifb374898,Liga Portugal 2,2026-08-21T19:15:00+00:00,Tondela,Académica Coimbra,apifb:1xBet,asian_handicap,Home -0.25,home,home@-0.25,-0.25,1.56,2026-08-21T14:32:46Z
2026-08-21T14:32:46Z,apifb374898,Liga Portugal 2,2026-08-21T19:15:00+00:00,Tondela,Académica Coimbra,apifb:1xBet,asian_handicap,Away -0.25,away,away@-0.25,-0.25,2.16,2026-08-21T14:32:46Z
2026-08-21T14:32:46Z,apifb374898,Liga Portugal 2,2026-08-21T19:15:00+00:00,Tondela,Académica Coimbra,apifb:1xBet,asian_handicap,Home +0,home,home@+0,+0,1.32,2026-08-21T14:32:46Z
2026-08-21T14:32:46Z,apifb374898,Liga Portugal 2,2026-08-21T19:15:00+00:00,Tondela,Académica Coimbra,apifb:1xBet,asian_handicap,Away +0,away,away@+0,+0,2.88,2026-08-21T14:32:46Z
2026-08-21T14:32:46Z,apifb374898,Liga Portugal 2,2026-08-21T19:15:00+00:00,Tondela,Académica Coimbra,apifb:1xBet,asian_handicap,Home +0.25,home,home@+0.25,+0.25,1.24,2026-08-21T14:32:46Z
2026-08-21T14:32:46Z,apifb374898,Liga Portugal 2,2026-08-21T19:15:00+00:00,Tondela,Académica Coimbra,apifb:1xBet,asian_handicap,Away +0.25,away,away@+0.25,+0.25,3.34,2026-08-21T14:32:46Z
2026-08-21T14:32:46Z,apifb374898,Liga Portugal 2,2026-08-21T19:15:00+00:00,Tondela,Académica Coimbra,apifb:1xBet,asian_handicap,Home +0.75,home,home@+0.75,+0.75,1.09,2026-08-21T14:32:46Z
2026-08-21T14:32:46Z,apifb374898,Liga Portugal 2,2026-08-21T19:15:00+00:00,Tondela,Académica Coimbra,apifb:1xBet,asian_handicap,Away +0.75,away,away@+0.75,+0.75,5.29,2026-08-21T14:32:46Z
2026-08-21T14:32:46Z,apifb374898,Liga Portugal 2,2026-08-21T19:15:00+00:00,Tondela,Académica Coimbra,apifb:1xBet,asian_handicap,Home -2,home,home@-2,-2,6.65,2026-08-21T14:32:46Z
2026-08-21T14:32:46Z,apifb374898,Liga Portugal 2,2026-08-21T19:15:00+00:00,Tondela,Académica Coimbra,apifb:1xBet,asian_handicap,Away -2,away,away@-2,-2,1.05,2026-08-21T14:32:46Z
2026-08-21T14:32:46Z,apifb374898,Liga Portugal 2,2026-08-21T19:15:00+00:00,Tondela,Académica Coimbra,apifb:1xBet,asian_handicap,Home +1,home,home@+1,+1,1.01,2026-08-21T14:32:46Z
2026-08-21T14:32:46Z,apifb374898,Liga Portugal 2,2026-08-21T19:15:00+00:00,Tondela,Académica Coimbra,apifb:1xBet,asian_handicap,Away +1,away,away@+1,+1,9.0,2026-08-21T14:32:46Z
2026-08-21T14:32:46Z,apifb374898,Liga Portugal 2,2026-08-21T19:15:00+00:00,Tondela,Académica Coimbra,apifb:1xBet,asian_handicap,Home -1.75,home,home@-1.75,-1.75,4.45,2026-08-21T14:32:46Z
2026-08-21T14:32:46Z,apifb374898,Liga Portugal 2,2026-08-21T19:15:00+00:00,Tondela,Académica Coimbra,apifb:1xBet,asian_handicap,Away -1.75,away,away@-1.75,-1.75,1.14,2026-08-21T14:32:46Z
2026-08-21T14:32:46Z,apifb374898,Liga Portugal 2,2026-08-21T19:15:00+00:00,Tondela,Académica Coimbra,apifb:1xBet,asian_handicap,Home -1.5,home,home@-1.5,-1.5,3.44,2026-08-21T14:32:46Z
2026-08-21T14:32:46Z,apifb374898,Liga Portugal 2,2026-08-21T19:15:00+00:00,Tondela,Académica Coimbra,apifb:1xBet,asian_handicap,Away -1.5,away,away@-1.5,-1.5,1.23,2026-08-21T14:32:46Z
2026-08-21T14:32:46Z,apifb374898,Liga Portugal 2,2026-08-21T19:15:00+00:00,Tondela,Académica Coimbra,apifb:1xBet,asian_handicap,Home +1.25,home,home@+1.25,+1.25,1.01,2026-08-21T14:32:46Z
2026-08-21T14:32:46Z,apifb374898,Liga Portugal 2,2026-08-21T19:15:00+00:00,Tondela,Académica Coimbra,apifb:1xBet,asian_handicap,Away +1.25,away,away@+1.25,+1.25,9.55,2026-08-21T14:32:46Z
2026-08-21T14:32:46Z,apifb374898,Liga Portugal 2,2026-08-21T19:15:00+00:00,Tondela,Académica Coimbra,apifb:1xBet,asian_handicap,Home +1.5,home,home@+1.5,+1.5,1.03,2026-08-21T14:32:46Z
2026-08-21T14:32:46Z,apifb374898,Liga Portugal 2,2026-08-21T19:15:00+00:00,Tondela,Académica Coimbra,apifb:1xBet,asian_handicap,Away +1.5,away,away@+1.5,+1.5,8.1,2026-08-21T14:32:46Z
2026-08-21T14:32:46Z,apifb374898,Liga Portugal 2,2026-08-21T19:15:00+00:00,Tondela,Académica Coimbra,apifb:1xBet,asian_handicap,Home -2.5,home,home@-2.5,-2.5,7.7,2026-08-21T14:32:46Z
2026-08-21T14:32:46Z,apifb374898,Liga Portugal 2,2026-08-21T19:15:00+00:00,Tondela,Académica Coimbra,apifb:1xBet,asian_handicap,Away -2.5,away,away@-2.5,-2.5,1.03,2026-08-21T14:32:46Z
2026-08-21T14:32:46Z,apifb374898,Liga Portugal 2,2026-08-21T19:15:00+00:00,Tondela,Académica Coimbra,apifb:1xBet,asian_handicap,Home -2.25,home,home@-2.25,-2.25,7.19,2026-08-21T14:32:46Z
2026-08-21T14:32:46Z,apifb374898,Liga Portugal 2,2026-08-21T19:15:00+00:00,Tondela,Académica Coimbra,apifb:1xBet,asian_handicap,Away -2.25,away,away@-2.25,-2.25,1.03,2026-08-21T14:32:46Z
2026-08-21T14:32:46Z,apifb374898,Liga Portugal 2,2026-08-21T19:15:00+00:00,Tondela,Académica Coimbra,apifb:1xBet,totals,Over 1.5,over,over@1.5,1.5,1.32,2026-08-21T14:32:46Z
2026-08-21T14:32:46Z,apifb374898,Liga Portugal 2,2026-08-21T19:15:00+00:00,Tondela,Académica Coimbra,apifb:1xBet,totals,Under 1.5,under,under@1.5,1.5,2.88,2026-08-21T14:32:46Z
2026-08-21T14:32:46Z,apifb374898,Liga Portugal 2,2026-08-21T19:15:00+00:00,Tondela,Académica Coimbra,apifb:1xBet,totals,Over 1.75,over,over@1.75,1.75,1.42,2026-08-21T14:32:46Z
2026-08-21T14:32:46Z,apifb374898,Liga Portugal 2,2026-08-21T19:15:00+00:00,Tondela,Académica Coimbra,apifb:1xBet,totals,Under 1.75,under,under@1.75,1.75,2.56,2026-08-21T14:32:46Z
2026-08-21T14:32:46Z,apifb374898,Liga Portugal 2,2026-08-21T19:15:00+00:00,Tondela,Académica Coimbra,apifb:1xBet,totals,Over 2.0,over,over@2.0,2.0,1.56,2026-08-21T14:32:46Z
2026-08-21T14:32:46Z,apifb374898,Liga Portugal 2,2026-08-21T19:15:00+00:00,Tondela,Académica Coimbra,apifb:1xBet,totals,Under 2.0,under,under@2.0,2.0,2.2,2026-08-21T14:32:46Z
2026-08-21T14:32:46Z,apifb374898,Liga Portugal 2,2026-08-21T19:15:00+00:00,Tondela,Académica Coimbra,apifb:1xBet,totals,Over 2.25,over,over@2.25,2.25,1.87,2026-08-21T14:32:46Z
2026-08-21T14:32:46Z,apifb374898,Liga Portugal 2,2026-08-21T19:15:00+00:00,Tondela,Académica Coimbra,apifb:1xBet,totals,Under 2.25,under,under@2.25,2.25,1.88,2026-08-21T14:32:46Z
2026-08-21T14:32:46Z,apifb374898,Liga Portugal 2,2026-08-21T19:15:00+00:00,Tondela,Académica Coimbra,apifb:1xBet,totals,Over 2.5,over,over@2.5,2.5,2.12,2026-08-21T14:32:46Z
2026-08-21T14:32:46Z,apifb374898,Liga Portugal 2,2026-08-21T19:15:00+00:00,Tondela,Académica Coimbra,apifb:1xBet,totals,Under 2.5,under,under@2.5,2.5,1.68,2026-08-21T14:32:46Z
2026-08-21T14:32:46Z,apifb374898,Liga Portugal 2,2026-08-21T19:15:00+00:00,Tondela,Académica Coimbra,apifb:1xBet,totals,Over 2.75,over,over@2.75,2.75,2.47,2026-08-21T14:32:46Z
2026-08-21T14:32:46Z,apifb374898,Liga Portugal 2,2026-08-21T19:15:00+00:00,Tondela,Académica Coimbra,apifb:1xBet,totals,Under 2.75,under,under@2.75,2.75,1.51,2026-08-21T14:32:46Z
2026-08-21T14:32:46Z,apifb374898,Liga Portugal 2,2026-08-21T19:15:00+00:00,Tondela,Académica Coimbra,apifb:1xBet,totals,Over 3.5,over,over@3.5,3.5,3.78,2026-08-21T14:32:46Z
2026-08-21T14:32:46Z,apifb374898,Liga Portugal 2,2026-08-21T19:15:00+00:00,Tondela,Académica Coimbra,apifb:1xBet,totals,Under 3.5,under,under@3.5,3.5,1.19,2026-08-21T14:32:46Z
2026-08-21T14:32:46Z,apifb374898,Liga Portugal 2,2026-08-21T19:15:00+00:00,Tondela,Académica Coimbra,apifb:1xBet,totals,Over 0.5,over,over@0.5,0.5,1.01,2026-08-21T14:32:46Z
2026-08-21T14:32:46Z,apifb374898,Liga Portugal 2,2026-08-21T19:15:00+00:00,Tondela,Académica Coimbra,apifb:1xBet,totals,Under 0.5,under,under@0.5,0.5,8.5,2026-08-21T14:32:46Z
2026-08-21T14:32:46Z,apifb374898,Liga Portugal 2,2026-08-21T19:15:00+00:00,Tondela,Académica Coimbra,apifb:1xBet,totals,Over 0.75,over,over@0.75,0.75,1.02,2026-08-21T14:32:46Z
2026-08-21T14:32:46Z,apifb374898,Liga Portugal 2,2026-08-21T19:15:00+00:00,Tondela,Académica Coimbra,apifb:1xBet,totals,Under 0.75,under,under@0.75,0.75,7.75,2026-08-21T14:32:46Z
2026-08-21T14:32:46Z,apifb374898,Liga Portugal 2,2026-08-21T19:15:00+00:00,Tondela,Académica Coimbra,apifb:1xBet,totals,Over 1.0,over,over@1.0,1.0,1.04,2026-08-21T14:32:46Z
2026-08-21T14:32:46Z,apifb374898,Liga Portugal 2,2026-08-21T19:15:00+00:00,Tondela,Académica Coimbra,apifb:1xBet,totals,Under 1.0,under,under@1.0,1.0,7.0,2026-08-21T14:32:46Z
2026-08-21T14:32:46Z,apifb374898,Liga Portugal 2,2026-08-21T19:15:00+00:00,Tondela,Académica Coimbra,apifb:1xBet,totals,Over 1.25,over,over@1.25,1.25,1.18,2026-08-21T14:32:46Z
2026-08-21T14:32:46Z,apifb374898,Liga Portugal 2,2026-08-21T19:15:00+00:00,Tondela,Académica Coimbra,apifb:1xBet,totals,Under 1.25,under,under@1.25,1.25,3.92,2026-08-21T14:32:46Z
2026-08-21T14:32:46Z,apifb374898,Liga Portugal 2,2026-08-21T19:15:00+00:00,Tondela,Académica Coimbra,apifb:1xBet,totals,Over 3.0,over,over@3.0,3.0,3.06,2026-08-21T14:32:46Z
2026-08-21T14:32:46Z,apifb374898,Liga Portugal 2,2026-08-21T19:15:00+00:00,Tondela,Académica Coimbra,apifb:1xBet,totals,Under 3.0,under,under@3.0,3.0,1.3,2026-08-21T14:32:46Z
2026-08-21T14:32:46Z,apifb374898,Liga Portugal 2,2026-08-21T19:15:00+00:00,Tondela,Académica Coimbra,apifb:1xBet,totals,Over 4.5,over,over@4.5,4.5,7.8,2026-08-21T14:32:46Z
2026-08-21T14:32:46Z,apifb374898,Liga Portugal 2,2026-08-21T19:15:00+00:00,Tondela,Académica Coimbra,apifb:1xBet,totals,Under 4.5,under,under@4.5,4.5,1.02,2026-08-21T14:32:46Z
2026-08-21T14:32:46Z,apifb374898,Liga Portugal 2,2026-08-21T19:15:00+00:00,Tondela,Académica Coimbra,apifb:1xBet,totals,Over 3.25,over,over@3.25,3.25,3.37,2026-08-21T14:32:46Z
2026-08-21T14:32:46Z,apifb374898,Liga Portugal 2,2026-08-21T19:15:00+00:00,Tondela,Académica Coimbra,apifb:1xBet,totals,Under 3.25,under,under@3.25,3.25,1.24,2026-08-21T14:32:46Z
2026-08-21T14:32:46Z,apifb374898,Liga Portugal 2,2026-08-21T19:15:00+00:00,Tondela,Académica Coimbra,apifb:1xBet,totals,Over 3.75,over,over@3.75,3.75,4.8,2026-08-21T14:32:46Z
2026-08-21T14:32:46Z,apifb374898,Liga Portugal 2,2026-08-21T19:15:00+00:00,Tondela,Académica Coimbra,apifb:1xBet,totals,Under 3.75,under,under@3.75,3.75,1.12,2026-08-21T14:32:46Z
2026-08-21T14:32:46Z,apifb374898,Liga Portugal 2,2026-08-21T19:15:00+00:00,Tondela,Académica Coimbra,apifb:1xBet,totals,Over 4.0,over,over@4.0,4.0,7.0,2026-08-21T14:32:46Z
2026-08-21T14:32:46Z,apifb374898,Liga Portugal 2,2026-08-21T19:15:00+00:00,Tondela,Académica Coimbra,apifb:1xBet,totals,Under 4.0,under,under@4.0,4.0,1.04,2026-08-21T14:32:46Z
2026-08-21T14:32:46Z,apifb374898,Liga Portugal 2,2026-08-21T19:15:00+00:00,Tondela,Académica Coimbra,apifb:1xBet,totals,Over 4.25,over,over@4.25,4.25,7.4,2026-08-21T14:32:46Z
2026-08-21T14:32:46Z,apifb374898,Liga Portugal 2,2026-08-21T19:15:00+00:00,Tondela,Académica Coimbra,apifb:1xBet,totals,Under 4.25,under,under@4.25,4.25,1.03,2026-08-21T14:32:46Z
2026-08-21T14:32:46Z,apifb374898,Liga Portugal 2,2026-08-21T19:15:00+00:00,Tondela,Académica Coimbra,apifb:1xBet,totals,Over 5.5,over,over@5.5,5.5,15.0,2026-08-21T14:32:46Z
2026-08-21T14:32:46Z,apifb374898,Liga Portugal 2,2026-08-21T19:15:00+00:00,Tondela,Académica Coimbra,apifb:1xBet,totals,Under 5.5,under,under@5.5,5.5,1.02,2026-08-21T14:32:46Z
2026-08-21T14:32:46Z,apifb374898,Liga Portugal 2,2026-08-21T19:15:00+00:00,Tondela,Académica Coimbra,apifb:1xBet,totals,Over 6.5,over,over@6.5,6.5,41.0,2026-08-21T14:32:46Z
2026-08-21T14:32:46Z,apifb374898,Liga Portugal 2,2026-08-21T19:15:00+00:00,Tondela,Académica Coimbra,apifb:1xBet,totals,Under 6.5,under,under@6.5,6.5,1.0,2026-08-21T14:32:46Z
2026-08-21T14:32:46Z,apifb374898,Liga Portugal 2,2026-08-21T19:15:00+00:00,Tondela,Académica Coimbra,apifb:Betano,h2h,Home,home,home,,1.95,2026-08-21T14:32:46Z
2026-08-21T14:32:46Z,apifb374898,Liga Portugal 2,2026-08-21T19:15:00+00:00,Tondela,Académica Coimbra,apifb:Betano,h2h,Draw,draw,draw,,3.35,2026-08-21T14:32:46Z
2026-08-21T14:32:46Z,apifb374898,Liga Portugal 2,2026-08-21T19:15:00+00:00,Tondela,Académica Coimbra,apifb:Betano,h2h,Away,away,away,,3.9,2026-08-21T14:32:46Z
2026-08-21T14:32:46Z,apifb374898,Liga Portugal 2,2026-08-21T19:15:00+00:00,Tondela,Académica Coimbra,apifb:Betano,asian_handicap,Home -1.25,home,home@-1.25,-1.25,2.9,2026-08-21T14:32:46Z
2026-08-21T14:32:46Z,apifb374898,Liga Portugal 2,2026-08-21T19:15:00+00:00,Tondela,Académica Coimbra,apifb:Betano,asian_handicap,Away -1.25,away,away@-1.25,-1.25,1.4,2026-08-21T14:32:46Z
2026-08-21T14:32:46Z,apifb374898,Liga Portugal 2,2026-08-21T19:15:00+00:00,Tondela,Académica Coimbra,apifb:Betano,asian_handicap,Home -1,home,home@-1,-1,2.77,2026-08-21T14:32:46Z
2026-08-21T14:32:46Z,apifb374898,Liga Portugal 2,2026-08-21T19:15:00+00:00,Tondela,Académica Coimbra,apifb:Betano,asian_handicap,Away -1,away,away@-1,-1,1.44,2026-08-21T14:32:46Z
2026-08-21T14:32:46Z,apifb374898,Liga Portugal 2,2026-08-21T19:15:00+00:00,Tondela,Académica Coimbra,apifb:Betano,asian_handicap,Home -0.75,home,home@-0.75,-0.75,2.2,2026-08-21T14:32:46Z
2026-08-21T14:32:46Z,apifb374898,Liga Portugal 2,2026-08-21T19:15:00+00:00,Tondela,Académica Coimbra,apifb:Betano,asian_handicap,Away -0.75,away,away@-0.75,-0.75,1.65,2026-08-21T14:32:46Z
2026-08-21T14:32:46Z,apifb374898,Liga Portugal 2,2026-08-21T19:15:00+00:00,Tondela,Académica Coimbra,apifb:Betano,asian_handicap,Home -0.5,home,home@-0.5,-0.5,1.91,2026-08-21T14:32:46Z
2026-08-21T14:32:46Z,apifb374898,Liga Portugal 2,2026-08-21T19:15:00+00:00,Tondela,Académica Coimbra,apifb:Betano,asian_handicap,Away -0.5,away,away@-0.5,-0.5,1.87,2026-08-21T14:32:46Z
2026-08-21T14:32:46Z,apifb374898,Liga Portugal 2,2026-08-21T19:15:00+00:00,Tondela,Académica Coimbra,apifb:Betano,asian_handicap,Home -0.25,home,home@-0.25,-0.25,1.67,2026-08-21T14:32:46Z
2026-08-21T14:32:46Z,apifb374898,Liga Portugal 2,2026-08-21T19:15:00+00:00,Tondela,Académica Coimbra,apifb:Betano,asian_handicap,Away -0.25,away,away@-0.25,-0.25,2.18,2026-08-21T14:32:46Z
2026-08-21T14:32:46Z,apifb374898,Liga Portugal 2,2026-08-21T19:15:00+00:00,Tondela,Académica Coimbra,apifb:Betano,totals,Over 1.5,over,over@1.5,1.5,1.36,2026-08-21T14:32:46Z
2026-08-21T14:32:46Z,apifb374898,Liga Portugal 2,2026-08-21T19:15:00+00:00,Tondela,Académica Coimbra,apifb:Betano,totals,Under 1.5,under,under@1.5,1.5,2.95,2026-08-21T14:32:46Z
2026-08-21T14:32:46Z,apifb374898,Liga Portugal 2,2026-08-21T19:15:00+00:00,Tondela,Académica Coimbra,apifb:Betano,totals,Over 1.75,over,over@1.75,1.75,1.45,2026-08-21T14:32:46Z
2026-08-21T14:32:46Z,apifb374898,Liga Portugal 2,2026-08-21T19:15:00+00:00,Tondela,Académica Coimbra,apifb:Betano,totals,Under 1.75,under,under@1.75,1.75,2.67,2026-08-21T14:32:46Z
2026-08-21T14:32:46Z,apifb374898,Liga Portugal 2,2026-08-21T19:15:00+00:00,Tondela,Académica Coimbra,apifb:Betano,totals,Over 2.0,over,over@2.0,2.0,1.6,2026-08-21T14:32:46Z
2026-08-21T14:32:46Z,apifb374898,Liga Portugal 2,2026-08-21T19:15:00+00:00,Tondela,Académica Coimbra,apifb:Betano,totals,Under 2.0,under,under@2.0,2.0,2.32,2026-08-21T14:32:46Z
2026-08-21T14:32:46Z,apifb374898,Liga Portugal 2,2026-08-21T19:15:00+00:00,Tondela,Académica Coimbra,apifb:Betano,totals,Over 2.25,over,over@2.25,2.25,1.85,2026-08-21T14:32:46Z
2026-08-21T14:32:46Z,apifb374898,Liga Portugal 2,2026-08-21T19:15:00+00:00,Tondela,Académica Coimbra,apifb:Betano,totals,Under 2.25,under,under@2.25,2.25,1.93,2026-08-21T14:32:46Z
2026-08-21T14:32:46Z,apifb374898,Liga Portugal 2,2026-08-21T19:15:00+00:00,Tondela,Académica Coimbra,apifb:Betano,totals,Over 2.5,over,over@2.5,2.5,2.1,2026-08-21T14:32:46Z
2026-08-21T14:32:46Z,apifb374898,Liga Portugal 2,2026-08-21T19:15:00+00:00,Tondela,Académica Coimbra,apifb:Betano,totals,Under 2.5,under,under@2.5,2.5,1.72,2026-08-21T14:32:46Z
2026-08-21T14:32:46Z,apifb374898,Liga Portugal 2,2026-08-21T19:15:00+00:00,Tondela,Académica Coimbra,apifb:Betano,totals,Over 2.75,over,over@2.75,2.75,2.4,2026-08-21T14:32:46Z
2026-08-21T14:32:46Z,apifb374898,Liga Portugal 2,2026-08-21T19:15:00+00:00,Tondela,Académica Coimbra,apifb:Betano,totals,Under 2.75,under,under@2.75,2.75,1.55,2026-08-21T14:32:46Z
2026-08-21T14:32:46Z,apifb374898,Liga Portugal 2,2026-08-21T19:15:00+00:00,Tondela,Académica Coimbra,apifb:Betano,totals,Over 3.5,over,over@3.5,3.5,3.55,2026-08-21T14:32:46Z
2026-08-21T14:32:46Z,apifb374898,Liga Portugal 2,2026-08-21T19:15:00+00:00,Tondela,Académica Coimbra,apifb:Betano,totals,Under 3.5,under,under@3.5,3.5,1.27,2026-08-21T14:32:46Z
2026-08-21T14:32:46Z,apifb374898,Liga Portugal 2,2026-08-21T19:15:00+00:00,Tondela,Académica Coimbra,apifb:Betano,totals,Over 0.5,over,over@0.5,0.5,1.08,2026-08-21T14:32:46Z
2026-08-21T14:32:46Z,apifb374898,Liga Portugal 2,2026-08-21T19:15:00+00:00,Tondela,Académica Coimbra,apifb:Betano,totals,Under 0.5,under,under@0.5,0.5,7.0,2026-08-21T14:32:46Z
2026-08-21T14:32:46Z,apifb374898,Liga Portugal 2,2026-08-21T19:15:00+00:00,Tondela,Académica Coimbra,apifb:Betano,totals,Over 4.5,over,over@4.5,4.5,6.4,2026-08-21T14:32:46Z
2026-08-21T14:32:46Z,apifb374898,Liga Portugal 2,2026-08-21T19:15:00+00:00,Tondela,Académica Coimbra,apifb:Betano,totals,Under 4.5,under,under@4.5,4.5,1.1,2026-08-21T14:32:46Z
2026-08-21T14:32:46Z,apifb374898,Liga Portugal 2,2026-08-21T19:15:00+00:00,Tondela,Académica Coimbra,apifb:Betano,totals,Over 5.5,over,over@5.5,5.5,10.0,2026-08-21T14:32:46Z
2026-08-21T14:32:46Z,apifb374898,Liga Portugal 2,2026-08-21T19:15:00+00:00,Tondela,Académica Coimbra,apifb:Betano,totals,Under 5.5,under,under@5.5,5.5,1.03,2026-08-21T14:32:46Z
2026-08-21T14:32:46Z,apifb374898,Liga Portugal 2,2026-08-21T19:15:00+00:00,Tondela,Académica Coimbra,apifb:Superbet,h2h,Home,home,home,,1.92,2026-08-21T14:32:46Z
2026-08-21T14:32:46Z,apifb374898,Liga Portugal 2,2026-08-21T19:15:00+00:00,Tondela,Académica Coimbra,apifb:Superbet,h2h,Draw,draw,draw,,3.4,2026-08-21T14:32:46Z
2026-08-21T14:32:46Z,apifb374898,Liga Portugal 2,2026-08-21T19:15:00+00:00,Tondela,Académica Coimbra,apifb:Superbet,h2h,Away,away,away,,3.9,2026-08-21T14:32:46Z
2026-08-21T14:32:46Z,apifb374898,Liga Portugal 2,2026-08-21T19:15:00+00:00,Tondela,Académica Coimbra,apifb:Superbet,asian_handicap,Home -0.5,home,home@-0.5,-0.5,1.87,2026-08-21T14:32:46Z
2026-08-21T14:32:46Z,apifb374898,Liga Portugal 2,2026-08-21T19:15:00+00:00,Tondela,Académica Coimbra,apifb:Superbet,asian_handicap,Away -0.5,away,away@-0.5,-0.5,1.85,2026-08-21T14:32:46Z
2026-08-21T14:32:46Z,apifb374898,Liga Portugal 2,2026-08-21T19:15:00+00:00,Tondela,Académica Coimbra,apifb:Superbet,asian_handicap,Home +0.5,home,home@+0.5,+0.5,1.24,2026-08-21T14:32:46Z
2026-08-21T14:32:46Z,apifb374898,Liga Portugal 2,2026-08-21T19:15:00+00:00,Tondela,Académica Coimbra,apifb:Superbet,asian_handicap,Away +0.5,away,away@+0.5,+0.5,3.7,2026-08-21T14:32:46Z
2026-08-21T14:32:46Z,apifb374898,Liga Portugal 2,2026-08-21T19:15:00+00:00,Tondela,Académica Coimbra,apifb:Superbet,asian_handicap,Home -1.5,home,home@-1.5,-1.5,3.45,2026-08-21T14:32:46Z
2026-08-21T14:32:46Z,apifb374898,Liga Portugal 2,2026-08-21T19:15:00+00:00,Tondela,Académica Coimbra,apifb:Superbet,asian_handicap,Away -1.5,away,away@-1.5,-1.5,1.27,2026-08-21T14:32:46Z
2026-08-21T14:32:46Z,apifb374898,Liga Portugal 2,2026-08-21T19:15:00+00:00,Tondela,Académica Coimbra,apifb:Superbet,asian_handicap,Home +1.5,home,home@+1.5,+1.5,1.05,2026-08-21T14:32:46Z
2026-08-21T14:32:46Z,apifb374898,Liga Portugal 2,2026-08-21T19:15:00+00:00,Tondela,Académica Coimbra,apifb:Superbet,asian_handicap,Away +1.5,away,away@+1.5,+1.5,8.3,2026-08-21T14:32:46Z
2026-08-21T14:32:46Z,apifb374898,Liga Portugal 2,2026-08-21T19:15:00+00:00,Tondela,Académica Coimbra,apifb:Superbet,asian_handicap,Home -2.5,home,home@-2.5,-2.5,7.1,2026-08-21T14:32:46Z
2026-08-21T14:32:46Z,apifb374898,Liga Portugal 2,2026-08-21T19:15:00+00:00,Tondela,Académica Coimbra,apifb:Superbet,asian_handicap,Away -2.5,away,away@-2.5,-2.5,1.06,2026-08-21T14:32:46Z
2026-08-21T14:32:46Z,apifb374898,Liga Portugal 2,2026-08-21T19:15:00+00:00,Tondela,Académica Coimbra,apifb:Superbet,totals,Over 1.5,over,over@1.5,1.5,1.35,2026-08-21T14:32:46Z
2026-08-21T14:32:46Z,apifb374898,Liga Portugal 2,2026-08-21T19:15:00+00:00,Tondela,Académica Coimbra,apifb:Superbet,totals,Under 1.5,under,under@1.5,1.5,2.95,2026-08-21T14:32:46Z
2026-08-21T14:32:46Z,apifb374898,Liga Portugal 2,2026-08-21T19:15:00+00:00,Tondela,Académica Coimbra,apifb:Superbet,totals,Over 2.5,over,over@2.5,2.5,2.07,2026-08-21T14:32:46Z
2026-08-21T14:32:46Z,apifb374898,Liga Portugal 2,2026-08-21T19:15:00+00:00,Tondela,Académica Coimbra,apifb:Superbet,totals,Under 2.5,under,under@2.5,2.5,1.67,2026-08-21T14:32:46Z
2026-08-21T14:32:46Z,apifb374898,Liga Portugal 2,2026-08-21T19:15:00+00:00,Tondela,Académica Coimbra,apifb:Superbet,totals,Over 3.5,over,over@3.5,3.5,3.7,2026-08-21T14:32:46Z
2026-08-21T14:32:46Z,apifb374898,Liga Portugal 2,2026-08-21T19:15:00+00:00,Tondela,Académica Coimbra,apifb:Superbet,totals,Under 3.5,under,under@3.5,3.5,1.24,2026-08-21T14:32:46Z
2026-08-21T14:32:46Z,apifb374898,Liga Portugal 2,2026-08-21T19:15:00+00:00,Tondela,Académica Coimbra,apifb:Superbet,totals,Over 0.5,over,over@0.5,0.5,1.05,2026-08-21T14:32:46Z
2026-08-21T14:32:46Z,apifb374898,Liga Portugal 2,2026-08-21T19:15:00+00:00,Tondela,Académica Coimbra,apifb:Superbet,totals,Under 0.5,under,under@0.5,0.5,7.7,2026-08-21T14:32:46Z
2026-08-21T14:32:46Z,apifb374898,Liga Portugal 2,2026-08-21T19:15:00+00:00,Tondela,Académica Coimbra,apifb:Superbet,totals,Over 4.5,over,over@4.5,4.5,7.1,2026-08-21T14:32:46Z
2026-08-21T14:32:46Z,apifb374898,Liga Portugal 2,2026-08-21T19:15:00+00:00,Tondela,Académica Coimbra,apifb:Superbet,totals,Under 4.5,under,under@4.5,4.5,1.07,2026-08-21T14:32:46Z
2026-08-21T14:32:46Z,apifb374898,Liga Portugal 2,2026-08-21T19:15:00+00:00,Tondela,Académica Coimbra,apifb:Superbet,totals,Over 5.5,over,over@5.5,5.5,15.0,2026-08-21T14:32:46Z
2026-08-21T14:32:46Z,apifb374898,Liga Portugal 2,2026-08-21T19:15:00+00:00,Tondela,Académica Coimbra,apifb:Superbet,totals,Under 5.5,under,under@5.5,5.5,1.01,2026-08-21T14:32:46Z
2026-08-21T14:32:46Z,apifb374898,Liga Portugal 2,2026-08-21T19:15:00+00:00,Tondela,Académica Coimbra,apifb:Superbet,totals,Over 6.5,over,over@6.5,6.5,32.0,2026-08-21T14:32:46Z
2026-08-21T14:32:46Z,apifb374898,Liga Portugal 2,2026-08-21T19:15:00+00:00,Tondela,Académica Coimbra,apifb:Superbet,totals,Under 6.5,under,under@6.5,6.5,1.0,2026-08-21T14:32:46Z
2026-08-21T14:32:46Z,apifb374898,Liga Portugal 2,2026-08-21T19:15:00+00:00,Tondela,Académica Coimbra,apifb:888Sport,h2h,Home,home,home,,1.91,2026-08-21T14:32:46Z
2026-08-21T14:32:46Z,apifb374898,Liga Portugal 2,2026-08-21T19:15:00+00:00,Tondela,Académica Coimbra,apifb:888Sport,h2h,Draw,draw,draw,,3.1,2026-08-21T14:32:46Z
2026-08-21T14:32:46Z,apifb374898,Liga Portugal 2,2026-08-21T19:15:00+00:00,Tondela,Académica Coimbra,apifb:888Sport,h2h,Away,away,away,,3.7,2026-08-21T14:32:46Z
2026-08-21T14:32:46Z,apifb374898,Liga Portugal 2,2026-08-21T19:15:00+00:00,Tondela,Académica Coimbra,apifb:888Sport,totals,Over 1.5,over,over@1.5,1.5,1.33,2026-08-21T14:32:46Z
2026-08-21T14:32:46Z,apifb374898,Liga Portugal 2,2026-08-21T19:15:00+00:00,Tondela,Académica Coimbra,apifb:888Sport,totals,Under 1.5,under,under@1.5,1.5,3.0,2026-08-21T14:32:46Z
2026-08-21T14:32:46Z,apifb374898,Liga Portugal 2,2026-08-21T19:15:00+00:00,Tondela,Académica Coimbra,apifb:888Sport,totals,Over 2.5,over,over@2.5,2.5,2.05,2026-08-21T14:32:46Z
2026-08-21T14:32:46Z,apifb374898,Liga Portugal 2,2026-08-21T19:15:00+00:00,Tondela,Académica Coimbra,apifb:888Sport,totals,Under 2.5,under,under@2.5,2.5,1.67,2026-08-21T14:32:46Z
2026-08-21T14:32:46Z,apifb374898,Liga Portugal 2,2026-08-21T19:15:00+00:00,Tondela,Académica Coimbra,apifb:888Sport,totals,Over 3.5,over,over@3.5,3.5,3.8,2026-08-21T14:32:46Z
2026-08-21T14:32:46Z,apifb374898,Liga Portugal 2,2026-08-21T19:15:00+00:00,Tondela,Académica Coimbra,apifb:888Sport,totals,Under 3.5,under,under@3.5,3.5,1.22,2026-08-21T14:32:46Z
2026-08-21T14:32:46Z,apifb374898,Liga Portugal 2,2026-08-21T19:15:00+00:00,Tondela,Académica Coimbra,apifb:888Sport,totals,Over 0.5,over,over@0.5,0.5,1.06,2026-08-21T14:32:46Z
2026-08-21T14:32:46Z,apifb374898,Liga Portugal 2,2026-08-21T19:15:00+00:00,Tondela,Académica Coimbra,apifb:888Sport,totals,Under 0.5,under,under@0.5,0.5,8.5,2026-08-21T14:32:46Z
2026-08-21T14:32:46Z,apifb374898,Liga Portugal 2,2026-08-21T19:15:00+00:00,Tondela,Académica Coimbra,apifb:888Sport,totals,Over 4.5,over,over@4.5,4.5,7.5,2026-08-21T14:32:46Z
2026-08-21T14:32:46Z,apifb374898,Liga Portugal 2,2026-08-21T19:15:00+00:00,Tondela,Académica Coimbra,apifb:888Sport,totals,Under 4.5,under,under@4.5,4.5,1.06,2026-08-21T14:32:46Z
2026-08-21T14:32:46Z,apifb374898,Liga Portugal 2,2026-08-21T19:15:00+00:00,Tondela,Académica Coimbra,apifb:888Sport,totals,Over 5.5,over,over@5.5,5.5,17.0,2026-08-21T14:32:46Z
2026-08-21T14:32:46Z,apifb374898,Liga Portugal 2,2026-08-21T19:15:00+00:00,Tondela,Académica Coimbra,apifb:888Sport,totals,Under 5.5,under,under@5.5,5.5,1.02,2026-08-21T14:32:46Z
2026-08-21T14:32:46Z,apifb374898,Liga Portugal 2,2026-08-21T19:15:00+00:00,Tondela,Académica Coimbra,apifb:Dafabet,h2h,Home,home,home,,1.93,2026-08-21T14:32:46Z
2026-08-21T14:32:46Z,apifb374898,Liga Portugal 2,2026-08-21T19:15:00+00:00,Tondela,Académica Coimbra,apifb:Dafabet,h2h,Draw,draw,draw,,3.5,2026-08-21T14:32:46Z
2026-08-21T14:32:46Z,apifb374898,Liga Portugal 2,2026-08-21T19:15:00+00:00,Tondela,Académica Coimbra,apifb:Dafabet,h2h,Away,away,away,,4.1,2026-08-21T14:32:46Z
2026-08-21T14:32:46Z,580488,Ligue 2,2026-08-21T18:00:00Z,Clermont Foot,Dijon,betway,h2h,Clermont,home,home,,2.8,2026-08-21T14:32:54Z
2026-08-21T14:32:46Z,580488,Ligue 2,2026-08-21T18:00:00Z,Clermont Foot,Dijon,betway,h2h,Dijon,away,away,,2.5,2026-08-21T14:32:54Z
2026-08-21T14:32:46Z,580488,Ligue 2,2026-08-21T18:00:00Z,Clermont Foot,Dijon,betway,h2h,Draw,draw,draw,,3.2,2026-08-21T14:32:54Z
2026-08-21T14:32:46Z,580488,Ligue 2,2026-08-21T18:00:00Z,Clermont Foot,Dijon,betonlineag,h2h,Clermont,home,home,,2.92,2026-08-21T14:32:31Z
2026-08-21T14:32:46Z,580488,Ligue 2,2026-08-21T18:00:00Z,Clermont Foot,Dijon,betonlineag,h2h,Dijon,away,away,,2.5,2026-08-21T14:32:31Z
2026-08-21T14:32:46Z,580488,Ligue 2,2026-08-21T18:00:00Z,Clermont Foot,Dijon,betonlineag,h2h,Draw,draw,draw,,3.15,2026-08-21T14:32:31Z
2026-08-21T14:32:46Z,580488,Ligue 2,2026-08-21T18:00:00Z,Clermont Foot,Dijon,betonlineag,spreads,Clermont,home,home@0.0,0,2.08,2026-08-21T14:32:31Z
2026-08-21T14:32:46Z,580488,Ligue 2,2026-08-21T18:00:00Z,Clermont Foot,Dijon,betonlineag,spreads,Dijon,away,away@0.0,0,1.78,2026-08-21T14:32:31Z
2026-08-21T14:32:46Z,580488,Ligue 2,2026-08-21T18:00:00Z,Clermont Foot,Dijon,betonlineag,totals,Over,over,over@2.25,2.25,1.87,2026-08-21T14:32:31Z
2026-08-21T14:32:46Z,580488,Ligue 2,2026-08-21T18:00:00Z,Clermont Foot,Dijon,betonlineag,totals,Under,under,under@2.25,2.25,1.95,2026-08-21T14:32:31Z
2026-08-21T14:32:46Z,580488,Ligue 2,2026-08-21T18:00:00Z,Clermont Foot,Dijon,lowvig,h2h,Clermont,home,home,,2.92,2026-08-21T14:31:17Z
2026-08-21T14:32:46Z,580488,Ligue 2,2026-08-21T18:00:00Z,Clermont Foot,Dijon,lowvig,h2h,Dijon,away,away,,2.5,2026-08-21T14:31:17Z
2026-08-21T14:32:46Z,580488,Ligue 2,2026-08-21T18:00:00Z,Clermont Foot,Dijon,lowvig,h2h,Draw,draw,draw,,3.15,2026-08-21T14:31:17Z
2026-08-21T14:32:46Z,580488,Ligue 2,2026-08-21T18:00:00Z,Clermont Foot,Dijon,lowvig,spreads,Clermont,home,home@0.0,0,2.08,2026-08-21T14:31:17Z
2026-08-21T14:32:46Z,580488,Ligue 2,2026-08-21T18:00:00Z,Clermont Foot,Dijon,lowvig,spreads,Dijon,away,away@0.0,0,1.78,2026-08-21T14:31:17Z
2026-08-21T14:32:46Z,580488,Ligue 2,2026-08-21T18:00:00Z,Clermont Foot,Dijon,lowvig,totals,Over,over,over@2.25,2.25,1.87,2026-08-21T14:31:17Z
2026-08-21T14:32:46Z,580488,Ligue 2,2026-08-21T18:00:00Z,Clermont Foot,Dijon,lowvig,totals,Under,under,under@2.25,2.25,1.95,2026-08-21T14:31:17Z
2026-08-21T14:32:46Z,580488,Ligue 2,2026-08-21T18:00:00Z,Clermont Foot,Dijon,ladbrokes_uk,h2h,Clermont,home,home,,2.62,2026-08-21T14:32:31Z
2026-08-21T14:32:46Z,580488,Ligue 2,2026-08-21T18:00:00Z,Clermont Foot,Dijon,ladbrokes_uk,h2h,Dijon,away,away,,2.4,2026-08-21T14:32:31Z
2026-08-21T14:32:46Z,580488,Ligue 2,2026-08-21T18:00:00Z,Clermont Foot,Dijon,ladbrokes_uk,h2h,Draw,draw,draw,,3.0,2026-08-21T14:32:31Z
2026-08-21T14:32:46Z,580488,Ligue 2,2026-08-21T18:00:00Z,Clermont Foot,Dijon,unibet_fr,h2h,Clermont,home,home,,2.75,2026-08-21T14:32:02Z
2026-08-21T14:32:46Z,580488,Ligue 2,2026-08-21T18:00:00Z,Clermont Foot,Dijon,unibet_fr,h2h,Dijon,away,away,,2.5,2026-08-21T14:32:02Z
2026-08-21T14:32:46Z,580488,Ligue 2,2026-08-21T18:00:00Z,Clermont Foot,Dijon,unibet_fr,h2h,Draw,draw,draw,,3.3,2026-08-21T14:32:02Z
2026-08-21T14:32:46Z,580488,Ligue 2,2026-08-21T18:00:00Z,Clermont Foot,Dijon,unibet_uk,h2h,Clermont,home,home,,2.8,2026-08-21T14:32:33Z
2026-08-21T14:32:46Z,580488,Ligue 2,2026-08-21T18:00:00Z,Clermont Foot,Dijon,unibet_uk,h2h,Dijon,away,away,,2.55,2026-08-21T14:32:33Z
2026-08-21T14:32:46Z,580488,Ligue 2,2026-08-21T18:00:00Z,Clermont Foot,Dijon,unibet_uk,h2h,Draw,draw,draw,,3.2,2026-08-21T14:32:33Z
2026-08-21T14:32:46Z,580488,Ligue 2,2026-08-21T18:00:00Z,Clermont Foot,Dijon,winamax_fr,h2h,Clermont,home,home,,2.7,2026-08-21T14:32:04Z
2026-08-21T14:32:46Z,580488,Ligue 2,2026-08-21T18:00:00Z,Clermont Foot,Dijon,winamax_fr,h2h,Dijon,away,away,,2.5,2026-08-21T14:32:04Z
2026-08-21T14:32:46Z,580488,Ligue 2,2026-08-21T18:00:00Z,Clermont Foot,Dijon,winamax_fr,h2h,Draw,draw,draw,,3.2,2026-08-21T14:32:04Z
2026-08-21T14:32:46Z,580488,Ligue 2,2026-08-21T18:00:00Z,Clermont Foot,Dijon,winamax_de,h2h,Clermont,home,home,,2.7,2026-08-21T14:32:05Z
2026-08-21T14:32:46Z,580488,Ligue 2,2026-08-21T18:00:00Z,Clermont Foot,Dijon,winamax_de,h2h,Dijon,away,away,,2.5,2026-08-21T14:32:05Z
2026-08-21T14:32:46Z,580488,Ligue 2,2026-08-21T18:00:00Z,Clermont Foot,Dijon,winamax_de,h2h,Draw,draw,draw,,3.2,2026-08-21T14:32:05Z
2026-08-21T14:32:46Z,580488,Ligue 2,2026-08-21T18:00:00Z,Clermont Foot,Dijon,nordicbet,h2h,Clermont,home,home,,2.75,2026-08-21T14:31:17Z
2026-08-21T14:32:46Z,580488,Ligue 2,2026-08-21T18:00:00Z,Clermont Foot,Dijon,nordicbet,h2h,Dijon,away,away,,2.45,2026-08-21T14:31:17Z
2026-08-21T14:32:46Z,580488,Ligue 2,2026-08-21T18:00:00Z,Clermont Foot,Dijon,nordicbet,h2h,Draw,draw,draw,,3.1,2026-08-21T14:31:17Z
2026-08-21T14:32:46Z,580488,Ligue 2,2026-08-21T18:00:00Z,Clermont Foot,Dijon,nordicbet,totals,Over,over,over@2.5,2.50,2.08,2026-08-21T14:31:17Z
2026-08-21T14:32:46Z,580488,Ligue 2,2026-08-21T18:00:00Z,Clermont Foot,Dijon,nordicbet,totals,Under,under,under@2.5,2.50,1.68,2026-08-21T14:31:17Z
2026-08-21T14:32:46Z,580488,Ligue 2,2026-08-21T18:00:00Z,Clermont Foot,Dijon,betsson,h2h,Clermont,home,home,,2.75,2026-08-21T14:32:31Z
2026-08-21T14:32:46Z,580488,Ligue 2,2026-08-21T18:00:00Z,Clermont Foot,Dijon,betsson,h2h,Dijon,away,away,,2.45,2026-08-21T14:32:31Z
2026-08-21T14:32:46Z,580488,Ligue 2,2026-08-21T18:00:00Z,Clermont Foot,Dijon,betsson,h2h,Draw,draw,draw,,3.1,2026-08-21T14:32:31Z
2026-08-21T14:32:46Z,580488,Ligue 2,2026-08-21T18:00:00Z,Clermont Foot,Dijon,betsson,totals,Over,over,over@2.5,2.50,2.08,2026-08-21T14:32:31Z
2026-08-21T14:32:46Z,580488,Ligue 2,2026-08-21T18:00:00Z,Clermont Foot,Dijon,betsson,totals,Under,under,under@2.5,2.50,1.68,2026-08-21T14:32:31Z
2026-08-21T14:32:46Z,580488,Ligue 2,2026-08-21T18:00:00Z,Clermont Foot,Dijon,betfred_uk,h2h,Clermont,home,home,,2.62,2026-08-21T14:32:33Z
2026-08-21T14:32:46Z,580488,Ligue 2,2026-08-21T18:00:00Z,Clermont Foot,Dijon,betfred_uk,h2h,Dijon,away,away,,2.5,2026-08-21T14:32:33Z
2026-08-21T14:32:46Z,580488,Ligue 2,2026-08-21T18:00:00Z,Clermont Foot,Dijon,betfred_uk,h2h,Draw,draw,draw,,3.2,2026-08-21T14:32:33Z
2026-08-21T14:32:46Z,580488,Ligue 2,2026-08-21T18:00:00Z,Clermont Foot,Dijon,skybet,h2h,Clermont,home,home,,2.7,2026-08-21T14:32:32Z
2026-08-21T14:32:46Z,580488,Ligue 2,2026-08-21T18:00:00Z,Clermont Foot,Dijon,skybet,h2h,Dijon,away,away,,2.38,2026-08-21T14:32:32Z
2026-08-21T14:32:46Z,580488,Ligue 2,2026-08-21T18:00:00Z,Clermont Foot,Dijon,skybet,h2h,Draw,draw,draw,,3.0,2026-08-21T14:32:32Z
2026-08-21T14:32:46Z,580488,Ligue 2,2026-08-21T18:00:00Z,Clermont Foot,Dijon,coral,h2h,Clermont,home,home,,2.62,2026-08-21T14:31:38Z
2026-08-21T14:32:46Z,580488,Ligue 2,2026-08-21T18:00:00Z,Clermont Foot,Dijon,coral,h2h,Dijon,away,away,,2.4,2026-08-21T14:31:38Z
2026-08-21T14:32:46Z,580488,Ligue 2,2026-08-21T18:00:00Z,Clermont Foot,Dijon,coral,h2h,Draw,draw,draw,,3.0,2026-08-21T14:31:38Z
2026-08-21T14:32:46Z,580488,Ligue 2,2026-08-21T18:00:00Z,Clermont Foot,Dijon,paddypower,h2h,Clermont,home,home,,2.75,2026-08-21T14:32:32Z
2026-08-21T14:32:46Z,580488,Ligue 2,2026-08-21T18:00:00Z,Clermont Foot,Dijon,paddypower,h2h,Dijon,away,away,,2.4,2026-08-21T14:32:32Z
2026-08-21T14:32:46Z,580488,Ligue 2,2026-08-21T18:00:00Z,Clermont Foot,Dijon,paddypower,h2h,Draw,draw,draw,,3.1,2026-08-21T14:32:32Z
2026-08-21T14:32:46Z,580488,Ligue 2,2026-08-21T18:00:00Z,Clermont Foot,Dijon,betmgm,h2h,Clermont,home,home,,2.75,2026-08-21T14:32:31Z
2026-08-21T14:32:46Z,580488,Ligue 2,2026-08-21T18:00:00Z,Clermont Foot,Dijon,betmgm,h2h,Dijon,away,away,,2.5,2026-08-21T14:32:31Z
2026-08-21T14:32:46Z,580488,Ligue 2,2026-08-21T18:00:00Z,Clermont Foot,Dijon,betmgm,h2h,Draw,draw,draw,,3.2,2026-08-21T14:32:31Z
2026-08-21T14:32:46Z,580488,Ligue 2,2026-08-21T18:00:00Z,Clermont Foot,Dijon,betmgm,totals,Over,over,over@2.5,2.50,2.1,2026-08-21T14:32:31Z
2026-08-21T14:32:46Z,580488,Ligue 2,2026-08-21T18:00:00Z,Clermont Foot,Dijon,betmgm,totals,Under,under,under@2.5,2.50,1.65,2026-08-21T14:32:31Z
2026-08-21T14:32:46Z,580488,Ligue 2,2026-08-21T18:00:00Z,Clermont Foot,Dijon,fanduel,h2h,Clermont,home,home,,2.8,2026-08-21T14:31:16Z
2026-08-21T14:32:46Z,580488,Ligue 2,2026-08-21T18:00:00Z,Clermont Foot,Dijon,fanduel,h2h,Dijon,away,away,,2.45,2026-08-21T14:31:16Z
2026-08-21T14:32:46Z,580488,Ligue 2,2026-08-21T18:00:00Z,Clermont Foot,Dijon,fanduel,h2h,Draw,draw,draw,,3.2,2026-08-21T14:31:16Z
2026-08-21T14:32:46Z,580488,Ligue 2,2026-08-21T18:00:00Z,Clermont Foot,Dijon,betclic_fr,h2h,Clermont,home,home,,2.82,2026-08-21T14:30:42Z
2026-08-21T14:32:46Z,580488,Ligue 2,2026-08-21T18:00:00Z,Clermont Foot,Dijon,betclic_fr,h2h,Dijon,away,away,,2.47,2026-08-21T14:30:42Z
2026-08-21T14:32:46Z,580488,Ligue 2,2026-08-21T18:00:00Z,Clermont Foot,Dijon,betclic_fr,h2h,Draw,draw,draw,,3.32,2026-08-21T14:30:42Z
2026-08-21T14:32:46Z,580488,Ligue 2,2026-08-21T18:00:00Z,Clermont Foot,Dijon,smarkets,h2h,Clermont,home,home,,2.96,2026-08-21T14:32:32Z
2026-08-21T14:32:46Z,580488,Ligue 2,2026-08-21T18:00:00Z,Clermont Foot,Dijon,smarkets,h2h,Dijon,away,away,,2.66,2026-08-21T14:32:32Z
2026-08-21T14:32:46Z,580488,Ligue 2,2026-08-21T18:00:00Z,Clermont Foot,Dijon,smarkets,h2h,Draw,draw,draw,,3.4,2026-08-21T14:32:32Z
2026-08-21T14:32:46Z,580488,Ligue 2,2026-08-21T18:00:00Z,Clermont Foot,Dijon,smarkets,h2h_lay,Clermont,h2h_lay,h2h_lay,,3.05,2026-08-21T14:32:32Z
2026-08-21T14:32:46Z,580488,Ligue 2,2026-08-21T18:00:00Z,Clermont Foot,Dijon,smarkets,h2h_lay,Dijon,h2h_lay,h2h_lay,,2.68,2026-08-21T14:32:32Z
2026-08-21T14:32:46Z,580488,Ligue 2,2026-08-21T18:00:00Z,Clermont Foot,Dijon,smarkets,h2h_lay,Draw,h2h_lay,h2h_lay,,3.45,2026-08-21T14:32:32Z
2026-08-21T14:32:46Z,580488,Ligue 2,2026-08-21T18:00:00Z,Clermont Foot,Dijon,onexbet,h2h,Clermont,home,home,,2.76,2026-08-21T14:31:17Z
2026-08-21T14:32:46Z,580488,Ligue 2,2026-08-21T18:00:00Z,Clermont Foot,Dijon,onexbet,h2h,Dijon,away,away,,2.5,2026-08-21T14:31:17Z
2026-08-21T14:32:46Z,580488,Ligue 2,2026-08-21T18:00:00Z,Clermont Foot,Dijon,onexbet,h2h,Draw,draw,draw,,3.22,2026-08-21T14:31:17Z
2026-08-21T14:32:46Z,580488,Ligue 2,2026-08-21T18:00:00Z,Clermont Foot,Dijon,onexbet,spreads,Clermont,home,home@0.0,0,1.96,2026-08-21T14:31:17Z
2026-08-21T14:32:46Z,580488,Ligue 2,2026-08-21T18:00:00Z,Clermont Foot,Dijon,onexbet,spreads,Dijon,away,away@0.0,0,1.79,2026-08-21T14:31:17Z
2026-08-21T14:32:46Z,580488,Ligue 2,2026-08-21T18:00:00Z,Clermont Foot,Dijon,onexbet,totals,Over,over,over@2.5,2.50,2.01,2026-08-21T14:31:17Z
2026-08-21T14:32:46Z,580488,Ligue 2,2026-08-21T18:00:00Z,Clermont Foot,Dijon,onexbet,totals,Under,under,under@2.5,2.50,1.77,2026-08-21T14:31:17Z
2026-08-21T14:32:46Z,580488,Ligue 2,2026-08-21T18:00:00Z,Clermont Foot,Dijon,betfair_sb_uk,h2h,Clermont,home,home,,2.8,2026-08-21T14:32:31Z
2026-08-21T14:32:46Z,580488,Ligue 2,2026-08-21T18:00:00Z,Clermont Foot,Dijon,betfair_sb_uk,h2h,Dijon,away,away,,2.45,2026-08-21T14:32:31Z
2026-08-21T14:32:46Z,580488,Ligue 2,2026-08-21T18:00:00Z,Clermont Foot,Dijon,betfair_sb_uk,h2h,Draw,draw,draw,,3.2,2026-08-21T14:32:31Z
2026-08-21T14:32:46Z,580488,Ligue 2,2026-08-21T18:00:00Z,Clermont Foot,Dijon,marathonbet,h2h,Clermont,home,home,,2.76,2026-08-21T14:32:32Z
2026-08-21T14:32:46Z,580488,Ligue 2,2026-08-21T18:00:00Z,Clermont Foot,Dijon,marathonbet,h2h,Dijon,away,away,,2.5,2026-08-21T14:32:32Z
2026-08-21T14:32:46Z,580488,Ligue 2,2026-08-21T18:00:00Z,Clermont Foot,Dijon,marathonbet,h2h,Draw,draw,draw,,3.22,2026-08-21T14:32:32Z
2026-08-21T14:32:46Z,580488,Ligue 2,2026-08-21T18:00:00Z,Clermont Foot,Dijon,betano_uk,h2h,Clermont,home,home,,2.7,2026-08-21T14:32:44Z
2026-08-21T14:32:46Z,580488,Ligue 2,2026-08-21T18:00:00Z,Clermont Foot,Dijon,betano_uk,h2h,Dijon,away,away,,2.55,2026-08-21T14:32:44Z
2026-08-21T14:32:46Z,580488,Ligue 2,2026-08-21T18:00:00Z,Clermont Foot,Dijon,betano_uk,h2h,Draw,draw,draw,,3.25,2026-08-21T14:32:44Z
2026-08-21T14:32:46Z,580488,Ligue 2,2026-08-21T18:00:00Z,Clermont Foot,Dijon,betvictor,h2h,Clermont,home,home,,2.7,2026-08-21T14:32:21Z
2026-08-21T14:32:46Z,580488,Ligue 2,2026-08-21T18:00:00Z,Clermont Foot,Dijon,betvictor,h2h,Dijon,away,away,,2.55,2026-08-21T14:32:21Z
2026-08-21T14:32:46Z,580488,Ligue 2,2026-08-21T18:00:00Z,Clermont Foot,Dijon,betvictor,h2h,Draw,draw,draw,,3.25,2026-08-21T14:32:21Z
2026-08-21T14:32:46Z,580488,Ligue 2,2026-08-21T18:00:00Z,Clermont Foot,Dijon,pinnacle,h2h,Clermont,home,home,,2.88,2026-08-21T14:32:54Z
2026-08-21T14:32:46Z,580488,Ligue 2,2026-08-21T18:00:00Z,Clermont Foot,Dijon,pinnacle,h2h,Dijon,away,away,,2.59,2026-08-21T14:32:54Z
2026-08-21T14:32:46Z,580488,Ligue 2,2026-08-21T18:00:00Z,Clermont Foot,Dijon,pinnacle,h2h,Draw,draw,draw,,3.27,2026-08-21T14:32:54Z
2026-08-21T14:32:46Z,580488,Ligue 2,2026-08-21T18:00:00Z,Clermont Foot,Dijon,pinnacle,spreads,Clermont,home,home@0.0,0,2.05,2026-08-21T14:32:54Z
2026-08-21T14:32:46Z,580488,Ligue 2,2026-08-21T18:00:00Z,Clermont Foot,Dijon,pinnacle,spreads,Dijon,away,away@-0.0,-0,1.85,2026-08-21T14:32:54Z
2026-08-21T14:32:46Z,580488,Ligue 2,2026-08-21T18:00:00Z,Clermont Foot,Dijon,pinnacle,totals,Over,over,over@2.25,2.25,1.88,2026-08-21T14:32:54Z
2026-08-21T14:32:46Z,580488,Ligue 2,2026-08-21T18:00:00Z,Clermont Foot,Dijon,pinnacle,totals,Under,under,under@2.25,2.25,1.98,2026-08-21T14:32:54Z
2026-08-21T14:32:46Z,580488,Ligue 2,2026-08-21T18:00:00Z,Clermont Foot,Dijon,suprabets,h2h,Clermont,home,home,,2.7,2026-08-21T14:30:49Z
2026-08-21T14:32:46Z,580488,Ligue 2,2026-08-21T18:00:00Z,Clermont Foot,Dijon,suprabets,h2h,Dijon,away,away,,2.47,2026-08-21T14:30:49Z
2026-08-21T14:32:46Z,580488,Ligue 2,2026-08-21T18:00:00Z,Clermont Foot,Dijon,suprabets,h2h,Draw,draw,draw,,3.09,2026-08-21T14:30:49Z
2026-08-21T14:32:46Z,580488,Ligue 2,2026-08-21T18:00:00Z,Clermont Foot,Dijon,sport888,h2h,Clermont,home,home,,2.75,2026-08-21T14:32:31Z
2026-08-21T14:32:46Z,580488,Ligue 2,2026-08-21T18:00:00Z,Clermont Foot,Dijon,sport888,h2h,Dijon,away,away,,2.5,2026-08-21T14:32:31Z
2026-08-21T14:32:46Z,580488,Ligue 2,2026-08-21T18:00:00Z,Clermont Foot,Dijon,sport888,h2h,Draw,draw,draw,,3.0,2026-08-21T14:32:31Z
2026-08-21T14:32:46Z,580488,Ligue 2,2026-08-21T18:00:00Z,Clermont Foot,Dijon,williamhill,h2h,Clermont,home,home,,2.75,2026-08-21T14:32:31Z
2026-08-21T14:32:46Z,580488,Ligue 2,2026-08-21T18:00:00Z,Clermont Foot,Dijon,williamhill,h2h,Dijon,away,away,,2.5,2026-08-21T14:32:31Z
2026-08-21T14:32:46Z,580488,Ligue 2,2026-08-21T18:00:00Z,Clermont Foot,Dijon,williamhill,h2h,Draw,draw,draw,,3.0,2026-08-21T14:32:31Z
2026-08-21T14:32:46Z,580488,Ligue 2,2026-08-21T18:00:00Z,Clermont Foot,Dijon,williamhill,totals,Over,over,over@2.5,2.50,2.1,2026-08-21T14:32:31Z
2026-08-21T14:32:46Z,580488,Ligue 2,2026-08-21T18:00:00Z,Clermont Foot,Dijon,williamhill,totals,Under,under,under@2.5,2.50,1.67,2026-08-21T14:32:31Z
2026-08-21T14:32:46Z,580488,Ligue 2,2026-08-21T18:00:00Z,Clermont Foot,Dijon,tipico_de,h2h,Clermont,home,home,,2.9,2026-08-21T14:32:05Z
2026-08-21T14:32:46Z,580488,Ligue 2,2026-08-21T18:00:00Z,Clermont Foot,Dijon,tipico_de,h2h,Dijon,away,away,,2.5,2026-08-21T14:32:05Z
2026-08-21T14:32:46Z,580488,Ligue 2,2026-08-21T18:00:00Z,Clermont Foot,Dijon,tipico_de,h2h,Draw,draw,draw,,2.9,2026-08-21T14:32:05Z
2026-08-21T14:32:46Z,580488,Ligue 2,2026-08-21T18:00:00Z,Clermont Foot,Dijon,tipico_de,totals,Over,over,over@2.5,2.50,1.97,2026-08-21T14:32:05Z
2026-08-21T14:32:46Z,580488,Ligue 2,2026-08-21T18:00:00Z,Clermont Foot,Dijon,tipico_de,totals,Under,under,under@2.5,2.50,1.72,2026-08-21T14:32:05Z
2026-08-21T14:32:46Z,580488,Ligue 2,2026-08-21T18:00:00Z,Clermont Foot,Dijon,boylesports,h2h,Clermont,home,home,,2.62,2026-08-21T14:31:41Z
2026-08-21T14:32:46Z,580488,Ligue 2,2026-08-21T18:00:00Z,Clermont Foot,Dijon,boylesports,h2h,Dijon,away,away,,2.4,2026-08-21T14:31:41Z
2026-08-21T14:32:46Z,580488,Ligue 2,2026-08-21T18:00:00Z,Clermont Foot,Dijon,boylesports,h2h,Draw,draw,draw,,3.0,2026-08-21T14:31:41Z
2026-08-21T14:32:46Z,580488,Ligue 2,2026-08-21T18:00:00Z,Clermont Foot,Dijon,draftkings,h2h,Clermont,home,home,,2.8,2026-08-21T14:32:31Z
2026-08-21T14:32:46Z,580488,Ligue 2,2026-08-21T18:00:00Z,Clermont Foot,Dijon,draftkings,h2h,Dijon,away,away,,2.5,2026-08-21T14:32:31Z
2026-08-21T14:32:46Z,580488,Ligue 2,2026-08-21T18:00:00Z,Clermont Foot,Dijon,draftkings,h2h,Draw,draw,draw,,3.3,2026-08-21T14:32:31Z
2026-08-21T14:32:46Z,580488,Ligue 2,2026-08-21T18:00:00Z,Clermont Foot,Dijon,bovada,h2h,Clermont,home,home,,2.7,2026-08-21T14:31:42Z
2026-08-21T14:32:46Z,580488,Ligue 2,2026-08-21T18:00:00Z,Clermont Foot,Dijon,bovada,h2h,Dijon,away,away,,2.45,2026-08-21T14:31:42Z
2026-08-21T14:32:46Z,580488,Ligue 2,2026-08-21T18:00:00Z,Clermont Foot,Dijon,bovada,h2h,Draw,draw,draw,,3.15,2026-08-21T14:31:42Z
2026-08-21T14:32:46Z,580488,Ligue 2,2026-08-21T18:00:00Z,Clermont Foot,Dijon,bovada,spreads,Clermont,home,home@0.0,0,2.02,2026-08-21T14:31:42Z
2026-08-21T14:32:46Z,580488,Ligue 2,2026-08-21T18:00:00Z,Clermont Foot,Dijon,bovada,spreads,Dijon,away,away@0.0,0,1.82,2026-08-21T14:31:42Z
2026-08-21T14:32:46Z,580488,Ligue 2,2026-08-21T18:00:00Z,Clermont Foot,Dijon,bovada,totals,Over,over,over@2.5,2.50,2.08,2026-08-21T14:31:42Z
2026-08-21T14:32:46Z,580488,Ligue 2,2026-08-21T18:00:00Z,Clermont Foot,Dijon,bovada,totals,Under,under,under@2.5,2.50,1.78,2026-08-21T14:31:42Z
2026-08-21T14:32:46Z,580488,Ligue 2,2026-08-21T18:00:00Z,Clermont Foot,Dijon,betfair_ex_uk,h2h,Clermont,home,home,,2.98,2026-08-21T14:32:54Z
2026-08-21T14:32:46Z,580488,Ligue 2,2026-08-21T18:00:00Z,Clermont Foot,Dijon,betfair_ex_uk,h2h,Dijon,away,away,,2.66,2026-08-21T14:32:54Z
2026-08-21T14:32:46Z,580488,Ligue 2,2026-08-21T18:00:00Z,Clermont Foot,Dijon,betfair_ex_uk,h2h,Draw,draw,draw,,3.4,2026-08-21T14:32:54Z
2026-08-21T14:32:46Z,580488,Ligue 2,2026-08-21T18:00:00Z,Clermont Foot,Dijon,betfair_ex_uk,h2h_lay,Clermont,h2h_lay,h2h_lay,,3.05,2026-08-21T14:32:54Z
2026-08-21T14:32:46Z,580488,Ligue 2,2026-08-21T18:00:00Z,Clermont Foot,Dijon,betfair_ex_uk,h2h_lay,Dijon,h2h_lay,h2h_lay,,2.7,2026-08-21T14:32:54Z
2026-08-21T14:32:46Z,580488,Ligue 2,2026-08-21T18:00:00Z,Clermont Foot,Dijon,betfair_ex_uk,h2h_lay,Draw,h2h_lay,h2h_lay,,3.45,2026-08-21T14:32:54Z
2026-08-21T14:32:46Z,580488,Ligue 2,2026-08-21T18:00:00Z,Clermont Foot,Dijon,betfair_ex_eu,h2h,Clermont,home,home,,2.98,2026-08-21T14:32:31Z
2026-08-21T14:32:46Z,580488,Ligue 2,2026-08-21T18:00:00Z,Clermont Foot,Dijon,betfair_ex_eu,h2h,Dijon,away,away,,2.66,2026-08-21T14:32:31Z
2026-08-21T14:32:46Z,580488,Ligue 2,2026-08-21T18:00:00Z,Clermont Foot,Dijon,betfair_ex_eu,h2h,Draw,draw,draw,,3.4,2026-08-21T14:32:31Z
2026-08-21T14:32:46Z,580488,Ligue 2,2026-08-21T18:00:00Z,Clermont Foot,Dijon,betfair_ex_eu,h2h_lay,Clermont,h2h_lay,h2h_lay,,3.05,2026-08-21T14:32:31Z
2026-08-21T14:32:46Z,580488,Ligue 2,2026-08-21T18:00:00Z,Clermont Foot,Dijon,betfair_ex_eu,h2h_lay,Dijon,h2h_lay,h2h_lay,,2.68,2026-08-21T14:32:31Z
2026-08-21T14:32:46Z,580488,Ligue 2,2026-08-21T18:00:00Z,Clermont Foot,Dijon,betfair_ex_eu,h2h_lay,Draw,h2h_lay,h2h_lay,,3.45,2026-08-21T14:32:31Z
2026-08-21T14:32:46Z,580488,Ligue 2,2026-08-21T18:00:00Z,Clermont Foot,Dijon,coolbet,h2h,Clermont,home,home,,2.75,2026-08-21T14:31:42Z
2026-08-21T14:32:46Z,580488,Ligue 2,2026-08-21T18:00:00Z,Clermont Foot,Dijon,coolbet,h2h,Dijon,away,away,,2.55,2026-08-21T14:31:42Z
2026-08-21T14:32:46Z,580488,Ligue 2,2026-08-21T18:00:00Z,Clermont Foot,Dijon,coolbet,h2h,Draw,draw,draw,,3.4,2026-08-21T14:31:42Z
2026-08-21T14:32:46Z,580488,Ligue 2,2026-08-21T18:00:00Z,Clermont Foot,Dijon,coolbet,spreads,Clermont,home,home@1.0,1,1.21,2026-08-21T14:31:42Z
2026-08-21T14:32:46Z,580488,Ligue 2,2026-08-21T18:00:00Z,Clermont Foot,Dijon,coolbet,spreads,Dijon,away,away@-1.0,-1,4.3,2026-08-21T14:31:42Z
2026-08-21T14:32:46Z,580488,Ligue 2,2026-08-21T18:00:00Z,Clermont Foot,Dijon,coolbet,totals,Over,over,over@2.5,2.50,2.07,2026-08-21T14:31:42Z
2026-08-21T14:32:46Z,580488,Ligue 2,2026-08-21T18:00:00Z,Clermont Foot,Dijon,coolbet,totals,Under,under,under@2.5,2.50,1.73,2026-08-21T14:31:42Z
2026-08-21T14:32:46Z,580488,Ligue 2,2026-08-21T18:00:00Z,Clermont Foot,Dijon,virginbet,h2h,Clermont,home,home,,2.55,2026-08-21T14:32:02Z
2026-08-21T14:32:46Z,580488,Ligue 2,2026-08-21T18:00:00Z,Clermont Foot,Dijon,virginbet,h2h,Dijon,away,away,,2.38,2026-08-21T14:32:02Z
2026-08-21T14:32:46Z,580488,Ligue 2,2026-08-21T18:00:00Z,Clermont Foot,Dijon,virginbet,h2h,Draw,draw,draw,,3.15,2026-08-21T14:32:02Z
2026-08-21T14:32:46Z,580488,Ligue 2,2026-08-21T18:00:00Z,Clermont Foot,Dijon,grosvenor,h2h,Clermont,home,home,,2.6,2026-08-21T14:32:04Z
2026-08-21T14:32:46Z,580488,Ligue 2,2026-08-21T18:00:00Z,Clermont Foot,Dijon,grosvenor,h2h,Dijon,away,away,,2.45,2026-08-21T14:32:04Z
2026-08-21T14:32:46Z,580488,Ligue 2,2026-08-21T18:00:00Z,Clermont Foot,Dijon,grosvenor,h2h,Draw,draw,draw,,3.25,2026-08-21T14:32:04Z
2026-08-21T14:32:46Z,580488,Ligue 2,2026-08-21T18:00:00Z,Clermont Foot,Dijon,grosvenor,totals,Over,over,over@2.5,2.50,1.93,2026-08-21T14:32:04Z
2026-08-21T14:32:46Z,580488,Ligue 2,2026-08-21T18:00:00Z,Clermont Foot,Dijon,grosvenor,totals,Under,under,under@2.5,2.50,1.74,2026-08-21T14:32:04Z
2026-08-21T14:32:46Z,580488,Ligue 2,2026-08-21T18:00:00Z,Clermont Foot,Dijon,casumo,h2h,Clermont,home,home,,2.6,2026-08-21T14:32:32Z
2026-08-21T14:32:46Z,580488,Ligue 2,2026-08-21T18:00:00Z,Clermont Foot,Dijon,casumo,h2h,Dijon,away,away,,2.45,2026-08-21T14:32:32Z
2026-08-21T14:32:46Z,580488,Ligue 2,2026-08-21T18:00:00Z,Clermont Foot,Dijon,casumo,h2h,Draw,draw,draw,,3.25,2026-08-21T14:32:32Z
2026-08-21T14:32:46Z,580488,Ligue 2,2026-08-21T18:00:00Z,Clermont Foot,Dijon,casumo,totals,Over,over,over@2.5,2.50,1.93,2026-08-21T14:32:32Z
2026-08-21T14:32:46Z,580488,Ligue 2,2026-08-21T18:00:00Z,Clermont Foot,Dijon,casumo,totals,Under,under,under@2.5,2.50,1.74,2026-08-21T14:32:32Z
2026-08-21T14:32:46Z,580488,Ligue 2,2026-08-21T18:00:00Z,Clermont Foot,Dijon,pmu_fr,h2h,Clermont,home,home,,2.7,2026-08-21T14:32:03Z
2026-08-21T14:32:46Z,580488,Ligue 2,2026-08-21T18:00:00Z,Clermont Foot,Dijon,pmu_fr,h2h,Dijon,away,away,,2.55,2026-08-21T14:32:03Z
2026-08-21T14:32:46Z,580488,Ligue 2,2026-08-21T18:00:00Z,Clermont Foot,Dijon,pmu_fr,h2h,Draw,draw,draw,,3.35,2026-08-21T14:32:03Z
2026-08-21T14:32:46Z,580488,Ligue 2,2026-08-21T18:00:00Z,Clermont Foot,Dijon,pmu_fr,totals,Over,over,over@2.5,2.50,1.88,2026-08-21T14:32:03Z
2026-08-21T14:32:46Z,580488,Ligue 2,2026-08-21T18:00:00Z,Clermont Foot,Dijon,pmu_fr,totals,Under,under,under@2.5,2.50,1.68,2026-08-21T14:32:03Z
2026-08-21T14:32:46Z,580488,Ligue 2,2026-08-21T18:00:00Z,Clermont Foot,Dijon,unibet_nl,h2h,Clermont,home,home,,2.6,2026-08-21T14:32:31Z
2026-08-21T14:32:46Z,580488,Ligue 2,2026-08-21T18:00:00Z,Clermont Foot,Dijon,unibet_nl,h2h,Dijon,away,away,,2.45,2026-08-21T14:32:31Z
2026-08-21T14:32:46Z,580488,Ligue 2,2026-08-21T18:00:00Z,Clermont Foot,Dijon,unibet_nl,h2h,Draw,draw,draw,,3.25,2026-08-21T14:32:31Z
2026-08-21T14:32:46Z,580488,Ligue 2,2026-08-21T18:00:00Z,Clermont Foot,Dijon,unibet_nl,totals,Over,over,over@2.5,2.50,1.93,2026-08-21T14:32:31Z
2026-08-21T14:32:46Z,580488,Ligue 2,2026-08-21T18:00:00Z,Clermont Foot,Dijon,unibet_nl,totals,Under,under,under@2.5,2.50,1.74,2026-08-21T14:32:31Z
2026-08-21T14:32:46Z,580488,Ligue 2,2026-08-21T18:00:00Z,Clermont Foot,Dijon,unibet_se,h2h,Clermont,home,home,,2.6,2026-08-21T14:32:02Z
2026-08-21T14:32:46Z,580488,Ligue 2,2026-08-21T18:00:00Z,Clermont Foot,Dijon,unibet_se,h2h,Dijon,away,away,,2.45,2026-08-21T14:32:02Z
2026-08-21T14:32:46Z,580488,Ligue 2,2026-08-21T18:00:00Z,Clermont Foot,Dijon,unibet_se,h2h,Draw,draw,draw,,3.25,2026-08-21T14:32:02Z
2026-08-21T14:32:46Z,580488,Ligue 2,2026-08-21T18:00:00Z,Clermont Foot,Dijon,unibet_se,totals,Over,over,over@2.5,2.50,1.93,2026-08-21T14:32:02Z
2026-08-21T14:32:46Z,580488,Ligue 2,2026-08-21T18:00:00Z,Clermont Foot,Dijon,unibet_se,totals,Under,under,under@2.5,2.50,1.74,2026-08-21T14:32:02Z
2026-08-21T14:32:46Z,580488,Ligue 2,2026-08-21T18:00:00Z,Clermont Foot,Dijon,leovegas_se,h2h,Clermont,home,home,,2.55,2026-08-21T14:32:03Z
2026-08-21T14:32:46Z,580488,Ligue 2,2026-08-21T18:00:00Z,Clermont Foot,Dijon,leovegas_se,h2h,Dijon,away,away,,2.38,2026-08-21T14:32:03Z
2026-08-21T14:32:46Z,580488,Ligue 2,2026-08-21T18:00:00Z,Clermont Foot,Dijon,leovegas_se,h2h,Draw,draw,draw,,3.15,2026-08-21T14:32:03Z
2026-08-21T14:32:46Z,580488,Ligue 2,2026-08-21T18:00:00Z,Clermont Foot,Dijon,leovegas_se,totals,Over,over,over@2.5,2.50,1.93,2026-08-21T14:32:03Z
2026-08-21T14:32:46Z,580488,Ligue 2,2026-08-21T18:00:00Z,Clermont Foot,Dijon,leovegas_se,totals,Under,under,under@2.5,2.50,1.74,2026-08-21T14:32:03Z
2026-08-21T14:32:46Z,580488,Ligue 2,2026-08-21T18:00:00Z,Clermont Foot,Dijon,livescorebet,h2h,Clermont,home,home,,2.55,2026-08-21T14:32:33Z
2026-08-21T14:32:46Z,580488,Ligue 2,2026-08-21T18:00:00Z,Clermont Foot,Dijon,livescorebet,h2h,Dijon,away,away,,2.38,2026-08-21T14:32:33Z
2026-08-21T14:32:46Z,580488,Ligue 2,2026-08-21T18:00:00Z,Clermont Foot,Dijon,livescorebet,h2h,Draw,draw,draw,,3.15,2026-08-21T14:32:33Z
2026-08-21T14:32:46Z,580488,Ligue 2,2026-08-21T18:00:00Z,Clermont Foot,Dijon,betrivers,h2h,Clermont,home,home,,2.55,2026-08-21T14:32:30Z
2026-08-21T14:32:46Z,580488,Ligue 2,2026-08-21T18:00:00Z,Clermont Foot,Dijon,betrivers,h2h,Dijon,away,away,,2.4,2026-08-21T14:32:30Z
2026-08-21T14:32:46Z,580488,Ligue 2,2026-08-21T18:00:00Z,Clermont Foot,Dijon,betrivers,h2h,Draw,draw,draw,,3.2,2026-08-21T14:32:30Z
2026-08-21T14:32:46Z,580488,Ligue 2,2026-08-21T18:00:00Z,Clermont Foot,Dijon,betrivers,totals,Over,over,over@2.5,2.50,1.93,2026-08-21T14:32:30Z
2026-08-21T14:32:46Z,580488,Ligue 2,2026-08-21T18:00:00Z,Clermont Foot,Dijon,betrivers,totals,Under,under,under@2.5,2.50,1.74,2026-08-21T14:32:30Z
2026-08-21T14:32:46Z,580488,Ligue 2,2026-08-21T18:00:00Z,Clermont Foot,Dijon,matchbook,h2h,Clermont,home,home,,2.98,2026-08-21T14:32:31Z
2026-08-21T14:32:46Z,580488,Ligue 2,2026-08-21T18:00:00Z,Clermont Foot,Dijon,matchbook,h2h,Dijon,away,away,,2.66,2026-08-21T14:32:31Z
2026-08-21T14:32:46Z,580488,Ligue 2,2026-08-21T18:00:00Z,Clermont Foot,Dijon,matchbook,h2h,Draw,draw,draw,,3.4,2026-08-21T14:32:31Z
2026-08-21T14:32:46Z,580488,Ligue 2,2026-08-21T18:00:00Z,Clermont Foot,Dijon,matchbook,h2h_lay,Clermont,h2h_lay,h2h_lay,,3.05,2026-08-21T14:32:31Z
2026-08-21T14:32:46Z,580488,Ligue 2,2026-08-21T18:00:00Z,Clermont Foot,Dijon,matchbook,h2h_lay,Dijon,h2h_lay,h2h_lay,,2.68,2026-08-21T14:32:31Z
2026-08-21T14:32:46Z,580488,Ligue 2,2026-08-21T18:00:00Z,Clermont Foot,Dijon,matchbook,h2h_lay,Draw,h2h_lay,h2h_lay,,3.45,2026-08-21T14:32:31Z
2026-08-21T14:32:46Z,580488,Ligue 2,2026-08-21T18:00:00Z,Clermont Foot,Dijon,matchbook,spreads,Clermont,home,home@0.0,0,2.04,2026-08-21T14:32:31Z
2026-08-21T14:32:46Z,580488,Ligue 2,2026-08-21T18:00:00Z,Clermont Foot,Dijon,matchbook,spreads,Dijon,away,away@0.0,0,1.87,2026-08-21T14:32:31Z
2026-08-21T14:32:46Z,580488,Ligue 2,2026-08-21T18:00:00Z,Clermont Foot,Dijon,matchbook,totals,Over,over,over@2.5,2.50,2.22,2026-08-21T14:32:31Z
2026-08-21T14:32:46Z,580488,Ligue 2,2026-08-21T18:00:00Z,Clermont Foot,Dijon,matchbook,totals,Under,under,under@2.5,2.50,1.8,2026-08-21T14:32:31Z
2026-08-21T14:32:46Z,580488,Ligue 2,2026-08-21T18:00:00Z,Clermont Foot,Dijon,betus,h2h,Clermont,home,home,,2.8,2026-08-21T14:32:31Z
2026-08-21T14:32:46Z,580488,Ligue 2,2026-08-21T18:00:00Z,Clermont Foot,Dijon,betus,h2h,Dijon,away,away,,2.5,2026-08-21T14:32:31Z
2026-08-21T14:32:46Z,580488,Ligue 2,2026-08-21T18:00:00Z,Clermont Foot,Dijon,betus,h2h,Draw,draw,draw,,3.15,2026-08-21T14:32:31Z
2026-08-21T14:32:46Z,580488,Ligue 2,2026-08-21T18:00:00Z,Clermont Foot,Dijon,betus,spreads,Clermont,home,home@0.0,0,2.0,2026-08-21T14:32:31Z
2026-08-21T14:32:46Z,580488,Ligue 2,2026-08-21T18:00:00Z,Clermont Foot,Dijon,betus,spreads,Dijon,away,away@0.0,0,1.77,2026-08-21T14:32:31Z
2026-08-21T14:32:46Z,580488,Ligue 2,2026-08-21T18:00:00Z,Clermont Foot,Dijon,betus,totals,Over,over,over@2.5,2.50,1.98,2026-08-21T14:32:31Z
2026-08-21T14:32:46Z,580488,Ligue 2,2026-08-21T18:00:00Z,Clermont Foot,Dijon,betus,totals,Under,under,under@2.5,2.50,1.78,2026-08-21T14:32:31Z
2026-08-21T14:32:46Z,580489,Ligue 2,2026-08-21T18:00:00Z,Pau FC,Nancy,betfred_uk,h2h,Nancy,away,away,,2.88,2026-08-21T14:32:33Z
2026-08-21T14:32:46Z,580489,Ligue 2,2026-08-21T18:00:00Z,Pau FC,Nancy,betfred_uk,h2h,Pau FC,home,home,,2.38,2026-08-21T14:32:33Z
2026-08-21T14:32:46Z,580489,Ligue 2,2026-08-21T18:00:00Z,Pau FC,Nancy,betfred_uk,h2h,Draw,draw,draw,,3.1,2026-08-21T14:32:33Z
2026-08-21T14:32:46Z,580489,Ligue 2,2026-08-21T18:00:00Z,Pau FC,Nancy,unibet_fr,h2h,Nancy,away,away,,3.0,2026-08-21T14:32:02Z
2026-08-21T14:32:46Z,580489,Ligue 2,2026-08-21T18:00:00Z,Pau FC,Nancy,unibet_fr,h2h,Pau FC,home,home,,2.3,2026-08-21T14:32:02Z
2026-08-21T14:32:46Z,580489,Ligue 2,2026-08-21T18:00:00Z,Pau FC,Nancy,unibet_fr,h2h,Draw,draw,draw,,3.3,2026-08-21T14:32:02Z
2026-08-21T14:32:46Z,580489,Ligue 2,2026-08-21T18:00:00Z,Pau FC,Nancy,betclic_fr,h2h,Nancy,away,away,,3.02,2026-08-21T14:30:42Z
2026-08-21T14:32:46Z,580489,Ligue 2,2026-08-21T18:00:00Z,Pau FC,Nancy,betclic_fr,h2h,Pau FC,home,home,,2.43,2026-08-21T14:30:42Z
2026-08-21T14:32:46Z,580489,Ligue 2,2026-08-21T18:00:00Z,Pau FC,Nancy,betclic_fr,h2h,Draw,draw,draw,,3.15,2026-08-21T14:30:42Z
2026-08-21T14:32:46Z,580489,Ligue 2,2026-08-21T18:00:00Z,Pau FC,Nancy,nordicbet,h2h,Nancy,away,away,,2.95,2026-08-21T14:31:17Z
2026-08-21T14:32:46Z,580489,Ligue 2,2026-08-21T18:00:00Z,Pau FC,Nancy,nordicbet,h2h,Pau FC,home,home,,2.35,2026-08-21T14:31:17Z
2026-08-21T14:32:46Z,580489,Ligue 2,2026-08-21T18:00:00Z,Pau FC,Nancy,nordicbet,h2h,Draw,draw,draw,,3.05,2026-08-21T14:31:17Z
2026-08-21T14:32:46Z,580489,Ligue 2,2026-08-21T18:00:00Z,Pau FC,Nancy,nordicbet,totals,Over,over,over@2.5,2.50,2.08,2026-08-21T14:31:17Z
2026-08-21T14:32:46Z,580489,Ligue 2,2026-08-21T18:00:00Z,Pau FC,Nancy,nordicbet,totals,Under,under,under@2.5,2.50,1.68,2026-08-21T14:31:17Z
2026-08-21T14:32:46Z,580489,Ligue 2,2026-08-21T18:00:00Z,Pau FC,Nancy,winamax_fr,h2h,Nancy,away,away,,2.9,2026-08-21T14:32:04Z
2026-08-21T14:32:46Z,580489,Ligue 2,2026-08-21T18:00:00Z,Pau FC,Nancy,winamax_fr,h2h,Pau FC,home,home,,2.3,2026-08-21T14:32:04Z
2026-08-21T14:32:46Z,580489,Ligue 2,2026-08-21T18:00:00Z,Pau FC,Nancy,winamax_fr,h2h,Draw,draw,draw,,3.2,2026-08-21T14:32:04Z
2026-08-21T14:32:46Z,580489,Ligue 2,2026-08-21T18:00:00Z,Pau FC,Nancy,betsson,h2h,Nancy,away,away,,2.95,2026-08-21T14:32:31Z
2026-08-21T14:32:46Z,580489,Ligue 2,2026-08-21T18:00:00Z,Pau FC,Nancy,betsson,h2h,Pau FC,home,home,,2.35,2026-08-21T14:32:31Z
2026-08-21T14:32:46Z,580489,Ligue 2,2026-08-21T18:00:00Z,Pau FC,Nancy,betsson,h2h,Draw,draw,draw,,3.05,2026-08-21T14:32:31Z
2026-08-21T14:32:46Z,580489,Ligue 2,2026-08-21T18:00:00Z,Pau FC,Nancy,betsson,totals,Over,over,over@2.5,2.50,2.08,2026-08-21T14:32:31Z
2026-08-21T14:32:46Z,580489,Ligue 2,2026-08-21T18:00:00Z,Pau FC,Nancy,betsson,totals,Under,under,under@2.5,2.50,1.68,2026-08-21T14:32:31Z
2026-08-21T14:32:46Z,580489,Ligue 2,2026-08-21T18:00:00Z,Pau FC,Nancy,winamax_de,h2h,Nancy,away,away,,2.9,2026-08-21T14:32:05Z
2026-08-21T14:32:46Z,580489,Ligue 2,2026-08-21T18:00:00Z,Pau FC,Nancy,winamax_de,h2h,Pau FC,home,home,,2.3,2026-08-21T14:32:05Z
2026-08-21T14:32:46Z,580489,Ligue 2,2026-08-21T18:00:00Z,Pau FC,Nancy,winamax_de,h2h,Draw,draw,draw,,3.2,2026-08-21T14:32:05Z
2026-08-21T14:32:46Z,580489,Ligue 2,2026-08-21T18:00:00Z,Pau FC,Nancy,paddypower,h2h,Nancy,away,away,,2.88,2026-08-21T14:32:32Z
2026-08-21T14:32:46Z,580489,Ligue 2,2026-08-21T18:00:00Z,Pau FC,Nancy,paddypower,h2h,Pau FC,home,home,,2.3,2026-08-21T14:32:32Z
2026-08-21T14:32:46Z,580489,Ligue 2,2026-08-21T18:00:00Z,Pau FC,Nancy,paddypower,h2h,Draw,draw,draw,,3.2,2026-08-21T14:32:32Z
2026-08-21T14:32:46Z,580489,Ligue 2,2026-08-21T18:00:00Z,Pau FC,Nancy,skybet,h2h,Nancy,away,away,,2.8,2026-08-21T14:32:32Z
2026-08-21T14:32:46Z,580489,Ligue 2,2026-08-21T18:00:00Z,Pau FC,Nancy,skybet,h2h,Pau FC,home,home,,2.25,2026-08-21T14:32:32Z
2026-08-21T14:32:46Z,580489,Ligue 2,2026-08-21T18:00:00Z,Pau FC,Nancy,skybet,h2h,Draw,draw,draw,,3.1,2026-08-21T14:32:32Z
2026-08-21T14:32:46Z,580489,Ligue 2,2026-08-21T18:00:00Z,Pau FC,Nancy,fanduel,h2h,Nancy,away,away,,2.95,2026-08-21T14:31:16Z
2026-08-21T14:32:46Z,580489,Ligue 2,2026-08-21T18:00:00Z,Pau FC,Nancy,fanduel,h2h,Pau FC,home,home,,2.35,2026-08-21T14:31:16Z
2026-08-21T14:32:46Z,580489,Ligue 2,2026-08-21T18:00:00Z,Pau FC,Nancy,fanduel,h2h,Draw,draw,draw,,3.2,2026-08-21T14:31:16Z
2026-08-21T14:32:46Z,580489,Ligue 2,2026-08-21T18:00:00Z,Pau FC,Nancy,pinnacle,h2h,Nancy,away,away,,3.06,2026-08-21T14:32:54Z
2026-08-21T14:32:46Z,580489,Ligue 2,2026-08-21T18:00:00Z,Pau FC,Nancy,pinnacle,h2h,Pau FC,home,home,,2.5,2026-08-21T14:32:54Z
2026-08-21T14:32:46Z,580489,Ligue 2,2026-08-21T18:00:00Z,Pau FC,Nancy,pinnacle,h2h,Draw,draw,draw,,3.21,2026-08-21T14:32:54Z
2026-08-21T14:32:46Z,580489,Ligue 2,2026-08-21T18:00:00Z,Pau FC,Nancy,pinnacle,spreads,Nancy,away,away@0.25,0.25,1.78,2026-08-21T14:32:54Z
2026-08-21T14:32:46Z,580489,Ligue 2,2026-08-21T18:00:00Z,Pau FC,Nancy,pinnacle,spreads,Pau FC,home,home@-0.25,-0.25,2.14,2026-08-21T14:32:54Z
2026-08-21T14:32:46Z,580489,Ligue 2,2026-08-21T18:00:00Z,Pau FC,Nancy,pinnacle,totals,Over,over,over@2.25,2.25,1.88,2026-08-21T14:32:54Z
2026-08-21T14:32:46Z,580489,Ligue 2,2026-08-21T18:00:00Z,Pau FC,Nancy,pinnacle,totals,Under,under,under@2.25,2.25,1.98,2026-08-21T14:32:54Z
2026-08-21T14:32:46Z,580489,Ligue 2,2026-08-21T18:00:00Z,Pau FC,Nancy,codere_it,h2h,Nancy,away,away,,2.9,2026-08-21T14:32:36Z
2026-08-21T14:32:46Z,580489,Ligue 2,2026-08-21T18:00:00Z,Pau FC,Nancy,codere_it,h2h,Pau FC,home,home,,2.34,2026-08-21T14:32:36Z
2026-08-21T14:32:46Z,580489,Ligue 2,2026-08-21T18:00:00Z,Pau FC,Nancy,codere_it,h2h,Draw,draw,draw,,3.05,2026-08-21T14:32:36Z
2026-08-21T14:32:46Z,580489,Ligue 2,2026-08-21T18:00:00Z,Pau FC,Nancy,codere_it,totals,Over,over,over@2.5,2.50,2.05,2026-08-21T14:32:36Z
2026-08-21T14:32:46Z,580489,Ligue 2,2026-08-21T18:00:00Z,Pau FC,Nancy,codere_it,totals,Under,under,under@2.5,2.50,1.66,2026-08-21T14:32:36Z
2026-08-21T14:32:46Z,580489,Ligue 2,2026-08-21T18:00:00Z,Pau FC,Nancy,unibet_uk,h2h,Nancy,away,away,,3.0,2026-08-21T14:32:33Z
2026-08-21T14:32:46Z,580489,Ligue 2,2026-08-21T18:00:00Z,Pau FC,Nancy,unibet_uk,h2h,Pau FC,home,home,,2.4,2026-08-21T14:32:33Z
2026-08-21T14:32:46Z,580489,Ligue 2,2026-08-21T18:00:00Z,Pau FC,Nancy,unibet_uk,h2h,Draw,draw,draw,,3.2,2026-08-21T14:32:33Z
2026-08-21T14:32:46Z,580489,Ligue 2,2026-08-21T18:00:00Z,Pau FC,Nancy,smarkets,h2h,Nancy,away,away,,3.15,2026-08-21T14:32:32Z
2026-08-21T14:32:46Z,580489,Ligue 2,2026-08-21T18:00:00Z,Pau FC,Nancy,smarkets,h2h,Pau FC,home,home,,2.56,2026-08-21T14:32:32Z
2026-08-21T14:32:46Z,580489,Ligue 2,2026-08-21T18:00:00Z,Pau FC,Nancy,smarkets,h2h,Draw,draw,draw,,3.35,2026-08-21T14:32:32Z
2026-08-21T14:32:46Z,580489,Ligue 2,2026-08-21T18:00:00Z,Pau FC,Nancy,smarkets,h2h_lay,Nancy,h2h_lay,h2h_lay,,3.2,2026-08-21T14:32:32Z
2026-08-21T14:32:46Z,580489,Ligue 2,2026-08-21T18:00:00Z,Pau FC,Nancy,smarkets,h2h_lay,Pau FC,h2h_lay,h2h_lay,,2.62,2026-08-21T14:32:32Z
2026-08-21T14:32:46Z,580489,Ligue 2,2026-08-21T18:00:00Z,Pau FC,Nancy,smarkets,h2h_lay,Draw,h2h_lay,h2h_lay,,3.4,2026-08-21T14:32:32Z
2026-08-21T14:32:46Z,580489,Ligue 2,2026-08-21T18:00:00Z,Pau FC,Nancy,onexbet,h2h,Nancy,away,away,,2.97,2026-08-21T14:31:17Z
2026-08-21T14:32:46Z,580489,Ligue 2,2026-08-21T18:00:00Z,Pau FC,Nancy,onexbet,h2h,Pau FC,home,home,,2.43,2026-08-21T14:31:17Z
2026-08-21T14:32:46Z,580489,Ligue 2,2026-08-21T18:00:00Z,Pau FC,Nancy,onexbet,h2h,Draw,draw,draw,,3.12,2026-08-21T14:31:17Z
2026-08-21T14:32:46Z,580489,Ligue 2,2026-08-21T18:00:00Z,Pau FC,Nancy,onexbet,spreads,Nancy,away,away@0.0,0,2.08,2026-08-21T14:31:17Z
2026-08-21T14:32:46Z,580489,Ligue 2,2026-08-21T18:00:00Z,Pau FC,Nancy,onexbet,spreads,Pau FC,home,home@0.0,0,1.7,2026-08-21T14:31:17Z
2026-08-21T14:32:46Z,580489,Ligue 2,2026-08-21T18:00:00Z,Pau FC,Nancy,onexbet,totals,Over,over,over@2.5,2.50,2.0,2026-08-21T14:31:17Z
2026-08-21T14:32:46Z,580489,Ligue 2,2026-08-21T18:00:00Z,Pau FC,Nancy,onexbet,totals,Under,under,under@2.5,2.50,1.78,2026-08-21T14:31:17Z
2026-08-21T14:32:46Z,580489,Ligue 2,2026-08-21T18:00:00Z,Pau FC,Nancy,marathonbet,h2h,Nancy,away,away,,2.96,2026-08-21T14:32:32Z
2026-08-21T14:32:46Z,580489,Ligue 2,2026-08-21T18:00:00Z,Pau FC,Nancy,marathonbet,h2h,Pau FC,home,home,,2.41,2026-08-21T14:32:32Z
2026-08-21T14:32:46Z,580489,Ligue 2,2026-08-21T18:00:00Z,Pau FC,Nancy,marathonbet,h2h,Draw,draw,draw,,3.12,2026-08-21T14:32:32Z
2026-08-21T14:32:46Z,580489,Ligue 2,2026-08-21T18:00:00Z,Pau FC,Nancy,sport888,h2h,Nancy,away,away,,3.0,2026-08-21T14:32:31Z
2026-08-21T14:32:46Z,580489,Ligue 2,2026-08-21T18:00:00Z,Pau FC,Nancy,sport888,h2h,Pau FC,home,home,,2.38,2026-08-21T14:32:31Z
2026-08-21T14:32:46Z,580489,Ligue 2,2026-08-21T18:00:00Z,Pau FC,Nancy,sport888,h2h,Draw,draw,draw,,3.0,2026-08-21T14:32:31Z
2026-08-21T14:32:46Z,580489,Ligue 2,2026-08-21T18:00:00Z,Pau FC,Nancy,williamhill,h2h,Nancy,away,away,,3.0,2026-08-21T14:32:31Z
2026-08-21T14:32:46Z,580489,Ligue 2,2026-08-21T18:00:00Z,Pau FC,Nancy,williamhill,h2h,Pau FC,home,home,,2.38,2026-08-21T14:32:31Z
2026-08-21T14:32:46Z,580489,Ligue 2,2026-08-21T18:00:00Z,Pau FC,Nancy,williamhill,h2h,Draw,draw,draw,,3.0,2026-08-21T14:32:31Z
2026-08-21T14:32:46Z,580489,Ligue 2,2026-08-21T18:00:00Z,Pau FC,Nancy,williamhill,totals,Over,over,over@2.5,2.50,2.05,2026-08-21T14:32:31Z
2026-08-21T14:32:46Z,580489,Ligue 2,2026-08-21T18:00:00Z,Pau FC,Nancy,williamhill,totals,Under,under,under@2.5,2.50,1.7,2026-08-21T14:32:31Z
2026-08-21T14:32:46Z,580489,Ligue 2,2026-08-21T18:00:00Z,Pau FC,Nancy,betfair_sb_uk,h2h,Nancy,away,away,,2.9,2026-08-21T14:32:31Z
2026-08-21T14:32:46Z,580489,Ligue 2,2026-08-21T18:00:00Z,Pau FC,Nancy,betfair_sb_uk,h2h,Pau FC,home,home,,2.3,2026-08-21T14:32:31Z
2026-08-21T14:32:46Z,580489,Ligue 2,2026-08-21T18:00:00Z,Pau FC,Nancy,betfair_sb_uk,h2h,Draw,draw,draw,,3.25,2026-08-21T14:32:31Z
2026-08-21T14:32:46Z,580489,Ligue 2,2026-08-21T18:00:00Z,Pau FC,Nancy,betonlineag,h2h,Nancy,away,away,,3.0,2026-08-21T14:32:31Z
2026-08-21T14:32:46Z,580489,Ligue 2,2026-08-21T18:00:00Z,Pau FC,Nancy,betonlineag,h2h,Pau FC,home,home,,2.48,2026-08-21T14:32:31Z
2026-08-21T14:32:46Z,580489,Ligue 2,2026-08-21T18:00:00Z,Pau FC,Nancy,betonlineag,h2h,Draw,draw,draw,,3.05,2026-08-21T14:32:31Z
2026-08-21T14:32:46Z,580489,Ligue 2,2026-08-21T18:00:00Z,Pau FC,Nancy,betonlineag,spreads,Nancy,away,away@0.0,0,2.14,2026-08-21T14:32:31Z
2026-08-21T14:32:46Z,580489,Ligue 2,2026-08-21T18:00:00Z,Pau FC,Nancy,betonlineag,spreads,Pau FC,home,home@0.0,0,1.75,2026-08-21T14:32:31Z
2026-08-21T14:32:46Z,580489,Ligue 2,2026-08-21T18:00:00Z,Pau FC,Nancy,betonlineag,totals,Over,over,over@2.25,2.25,1.85,2026-08-21T14:32:31Z
2026-08-21T14:32:46Z,580489,Ligue 2,2026-08-21T18:00:00Z,Pau FC,Nancy,betonlineag,totals,Under,under,under@2.25,2.25,1.98,2026-08-21T14:32:31Z
2026-08-21T14:32:46Z,580489,Ligue 2,2026-08-21T18:00:00Z,Pau FC,Nancy,lowvig,h2h,Nancy,away,away,,3.0,2026-08-21T14:31:17Z
2026-08-21T14:32:46Z,580489,Ligue 2,2026-08-21T18:00:00Z,Pau FC,Nancy,lowvig,h2h,Pau FC,home,home,,2.48,2026-08-21T14:31:17Z
2026-08-21T14:32:46Z,580489,Ligue 2,2026-08-21T18:00:00Z,Pau FC,Nancy,lowvig,h2h,Draw,draw,draw,,3.05,2026-08-21T14:31:17Z
2026-08-21T14:32:46Z,580489,Ligue 2,2026-08-21T18:00:00Z,Pau FC,Nancy,lowvig,spreads,Nancy,away,away@0.0,0,2.14,2026-08-21T14:31:17Z
2026-08-21T14:32:46Z,580489,Ligue 2,2026-08-21T18:00:00Z,Pau FC,Nancy,lowvig,spreads,Pau FC,home,home@0.0,0,1.75,2026-08-21T14:31:17Z
2026-08-21T14:32:46Z,580489,Ligue 2,2026-08-21T18:00:00Z,Pau FC,Nancy,lowvig,totals,Over,over,over@2.25,2.25,1.85,2026-08-21T14:31:17Z
2026-08-21T14:32:46Z,580489,Ligue 2,2026-08-21T18:00:00Z,Pau FC,Nancy,lowvig,totals,Under,under,under@2.25,2.25,1.98,2026-08-21T14:31:17Z
2026-08-21T14:32:46Z,580489,Ligue 2,2026-08-21T18:00:00Z,Pau FC,Nancy,boylesports,h2h,Nancy,away,away,,2.8,2026-08-21T14:31:41Z
2026-08-21T14:32:46Z,580489,Ligue 2,2026-08-21T18:00:00Z,Pau FC,Nancy,boylesports,h2h,Pau FC,home,home,,2.25,2026-08-21T14:31:41Z
2026-08-21T14:32:46Z,580489,Ligue 2,2026-08-21T18:00:00Z,Pau FC,Nancy,boylesports,h2h,Draw,draw,draw,,3.0,2026-08-21T14:31:41Z
2026-08-21T14:32:46Z,580489,Ligue 2,2026-08-21T18:00:00Z,Pau FC,Nancy,draftkings,h2h,Nancy,away,away,,2.95,2026-08-21T14:32:31Z
2026-08-21T14:32:46Z,580489,Ligue 2,2026-08-21T18:00:00Z,Pau FC,Nancy,draftkings,h2h,Pau FC,home,home,,2.45,2026-08-21T14:32:31Z
2026-08-21T14:32:46Z,580489,Ligue 2,2026-08-21T18:00:00Z,Pau FC,Nancy,draftkings,h2h,Draw,draw,draw,,3.2,2026-08-21T14:32:31Z
2026-08-21T14:32:46Z,580489,Ligue 2,2026-08-21T18:00:00Z,Pau FC,Nancy,tipico_de,h2h,Nancy,away,away,,2.95,2026-08-21T14:32:05Z
2026-08-21T14:32:46Z,580489,Ligue 2,2026-08-21T18:00:00Z,Pau FC,Nancy,tipico_de,h2h,Pau FC,home,home,,2.3,2026-08-21T14:32:05Z
2026-08-21T14:32:46Z,580489,Ligue 2,2026-08-21T18:00:00Z,Pau FC,Nancy,tipico_de,h2h,Draw,draw,draw,,3.2,2026-08-21T14:32:05Z
2026-08-21T14:32:46Z,580489,Ligue 2,2026-08-21T18:00:00Z,Pau FC,Nancy,tipico_de,totals,Over,over,over@2.5,2.50,2.0,2026-08-21T14:32:05Z
2026-08-21T14:32:46Z,580489,Ligue 2,2026-08-21T18:00:00Z,Pau FC,Nancy,tipico_de,totals,Under,under,under@2.5,2.50,1.7,2026-08-21T14:32:05Z
2026-08-21T14:32:46Z,580489,Ligue 2,2026-08-21T18:00:00Z,Pau FC,Nancy,bovada,h2h,Nancy,away,away,,2.9,2026-08-21T14:31:42Z
2026-08-21T14:32:46Z,580489,Ligue 2,2026-08-21T18:00:00Z,Pau FC,Nancy,bovada,h2h,Pau FC,home,home,,2.4,2026-08-21T14:31:42Z
2026-08-21T14:32:46Z,580489,Ligue 2,2026-08-21T18:00:00Z,Pau FC,Nancy,bovada,h2h,Draw,draw,draw,,3.05,2026-08-21T14:31:42Z
2026-08-21T14:32:46Z,580489,Ligue 2,2026-08-21T18:00:00Z,Pau FC,Nancy,bovada,spreads,Nancy,away,away@0.25,0.25,1.78,2026-08-21T14:31:42Z
2026-08-21T14:32:46Z,580489,Ligue 2,2026-08-21T18:00:00Z,Pau FC,Nancy,bovada,spreads,Pau FC,home,home@-0.25,-0.25,2.08,2026-08-21T14:31:42Z
2026-08-21T14:32:46Z,580489,Ligue 2,2026-08-21T18:00:00Z,Pau FC,Nancy,bovada,totals,Over,over,over@2.5,2.50,2.05,2026-08-21T14:31:42Z
2026-08-21T14:32:46Z,580489,Ligue 2,2026-08-21T18:00:00Z,Pau FC,Nancy,bovada,totals,Under,under,under@2.5,2.50,1.8,2026-08-21T14:31:42Z
2026-08-21T14:32:46Z,580489,Ligue 2,2026-08-21T18:00:00Z,Pau FC,Nancy,betano_uk,h2h,Nancy,away,away,,2.88,2026-08-21T14:32:44Z
2026-08-21T14:32:46Z,580489,Ligue 2,2026-08-21T18:00:00Z,Pau FC,Nancy,betano_uk,h2h,Pau FC,home,home,,2.4,2026-08-21T14:32:44Z
2026-08-21T14:32:46Z,580489,Ligue 2,2026-08-21T18:00:00Z,Pau FC,Nancy,betano_uk,h2h,Draw,draw,draw,,3.25,2026-08-21T14:32:44Z
2026-08-21T14:32:46Z,580489,Ligue 2,2026-08-21T18:00:00Z,Pau FC,Nancy,betvictor,h2h,Nancy,away,away,,2.88,2026-08-21T14:32:21Z
2026-08-21T14:32:46Z,580489,Ligue 2,2026-08-21T18:00:00Z,Pau FC,Nancy,betvictor,h2h,Pau FC,home,home,,2.4,2026-08-21T14:32:21Z
2026-08-21T14:32:46Z,580489,Ligue 2,2026-08-21T18:00:00Z,Pau FC,Nancy,betvictor,h2h,Draw,draw,draw,,3.25,2026-08-21T14:32:21Z
2026-08-21T14:32:46Z,580489,Ligue 2,2026-08-21T18:00:00Z,Pau FC,Nancy,ladbrokes_uk,h2h,Nancy,away,away,,2.75,2026-08-21T14:32:31Z
2026-08-21T14:32:46Z,580489,Ligue 2,2026-08-21T18:00:00Z,Pau FC,Nancy,ladbrokes_uk,h2h,Pau FC,home,home,,2.37,2026-08-21T14:32:31Z
2026-08-21T14:32:46Z,580489,Ligue 2,2026-08-21T18:00:00Z,Pau FC,Nancy,ladbrokes_uk,h2h,Draw,draw,draw,,3.0,2026-08-21T14:32:31Z
2026-08-21T14:32:46Z,580489,Ligue 2,2026-08-21T18:00:00Z,Pau FC,Nancy,coral,h2h,Nancy,away,away,,2.75,2026-08-21T14:31:38Z
2026-08-21T14:32:46Z,580489,Ligue 2,2026-08-21T18:00:00Z,Pau FC,Nancy,coral,h2h,Pau FC,home,home,,2.37,2026-08-21T14:31:38Z
2026-08-21T14:32:46Z,580489,Ligue 2,2026-08-21T18:00:00Z,Pau FC,Nancy,coral,h2h,Draw,draw,draw,,3.0,2026-08-21T14:31:38Z
2026-08-21T14:32:46Z,580489,Ligue 2,2026-08-21T18:00:00Z,Pau FC,Nancy,betmgm,h2h,Nancy,away,away,,2.85,2026-08-21T14:32:31Z
2026-08-21T14:32:46Z,580489,Ligue 2,2026-08-21T18:00:00Z,Pau FC,Nancy,betmgm,h2h,Pau FC,home,home,,2.45,2026-08-21T14:32:31Z
2026-08-21T14:32:46Z,580489,Ligue 2,2026-08-21T18:00:00Z,Pau FC,Nancy,betmgm,h2h,Draw,draw,draw,,3.2,2026-08-21T14:32:31Z
2026-08-21T14:32:46Z,580489,Ligue 2,2026-08-21T18:00:00Z,Pau FC,Nancy,betmgm,totals,Over,over,over@2.5,2.50,2.1,2026-08-21T14:32:31Z
2026-08-21T14:32:46Z,580489,Ligue 2,2026-08-21T18:00:00Z,Pau FC,Nancy,betmgm,totals,Under,under,under@2.5,2.50,1.65,2026-08-21T14:32:31Z
2026-08-21T14:32:46Z,580489,Ligue 2,2026-08-21T18:00:00Z,Pau FC,Nancy,suprabets,h2h,Nancy,away,away,,2.89,2026-08-21T14:30:49Z
2026-08-21T14:32:46Z,580489,Ligue 2,2026-08-21T18:00:00Z,Pau FC,Nancy,suprabets,h2h,Pau FC,home,home,,2.36,2026-08-21T14:30:49Z
2026-08-21T14:32:46Z,580489,Ligue 2,2026-08-21T18:00:00Z,Pau FC,Nancy,suprabets,h2h,Draw,draw,draw,,3.03,2026-08-21T14:30:49Z
2026-08-21T14:32:46Z,580489,Ligue 2,2026-08-21T18:00:00Z,Pau FC,Nancy,betway,h2h,Nancy,away,away,,2.9,2026-08-21T14:32:54Z
2026-08-21T14:32:46Z,580489,Ligue 2,2026-08-21T18:00:00Z,Pau FC,Nancy,betway,h2h,Pau FC,home,home,,2.4,2026-08-21T14:32:54Z
2026-08-21T14:32:46Z,580489,Ligue 2,2026-08-21T18:00:00Z,Pau FC,Nancy,betway,h2h,Draw,draw,draw,,3.1,2026-08-21T14:32:54Z
2026-08-21T14:32:46Z,580489,Ligue 2,2026-08-21T18:00:00Z,Pau FC,Nancy,betfair_ex_uk,h2h,Nancy,away,away,,3.1,2026-08-21T14:32:54Z
2026-08-21T14:32:46Z,580489,Ligue 2,2026-08-21T18:00:00Z,Pau FC,Nancy,betfair_ex_uk,h2h,Pau FC,home,home,,2.56,2026-08-21T14:32:54Z
2026-08-21T14:32:46Z,580489,Ligue 2,2026-08-21T18:00:00Z,Pau FC,Nancy,betfair_ex_uk,h2h,Draw,draw,draw,,3.35,2026-08-21T14:32:54Z
2026-08-21T14:32:46Z,580489,Ligue 2,2026-08-21T18:00:00Z,Pau FC,Nancy,betfair_ex_uk,h2h_lay,Nancy,h2h_lay,h2h_lay,,3.2,2026-08-21T14:32:54Z
2026-08-21T14:32:46Z,580489,Ligue 2,2026-08-21T18:00:00Z,Pau FC,Nancy,betfair_ex_uk,h2h_lay,Pau FC,h2h_lay,h2h_lay,,2.62,2026-08-21T14:32:54Z
2026-08-21T14:32:46Z,580489,Ligue 2,2026-08-21T18:00:00Z,Pau FC,Nancy,betfair_ex_uk,h2h_lay,Draw,h2h_lay,h2h_lay,,3.4,2026-08-21T14:32:54Z
2026-08-21T14:32:46Z,580489,Ligue 2,2026-08-21T18:00:00Z,Pau FC,Nancy,betfair_ex_eu,h2h,Nancy,away,away,,3.1,2026-08-21T14:32:31Z
2026-08-21T14:32:46Z,580489,Ligue 2,2026-08-21T18:00:00Z,Pau FC,Nancy,betfair_ex_eu,h2h,Pau FC,home,home,,2.56,2026-08-21T14:32:31Z
2026-08-21T14:32:46Z,580489,Ligue 2,2026-08-21T18:00:00Z,Pau FC,Nancy,betfair_ex_eu,h2h,Draw,draw,draw,,3.35,2026-08-21T14:32:31Z
2026-08-21T14:32:46Z,580489,Ligue 2,2026-08-21T18:00:00Z,Pau FC,Nancy,betfair_ex_eu,h2h_lay,Nancy,h2h_lay,h2h_lay,,3.2,2026-08-21T14:32:31Z
2026-08-21T14:32:46Z,580489,Ligue 2,2026-08-21T18:00:00Z,Pau FC,Nancy,betfair_ex_eu,h2h_lay,Pau FC,h2h_lay,h2h_lay,,2.62,2026-08-21T14:32:31Z
2026-08-21T14:32:46Z,580489,Ligue 2,2026-08-21T18:00:00Z,Pau FC,Nancy,betfair_ex_eu,h2h_lay,Draw,h2h_lay,h2h_lay,,3.4,2026-08-21T14:32:31Z
2026-08-21T14:32:46Z,580489,Ligue 2,2026-08-21T18:00:00Z,Pau FC,Nancy,coolbet,h2h,Nancy,away,away,,2.95,2026-08-21T14:31:42Z
2026-08-21T14:32:46Z,580489,Ligue 2,2026-08-21T18:00:00Z,Pau FC,Nancy,coolbet,h2h,Pau FC,home,home,,2.45,2026-08-21T14:31:42Z
2026-08-21T14:32:46Z,580489,Ligue 2,2026-08-21T18:00:00Z,Pau FC,Nancy,coolbet,h2h,Draw,draw,draw,,3.3,2026-08-21T14:31:42Z
2026-08-21T14:32:46Z,580489,Ligue 2,2026-08-21T18:00:00Z,Pau FC,Nancy,coolbet,spreads,Nancy,away,away@1.0,1,1.23,2026-08-21T14:31:42Z
2026-08-21T14:32:46Z,580489,Ligue 2,2026-08-21T18:00:00Z,Pau FC,Nancy,coolbet,spreads,Pau FC,home,home@-1.0,-1,4.0,2026-08-21T14:31:42Z
2026-08-21T14:32:46Z,580489,Ligue 2,2026-08-21T18:00:00Z,Pau FC,Nancy,coolbet,totals,Over,over,over@2.5,2.50,2.07,2026-08-21T14:31:42Z
2026-08-21T14:32:46Z,580489,Ligue 2,2026-08-21T18:00:00Z,Pau FC,Nancy,coolbet,totals,Under,under,under@2.5,2.50,1.73,2026-08-21T14:31:42Z
2026-08-21T14:32:46Z,580489,Ligue 2,2026-08-21T18:00:00Z,Pau FC,Nancy,virginbet,h2h,Nancy,away,away,,2.8,2026-08-21T14:32:02Z
2026-08-21T14:32:46Z,580489,Ligue 2,2026-08-21T18:00:00Z,Pau FC,Nancy,virginbet,h2h,Pau FC,home,home,,2.17,2026-08-21T14:32:02Z
2026-08-21T14:32:46Z,580489,Ligue 2,2026-08-21T18:00:00Z,Pau FC,Nancy,virginbet,h2h,Draw,draw,draw,,3.15,2026-08-21T14:32:02Z
2026-08-21T14:32:46Z,580489,Ligue 2,2026-08-21T18:00:00Z,Pau FC,Nancy,grosvenor,h2h,Nancy,away,away,,2.9,2026-08-21T14:32:04Z
2026-08-21T14:32:46Z,580489,Ligue 2,2026-08-21T18:00:00Z,Pau FC,Nancy,grosvenor,h2h,Pau FC,home,home,,2.23,2026-08-21T14:32:04Z
2026-08-21T14:32:46Z,580489,Ligue 2,2026-08-21T18:00:00Z,Pau FC,Nancy,grosvenor,h2h,Draw,draw,draw,,3.25,2026-08-21T14:32:04Z
2026-08-21T14:32:46Z,580489,Ligue 2,2026-08-21T18:00:00Z,Pau FC,Nancy,grosvenor,totals,Over,over,over@2.5,2.50,1.85,2026-08-21T14:32:04Z
2026-08-21T14:32:46Z,580489,Ligue 2,2026-08-21T18:00:00Z,Pau FC,Nancy,grosvenor,totals,Under,under,under@2.5,2.50,1.81,2026-08-21T14:32:04Z
2026-08-21T14:32:46Z,580489,Ligue 2,2026-08-21T18:00:00Z,Pau FC,Nancy,casumo,h2h,Nancy,away,away,,2.9,2026-08-21T14:32:32Z
2026-08-21T14:32:46Z,580489,Ligue 2,2026-08-21T18:00:00Z,Pau FC,Nancy,casumo,h2h,Pau FC,home,home,,2.23,2026-08-21T14:32:32Z
2026-08-21T14:32:46Z,580489,Ligue 2,2026-08-21T18:00:00Z,Pau FC,Nancy,casumo,h2h,Draw,draw,draw,,3.25,2026-08-21T14:32:32Z
2026-08-21T14:32:46Z,580489,Ligue 2,2026-08-21T18:00:00Z,Pau FC,Nancy,casumo,totals,Over,over,over@2.5,2.50,1.85,2026-08-21T14:32:32Z
2026-08-21T14:32:46Z,580489,Ligue 2,2026-08-21T18:00:00Z,Pau FC,Nancy,casumo,totals,Under,under,under@2.5,2.50,1.81,2026-08-21T14:32:32Z
2026-08-21T14:32:46Z,580489,Ligue 2,2026-08-21T18:00:00Z,Pau FC,Nancy,pmu_fr,h2h,Nancy,away,away,,3.0,2026-08-21T14:32:03Z
2026-08-21T14:32:46Z,580489,Ligue 2,2026-08-21T18:00:00Z,Pau FC,Nancy,pmu_fr,h2h,Pau FC,home,home,,2.3,2026-08-21T14:32:03Z
2026-08-21T14:32:46Z,580489,Ligue 2,2026-08-21T18:00:00Z,Pau FC,Nancy,pmu_fr,h2h,Draw,draw,draw,,3.35,2026-08-21T14:32:03Z
2026-08-21T14:32:46Z,580489,Ligue 2,2026-08-21T18:00:00Z,Pau FC,Nancy,pmu_fr,totals,Over,over,over@2.5,2.50,1.81,2026-08-21T14:32:03Z
2026-08-21T14:32:46Z,580489,Ligue 2,2026-08-21T18:00:00Z,Pau FC,Nancy,pmu_fr,totals,Under,under,under@2.5,2.50,1.75,2026-08-21T14:32:03Z
2026-08-21T14:32:46Z,580489,Ligue 2,2026-08-21T18:00:00Z,Pau FC,Nancy,unibet_nl,h2h,Nancy,away,away,,2.9,2026-08-21T14:32:31Z
2026-08-21T14:32:46Z,580489,Ligue 2,2026-08-21T18:00:00Z,Pau FC,Nancy,unibet_nl,h2h,Pau FC,home,home,,2.23,2026-08-21T14:32:31Z
2026-08-21T14:32:46Z,580489,Ligue 2,2026-08-21T18:00:00Z,Pau FC,Nancy,unibet_nl,h2h,Draw,draw,draw,,3.25,2026-08-21T14:32:31Z
2026-08-21T14:32:46Z,580489,Ligue 2,2026-08-21T18:00:00Z,Pau FC,Nancy,unibet_nl,totals,Over,over,over@2.5,2.50,1.85,2026-08-21T14:32:31Z
2026-08-21T14:32:46Z,580489,Ligue 2,2026-08-21T18:00:00Z,Pau FC,Nancy,unibet_nl,totals,Under,under,under@2.5,2.50,1.81,2026-08-21T14:32:31Z
2026-08-21T14:32:46Z,580489,Ligue 2,2026-08-21T18:00:00Z,Pau FC,Nancy,unibet_se,h2h,Nancy,away,away,,2.9,2026-08-21T14:32:02Z
2026-08-21T14:32:46Z,580489,Ligue 2,2026-08-21T18:00:00Z,Pau FC,Nancy,unibet_se,h2h,Pau FC,home,home,,2.23,2026-08-21T14:32:02Z
2026-08-21T14:32:46Z,580489,Ligue 2,2026-08-21T18:00:00Z,Pau FC,Nancy,unibet_se,h2h,Draw,draw,draw,,3.25,2026-08-21T14:32:02Z
2026-08-21T14:32:46Z,580489,Ligue 2,2026-08-21T18:00:00Z,Pau FC,Nancy,unibet_se,totals,Over,over,over@2.5,2.50,1.85,2026-08-21T14:32:02Z
2026-08-21T14:32:46Z,580489,Ligue 2,2026-08-21T18:00:00Z,Pau FC,Nancy,unibet_se,totals,Under,under,under@2.5,2.50,1.81,2026-08-21T14:32:02Z
2026-08-21T14:32:46Z,580489,Ligue 2,2026-08-21T18:00:00Z,Pau FC,Nancy,leovegas_se,h2h,Nancy,away,away,,2.8,2026-08-21T14:32:03Z
2026-08-21T14:32:46Z,580489,Ligue 2,2026-08-21T18:00:00Z,Pau FC,Nancy,leovegas_se,h2h,Pau FC,home,home,,2.17,2026-08-21T14:32:03Z
2026-08-21T14:32:46Z,580489,Ligue 2,2026-08-21T18:00:00Z,Pau FC,Nancy,leovegas_se,h2h,Draw,draw,draw,,3.15,2026-08-21T14:32:03Z
2026-08-21T14:32:46Z,580489,Ligue 2,2026-08-21T18:00:00Z,Pau FC,Nancy,leovegas_se,totals,Over,over,over@2.5,2.50,1.85,2026-08-21T14:32:03Z
2026-08-21T14:32:46Z,580489,Ligue 2,2026-08-21T18:00:00Z,Pau FC,Nancy,leovegas_se,totals,Under,under,under@2.5,2.50,1.81,2026-08-21T14:32:03Z
2026-08-21T14:32:46Z,580489,Ligue 2,2026-08-21T18:00:00Z,Pau FC,Nancy,livescorebet,h2h,Nancy,away,away,,2.8,2026-08-21T14:32:33Z
2026-08-21T14:32:46Z,580489,Ligue 2,2026-08-21T18:00:00Z,Pau FC,Nancy,livescorebet,h2h,Pau FC,home,home,,2.17,2026-08-21T14:32:33Z
2026-08-21T14:32:46Z,580489,Ligue 2,2026-08-21T18:00:00Z,Pau FC,Nancy,livescorebet,h2h,Draw,draw,draw,,3.15,2026-08-21T14:32:33Z
2026-08-21T14:32:46Z,580489,Ligue 2,2026-08-21T18:00:00Z,Pau FC,Nancy,betrivers,h2h,Nancy,away,away,,2.85,2026-08-21T14:32:30Z
2026-08-21T14:32:46Z,580489,Ligue 2,2026-08-21T18:00:00Z,Pau FC,Nancy,betrivers,h2h,Pau FC,home,home,,2.2,2026-08-21T14:32:30Z
2026-08-21T14:32:46Z,580489,Ligue 2,2026-08-21T18:00:00Z,Pau FC,Nancy,betrivers,h2h,Draw,draw,draw,,3.2,2026-08-21T14:32:30Z
2026-08-21T14:32:46Z,580489,Ligue 2,2026-08-21T18:00:00Z,Pau FC,Nancy,betrivers,totals,Over,over,over@2.5,2.50,1.85,2026-08-21T14:32:30Z
2026-08-21T14:32:46Z,580489,Ligue 2,2026-08-21T18:00:00Z,Pau FC,Nancy,betrivers,totals,Under,under,under@2.5,2.50,1.81,2026-08-21T14:32:30Z
2026-08-21T14:32:46Z,580489,Ligue 2,2026-08-21T18:00:00Z,Pau FC,Nancy,matchbook,h2h,Nancy,away,away,,3.15,2026-08-21T14:32:31Z
2026-08-21T14:32:46Z,580489,Ligue 2,2026-08-21T18:00:00Z,Pau FC,Nancy,matchbook,h2h,Pau FC,home,home,,2.6,2026-08-21T14:32:31Z
2026-08-21T14:32:46Z,580489,Ligue 2,2026-08-21T18:00:00Z,Pau FC,Nancy,matchbook,h2h,Draw,draw,draw,,3.35,2026-08-21T14:32:31Z
2026-08-21T14:32:46Z,580489,Ligue 2,2026-08-21T18:00:00Z,Pau FC,Nancy,matchbook,h2h_lay,Nancy,h2h_lay,h2h_lay,,3.2,2026-08-21T14:32:31Z
2026-08-21T14:32:46Z,580489,Ligue 2,2026-08-21T18:00:00Z,Pau FC,Nancy,matchbook,h2h_lay,Pau FC,h2h_lay,h2h_lay,,2.62,2026-08-21T14:32:31Z
2026-08-21T14:32:46Z,580489,Ligue 2,2026-08-21T18:00:00Z,Pau FC,Nancy,matchbook,h2h_lay,Draw,h2h_lay,h2h_lay,,3.4,2026-08-21T14:32:31Z
2026-08-21T14:32:46Z,580489,Ligue 2,2026-08-21T18:00:00Z,Pau FC,Nancy,matchbook,spreads,Nancy,away,away@0.25,0.25,1.78,2026-08-21T14:32:31Z
2026-08-21T14:32:46Z,580489,Ligue 2,2026-08-21T18:00:00Z,Pau FC,Nancy,matchbook,spreads,Pau FC,home,home@-0.25,-0.25,2.1,2026-08-21T14:32:31Z
2026-08-21T14:32:46Z,580489,Ligue 2,2026-08-21T18:00:00Z,Pau FC,Nancy,matchbook,totals,Over,over,over@2.5,2.50,2.22,2026-08-21T14:32:31Z
2026-08-21T14:32:46Z,580489,Ligue 2,2026-08-21T18:00:00Z,Pau FC,Nancy,matchbook,totals,Under,under,under@2.5,2.50,1.79,2026-08-21T14:32:31Z
2026-08-21T14:32:46Z,580489,Ligue 2,2026-08-21T18:00:00Z,Pau FC,Nancy,betus,h2h,Nancy,away,away,,2.95,2026-08-21T14:32:31Z
2026-08-21T14:32:46Z,580489,Ligue 2,2026-08-21T18:00:00Z,Pau FC,Nancy,betus,h2h,Pau FC,home,home,,2.4,2026-08-21T14:32:31Z
2026-08-21T14:32:46Z,580489,Ligue 2,2026-08-21T18:00:00Z,Pau FC,Nancy,betus,h2h,Draw,draw,draw,,3.05,2026-08-21T14:32:31Z
2026-08-21T14:32:46Z,580489,Ligue 2,2026-08-21T18:00:00Z,Pau FC,Nancy,betus,totals,Over,over,over@2.5,2.50,1.95,2026-08-21T14:32:31Z
2026-08-21T14:32:46Z,580489,Ligue 2,2026-08-21T18:00:00Z,Pau FC,Nancy,betus,totals,Under,under,under@2.5,2.50,1.8,2026-08-21T14:32:31Z
2026-08-21T14:32:46Z,580490,Ligue 2,2026-08-21T18:00:00Z,Sochaux,Guingamp,betmgm,h2h,Guingamp,away,away,,2.6,2026-08-21T14:32:31Z
2026-08-21T14:32:46Z,580490,Ligue 2,2026-08-21T18:00:00Z,Sochaux,Guingamp,betmgm,h2h,Sochaux,home,home,,2.6,2026-08-21T14:32:31Z
2026-08-21T14:32:46Z,580490,Ligue 2,2026-08-21T18:00:00Z,Sochaux,Guingamp,betmgm,h2h,Draw,draw,draw,,3.25,2026-08-21T14:32:31Z
2026-08-21T14:32:46Z,580490,Ligue 2,2026-08-21T18:00:00Z,Sochaux,Guingamp,betmgm,totals,Over,over,over@2.5,2.50,1.95,2026-08-21T14:32:31Z
2026-08-21T14:32:46Z,580490,Ligue 2,2026-08-21T18:00:00Z,Sochaux,Guingamp,betmgm,totals,Under,under,under@2.5,2.50,1.74,2026-08-21T14:32:31Z
2026-08-21T14:32:46Z,580490,Ligue 2,2026-08-21T18:00:00Z,Sochaux,Guingamp,codere_it,h2h,Guingamp,away,away,,2.65,2026-08-21T14:32:36Z
2026-08-21T14:32:46Z,580490,Ligue 2,2026-08-21T18:00:00Z,Sochaux,Guingamp,codere_it,h2h,Sochaux,home,home,,2.48,2026-08-21T14:32:36Z
2026-08-21T14:32:46Z,580490,Ligue 2,2026-08-21T18:00:00Z,Sochaux,Guingamp,codere_it,h2h,Draw,draw,draw,,3.15,2026-08-21T14:32:36Z
2026-08-21T14:32:46Z,580490,Ligue 2,2026-08-21T18:00:00Z,Sochaux,Guingamp,codere_it,totals,Over,over,over@2.5,2.50,1.91,2026-08-21T14:32:36Z
2026-08-21T14:32:46Z,580490,Ligue 2,2026-08-21T18:00:00Z,Sochaux,Guingamp,codere_it,totals,Under,under,under@2.5,2.50,1.76,2026-08-21T14:32:36Z
2026-08-21T14:32:46Z,580490,Ligue 2,2026-08-21T18:00:00Z,Sochaux,Guingamp,ladbrokes_uk,h2h,Guingamp,away,away,,2.5,2026-08-21T14:32:31Z
2026-08-21T14:32:46Z,580490,Ligue 2,2026-08-21T18:00:00Z,Sochaux,Guingamp,ladbrokes_uk,h2h,Sochaux,home,home,,2.5,2026-08-21T14:32:31Z
2026-08-21T14:32:46Z,580490,Ligue 2,2026-08-21T18:00:00Z,Sochaux,Guingamp,ladbrokes_uk,h2h,Draw,draw,draw,,3.1,2026-08-21T14:32:31Z
2026-08-21T14:32:46Z,580490,Ligue 2,2026-08-21T18:00:00Z,Sochaux,Guingamp,unibet_fr,h2h,Guingamp,away,away,,2.7,2026-08-21T14:32:02Z
2026-08-21T14:32:46Z,580490,Ligue 2,2026-08-21T18:00:00Z,Sochaux,Guingamp,unibet_fr,h2h,Sochaux,home,home,,2.55,2026-08-21T14:32:02Z
2026-08-21T14:32:46Z,580490,Ligue 2,2026-08-21T18:00:00Z,Sochaux,Guingamp,unibet_fr,h2h,Draw,draw,draw,,3.2,2026-08-21T14:32:02Z
2026-08-21T14:32:46Z,580490,Ligue 2,2026-08-21T18:00:00Z,Sochaux,Guingamp,nordicbet,totals,Over,over,over@2.5,2.50,1.92,2026-08-21T14:32:33Z
2026-08-21T14:32:46Z,580490,Ligue 2,2026-08-21T18:00:00Z,Sochaux,Guingamp,nordicbet,totals,Under,under,under@2.5,2.50,1.78,2026-08-21T14:32:33Z
2026-08-21T14:32:46Z,580490,Ligue 2,2026-08-21T18:00:00Z,Sochaux,Guingamp,winamax_fr,h2h,Guingamp,away,away,,2.6,2026-08-21T14:32:04Z
2026-08-21T14:32:46Z,580490,Ligue 2,2026-08-21T18:00:00Z,Sochaux,Guingamp,winamax_fr,h2h,Sochaux,home,home,,2.5,2026-08-21T14:32:04Z
2026-08-21T14:32:46Z,580490,Ligue 2,2026-08-21T18:00:00Z,Sochaux,Guingamp,winamax_fr,h2h,Draw,draw,draw,,3.25,2026-08-21T14:32:04Z
2026-08-21T14:32:46Z,580490,Ligue 2,2026-08-21T18:00:00Z,Sochaux,Guingamp,betsson,h2h,Guingamp,away,away,,2.65,2026-08-21T14:32:31Z
2026-08-21T14:32:46Z,580490,Ligue 2,2026-08-21T18:00:00Z,Sochaux,Guingamp,betsson,h2h,Sochaux,home,home,,2.52,2026-08-21T14:32:31Z
2026-08-21T14:32:46Z,580490,Ligue 2,2026-08-21T18:00:00Z,Sochaux,Guingamp,betsson,h2h,Draw,draw,draw,,3.15,2026-08-21T14:32:31Z
2026-08-21T14:32:46Z,580490,Ligue 2,2026-08-21T18:00:00Z,Sochaux,Guingamp,betsson,totals,Over,over,over@2.5,2.50,1.92,2026-08-21T14:32:31Z
2026-08-21T14:32:46Z,580490,Ligue 2,2026-08-21T18:00:00Z,Sochaux,Guingamp,betsson,totals,Under,under,under@2.5,2.50,1.78,2026-08-21T14:32:31Z
2026-08-21T14:32:46Z,580490,Ligue 2,2026-08-21T18:00:00Z,Sochaux,Guingamp,unibet_uk,h2h,Guingamp,away,away,,2.7,2026-08-21T14:32:33Z
2026-08-21T14:32:46Z,580490,Ligue 2,2026-08-21T18:00:00Z,Sochaux,Guingamp,unibet_uk,h2h,Sochaux,home,home,,2.55,2026-08-21T14:32:33Z
2026-08-21T14:32:46Z,580490,Ligue 2,2026-08-21T18:00:00Z,Sochaux,Guingamp,unibet_uk,h2h,Draw,draw,draw,,3.25,2026-08-21T14:32:33Z
2026-08-21T14:32:46Z,580490,Ligue 2,2026-08-21T18:00:00Z,Sochaux,Guingamp,winamax_de,h2h,Guingamp,away,away,,2.6,2026-08-21T14:32:05Z
2026-08-21T14:32:46Z,580490,Ligue 2,2026-08-21T18:00:00Z,Sochaux,Guingamp,winamax_de,h2h,Sochaux,home,home,,2.5,2026-08-21T14:32:05Z
2026-08-21T14:32:46Z,580490,Ligue 2,2026-08-21T18:00:00Z,Sochaux,Guingamp,winamax_de,h2h,Draw,draw,draw,,3.25,2026-08-21T14:32:05Z
2026-08-21T14:32:46Z,580490,Ligue 2,2026-08-21T18:00:00Z,Sochaux,Guingamp,coral,h2h,Guingamp,away,away,,2.5,2026-08-21T14:31:38Z
2026-08-21T14:32:46Z,580490,Ligue 2,2026-08-21T18:00:00Z,Sochaux,Guingamp,coral,h2h,Sochaux,home,home,,2.5,2026-08-21T14:31:38Z
2026-08-21T14:32:46Z,580490,Ligue 2,2026-08-21T18:00:00Z,Sochaux,Guingamp,coral,h2h,Draw,draw,draw,,3.1,2026-08-21T14:31:38Z
2026-08-21T14:32:46Z,580490,Ligue 2,2026-08-21T18:00:00Z,Sochaux,Guingamp,skybet,h2h,Guingamp,away,away,,2.63,2026-08-21T14:32:32Z
2026-08-21T14:32:46Z,580490,Ligue 2,2026-08-21T18:00:00Z,Sochaux,Guingamp,skybet,h2h,Sochaux,home,home,,2.45,2026-08-21T14:32:32Z
2026-08-21T14:32:46Z,580490,Ligue 2,2026-08-21T18:00:00Z,Sochaux,Guingamp,skybet,h2h,Draw,draw,draw,,3.0,2026-08-21T14:32:32Z
2026-08-21T14:32:46Z,580490,Ligue 2,2026-08-21T18:00:00Z,Sochaux,Guingamp,fanduel,h2h,Guingamp,away,away,,2.75,2026-08-21T14:31:16Z
2026-08-21T14:32:46Z,580490,Ligue 2,2026-08-21T18:00:00Z,Sochaux,Guingamp,fanduel,h2h,Sochaux,home,home,,2.55,2026-08-21T14:31:16Z
2026-08-21T14:32:46Z,580490,Ligue 2,2026-08-21T18:00:00Z,Sochaux,Guingamp,fanduel,h2h,Draw,draw,draw,,3.1,2026-08-21T14:31:16Z
2026-08-21T14:32:46Z,580490,Ligue 2,2026-08-21T18:00:00Z,Sochaux,Guingamp,paddypower,h2h,Guingamp,away,away,,2.7,2026-08-21T14:32:32Z
2026-08-21T14:32:46Z,580490,Ligue 2,2026-08-21T18:00:00Z,Sochaux,Guingamp,paddypower,h2h,Sochaux,home,home,,2.5,2026-08-21T14:32:32Z
2026-08-21T14:32:46Z,580490,Ligue 2,2026-08-21T18:00:00Z,Sochaux,Guingamp,paddypower,h2h,Draw,draw,draw,,3.1,2026-08-21T14:32:32Z
2026-08-21T14:32:46Z,580490,Ligue 2,2026-08-21T18:00:00Z,Sochaux,Guingamp,betway,h2h,Guingamp,away,away,,2.75,2026-08-21T14:32:54Z
2026-08-21T14:32:46Z,580490,Ligue 2,2026-08-21T18:00:00Z,Sochaux,Guingamp,betway,h2h,Sochaux,home,home,,2.5,2026-08-21T14:32:54Z
2026-08-21T14:32:46Z,580490,Ligue 2,2026-08-21T18:00:00Z,Sochaux,Guingamp,betway,h2h,Draw,draw,draw,,3.2,2026-08-21T14:32:54Z
2026-08-21T14:32:46Z,580490,Ligue 2,2026-08-21T18:00:00Z,Sochaux,Guingamp,betfair_sb_uk,h2h,Guingamp,away,away,,2.7,2026-08-21T14:32:31Z
2026-08-21T14:32:46Z,580490,Ligue 2,2026-08-21T18:00:00Z,Sochaux,Guingamp,betfair_sb_uk,h2h,Sochaux,home,home,,2.55,2026-08-21T14:32:31Z
2026-08-21T14:32:46Z,580490,Ligue 2,2026-08-21T18:00:00Z,Sochaux,Guingamp,betfair_sb_uk,h2h,Draw,draw,draw,,3.1,2026-08-21T14:32:31Z
2026-08-21T14:32:46Z,580490,Ligue 2,2026-08-21T18:00:00Z,Sochaux,Guingamp,betonlineag,h2h,Guingamp,away,away,,2.8,2026-08-21T14:32:31Z
2026-08-21T14:32:46Z,580490,Ligue 2,2026-08-21T18:00:00Z,Sochaux,Guingamp,betonlineag,h2h,Sochaux,home,home,,2.56,2026-08-21T14:32:31Z
2026-08-21T14:32:46Z,580490,Ligue 2,2026-08-21T18:00:00Z,Sochaux,Guingamp,betonlineag,h2h,Draw,draw,draw,,3.15,2026-08-21T14:32:31Z
2026-08-21T14:32:46Z,580490,Ligue 2,2026-08-21T18:00:00Z,Sochaux,Guingamp,betonlineag,spreads,Guingamp,away,away@0.0,0,2.0,2026-08-21T14:32:31Z
2026-08-21T14:32:46Z,580490,Ligue 2,2026-08-21T18:00:00Z,Sochaux,Guingamp,betonlineag,spreads,Sochaux,home,home@0.0,0,1.83,2026-08-21T14:32:31Z
2026-08-21T14:32:46Z,580490,Ligue 2,2026-08-21T18:00:00Z,Sochaux,Guingamp,betonlineag,totals,Over,over,over@2.5,2.50,2.07,2026-08-21T14:32:31Z
2026-08-21T14:32:46Z,580490,Ligue 2,2026-08-21T18:00:00Z,Sochaux,Guingamp,betonlineag,totals,Under,under,under@2.5,2.50,1.79,2026-08-21T14:32:31Z
2026-08-21T14:32:46Z,580490,Ligue 2,2026-08-21T18:00:00Z,Sochaux,Guingamp,lowvig,h2h,Guingamp,away,away,,2.8,2026-08-21T14:31:17Z
2026-08-21T14:32:46Z,580490,Ligue 2,2026-08-21T18:00:00Z,Sochaux,Guingamp,lowvig,h2h,Sochaux,home,home,,2.56,2026-08-21T14:31:17Z
2026-08-21T14:32:46Z,580490,Ligue 2,2026-08-21T18:00:00Z,Sochaux,Guingamp,lowvig,h2h,Draw,draw,draw,,3.15,2026-08-21T14:31:17Z
2026-08-21T14:32:46Z,580490,Ligue 2,2026-08-21T18:00:00Z,Sochaux,Guingamp,lowvig,spreads,Guingamp,away,away@0.0,0,2.0,2026-08-21T14:31:17Z
2026-08-21T14:32:46Z,580490,Ligue 2,2026-08-21T18:00:00Z,Sochaux,Guingamp,lowvig,spreads,Sochaux,home,home@0.0,0,1.83,2026-08-21T14:31:17Z
2026-08-21T14:32:46Z,580490,Ligue 2,2026-08-21T18:00:00Z,Sochaux,Guingamp,lowvig,totals,Over,over,over@2.5,2.50,2.07,2026-08-21T14:31:17Z
2026-08-21T14:32:46Z,580490,Ligue 2,2026-08-21T18:00:00Z,Sochaux,Guingamp,lowvig,totals,Under,under,under@2.5,2.50,1.79,2026-08-21T14:31:17Z
2026-08-21T14:32:46Z,580490,Ligue 2,2026-08-21T18:00:00Z,Sochaux,Guingamp,marathonbet,h2h,Guingamp,away,away,,2.72,2026-08-21T14:32:32Z
2026-08-21T14:32:46Z,580490,Ligue 2,2026-08-21T18:00:00Z,Sochaux,Guingamp,marathonbet,h2h,Sochaux,home,home,,2.55,2026-08-21T14:32:32Z
2026-08-21T14:32:46Z,580490,Ligue 2,2026-08-21T18:00:00Z,Sochaux,Guingamp,marathonbet,h2h,Draw,draw,draw,,3.2,2026-08-21T14:32:32Z
2026-08-21T14:32:46Z,580490,Ligue 2,2026-08-21T18:00:00Z,Sochaux,Guingamp,sport888,h2h,Guingamp,away,away,,2.7,2026-08-21T14:32:31Z
2026-08-21T14:32:46Z,580490,Ligue 2,2026-08-21T18:00:00Z,Sochaux,Guingamp,sport888,h2h,Sochaux,home,home,,2.5,2026-08-21T14:32:31Z
2026-08-21T14:32:46Z,580490,Ligue 2,2026-08-21T18:00:00Z,Sochaux,Guingamp,sport888,h2h,Draw,draw,draw,,3.1,2026-08-21T14:32:31Z
2026-08-21T14:32:46Z,580490,Ligue 2,2026-08-21T18:00:00Z,Sochaux,Guingamp,williamhill,h2h,Guingamp,away,away,,2.7,2026-08-21T14:32:31Z
2026-08-21T14:32:46Z,580490,Ligue 2,2026-08-21T18:00:00Z,Sochaux,Guingamp,williamhill,h2h,Sochaux,home,home,,2.5,2026-08-21T14:32:31Z
2026-08-21T14:32:46Z,580490,Ligue 2,2026-08-21T18:00:00Z,Sochaux,Guingamp,williamhill,h2h,Draw,draw,draw,,3.1,2026-08-21T14:32:31Z
2026-08-21T14:32:46Z,580490,Ligue 2,2026-08-21T18:00:00Z,Sochaux,Guingamp,williamhill,totals,Over,over,over@2.5,2.50,1.95,2026-08-21T14:32:31Z
2026-08-21T14:32:46Z,580490,Ligue 2,2026-08-21T18:00:00Z,Sochaux,Guingamp,williamhill,totals,Under,under,under@2.5,2.50,1.75,2026-08-21T14:32:31Z
2026-08-21T14:32:46Z,580490,Ligue 2,2026-08-21T18:00:00Z,Sochaux,Guingamp,suprabets,h2h,Guingamp,away,away,,2.72,2026-08-21T14:30:49Z
2026-08-21T14:32:46Z,580490,Ligue 2,2026-08-21T18:00:00Z,Sochaux,Guingamp,suprabets,h2h,Sochaux,home,home,,2.47,2026-08-21T14:30:49Z
2026-08-21T14:32:46Z,580490,Ligue 2,2026-08-21T18:00:00Z,Sochaux,Guingamp,suprabets,h2h,Draw,draw,draw,,3.05,2026-08-21T14:30:49Z
2026-08-21T14:32:46Z,580490,Ligue 2,2026-08-21T18:00:00Z,Sochaux,Guingamp,betano_uk,h2h,Guingamp,away,away,,2.7,2026-08-21T14:32:44Z
2026-08-21T14:32:46Z,580490,Ligue 2,2026-08-21T18:00:00Z,Sochaux,Guingamp,betano_uk,h2h,Sochaux,home,home,,2.55,2026-08-21T14:32:44Z
2026-08-21T14:32:46Z,580490,Ligue 2,2026-08-21T18:00:00Z,Sochaux,Guingamp,betano_uk,h2h,Draw,draw,draw,,3.3,2026-08-21T14:32:44Z
2026-08-21T14:32:46Z,580490,Ligue 2,2026-08-21T18:00:00Z,Sochaux,Guingamp,betvictor,h2h,Guingamp,away,away,,2.7,2026-08-21T14:32:21Z
2026-08-21T14:32:46Z,580490,Ligue 2,2026-08-21T18:00:00Z,Sochaux,Guingamp,betvictor,h2h,Sochaux,home,home,,2.55,2026-08-21T14:32:21Z
2026-08-21T14:32:46Z,580490,Ligue 2,2026-08-21T18:00:00Z,Sochaux,Guingamp,betvictor,h2h,Draw,draw,draw,,3.3,2026-08-21T14:32:21Z
2026-08-21T14:32:46Z,580490,Ligue 2,2026-08-21T18:00:00Z,Sochaux,Guingamp,tipico_de,h2h,Guingamp,away,away,,2.8,2026-08-21T14:32:05Z
2026-08-21T14:32:46Z,580490,Ligue 2,2026-08-21T18:00:00Z,Sochaux,Guingamp,tipico_de,h2h,Sochaux,home,home,,2.6,2026-08-21T14:32:05Z
2026-08-21T14:32:46Z,580490,Ligue 2,2026-08-21T18:00:00Z,Sochaux,Guingamp,tipico_de,h2h,Draw,draw,draw,,2.9,2026-08-21T14:32:05Z
2026-08-21T14:32:46Z,580490,Ligue 2,2026-08-21T18:00:00Z,Sochaux,Guingamp,tipico_de,totals,Over,over,over@2.5,2.50,1.9,2026-08-21T14:32:05Z
2026-08-21T14:32:46Z,580490,Ligue 2,2026-08-21T18:00:00Z,Sochaux,Guingamp,tipico_de,totals,Under,under,under@2.5,2.50,1.8,2026-08-21T14:32:05Z
2026-08-21T14:32:46Z,580490,Ligue 2,2026-08-21T18:00:00Z,Sochaux,Guingamp,pinnacle,h2h,Guingamp,away,away,,2.86,2026-08-21T14:32:54Z
2026-08-21T14:32:46Z,580490,Ligue 2,2026-08-21T18:00:00Z,Sochaux,Guingamp,pinnacle,h2h,Sochaux,home,home,,2.63,2026-08-21T14:32:54Z
2026-08-21T14:32:46Z,580490,Ligue 2,2026-08-21T18:00:00Z,Sochaux,Guingamp,pinnacle,h2h,Draw,draw,draw,,3.24,2026-08-21T14:32:54Z
2026-08-21T14:32:46Z,580490,Ligue 2,2026-08-21T18:00:00Z,Sochaux,Guingamp,pinnacle,spreads,Guingamp,away,away@-0.0,-0,2.03,2026-08-21T14:32:54Z
2026-08-21T14:32:46Z,580490,Ligue 2,2026-08-21T18:00:00Z,Sochaux,Guingamp,pinnacle,spreads,Sochaux,home,home@0.0,0,1.86,2026-08-21T14:32:54Z
2026-08-21T14:32:46Z,580490,Ligue 2,2026-08-21T18:00:00Z,Sochaux,Guingamp,pinnacle,totals,Over,over,over@2.25,2.25,1.81,2026-08-21T14:32:54Z
2026-08-21T14:32:46Z,580490,Ligue 2,2026-08-21T18:00:00Z,Sochaux,Guingamp,pinnacle,totals,Under,under,under@2.25,2.25,2.07,2026-08-21T14:32:54Z
2026-08-21T14:32:46Z,580490,Ligue 2,2026-08-21T18:00:00Z,Sochaux,Guingamp,boylesports,h2h,Guingamp,away,away,,2.6,2026-08-21T14:31:41Z
2026-08-21T14:32:46Z,580490,Ligue 2,2026-08-21T18:00:00Z,Sochaux,Guingamp,boylesports,h2h,Sochaux,home,home,,2.4,2026-08-21T14:31:41Z
2026-08-21T14:32:46Z,580490,Ligue 2,2026-08-21T18:00:00Z,Sochaux,Guingamp,boylesports,h2h,Draw,draw,draw,,3.0,2026-08-21T14:31:41Z
2026-08-21T14:32:46Z,580490,Ligue 2,2026-08-21T18:00:00Z,Sochaux,Guingamp,draftkings,h2h,Guingamp,away,away,,2.75,2026-08-21T14:32:31Z
2026-08-21T14:32:46Z,580490,Ligue 2,2026-08-21T18:00:00Z,Sochaux,Guingamp,draftkings,h2h,Sochaux,home,home,,2.6,2026-08-21T14:32:31Z
2026-08-21T14:32:46Z,580490,Ligue 2,2026-08-21T18:00:00Z,Sochaux,Guingamp,draftkings,h2h,Draw,draw,draw,,3.25,2026-08-21T14:32:31Z
2026-08-21T14:32:46Z,580490,Ligue 2,2026-08-21T18:00:00Z,Sochaux,Guingamp,bovada,h2h,Guingamp,away,away,,2.65,2026-08-21T14:31:42Z
2026-08-21T14:32:46Z,580490,Ligue 2,2026-08-21T18:00:00Z,Sochaux,Guingamp,bovada,h2h,Sochaux,home,home,,2.5,2026-08-21T14:31:42Z
2026-08-21T14:32:46Z,580490,Ligue 2,2026-08-21T18:00:00Z,Sochaux,Guingamp,bovada,h2h,Draw,draw,draw,,3.2,2026-08-21T14:31:42Z
2026-08-21T14:32:46Z,580490,Ligue 2,2026-08-21T18:00:00Z,Sochaux,Guingamp,bovada,spreads,Guingamp,away,away@0.0,0,2.0,2026-08-21T14:31:42Z
2026-08-21T14:32:46Z,580490,Ligue 2,2026-08-21T18:00:00Z,Sochaux,Guingamp,bovada,spreads,Sochaux,home,home@0.0,0,1.83,2026-08-21T14:31:42Z
2026-08-21T14:32:46Z,580490,Ligue 2,2026-08-21T18:00:00Z,Sochaux,Guingamp,bovada,totals,Over,over,over@2.5,2.50,2.05,2026-08-21T14:31:42Z
2026-08-21T14:32:46Z,580490,Ligue 2,2026-08-21T18:00:00Z,Sochaux,Guingamp,bovada,totals,Under,under,under@2.5,2.50,1.8,2026-08-21T14:31:42Z
2026-08-21T14:32:46Z,580490,Ligue 2,2026-08-21T18:00:00Z,Sochaux,Guingamp,betfair_ex_uk,h2h,Guingamp,away,away,,2.88,2026-08-21T14:32:54Z
2026-08-21T14:32:46Z,580490,Ligue 2,2026-08-21T18:00:00Z,Sochaux,Guingamp,betfair_ex_uk,h2h,Sochaux,home,home,,2.72,2026-08-21T14:32:54Z
2026-08-21T14:32:46Z,580490,Ligue 2,2026-08-21T18:00:00Z,Sochaux,Guingamp,betfair_ex_uk,h2h,Draw,draw,draw,,3.35,2026-08-21T14:32:54Z
2026-08-21T14:32:46Z,580490,Ligue 2,2026-08-21T18:00:00Z,Sochaux,Guingamp,betfair_ex_uk,h2h_lay,Guingamp,h2h_lay,h2h_lay,,3.0,2026-08-21T14:32:54Z
2026-08-21T14:32:46Z,580490,Ligue 2,2026-08-21T18:00:00Z,Sochaux,Guingamp,betfair_ex_uk,h2h_lay,Sochaux,h2h_lay,h2h_lay,,2.78,2026-08-21T14:32:54Z
2026-08-21T14:32:46Z,580490,Ligue 2,2026-08-21T18:00:00Z,Sochaux,Guingamp,betfair_ex_uk,h2h_lay,Draw,h2h_lay,h2h_lay,,3.45,2026-08-21T14:32:54Z
2026-08-21T14:32:46Z,580490,Ligue 2,2026-08-21T18:00:00Z,Sochaux,Guingamp,betfair_ex_eu,h2h,Guingamp,away,away,,2.88,2026-08-21T14:32:31Z
2026-08-21T14:32:46Z,580490,Ligue 2,2026-08-21T18:00:00Z,Sochaux,Guingamp,betfair_ex_eu,h2h,Sochaux,home,home,,2.72,2026-08-21T14:32:31Z
2026-08-21T14:32:46Z,580490,Ligue 2,2026-08-21T18:00:00Z,Sochaux,Guingamp,betfair_ex_eu,h2h,Draw,draw,draw,,3.35,2026-08-21T14:32:31Z
2026-08-21T14:32:46Z,580490,Ligue 2,2026-08-21T18:00:00Z,Sochaux,Guingamp,betfair_ex_eu,h2h_lay,Guingamp,h2h_lay,h2h_lay,,3.0,2026-08-21T14:32:31Z
2026-08-21T14:32:46Z,580490,Ligue 2,2026-08-21T18:00:00Z,Sochaux,Guingamp,betfair_ex_eu,h2h_lay,Sochaux,h2h_lay,h2h_lay,,2.78,2026-08-21T14:32:31Z
2026-08-21T14:32:46Z,580490,Ligue 2,2026-08-21T18:00:00Z,Sochaux,Guingamp,betfair_ex_eu,h2h_lay,Draw,h2h_lay,h2h_lay,,3.45,2026-08-21T14:32:31Z
2026-08-21T14:32:46Z,580490,Ligue 2,2026-08-21T18:00:00Z,Sochaux,Guingamp,virginbet,h2h,Guingamp,away,away,,2.4,2026-08-21T14:32:02Z
2026-08-21T14:32:46Z,580490,Ligue 2,2026-08-21T18:00:00Z,Sochaux,Guingamp,virginbet,h2h,Sochaux,home,home,,2.6,2026-08-21T14:32:02Z
2026-08-21T14:32:46Z,580490,Ligue 2,2026-08-21T18:00:00Z,Sochaux,Guingamp,virginbet,h2h,Draw,draw,draw,,3.0,2026-08-21T14:32:02Z
2026-08-21T14:32:46Z,580490,Ligue 2,2026-08-21T18:00:00Z,Sochaux,Guingamp,grosvenor,h2h,Guingamp,away,away,,2.55,2026-08-21T14:32:04Z
2026-08-21T14:32:46Z,580490,Ligue 2,2026-08-21T18:00:00Z,Sochaux,Guingamp,grosvenor,h2h,Sochaux,home,home,,2.75,2026-08-21T14:32:04Z
2026-08-21T14:32:46Z,580490,Ligue 2,2026-08-21T18:00:00Z,Sochaux,Guingamp,grosvenor,h2h,Draw,draw,draw,,3.2,2026-08-21T14:32:04Z
2026-08-21T14:32:46Z,580490,Ligue 2,2026-08-21T18:00:00Z,Sochaux,Guingamp,grosvenor,totals,Over,over,over@2.5,2.50,2.04,2026-08-21T14:32:04Z
2026-08-21T14:32:46Z,580490,Ligue 2,2026-08-21T18:00:00Z,Sochaux,Guingamp,grosvenor,totals,Under,under,under@2.5,2.50,1.67,2026-08-21T14:32:04Z
2026-08-21T14:32:46Z,580490,Ligue 2,2026-08-21T18:00:00Z,Sochaux,Guingamp,casumo,h2h,Guingamp,away,away,,2.55,2026-08-21T14:32:32Z
2026-08-21T14:32:46Z,580490,Ligue 2,2026-08-21T18:00:00Z,Sochaux,Guingamp,casumo,h2h,Sochaux,home,home,,2.75,2026-08-21T14:32:32Z
2026-08-21T14:32:46Z,580490,Ligue 2,2026-08-21T18:00:00Z,Sochaux,Guingamp,casumo,h2h,Draw,draw,draw,,3.2,2026-08-21T14:32:32Z
2026-08-21T14:32:46Z,580490,Ligue 2,2026-08-21T18:00:00Z,Sochaux,Guingamp,casumo,totals,Over,over,over@2.5,2.50,2.04,2026-08-21T14:32:32Z
2026-08-21T14:32:46Z,580490,Ligue 2,2026-08-21T18:00:00Z,Sochaux,Guingamp,casumo,totals,Under,under,under@2.5,2.50,1.67,2026-08-21T14:32:32Z
2026-08-21T14:32:46Z,580490,Ligue 2,2026-08-21T18:00:00Z,Sochaux,Guingamp,pmu_fr,h2h,Guingamp,away,away,,2.55,2026-08-21T14:32:03Z
2026-08-21T14:32:46Z,580490,Ligue 2,2026-08-21T18:00:00Z,Sochaux,Guingamp,pmu_fr,h2h,Sochaux,home,home,,2.75,2026-08-21T14:32:03Z
2026-08-21T14:32:46Z,580490,Ligue 2,2026-08-21T18:00:00Z,Sochaux,Guingamp,pmu_fr,h2h,Draw,draw,draw,,3.2,2026-08-21T14:32:03Z
2026-08-21T14:32:46Z,580490,Ligue 2,2026-08-21T18:00:00Z,Sochaux,Guingamp,pmu_fr,totals,Over,over,over@2.5,2.50,1.97,2026-08-21T14:32:03Z
2026-08-21T14:32:46Z,580490,Ligue 2,2026-08-21T18:00:00Z,Sochaux,Guingamp,pmu_fr,totals,Under,under,under@2.5,2.50,1.61,2026-08-21T14:32:03Z
2026-08-21T14:32:46Z,580490,Ligue 2,2026-08-21T18:00:00Z,Sochaux,Guingamp,unibet_nl,h2h,Guingamp,away,away,,2.55,2026-08-21T14:32:31Z
2026-08-21T14:32:46Z,580490,Ligue 2,2026-08-21T18:00:00Z,Sochaux,Guingamp,unibet_nl,h2h,Sochaux,home,home,,2.75,2026-08-21T14:32:31Z
2026-08-21T14:32:46Z,580490,Ligue 2,2026-08-21T18:00:00Z,Sochaux,Guingamp,unibet_nl,h2h,Draw,draw,draw,,3.2,2026-08-21T14:32:31Z
2026-08-21T14:32:46Z,580490,Ligue 2,2026-08-21T18:00:00Z,Sochaux,Guingamp,unibet_nl,totals,Over,over,over@2.5,2.50,2.04,2026-08-21T14:32:31Z
2026-08-21T14:32:46Z,580490,Ligue 2,2026-08-21T18:00:00Z,Sochaux,Guingamp,unibet_nl,totals,Under,under,under@2.5,2.50,1.67,2026-08-21T14:32:31Z
2026-08-21T14:32:46Z,580490,Ligue 2,2026-08-21T18:00:00Z,Sochaux,Guingamp,unibet_se,h2h,Guingamp,away,away,,2.55,2026-08-21T14:32:02Z
2026-08-21T14:32:46Z,580490,Ligue 2,2026-08-21T18:00:00Z,Sochaux,Guingamp,unibet_se,h2h,Sochaux,home,home,,2.75,2026-08-21T14:32:02Z
2026-08-21T14:32:46Z,580490,Ligue 2,2026-08-21T18:00:00Z,Sochaux,Guingamp,unibet_se,h2h,Draw,draw,draw,,3.2,2026-08-21T14:32:02Z
2026-08-21T14:32:46Z,580490,Ligue 2,2026-08-21T18:00:00Z,Sochaux,Guingamp,unibet_se,totals,Over,over,over@2.5,2.50,2.04,2026-08-21T14:32:02Z
2026-08-21T14:32:46Z,580490,Ligue 2,2026-08-21T18:00:00Z,Sochaux,Guingamp,unibet_se,totals,Under,under,under@2.5,2.50,1.67,2026-08-21T14:32:02Z
2026-08-21T14:32:46Z,580490,Ligue 2,2026-08-21T18:00:00Z,Sochaux,Guingamp,leovegas_se,h2h,Guingamp,away,away,,2.4,2026-08-21T14:32:03Z
2026-08-21T14:32:46Z,580490,Ligue 2,2026-08-21T18:00:00Z,Sochaux,Guingamp,leovegas_se,h2h,Sochaux,home,home,,2.6,2026-08-21T14:32:03Z
2026-08-21T14:32:46Z,580490,Ligue 2,2026-08-21T18:00:00Z,Sochaux,Guingamp,leovegas_se,h2h,Draw,draw,draw,,3.0,2026-08-21T14:32:03Z
2026-08-21T14:32:46Z,580490,Ligue 2,2026-08-21T18:00:00Z,Sochaux,Guingamp,leovegas_se,totals,Over,over,over@2.5,2.50,2.04,2026-08-21T14:32:03Z
2026-08-21T14:32:46Z,580490,Ligue 2,2026-08-21T18:00:00Z,Sochaux,Guingamp,leovegas_se,totals,Under,under,under@2.5,2.50,1.67,2026-08-21T14:32:03Z
2026-08-21T14:32:46Z,580490,Ligue 2,2026-08-21T18:00:00Z,Sochaux,Guingamp,livescorebet,h2h,Guingamp,away,away,,2.4,2026-08-21T14:32:33Z
2026-08-21T14:32:46Z,580490,Ligue 2,2026-08-21T18:00:00Z,Sochaux,Guingamp,livescorebet,h2h,Sochaux,home,home,,2.6,2026-08-21T14:32:33Z
2026-08-21T14:32:46Z,580490,Ligue 2,2026-08-21T18:00:00Z,Sochaux,Guingamp,livescorebet,h2h,Draw,draw,draw,,3.0,2026-08-21T14:32:33Z
2026-08-21T14:32:46Z,580490,Ligue 2,2026-08-21T18:00:00Z,Sochaux,Guingamp,betrivers,h2h,Guingamp,away,away,,2.43,2026-08-21T14:32:30Z
2026-08-21T14:32:46Z,580490,Ligue 2,2026-08-21T18:00:00Z,Sochaux,Guingamp,betrivers,h2h,Sochaux,home,home,,2.63,2026-08-21T14:32:30Z
2026-08-21T14:32:46Z,580490,Ligue 2,2026-08-21T18:00:00Z,Sochaux,Guingamp,betrivers,h2h,Draw,draw,draw,,3.05,2026-08-21T14:32:30Z
2026-08-21T14:32:46Z,580490,Ligue 2,2026-08-21T18:00:00Z,Sochaux,Guingamp,betrivers,totals,Over,over,over@2.5,2.50,2.04,2026-08-21T14:32:30Z
2026-08-21T14:32:46Z,580490,Ligue 2,2026-08-21T18:00:00Z,Sochaux,Guingamp,betrivers,totals,Under,under,under@2.5,2.50,1.67,2026-08-21T14:32:30Z
2026-08-21T14:32:46Z,580490,Ligue 2,2026-08-21T18:00:00Z,Sochaux,Guingamp,betclic_fr,h2h,Guingamp,away,away,,2.75,2026-08-21T14:30:42Z
2026-08-21T14:32:46Z,580490,Ligue 2,2026-08-21T18:00:00Z,Sochaux,Guingamp,betclic_fr,h2h,Sochaux,home,home,,2.52,2026-08-21T14:30:42Z
2026-08-21T14:32:46Z,580490,Ligue 2,2026-08-21T18:00:00Z,Sochaux,Guingamp,betclic_fr,h2h,Draw,draw,draw,,3.13,2026-08-21T14:30:42Z
2026-08-21T14:32:46Z,580490,Ligue 2,2026-08-21T18:00:00Z,Sochaux,Guingamp,betus,h2h,Guingamp,away,away,,2.75,2026-08-21T14:32:31Z
2026-08-21T14:32:46Z,580490,Ligue 2,2026-08-21T18:00:00Z,Sochaux,Guingamp,betus,h2h,Sochaux,home,home,,2.55,2026-08-21T14:32:31Z
2026-08-21T14:32:46Z,580490,Ligue 2,2026-08-21T18:00:00Z,Sochaux,Guingamp,betus,h2h,Draw,draw,draw,,3.2,2026-08-21T14:32:31Z
2026-08-21T14:32:46Z,580490,Ligue 2,2026-08-21T18:00:00Z,Sochaux,Guingamp,betus,spreads,Guingamp,away,away@0.0,0,1.95,2026-08-21T14:32:31Z
2026-08-21T14:32:46Z,580490,Ligue 2,2026-08-21T18:00:00Z,Sochaux,Guingamp,betus,spreads,Sochaux,home,home@0.0,0,1.8,2026-08-21T14:32:31Z
2026-08-21T14:32:46Z,580490,Ligue 2,2026-08-21T18:00:00Z,Sochaux,Guingamp,betus,totals,Over,over,over@2.5,2.50,1.95,2026-08-21T14:32:31Z
2026-08-21T14:32:46Z,580490,Ligue 2,2026-08-21T18:00:00Z,Sochaux,Guingamp,betus,totals,Under,under,under@2.5,2.50,1.8,2026-08-21T14:32:31Z
2026-08-21T14:32:46Z,580491,Ligue 2,2026-08-21T18:00:00Z,US Boulogne Côte-d'Opale,Red Star FC,winamax_de,h2h,Boulogne,home,home,,3.45,2026-08-21T14:32:05Z
2026-08-21T14:32:46Z,580491,Ligue 2,2026-08-21T18:00:00Z,US Boulogne Côte-d'Opale,Red Star FC,winamax_de,h2h,Red Star,away,away,,2.0,2026-08-21T14:32:05Z
2026-08-21T14:32:46Z,580491,Ligue 2,2026-08-21T18:00:00Z,US Boulogne Côte-d'Opale,Red Star FC,winamax_de,h2h,Draw,draw,draw,,3.35,2026-08-21T14:32:05Z
2026-08-21T14:32:46Z,580491,Ligue 2,2026-08-21T18:00:00Z,US Boulogne Côte-d'Opale,Red Star FC,betfred_uk,h2h,Boulogne,home,home,,3.5,2026-08-21T14:32:33Z
2026-08-21T14:32:46Z,580491,Ligue 2,2026-08-21T18:00:00Z,US Boulogne Côte-d'Opale,Red Star FC,betfred_uk,h2h,Red Star,away,away,,2.0,2026-08-21T14:32:33Z
2026-08-21T14:32:46Z,580491,Ligue 2,2026-08-21T18:00:00Z,US Boulogne Côte-d'Opale,Red Star FC,betfred_uk,h2h,Draw,draw,draw,,3.25,2026-08-21T14:32:33Z
2026-08-21T14:32:46Z,580491,Ligue 2,2026-08-21T18:00:00Z,US Boulogne Côte-d'Opale,Red Star FC,winamax_fr,h2h,Boulogne,home,home,,3.45,2026-08-21T14:32:04Z
2026-08-21T14:32:46Z,580491,Ligue 2,2026-08-21T18:00:00Z,US Boulogne Côte-d'Opale,Red Star FC,winamax_fr,h2h,Red Star,away,away,,2.0,2026-08-21T14:32:04Z
2026-08-21T14:32:46Z,580491,Ligue 2,2026-08-21T18:00:00Z,US Boulogne Côte-d'Opale,Red Star FC,winamax_fr,h2h,Draw,draw,draw,,3.35,2026-08-21T14:32:04Z
2026-08-21T14:32:46Z,580491,Ligue 2,2026-08-21T18:00:00Z,US Boulogne Côte-d'Opale,Red Star FC,betsson,h2h,Boulogne,home,home,,3.55,2026-08-21T14:32:31Z
2026-08-21T14:32:46Z,580491,Ligue 2,2026-08-21T18:00:00Z,US Boulogne Côte-d'Opale,Red Star FC,betsson,h2h,Red Star,away,away,,2.02,2026-08-21T14:32:31Z
2026-08-21T14:32:46Z,580491,Ligue 2,2026-08-21T18:00:00Z,US Boulogne Côte-d'Opale,Red Star FC,betsson,h2h,Draw,draw,draw,,3.2,2026-08-21T14:32:31Z
2026-08-21T14:32:46Z,580491,Ligue 2,2026-08-21T18:00:00Z,US Boulogne Côte-d'Opale,Red Star FC,betsson,totals,Over,over,over@2.5,2.50,2.08,2026-08-21T14:32:31Z
2026-08-21T14:32:46Z,580491,Ligue 2,2026-08-21T18:00:00Z,US Boulogne Côte-d'Opale,Red Star FC,betsson,totals,Under,under,under@2.5,2.50,1.68,2026-08-21T14:32:31Z
2026-08-21T14:32:46Z,580491,Ligue 2,2026-08-21T18:00:00Z,US Boulogne Côte-d'Opale,Red Star FC,nordicbet,h2h,Boulogne,home,home,,3.55,2026-08-21T14:31:17Z
2026-08-21T14:32:46Z,580491,Ligue 2,2026-08-21T18:00:00Z,US Boulogne Côte-d'Opale,Red Star FC,nordicbet,h2h,Red Star,away,away,,2.02,2026-08-21T14:31:17Z
2026-08-21T14:32:46Z,580491,Ligue 2,2026-08-21T18:00:00Z,US Boulogne Côte-d'Opale,Red Star FC,nordicbet,h2h,Draw,draw,draw,,3.2,2026-08-21T14:31:17Z
2026-08-21T14:32:46Z,580491,Ligue 2,2026-08-21T18:00:00Z,US Boulogne Côte-d'Opale,Red Star FC,nordicbet,totals,Over,over,over@2.5,2.50,2.08,2026-08-21T14:31:17Z
2026-08-21T14:32:46Z,580491,Ligue 2,2026-08-21T18:00:00Z,US Boulogne Côte-d'Opale,Red Star FC,nordicbet,totals,Under,under,under@2.5,2.50,1.68,2026-08-21T14:31:17Z
2026-08-21T14:32:46Z,580491,Ligue 2,2026-08-21T18:00:00Z,US Boulogne Côte-d'Opale,Red Star FC,unibet_fr,h2h,Boulogne,home,home,,3.6,2026-08-21T14:32:02Z
2026-08-21T14:32:46Z,580491,Ligue 2,2026-08-21T18:00:00Z,US Boulogne Côte-d'Opale,Red Star FC,unibet_fr,h2h,Red Star,away,away,,2.05,2026-08-21T14:32:02Z
2026-08-21T14:32:46Z,580491,Ligue 2,2026-08-21T18:00:00Z,US Boulogne Côte-d'Opale,Red Star FC,unibet_fr,h2h,Draw,draw,draw,,3.3,2026-08-21T14:32:02Z
2026-08-21T14:32:46Z,580491,Ligue 2,2026-08-21T18:00:00Z,US Boulogne Côte-d'Opale,Red Star FC,betclic_fr,h2h,Boulogne,home,home,,3.63,2026-08-21T14:30:42Z
2026-08-21T14:32:46Z,580491,Ligue 2,2026-08-21T18:00:00Z,US Boulogne Côte-d'Opale,Red Star FC,betclic_fr,h2h,Red Star,away,away,,2.05,2026-08-21T14:30:42Z
2026-08-21T14:32:46Z,580491,Ligue 2,2026-08-21T18:00:00Z,US Boulogne Côte-d'Opale,Red Star FC,betclic_fr,h2h,Draw,draw,draw,,3.35,2026-08-21T14:30:42Z
2026-08-21T14:32:46Z,580491,Ligue 2,2026-08-21T18:00:00Z,US Boulogne Côte-d'Opale,Red Star FC,smarkets,h2h,Boulogne,home,home,,4.0,2026-08-21T14:32:32Z
2026-08-21T14:32:46Z,580491,Ligue 2,2026-08-21T18:00:00Z,US Boulogne Côte-d'Opale,Red Star FC,smarkets,h2h,Red Star,away,away,,2.14,2026-08-21T14:32:32Z
2026-08-21T14:32:46Z,580491,Ligue 2,2026-08-21T18:00:00Z,US Boulogne Côte-d'Opale,Red Star FC,smarkets,h2h,Draw,draw,draw,,3.4,2026-08-21T14:32:32Z
2026-08-21T14:32:46Z,580491,Ligue 2,2026-08-21T18:00:00Z,US Boulogne Côte-d'Opale,Red Star FC,smarkets,h2h_lay,Boulogne,h2h_lay,h2h_lay,,4.2,2026-08-21T14:32:32Z
2026-08-21T14:32:46Z,580491,Ligue 2,2026-08-21T18:00:00Z,US Boulogne Côte-d'Opale,Red Star FC,smarkets,h2h_lay,Red Star,h2h_lay,h2h_lay,,2.16,2026-08-21T14:32:32Z
2026-08-21T14:32:46Z,580491,Ligue 2,2026-08-21T18:00:00Z,US Boulogne Côte-d'Opale,Red Star FC,smarkets,h2h_lay,Draw,h2h_lay,h2h_lay,,3.45,2026-08-21T14:32:32Z
2026-08-21T14:32:46Z,580491,Ligue 2,2026-08-21T18:00:00Z,US Boulogne Côte-d'Opale,Red Star FC,paddypower,h2h,Boulogne,home,home,,3.7,2026-08-21T14:32:32Z
2026-08-21T14:32:46Z,580491,Ligue 2,2026-08-21T18:00:00Z,US Boulogne Côte-d'Opale,Red Star FC,paddypower,h2h,Red Star,away,away,,2.0,2026-08-21T14:32:32Z
2026-08-21T14:32:46Z,580491,Ligue 2,2026-08-21T18:00:00Z,US Boulogne Côte-d'Opale,Red Star FC,paddypower,h2h,Draw,draw,draw,,3.1,2026-08-21T14:32:32Z
2026-08-21T14:32:46Z,580491,Ligue 2,2026-08-21T18:00:00Z,US Boulogne Côte-d'Opale,Red Star FC,skybet,h2h,Boulogne,home,home,,3.5,2026-08-21T14:32:32Z
2026-08-21T14:32:46Z,580491,Ligue 2,2026-08-21T18:00:00Z,US Boulogne Côte-d'Opale,Red Star FC,skybet,h2h,Red Star,away,away,,1.95,2026-08-21T14:32:32Z
2026-08-21T14:32:46Z,580491,Ligue 2,2026-08-21T18:00:00Z,US Boulogne Côte-d'Opale,Red Star FC,skybet,h2h,Draw,draw,draw,,3.0,2026-08-21T14:32:32Z
2026-08-21T14:32:46Z,580491,Ligue 2,2026-08-21T18:00:00Z,US Boulogne Côte-d'Opale,Red Star FC,fanduel,h2h,Boulogne,home,home,,3.8,2026-08-21T14:31:16Z
2026-08-21T14:32:46Z,580491,Ligue 2,2026-08-21T18:00:00Z,US Boulogne Côte-d'Opale,Red Star FC,fanduel,h2h,Red Star,away,away,,2.0,2026-08-21T14:31:16Z
2026-08-21T14:32:46Z,580491,Ligue 2,2026-08-21T18:00:00Z,US Boulogne Côte-d'Opale,Red Star FC,fanduel,h2h,Draw,draw,draw,,3.2,2026-08-21T14:31:16Z
2026-08-21T14:32:46Z,580491,Ligue 2,2026-08-21T18:00:00Z,US Boulogne Côte-d'Opale,Red Star FC,pinnacle,h2h,Boulogne,home,home,,3.91,2026-08-21T14:32:54Z
2026-08-21T14:32:46Z,580491,Ligue 2,2026-08-21T18:00:00Z,US Boulogne Côte-d'Opale,Red Star FC,pinnacle,h2h,Red Star,away,away,,2.06,2026-08-21T14:32:54Z
2026-08-21T14:32:46Z,580491,Ligue 2,2026-08-21T18:00:00Z,US Boulogne Côte-d'Opale,Red Star FC,pinnacle,h2h,Draw,draw,draw,,3.35,2026-08-21T14:32:54Z
2026-08-21T14:32:46Z,580491,Ligue 2,2026-08-21T18:00:00Z,US Boulogne Côte-d'Opale,Red Star FC,pinnacle,spreads,Boulogne,home,home@0.5,0.50,1.83,2026-08-21T14:32:54Z
2026-08-21T14:32:46Z,580491,Ligue 2,2026-08-21T18:00:00Z,US Boulogne Côte-d'Opale,Red Star FC,pinnacle,spreads,Red Star,away,away@-0.5,-0.50,2.07,2026-08-21T14:32:54Z
2026-08-21T14:32:46Z,580491,Ligue 2,2026-08-21T18:00:00Z,US Boulogne Côte-d'Opale,Red Star FC,pinnacle,totals,Over,over,over@2.25,2.25,1.9,2026-08-21T14:32:54Z
2026-08-21T14:32:46Z,580491,Ligue 2,2026-08-21T18:00:00Z,US Boulogne Côte-d'Opale,Red Star FC,pinnacle,totals,Under,under,under@2.25,2.25,1.97,2026-08-21T14:32:54Z
2026-08-21T14:32:46Z,580491,Ligue 2,2026-08-21T18:00:00Z,US Boulogne Côte-d'Opale,Red Star FC,codere_it,h2h,Boulogne,home,home,,3.45,2026-08-21T14:32:36Z
2026-08-21T14:32:46Z,580491,Ligue 2,2026-08-21T18:00:00Z,US Boulogne Côte-d'Opale,Red Star FC,codere_it,h2h,Red Star,away,away,,2.0,2026-08-21T14:32:36Z
2026-08-21T14:32:46Z,580491,Ligue 2,2026-08-21T18:00:00Z,US Boulogne Côte-d'Opale,Red Star FC,codere_it,h2h,Draw,draw,draw,,3.2,2026-08-21T14:32:36Z
2026-08-21T14:32:46Z,580491,Ligue 2,2026-08-21T18:00:00Z,US Boulogne Côte-d'Opale,Red Star FC,codere_it,totals,Over,over,over@2.5,2.50,2.05,2026-08-21T14:32:36Z
2026-08-21T14:32:46Z,580491,Ligue 2,2026-08-21T18:00:00Z,US Boulogne Côte-d'Opale,Red Star FC,codere_it,totals,Under,under,under@2.5,2.50,1.66,2026-08-21T14:32:36Z
2026-08-21T14:32:46Z,580491,Ligue 2,2026-08-21T18:00:00Z,US Boulogne Côte-d'Opale,Red Star FC,unibet_uk,h2h,Boulogne,home,home,,3.6,2026-08-21T14:32:33Z
2026-08-21T14:32:46Z,580491,Ligue 2,2026-08-21T18:00:00Z,US Boulogne Côte-d'Opale,Red Star FC,unibet_uk,h2h,Red Star,away,away,,2.05,2026-08-21T14:32:33Z
2026-08-21T14:32:46Z,580491,Ligue 2,2026-08-21T18:00:00Z,US Boulogne Côte-d'Opale,Red Star FC,unibet_uk,h2h,Draw,draw,draw,,3.3,2026-08-21T14:32:33Z
2026-08-21T14:32:46Z,580491,Ligue 2,2026-08-21T18:00:00Z,US Boulogne Côte-d'Opale,Red Star FC,marathonbet,h2h,Boulogne,home,home,,3.74,2026-08-21T14:32:32Z
2026-08-21T14:32:46Z,580491,Ligue 2,2026-08-21T18:00:00Z,US Boulogne Côte-d'Opale,Red Star FC,marathonbet,h2h,Red Star,away,away,,2.0,2026-08-21T14:32:32Z
2026-08-21T14:32:46Z,580491,Ligue 2,2026-08-21T18:00:00Z,US Boulogne Côte-d'Opale,Red Star FC,marathonbet,h2h,Draw,draw,draw,,3.28,2026-08-21T14:32:32Z
2026-08-21T14:32:46Z,580491,Ligue 2,2026-08-21T18:00:00Z,US Boulogne Côte-d'Opale,Red Star FC,sport888,h2h,Boulogne,home,home,,3.6,2026-08-21T14:32:31Z
2026-08-21T14:32:46Z,580491,Ligue 2,2026-08-21T18:00:00Z,US Boulogne Côte-d'Opale,Red Star FC,sport888,h2h,Red Star,away,away,,2.05,2026-08-21T14:32:31Z
2026-08-21T14:32:46Z,580491,Ligue 2,2026-08-21T18:00:00Z,US Boulogne Côte-d'Opale,Red Star FC,sport888,h2h,Draw,draw,draw,,3.0,2026-08-21T14:32:31Z
2026-08-21T14:32:46Z,580491,Ligue 2,2026-08-21T18:00:00Z,US Boulogne Côte-d'Opale,Red Star FC,williamhill,h2h,Boulogne,home,home,,3.6,2026-08-21T14:32:31Z
2026-08-21T14:32:46Z,580491,Ligue 2,2026-08-21T18:00:00Z,US Boulogne Côte-d'Opale,Red Star FC,williamhill,h2h,Red Star,away,away,,2.05,2026-08-21T14:32:31Z
2026-08-21T14:32:46Z,580491,Ligue 2,2026-08-21T18:00:00Z,US Boulogne Côte-d'Opale,Red Star FC,williamhill,h2h,Draw,draw,draw,,3.0,2026-08-21T14:32:31Z
2026-08-21T14:32:46Z,580491,Ligue 2,2026-08-21T18:00:00Z,US Boulogne Côte-d'Opale,Red Star FC,williamhill,totals,Over,over,over@2.5,2.50,2.05,2026-08-21T14:32:31Z
2026-08-21T14:32:46Z,580491,Ligue 2,2026-08-21T18:00:00Z,US Boulogne Côte-d'Opale,Red Star FC,williamhill,totals,Under,under,under@2.5,2.50,1.7,2026-08-21T14:32:31Z
2026-08-21T14:32:46Z,580491,Ligue 2,2026-08-21T18:00:00Z,US Boulogne Côte-d'Opale,Red Star FC,betfair_sb_uk,h2h,Boulogne,home,home,,3.8,2026-08-21T14:32:31Z
2026-08-21T14:32:46Z,580491,Ligue 2,2026-08-21T18:00:00Z,US Boulogne Côte-d'Opale,Red Star FC,betfair_sb_uk,h2h,Red Star,away,away,,2.0,2026-08-21T14:32:31Z
2026-08-21T14:32:46Z,580491,Ligue 2,2026-08-21T18:00:00Z,US Boulogne Côte-d'Opale,Red Star FC,betfair_sb_uk,h2h,Draw,draw,draw,,3.2,2026-08-21T14:32:31Z
2026-08-21T14:32:46Z,580491,Ligue 2,2026-08-21T18:00:00Z,US Boulogne Côte-d'Opale,Red Star FC,betonlineag,h2h,Boulogne,home,home,,3.75,2026-08-21T14:32:31Z
2026-08-21T14:32:46Z,580491,Ligue 2,2026-08-21T18:00:00Z,US Boulogne Côte-d'Opale,Red Star FC,betonlineag,h2h,Red Star,away,away,,2.04,2026-08-21T14:32:31Z
2026-08-21T14:32:46Z,580491,Ligue 2,2026-08-21T18:00:00Z,US Boulogne Côte-d'Opale,Red Star FC,betonlineag,h2h,Draw,draw,draw,,3.25,2026-08-21T14:32:31Z
2026-08-21T14:32:46Z,580491,Ligue 2,2026-08-21T18:00:00Z,US Boulogne Côte-d'Opale,Red Star FC,betonlineag,spreads,Boulogne,home,home@0.25,0.25,2.11,2026-08-21T14:32:31Z
2026-08-21T14:32:46Z,580491,Ligue 2,2026-08-21T18:00:00Z,US Boulogne Côte-d'Opale,Red Star FC,betonlineag,spreads,Red Star,away,away@-0.25,-0.25,1.76,2026-08-21T14:32:31Z
2026-08-21T14:32:46Z,580491,Ligue 2,2026-08-21T18:00:00Z,US Boulogne Côte-d'Opale,Red Star FC,betonlineag,totals,Over,over,over@2.25,2.25,1.86,2026-08-21T14:32:31Z
2026-08-21T14:32:46Z,580491,Ligue 2,2026-08-21T18:00:00Z,US Boulogne Côte-d'Opale,Red Star FC,betonlineag,totals,Under,under,under@2.25,2.25,1.96,2026-08-21T14:32:31Z
2026-08-21T14:32:46Z,580491,Ligue 2,2026-08-21T18:00:00Z,US Boulogne Côte-d'Opale,Red Star FC,lowvig,h2h,Boulogne,home,home,,3.75,2026-08-21T14:31:17Z
2026-08-21T14:32:46Z,580491,Ligue 2,2026-08-21T18:00:00Z,US Boulogne Côte-d'Opale,Red Star FC,lowvig,h2h,Red Star,away,away,,2.04,2026-08-21T14:31:17Z
2026-08-21T14:32:46Z,580491,Ligue 2,2026-08-21T18:00:00Z,US Boulogne Côte-d'Opale,Red Star FC,lowvig,h2h,Draw,draw,draw,,3.25,2026-08-21T14:31:17Z
2026-08-21T14:32:46Z,580491,Ligue 2,2026-08-21T18:00:00Z,US Boulogne Côte-d'Opale,Red Star FC,lowvig,spreads,Boulogne,home,home@0.25,0.25,2.11,2026-08-21T14:31:17Z
2026-08-21T14:32:46Z,580491,Ligue 2,2026-08-21T18:00:00Z,US Boulogne Côte-d'Opale,Red Star FC,lowvig,spreads,Red Star,away,away@-0.25,-0.25,1.76,2026-08-21T14:31:17Z
2026-08-21T14:32:46Z,580491,Ligue 2,2026-08-21T18:00:00Z,US Boulogne Côte-d'Opale,Red Star FC,lowvig,totals,Over,over,over@2.25,2.25,1.86,2026-08-21T14:31:17Z
2026-08-21T14:32:46Z,580491,Ligue 2,2026-08-21T18:00:00Z,US Boulogne Côte-d'Opale,Red Star FC,lowvig,totals,Under,under,under@2.25,2.25,1.96,2026-08-21T14:31:17Z
2026-08-21T14:32:46Z,580491,Ligue 2,2026-08-21T18:00:00Z,US Boulogne Côte-d'Opale,Red Star FC,boylesports,h2h,Boulogne,home,home,,3.4,2026-08-21T14:31:41Z
2026-08-21T14:32:46Z,580491,Ligue 2,2026-08-21T18:00:00Z,US Boulogne Côte-d'Opale,Red Star FC,boylesports,h2h,Red Star,away,away,,1.95,2026-08-21T14:31:41Z
2026-08-21T14:32:46Z,580491,Ligue 2,2026-08-21T18:00:00Z,US Boulogne Côte-d'Opale,Red Star FC,boylesports,h2h,Draw,draw,draw,,3.1,2026-08-21T14:31:41Z
2026-08-21T14:32:46Z,580491,Ligue 2,2026-08-21T18:00:00Z,US Boulogne Côte-d'Opale,Red Star FC,draftkings,h2h,Boulogne,home,home,,3.6,2026-08-21T14:32:31Z
2026-08-21T14:32:46Z,580491,Ligue 2,2026-08-21T18:00:00Z,US Boulogne Côte-d'Opale,Red Star FC,draftkings,h2h,Red Star,away,away,,2.1,2026-08-21T14:32:31Z
2026-08-21T14:32:46Z,580491,Ligue 2,2026-08-21T18:00:00Z,US Boulogne Côte-d'Opale,Red Star FC,draftkings,h2h,Draw,draw,draw,,3.3,2026-08-21T14:32:31Z
2026-08-21T14:32:46Z,580491,Ligue 2,2026-08-21T18:00:00Z,US Boulogne Côte-d'Opale,Red Star FC,tipico_de,h2h,Boulogne,home,home,,3.9,2026-08-21T14:32:05Z
2026-08-21T14:32:46Z,580491,Ligue 2,2026-08-21T18:00:00Z,US Boulogne Côte-d'Opale,Red Star FC,tipico_de,h2h,Red Star,away,away,,1.93,2026-08-21T14:32:05Z
2026-08-21T14:32:46Z,580491,Ligue 2,2026-08-21T18:00:00Z,US Boulogne Côte-d'Opale,Red Star FC,tipico_de,h2h,Draw,draw,draw,,3.2,2026-08-21T14:32:05Z
2026-08-21T14:32:46Z,580491,Ligue 2,2026-08-21T18:00:00Z,US Boulogne Côte-d'Opale,Red Star FC,tipico_de,totals,Over,over,over@2.5,2.50,1.97,2026-08-21T14:32:05Z
2026-08-21T14:32:46Z,580491,Ligue 2,2026-08-21T18:00:00Z,US Boulogne Côte-d'Opale,Red Star FC,tipico_de,totals,Under,under,under@2.5,2.50,1.72,2026-08-21T14:32:05Z
2026-08-21T14:32:46Z,580491,Ligue 2,2026-08-21T18:00:00Z,US Boulogne Côte-d'Opale,Red Star FC,bovada,h2h,Boulogne,home,home,,3.65,2026-08-21T14:31:42Z
2026-08-21T14:32:46Z,580491,Ligue 2,2026-08-21T18:00:00Z,US Boulogne Côte-d'Opale,Red Star FC,bovada,h2h,Red Star,away,away,,1.95,2026-08-21T14:31:42Z
2026-08-21T14:32:46Z,580491,Ligue 2,2026-08-21T18:00:00Z,US Boulogne Côte-d'Opale,Red Star FC,bovada,h2h,Draw,draw,draw,,3.25,2026-08-21T14:31:42Z
2026-08-21T14:32:46Z,580491,Ligue 2,2026-08-21T18:00:00Z,US Boulogne Côte-d'Opale,Red Star FC,bovada,spreads,Boulogne,home,home@0.5,0.50,1.77,2026-08-21T14:31:42Z
2026-08-21T14:32:46Z,580491,Ligue 2,2026-08-21T18:00:00Z,US Boulogne Côte-d'Opale,Red Star FC,bovada,spreads,Red Star,away,away@-0.5,-0.50,2.1,2026-08-21T14:31:42Z
2026-08-21T14:32:46Z,580491,Ligue 2,2026-08-21T18:00:00Z,US Boulogne Côte-d'Opale,Red Star FC,bovada,totals,Over,over,over@2.5,2.50,2.1,2026-08-21T14:31:42Z
2026-08-21T14:32:46Z,580491,Ligue 2,2026-08-21T18:00:00Z,US Boulogne Côte-d'Opale,Red Star FC,bovada,totals,Under,under,under@2.5,2.50,1.77,2026-08-21T14:31:42Z
2026-08-21T14:32:46Z,580491,Ligue 2,2026-08-21T18:00:00Z,US Boulogne Côte-d'Opale,Red Star FC,betano_uk,h2h,Boulogne,home,home,,3.7,2026-08-21T14:32:44Z
2026-08-21T14:32:46Z,580491,Ligue 2,2026-08-21T18:00:00Z,US Boulogne Côte-d'Opale,Red Star FC,betano_uk,h2h,Red Star,away,away,,2.0,2026-08-21T14:32:44Z
2026-08-21T14:32:46Z,580491,Ligue 2,2026-08-21T18:00:00Z,US Boulogne Côte-d'Opale,Red Star FC,betano_uk,h2h,Draw,draw,draw,,3.3,2026-08-21T14:32:44Z
2026-08-21T14:32:46Z,580491,Ligue 2,2026-08-21T18:00:00Z,US Boulogne Côte-d'Opale,Red Star FC,betvictor,h2h,Boulogne,home,home,,3.7,2026-08-21T14:32:21Z
2026-08-21T14:32:46Z,580491,Ligue 2,2026-08-21T18:00:00Z,US Boulogne Côte-d'Opale,Red Star FC,betvictor,h2h,Red Star,away,away,,2.0,2026-08-21T14:32:21Z
2026-08-21T14:32:46Z,580491,Ligue 2,2026-08-21T18:00:00Z,US Boulogne Côte-d'Opale,Red Star FC,betvictor,h2h,Draw,draw,draw,,3.3,2026-08-21T14:32:21Z
2026-08-21T14:32:46Z,580491,Ligue 2,2026-08-21T18:00:00Z,US Boulogne Côte-d'Opale,Red Star FC,ladbrokes_uk,h2h,Boulogne,home,home,,3.5,2026-08-21T14:32:31Z
2026-08-21T14:32:46Z,580491,Ligue 2,2026-08-21T18:00:00Z,US Boulogne Côte-d'Opale,Red Star FC,ladbrokes_uk,h2h,Red Star,away,away,,2.0,2026-08-21T14:32:31Z
2026-08-21T14:32:46Z,580491,Ligue 2,2026-08-21T18:00:00Z,US Boulogne Côte-d'Opale,Red Star FC,ladbrokes_uk,h2h,Draw,draw,draw,,3.0,2026-08-21T14:32:31Z
2026-08-21T14:32:46Z,580491,Ligue 2,2026-08-21T18:00:00Z,US Boulogne Côte-d'Opale,Red Star FC,coral,h2h,Boulogne,home,home,,3.5,2026-08-21T14:31:38Z
2026-08-21T14:32:46Z,580491,Ligue 2,2026-08-21T18:00:00Z,US Boulogne Côte-d'Opale,Red Star FC,coral,h2h,Red Star,away,away,,2.0,2026-08-21T14:31:38Z
2026-08-21T14:32:46Z,580491,Ligue 2,2026-08-21T18:00:00Z,US Boulogne Côte-d'Opale,Red Star FC,coral,h2h,Draw,draw,draw,,3.0,2026-08-21T14:31:38Z
2026-08-21T14:32:46Z,580491,Ligue 2,2026-08-21T18:00:00Z,US Boulogne Côte-d'Opale,Red Star FC,betmgm,h2h,Boulogne,home,home,,3.7,2026-08-21T14:32:31Z
2026-08-21T14:32:46Z,580491,Ligue 2,2026-08-21T18:00:00Z,US Boulogne Côte-d'Opale,Red Star FC,betmgm,h2h,Red Star,away,away,,2.05,2026-08-21T14:32:31Z
2026-08-21T14:32:46Z,580491,Ligue 2,2026-08-21T18:00:00Z,US Boulogne Côte-d'Opale,Red Star FC,betmgm,h2h,Draw,draw,draw,,3.2,2026-08-21T14:32:31Z
2026-08-21T14:32:46Z,580491,Ligue 2,2026-08-21T18:00:00Z,US Boulogne Côte-d'Opale,Red Star FC,betmgm,totals,Over,over,over@2.5,2.50,2.1,2026-08-21T14:32:31Z
2026-08-21T14:32:46Z,580491,Ligue 2,2026-08-21T18:00:00Z,US Boulogne Côte-d'Opale,Red Star FC,betmgm,totals,Under,under,under@2.5,2.50,1.65,2026-08-21T14:32:31Z
2026-08-21T14:32:46Z,580491,Ligue 2,2026-08-21T18:00:00Z,US Boulogne Côte-d'Opale,Red Star FC,suprabets,h2h,Boulogne,home,home,,3.58,2026-08-21T14:30:49Z
2026-08-21T14:32:46Z,580491,Ligue 2,2026-08-21T18:00:00Z,US Boulogne Côte-d'Opale,Red Star FC,suprabets,h2h,Red Star,away,away,,2.0,2026-08-21T14:30:49Z
2026-08-21T14:32:46Z,580491,Ligue 2,2026-08-21T18:00:00Z,US Boulogne Côte-d'Opale,Red Star FC,suprabets,h2h,Draw,draw,draw,,3.12,2026-08-21T14:30:49Z
2026-08-21T14:32:46Z,580491,Ligue 2,2026-08-21T18:00:00Z,US Boulogne Côte-d'Opale,Red Star FC,betfair_ex_uk,h2h,Boulogne,home,home,,4.0,2026-08-21T14:32:54Z
2026-08-21T14:32:46Z,580491,Ligue 2,2026-08-21T18:00:00Z,US Boulogne Côte-d'Opale,Red Star FC,betfair_ex_uk,h2h,Red Star,away,away,,2.14,2026-08-21T14:32:54Z
2026-08-21T14:32:46Z,580491,Ligue 2,2026-08-21T18:00:00Z,US Boulogne Côte-d'Opale,Red Star FC,betfair_ex_uk,h2h,Draw,draw,draw,,3.4,2026-08-21T14:32:54Z
2026-08-21T14:32:46Z,580491,Ligue 2,2026-08-21T18:00:00Z,US Boulogne Côte-d'Opale,Red Star FC,betfair_ex_uk,h2h_lay,Boulogne,h2h_lay,h2h_lay,,4.2,2026-08-21T14:32:54Z
2026-08-21T14:32:46Z,580491,Ligue 2,2026-08-21T18:00:00Z,US Boulogne Côte-d'Opale,Red Star FC,betfair_ex_uk,h2h_lay,Red Star,h2h_lay,h2h_lay,,2.16,2026-08-21T14:32:54Z
2026-08-21T14:32:46Z,580491,Ligue 2,2026-08-21T18:00:00Z,US Boulogne Côte-d'Opale,Red Star FC,betfair_ex_uk,h2h_lay,Draw,h2h_lay,h2h_lay,,3.45,2026-08-21T14:32:54Z
2026-08-21T14:32:46Z,580491,Ligue 2,2026-08-21T18:00:00Z,US Boulogne Côte-d'Opale,Red Star FC,betfair_ex_eu,h2h,Boulogne,home,home,,4.0,2026-08-21T14:32:31Z
2026-08-21T14:32:46Z,580491,Ligue 2,2026-08-21T18:00:00Z,US Boulogne Côte-d'Opale,Red Star FC,betfair_ex_eu,h2h,Red Star,away,away,,2.14,2026-08-21T14:32:31Z
2026-08-21T14:32:46Z,580491,Ligue 2,2026-08-21T18:00:00Z,US Boulogne Côte-d'Opale,Red Star FC,betfair_ex_eu,h2h,Draw,draw,draw,,3.4,2026-08-21T14:32:31Z
2026-08-21T14:32:46Z,580491,Ligue 2,2026-08-21T18:00:00Z,US Boulogne Côte-d'Opale,Red Star FC,betfair_ex_eu,h2h_lay,Boulogne,h2h_lay,h2h_lay,,4.2,2026-08-21T14:32:31Z
2026-08-21T14:32:46Z,580491,Ligue 2,2026-08-21T18:00:00Z,US Boulogne Côte-d'Opale,Red Star FC,betfair_ex_eu,h2h_lay,Red Star,h2h_lay,h2h_lay,,2.18,2026-08-21T14:32:31Z
2026-08-21T14:32:46Z,580491,Ligue 2,2026-08-21T18:00:00Z,US Boulogne Côte-d'Opale,Red Star FC,betfair_ex_eu,h2h_lay,Draw,h2h_lay,h2h_lay,,3.45,2026-08-21T14:32:31Z
2026-08-21T14:32:46Z,580491,Ligue 2,2026-08-21T18:00:00Z,US Boulogne Côte-d'Opale,Red Star FC,coolbet,h2h,Boulogne,home,home,,3.6,2026-08-21T14:31:42Z
2026-08-21T14:32:46Z,580491,Ligue 2,2026-08-21T18:00:00Z,US Boulogne Côte-d'Opale,Red Star FC,coolbet,h2h,Red Star,away,away,,2.08,2026-08-21T14:31:42Z
2026-08-21T14:32:46Z,580491,Ligue 2,2026-08-21T18:00:00Z,US Boulogne Côte-d'Opale,Red Star FC,coolbet,h2h,Draw,draw,draw,,3.4,2026-08-21T14:31:42Z
2026-08-21T14:32:46Z,580491,Ligue 2,2026-08-21T18:00:00Z,US Boulogne Côte-d'Opale,Red Star FC,coolbet,spreads,Boulogne,home,home@1.0,1,1.35,2026-08-21T14:31:42Z
2026-08-21T14:32:46Z,580491,Ligue 2,2026-08-21T18:00:00Z,US Boulogne Côte-d'Opale,Red Star FC,coolbet,spreads,Red Star,away,away@-1.0,-1,3.13,2026-08-21T14:31:42Z
2026-08-21T14:32:46Z,580491,Ligue 2,2026-08-21T18:00:00Z,US Boulogne Côte-d'Opale,Red Star FC,coolbet,totals,Over,over,over@2.5,2.50,2.12,2026-08-21T14:31:42Z
2026-08-21T14:32:46Z,580491,Ligue 2,2026-08-21T18:00:00Z,US Boulogne Côte-d'Opale,Red Star FC,coolbet,totals,Under,under,under@2.5,2.50,1.7,2026-08-21T14:31:42Z
2026-08-21T14:32:46Z,580491,Ligue 2,2026-08-21T18:00:00Z,US Boulogne Côte-d'Opale,Red Star FC,virginbet,h2h,Boulogne,home,home,,3.15,2026-08-21T14:32:02Z
2026-08-21T14:32:46Z,580491,Ligue 2,2026-08-21T18:00:00Z,US Boulogne Côte-d'Opale,Red Star FC,virginbet,h2h,Red Star,away,away,,2.07,2026-08-21T14:32:02Z
2026-08-21T14:32:46Z,580491,Ligue 2,2026-08-21T18:00:00Z,US Boulogne Côte-d'Opale,Red Star FC,virginbet,h2h,Draw,draw,draw,,3.0,2026-08-21T14:32:02Z
2026-08-21T14:32:46Z,580491,Ligue 2,2026-08-21T18:00:00Z,US Boulogne Côte-d'Opale,Red Star FC,grosvenor,h2h,Boulogne,home,home,,3.25,2026-08-21T14:32:04Z
2026-08-21T14:32:46Z,580491,Ligue 2,2026-08-21T18:00:00Z,US Boulogne Côte-d'Opale,Red Star FC,grosvenor,h2h,Red Star,away,away,,2.12,2026-08-21T14:32:04Z
2026-08-21T14:32:46Z,580491,Ligue 2,2026-08-21T18:00:00Z,US Boulogne Côte-d'Opale,Red Star FC,grosvenor,h2h,Draw,draw,draw,,3.1,2026-08-21T14:32:04Z
2026-08-21T14:32:46Z,580491,Ligue 2,2026-08-21T18:00:00Z,US Boulogne Côte-d'Opale,Red Star FC,grosvenor,totals,Over,over,over@2.5,2.50,2.06,2026-08-21T14:32:04Z
2026-08-21T14:32:46Z,580491,Ligue 2,2026-08-21T18:00:00Z,US Boulogne Côte-d'Opale,Red Star FC,grosvenor,totals,Under,under,under@2.5,2.50,1.65,2026-08-21T14:32:04Z
2026-08-21T14:32:46Z,580491,Ligue 2,2026-08-21T18:00:00Z,US Boulogne Côte-d'Opale,Red Star FC,casumo,h2h,Boulogne,home,home,,3.25,2026-08-21T14:32:32Z
2026-08-21T14:32:46Z,580491,Ligue 2,2026-08-21T18:00:00Z,US Boulogne Côte-d'Opale,Red Star FC,casumo,h2h,Red Star,away,away,,2.12,2026-08-21T14:32:32Z
2026-08-21T14:32:46Z,580491,Ligue 2,2026-08-21T18:00:00Z,US Boulogne Côte-d'Opale,Red Star FC,casumo,h2h,Draw,draw,draw,,3.1,2026-08-21T14:32:32Z
2026-08-21T14:32:46Z,580491,Ligue 2,2026-08-21T18:00:00Z,US Boulogne Côte-d'Opale,Red Star FC,casumo,totals,Over,over,over@2.5,2.50,2.06,2026-08-21T14:32:32Z
2026-08-21T14:32:46Z,580491,Ligue 2,2026-08-21T18:00:00Z,US Boulogne Côte-d'Opale,Red Star FC,casumo,totals,Under,under,under@2.5,2.50,1.65,2026-08-21T14:32:32Z
2026-08-21T14:32:46Z,580491,Ligue 2,2026-08-21T18:00:00Z,US Boulogne Côte-d'Opale,Red Star FC,pmu_fr,h2h,Boulogne,home,home,,3.4,2026-08-21T14:32:03Z
2026-08-21T14:32:46Z,580491,Ligue 2,2026-08-21T18:00:00Z,US Boulogne Côte-d'Opale,Red Star FC,pmu_fr,h2h,Red Star,away,away,,2.18,2026-08-21T14:32:03Z
2026-08-21T14:32:46Z,580491,Ligue 2,2026-08-21T18:00:00Z,US Boulogne Côte-d'Opale,Red Star FC,pmu_fr,h2h,Draw,draw,draw,,3.25,2026-08-21T14:32:03Z
2026-08-21T14:32:46Z,580491,Ligue 2,2026-08-21T18:00:00Z,US Boulogne Côte-d'Opale,Red Star FC,pmu_fr,totals,Over,over,over@2.5,2.50,2.02,2026-08-21T14:32:03Z
2026-08-21T14:32:46Z,580491,Ligue 2,2026-08-21T18:00:00Z,US Boulogne Côte-d'Opale,Red Star FC,pmu_fr,totals,Under,under,under@2.5,2.50,1.6,2026-08-21T14:32:03Z
2026-08-21T14:32:46Z,580491,Ligue 2,2026-08-21T18:00:00Z,US Boulogne Côte-d'Opale,Red Star FC,unibet_nl,h2h,Boulogne,home,home,,3.25,2026-08-21T14:32:31Z
2026-08-21T14:32:46Z,580491,Ligue 2,2026-08-21T18:00:00Z,US Boulogne Côte-d'Opale,Red Star FC,unibet_nl,h2h,Red Star,away,away,,2.12,2026-08-21T14:32:31Z
2026-08-21T14:32:46Z,580491,Ligue 2,2026-08-21T18:00:00Z,US Boulogne Côte-d'Opale,Red Star FC,unibet_nl,h2h,Draw,draw,draw,,3.1,2026-08-21T14:32:31Z
2026-08-21T14:32:46Z,580491,Ligue 2,2026-08-21T18:00:00Z,US Boulogne Côte-d'Opale,Red Star FC,unibet_nl,totals,Over,over,over@2.5,2.50,2.06,2026-08-21T14:32:31Z
2026-08-21T14:32:46Z,580491,Ligue 2,2026-08-21T18:00:00Z,US Boulogne Côte-d'Opale,Red Star FC,unibet_nl,totals,Under,under,under@2.5,2.50,1.65,2026-08-21T14:32:31Z
2026-08-21T14:32:46Z,580491,Ligue 2,2026-08-21T18:00:00Z,US Boulogne Côte-d'Opale,Red Star FC,unibet_se,h2h,Boulogne,home,home,,3.25,2026-08-21T14:32:02Z
2026-08-21T14:32:46Z,580491,Ligue 2,2026-08-21T18:00:00Z,US Boulogne Côte-d'Opale,Red Star FC,unibet_se,h2h,Red Star,away,away,,2.12,2026-08-21T14:32:02Z
2026-08-21T14:32:46Z,580491,Ligue 2,2026-08-21T18:00:00Z,US Boulogne Côte-d'Opale,Red Star FC,unibet_se,h2h,Draw,draw,draw,,3.1,2026-08-21T14:32:02Z
2026-08-21T14:32:46Z,580491,Ligue 2,2026-08-21T18:00:00Z,US Boulogne Côte-d'Opale,Red Star FC,unibet_se,totals,Over,over,over@2.5,2.50,2.06,2026-08-21T14:32:02Z
2026-08-21T14:32:46Z,580491,Ligue 2,2026-08-21T18:00:00Z,US Boulogne Côte-d'Opale,Red Star FC,unibet_se,totals,Under,under,under@2.5,2.50,1.65,2026-08-21T14:32:02Z
2026-08-21T14:32:46Z,580491,Ligue 2,2026-08-21T18:00:00Z,US Boulogne Côte-d'Opale,Red Star FC,leovegas_se,h2h,Boulogne,home,home,,3.15,2026-08-21T14:32:03Z
2026-08-21T14:32:46Z,580491,Ligue 2,2026-08-21T18:00:00Z,US Boulogne Côte-d'Opale,Red Star FC,leovegas_se,h2h,Red Star,away,away,,2.07,2026-08-21T14:32:03Z
2026-08-21T14:32:46Z,580491,Ligue 2,2026-08-21T18:00:00Z,US Boulogne Côte-d'Opale,Red Star FC,leovegas_se,h2h,Draw,draw,draw,,3.0,2026-08-21T14:32:03Z
2026-08-21T14:32:46Z,580491,Ligue 2,2026-08-21T18:00:00Z,US Boulogne Côte-d'Opale,Red Star FC,leovegas_se,totals,Over,over,over@2.5,2.50,2.06,2026-08-21T14:32:03Z
2026-08-21T14:32:46Z,580491,Ligue 2,2026-08-21T18:00:00Z,US Boulogne Côte-d'Opale,Red Star FC,leovegas_se,totals,Under,under,under@2.5,2.50,1.65,2026-08-21T14:32:03Z
2026-08-21T14:32:46Z,580491,Ligue 2,2026-08-21T18:00:00Z,US Boulogne Côte-d'Opale,Red Star FC,livescorebet,h2h,Boulogne,home,home,,3.15,2026-08-21T14:32:33Z
2026-08-21T14:32:46Z,580491,Ligue 2,2026-08-21T18:00:00Z,US Boulogne Côte-d'Opale,Red Star FC,livescorebet,h2h,Red Star,away,away,,2.07,2026-08-21T14:32:33Z
2026-08-21T14:32:46Z,580491,Ligue 2,2026-08-21T18:00:00Z,US Boulogne Côte-d'Opale,Red Star FC,livescorebet,h2h,Draw,draw,draw,,3.0,2026-08-21T14:32:33Z
2026-08-21T14:32:46Z,580491,Ligue 2,2026-08-21T18:00:00Z,US Boulogne Côte-d'Opale,Red Star FC,betrivers,h2h,Boulogne,home,home,,3.2,2026-08-21T14:32:30Z
2026-08-21T14:32:46Z,580491,Ligue 2,2026-08-21T18:00:00Z,US Boulogne Côte-d'Opale,Red Star FC,betrivers,h2h,Red Star,away,away,,2.08,2026-08-21T14:32:30Z
2026-08-21T14:32:46Z,580491,Ligue 2,2026-08-21T18:00:00Z,US Boulogne Côte-d'Opale,Red Star FC,betrivers,h2h,Draw,draw,draw,,3.05,2026-08-21T14:32:30Z
2026-08-21T14:32:46Z,580491,Ligue 2,2026-08-21T18:00:00Z,US Boulogne Côte-d'Opale,Red Star FC,betrivers,totals,Over,over,over@2.5,2.50,2.06,2026-08-21T14:32:30Z
2026-08-21T14:32:46Z,580491,Ligue 2,2026-08-21T18:00:00Z,US Boulogne Côte-d'Opale,Red Star FC,betrivers,totals,Under,under,under@2.5,2.50,1.65,2026-08-21T14:32:30Z
2026-08-21T14:32:46Z,580491,Ligue 2,2026-08-21T18:00:00Z,US Boulogne Côte-d'Opale,Red Star FC,matchbook,h2h,Boulogne,home,home,,4.0,2026-08-21T14:32:31Z
2026-08-21T14:32:46Z,580491,Ligue 2,2026-08-21T18:00:00Z,US Boulogne Côte-d'Opale,Red Star FC,matchbook,h2h,Red Star,away,away,,2.14,2026-08-21T14:32:31Z
2026-08-21T14:32:46Z,580491,Ligue 2,2026-08-21T18:00:00Z,US Boulogne Côte-d'Opale,Red Star FC,matchbook,h2h,Draw,draw,draw,,3.4,2026-08-21T14:32:31Z
2026-08-21T14:32:46Z,580491,Ligue 2,2026-08-21T18:00:00Z,US Boulogne Côte-d'Opale,Red Star FC,matchbook,h2h_lay,Boulogne,h2h_lay,h2h_lay,,4.2,2026-08-21T14:32:31Z
2026-08-21T14:32:46Z,580491,Ligue 2,2026-08-21T18:00:00Z,US Boulogne Côte-d'Opale,Red Star FC,matchbook,h2h_lay,Red Star,h2h_lay,h2h_lay,,2.16,2026-08-21T14:32:31Z
2026-08-21T14:32:46Z,580491,Ligue 2,2026-08-21T18:00:00Z,US Boulogne Côte-d'Opale,Red Star FC,matchbook,h2h_lay,Draw,h2h_lay,h2h_lay,,3.45,2026-08-21T14:32:31Z
2026-08-21T14:32:46Z,580491,Ligue 2,2026-08-21T18:00:00Z,US Boulogne Côte-d'Opale,Red Star FC,matchbook,spreads,Boulogne,home,home@0.5,0.50,1.86,2026-08-21T14:32:31Z
2026-08-21T14:32:46Z,580491,Ligue 2,2026-08-21T18:00:00Z,US Boulogne Côte-d'Opale,Red Star FC,matchbook,spreads,Red Star,away,away@-0.5,-0.50,2.12,2026-08-21T14:32:31Z
2026-08-21T14:32:46Z,580491,Ligue 2,2026-08-21T18:00:00Z,US Boulogne Côte-d'Opale,Red Star FC,matchbook,totals,Over,over,over@2.5,2.50,2.24,2026-08-21T14:32:31Z
2026-08-21T14:32:46Z,580491,Ligue 2,2026-08-21T18:00:00Z,US Boulogne Côte-d'Opale,Red Star FC,matchbook,totals,Under,under,under@2.5,2.50,1.78,2026-08-21T14:32:31Z
2026-08-21T14:32:46Z,580491,Ligue 2,2026-08-21T18:00:00Z,US Boulogne Côte-d'Opale,Red Star FC,betus,h2h,Boulogne,home,home,,3.65,2026-08-21T14:32:31Z
2026-08-21T14:32:46Z,580491,Ligue 2,2026-08-21T18:00:00Z,US Boulogne Côte-d'Opale,Red Star FC,betus,h2h,Red Star,away,away,,2.05,2026-08-21T14:32:31Z
2026-08-21T14:32:46Z,580491,Ligue 2,2026-08-21T18:00:00Z,US Boulogne Côte-d'Opale,Red Star FC,betus,h2h,Draw,draw,draw,,3.25,2026-08-21T14:32:31Z
2026-08-21T14:32:46Z,580491,Ligue 2,2026-08-21T18:00:00Z,US Boulogne Côte-d'Opale,Red Star FC,betus,spreads,Boulogne,home,home@0.5,0.50,1.74,2026-08-21T14:32:31Z
2026-08-21T14:32:46Z,580491,Ligue 2,2026-08-21T18:00:00Z,US Boulogne Côte-d'Opale,Red Star FC,betus,spreads,Red Star,away,away@-0.5,-0.50,2.05,2026-08-21T14:32:31Z
2026-08-21T14:32:46Z,580491,Ligue 2,2026-08-21T18:00:00Z,US Boulogne Côte-d'Opale,Red Star FC,betus,totals,Over,over,over@2.5,2.50,2.0,2026-08-21T14:32:31Z
2026-08-21T14:32:46Z,580491,Ligue 2,2026-08-21T18:00:00Z,US Boulogne Côte-d'Opale,Red Star FC,betus,totals,Under,under,under@2.5,2.50,1.77,2026-08-21T14:32:31Z
2026-08-21T14:32:46Z,580492,Ligue 2,2026-08-21T18:00:00Z,USL Dunkerque,Montpellier,betfred_uk,h2h,Montpellier,away,away,,2.88,2026-08-21T14:32:33Z
2026-08-21T14:32:46Z,580492,Ligue 2,2026-08-21T18:00:00Z,USL Dunkerque,Montpellier,betfred_uk,h2h,USL Dunkerque,home,home,,2.2,2026-08-21T14:32:33Z
2026-08-21T14:32:46Z,580492,Ligue 2,2026-08-21T18:00:00Z,USL Dunkerque,Montpellier,betfred_uk,h2h,Draw,draw,draw,,3.5,2026-08-21T14:32:33Z
2026-08-21T14:32:46Z,580492,Ligue 2,2026-08-21T18:00:00Z,USL Dunkerque,Montpellier,nordicbet,h2h,Montpellier,away,away,,3.0,2026-08-21T14:31:17Z
2026-08-21T14:32:46Z,580492,Ligue 2,2026-08-21T18:00:00Z,USL Dunkerque,Montpellier,nordicbet,h2h,USL Dunkerque,home,home,,2.18,2026-08-21T14:31:17Z
2026-08-21T14:32:46Z,580492,Ligue 2,2026-08-21T18:00:00Z,USL Dunkerque,Montpellier,nordicbet,h2h,Draw,draw,draw,,3.35,2026-08-21T14:31:17Z
2026-08-21T14:32:46Z,580492,Ligue 2,2026-08-21T18:00:00Z,USL Dunkerque,Montpellier,nordicbet,totals,Over,over,over@2.5,2.50,1.72,2026-08-21T14:31:17Z
2026-08-21T14:32:46Z,580492,Ligue 2,2026-08-21T18:00:00Z,USL Dunkerque,Montpellier,nordicbet,totals,Under,under,under@2.5,2.50,2.0,2026-08-21T14:31:17Z
2026-08-21T14:32:46Z,580492,Ligue 2,2026-08-21T18:00:00Z,USL Dunkerque,Montpellier,unibet_fr,h2h,Montpellier,away,away,,3.2,2026-08-21T14:32:02Z
2026-08-21T14:32:46Z,580492,Ligue 2,2026-08-21T18:00:00Z,USL Dunkerque,Montpellier,unibet_fr,h2h,USL Dunkerque,home,home,,2.15,2026-08-21T14:32:02Z
2026-08-21T14:32:46Z,580492,Ligue 2,2026-08-21T18:00:00Z,USL Dunkerque,Montpellier,unibet_fr,h2h,Draw,draw,draw,,3.4,2026-08-21T14:32:02Z
2026-08-21T14:32:46Z,580492,Ligue 2,2026-08-21T18:00:00Z,USL Dunkerque,Montpellier,betclic_fr,h2h,Montpellier,away,away,,3.18,2026-08-21T14:30:42Z
2026-08-21T14:32:46Z,580492,Ligue 2,2026-08-21T18:00:00Z,USL Dunkerque,Montpellier,betclic_fr,h2h,USL Dunkerque,home,home,,2.18,2026-08-21T14:30:42Z
2026-08-21T14:32:46Z,580492,Ligue 2,2026-08-21T18:00:00Z,USL Dunkerque,Montpellier,betclic_fr,h2h,Draw,draw,draw,,3.48,2026-08-21T14:30:42Z
2026-08-21T14:32:46Z,580492,Ligue 2,2026-08-21T18:00:00Z,USL Dunkerque,Montpellier,winamax_fr,h2h,Montpellier,away,away,,2.95,2026-08-21T14:32:04Z
2026-08-21T14:32:46Z,580492,Ligue 2,2026-08-21T18:00:00Z,USL Dunkerque,Montpellier,winamax_fr,h2h,USL Dunkerque,home,home,,2.15,2026-08-21T14:32:04Z
2026-08-21T14:32:46Z,580492,Ligue 2,2026-08-21T18:00:00Z,USL Dunkerque,Montpellier,winamax_fr,h2h,Draw,draw,draw,,3.5,2026-08-21T14:32:04Z
2026-08-21T14:32:46Z,580492,Ligue 2,2026-08-21T18:00:00Z,USL Dunkerque,Montpellier,betsson,h2h,Montpellier,away,away,,3.0,2026-08-21T14:32:31Z
2026-08-21T14:32:46Z,580492,Ligue 2,2026-08-21T18:00:00Z,USL Dunkerque,Montpellier,betsson,h2h,USL Dunkerque,home,home,,2.18,2026-08-21T14:32:31Z
2026-08-21T14:32:46Z,580492,Ligue 2,2026-08-21T18:00:00Z,USL Dunkerque,Montpellier,betsson,h2h,Draw,draw,draw,,3.35,2026-08-21T14:32:31Z
2026-08-21T14:32:46Z,580492,Ligue 2,2026-08-21T18:00:00Z,USL Dunkerque,Montpellier,betsson,totals,Over,over,over@2.5,2.50,1.72,2026-08-21T14:32:31Z
2026-08-21T14:32:46Z,580492,Ligue 2,2026-08-21T18:00:00Z,USL Dunkerque,Montpellier,betsson,totals,Under,under,under@2.5,2.50,2.0,2026-08-21T14:32:31Z
2026-08-21T14:32:46Z,580492,Ligue 2,2026-08-21T18:00:00Z,USL Dunkerque,Montpellier,paddypower,h2h,Montpellier,away,away,,3.0,2026-08-21T14:32:32Z
2026-08-21T14:32:46Z,580492,Ligue 2,2026-08-21T18:00:00Z,USL Dunkerque,Montpellier,paddypower,h2h,USL Dunkerque,home,home,,2.15,2026-08-21T14:32:32Z
2026-08-21T14:32:46Z,580492,Ligue 2,2026-08-21T18:00:00Z,USL Dunkerque,Montpellier,paddypower,h2h,Draw,draw,draw,,3.3,2026-08-21T14:32:32Z
2026-08-21T14:32:46Z,580492,Ligue 2,2026-08-21T18:00:00Z,USL Dunkerque,Montpellier,winamax_de,h2h,Montpellier,away,away,,2.95,2026-08-21T14:32:05Z
2026-08-21T14:32:46Z,580492,Ligue 2,2026-08-21T18:00:00Z,USL Dunkerque,Montpellier,winamax_de,h2h,USL Dunkerque,home,home,,2.15,2026-08-21T14:32:05Z
2026-08-21T14:32:46Z,580492,Ligue 2,2026-08-21T18:00:00Z,USL Dunkerque,Montpellier,winamax_de,h2h,Draw,draw,draw,,3.5,2026-08-21T14:32:05Z
2026-08-21T14:32:46Z,580492,Ligue 2,2026-08-21T18:00:00Z,USL Dunkerque,Montpellier,skybet,h2h,Montpellier,away,away,,2.9,2026-08-21T14:32:32Z
2026-08-21T14:32:46Z,580492,Ligue 2,2026-08-21T18:00:00Z,USL Dunkerque,Montpellier,skybet,h2h,USL Dunkerque,home,home,,2.1,2026-08-21T14:32:32Z
2026-08-21T14:32:46Z,580492,Ligue 2,2026-08-21T18:00:00Z,USL Dunkerque,Montpellier,skybet,h2h,Draw,draw,draw,,3.2,2026-08-21T14:32:32Z
2026-08-21T14:32:46Z,580492,Ligue 2,2026-08-21T18:00:00Z,USL Dunkerque,Montpellier,smarkets,h2h,Montpellier,away,away,,3.3,2026-08-21T14:32:32Z
2026-08-21T14:32:46Z,580492,Ligue 2,2026-08-21T18:00:00Z,USL Dunkerque,Montpellier,smarkets,h2h,USL Dunkerque,home,home,,2.32,2026-08-21T14:32:32Z
2026-08-21T14:32:46Z,580492,Ligue 2,2026-08-21T18:00:00Z,USL Dunkerque,Montpellier,smarkets,h2h,Draw,draw,draw,,3.6,2026-08-21T14:32:32Z
2026-08-21T14:32:46Z,580492,Ligue 2,2026-08-21T18:00:00Z,USL Dunkerque,Montpellier,smarkets,h2h_lay,Montpellier,h2h_lay,h2h_lay,,3.35,2026-08-21T14:32:32Z
2026-08-21T14:32:46Z,580492,Ligue 2,2026-08-21T18:00:00Z,USL Dunkerque,Montpellier,smarkets,h2h_lay,USL Dunkerque,h2h_lay,h2h_lay,,2.34,2026-08-21T14:32:32Z
2026-08-21T14:32:46Z,580492,Ligue 2,2026-08-21T18:00:00Z,USL Dunkerque,Montpellier,smarkets,h2h_lay,Draw,h2h_lay,h2h_lay,,3.7,2026-08-21T14:32:32Z
2026-08-21T14:32:46Z,580492,Ligue 2,2026-08-21T18:00:00Z,USL Dunkerque,Montpellier,fanduel,h2h,Montpellier,away,away,,3.1,2026-08-21T14:31:16Z
2026-08-21T14:32:46Z,580492,Ligue 2,2026-08-21T18:00:00Z,USL Dunkerque,Montpellier,fanduel,h2h,USL Dunkerque,home,home,,2.2,2026-08-21T14:31:16Z
2026-08-21T14:32:46Z,580492,Ligue 2,2026-08-21T18:00:00Z,USL Dunkerque,Montpellier,fanduel,h2h,Draw,draw,draw,,3.4,2026-08-21T14:31:16Z
2026-08-21T14:32:46Z,580492,Ligue 2,2026-08-21T18:00:00Z,USL Dunkerque,Montpellier,pinnacle,h2h,Montpellier,away,away,,3.29,2026-08-21T14:32:54Z
2026-08-21T14:32:46Z,580492,Ligue 2,2026-08-21T18:00:00Z,USL Dunkerque,Montpellier,pinnacle,h2h,USL Dunkerque,home,home,,2.21,2026-08-21T14:32:54Z
2026-08-21T14:32:46Z,580492,Ligue 2,2026-08-21T18:00:00Z,USL Dunkerque,Montpellier,pinnacle,h2h,Draw,draw,draw,,3.55,2026-08-21T14:32:54Z
2026-08-21T14:32:46Z,580492,Ligue 2,2026-08-21T18:00:00Z,USL Dunkerque,Montpellier,pinnacle,spreads,Montpellier,away,away@0.25,0.25,1.97,2026-08-21T14:32:54Z
2026-08-21T14:32:46Z,580492,Ligue 2,2026-08-21T18:00:00Z,USL Dunkerque,Montpellier,pinnacle,spreads,USL Dunkerque,home,home@-0.25,-0.25,1.92,2026-08-21T14:32:54Z
2026-08-21T14:32:46Z,580492,Ligue 2,2026-08-21T18:00:00Z,USL Dunkerque,Montpellier,pinnacle,totals,Over,over,over@2.75,2.75,2.0,2026-08-21T14:32:54Z
2026-08-21T14:32:46Z,580492,Ligue 2,2026-08-21T18:00:00Z,USL Dunkerque,Montpellier,pinnacle,totals,Under,under,under@2.75,2.75,1.87,2026-08-21T14:32:54Z
2026-08-21T14:32:46Z,580492,Ligue 2,2026-08-21T18:00:00Z,USL Dunkerque,Montpellier,codere_it,h2h,Montpellier,away,away,,2.95,2026-08-21T14:32:36Z
2026-08-21T14:32:46Z,580492,Ligue 2,2026-08-21T18:00:00Z,USL Dunkerque,Montpellier,codere_it,h2h,USL Dunkerque,home,home,,2.16,2026-08-21T14:32:36Z
2026-08-21T14:32:46Z,580492,Ligue 2,2026-08-21T18:00:00Z,USL Dunkerque,Montpellier,codere_it,h2h,Draw,draw,draw,,3.35,2026-08-21T14:32:36Z
2026-08-21T14:32:46Z,580492,Ligue 2,2026-08-21T18:00:00Z,USL Dunkerque,Montpellier,codere_it,totals,Over,over,over@2.5,2.50,1.71,2026-08-21T14:32:36Z
2026-08-21T14:32:46Z,580492,Ligue 2,2026-08-21T18:00:00Z,USL Dunkerque,Montpellier,codere_it,totals,Under,under,under@2.5,2.50,1.98,2026-08-21T14:32:36Z
2026-08-21T14:32:46Z,580492,Ligue 2,2026-08-21T18:00:00Z,USL Dunkerque,Montpellier,unibet_uk,h2h,Montpellier,away,away,,3.1,2026-08-21T14:32:33Z
2026-08-21T14:32:46Z,580492,Ligue 2,2026-08-21T18:00:00Z,USL Dunkerque,Montpellier,unibet_uk,h2h,USL Dunkerque,home,home,,2.2,2026-08-21T14:32:33Z
2026-08-21T14:32:46Z,580492,Ligue 2,2026-08-21T18:00:00Z,USL Dunkerque,Montpellier,unibet_uk,h2h,Draw,draw,draw,,3.5,2026-08-21T14:32:33Z
2026-08-21T14:32:46Z,580492,Ligue 2,2026-08-21T18:00:00Z,USL Dunkerque,Montpellier,onexbet,h2h,Montpellier,away,away,,3.06,2026-08-21T14:31:17Z
2026-08-21T14:32:46Z,580492,Ligue 2,2026-08-21T18:00:00Z,USL Dunkerque,Montpellier,onexbet,h2h,USL Dunkerque,home,home,,2.21,2026-08-21T14:31:17Z
2026-08-21T14:32:46Z,580492,Ligue 2,2026-08-21T18:00:00Z,USL Dunkerque,Montpellier,onexbet,h2h,Draw,draw,draw,,3.46,2026-08-21T14:31:17Z
2026-08-21T14:32:46Z,580492,Ligue 2,2026-08-21T18:00:00Z,USL Dunkerque,Montpellier,onexbet,spreads,Montpellier,away,away@0.0,0,2.23,2026-08-21T14:31:17Z
2026-08-21T14:32:46Z,580492,Ligue 2,2026-08-21T18:00:00Z,USL Dunkerque,Montpellier,onexbet,spreads,USL Dunkerque,home,home@0.0,0,1.61,2026-08-21T14:31:17Z
2026-08-21T14:32:46Z,580492,Ligue 2,2026-08-21T18:00:00Z,USL Dunkerque,Montpellier,onexbet,totals,Over,over,over@2.5,2.50,1.7,2026-08-21T14:31:17Z
2026-08-21T14:32:46Z,580492,Ligue 2,2026-08-21T18:00:00Z,USL Dunkerque,Montpellier,onexbet,totals,Under,under,under@2.5,2.50,2.11,2026-08-21T14:31:17Z
2026-08-21T14:32:46Z,580492,Ligue 2,2026-08-21T18:00:00Z,USL Dunkerque,Montpellier,marathonbet,h2h,Montpellier,away,away,,3.06,2026-08-21T14:32:32Z
2026-08-21T14:32:46Z,580492,Ligue 2,2026-08-21T18:00:00Z,USL Dunkerque,Montpellier,marathonbet,h2h,USL Dunkerque,home,home,,2.19,2026-08-21T14:32:32Z
2026-08-21T14:32:46Z,580492,Ligue 2,2026-08-21T18:00:00Z,USL Dunkerque,Montpellier,marathonbet,h2h,Draw,draw,draw,,3.46,2026-08-21T14:32:32Z
2026-08-21T14:32:46Z,580492,Ligue 2,2026-08-21T18:00:00Z,USL Dunkerque,Montpellier,sport888,h2h,Montpellier,away,away,,3.0,2026-08-21T14:32:31Z
2026-08-21T14:32:46Z,580492,Ligue 2,2026-08-21T18:00:00Z,USL Dunkerque,Montpellier,sport888,h2h,USL Dunkerque,home,home,,2.15,2026-08-21T14:32:31Z
2026-08-21T14:32:46Z,580492,Ligue 2,2026-08-21T18:00:00Z,USL Dunkerque,Montpellier,sport888,h2h,Draw,draw,draw,,3.3,2026-08-21T14:32:31Z
2026-08-21T14:32:46Z,580492,Ligue 2,2026-08-21T18:00:00Z,USL Dunkerque,Montpellier,williamhill,h2h,Montpellier,away,away,,3.0,2026-08-21T14:32:31Z
2026-08-21T14:32:46Z,580492,Ligue 2,2026-08-21T18:00:00Z,USL Dunkerque,Montpellier,williamhill,h2h,USL Dunkerque,home,home,,2.15,2026-08-21T14:32:31Z
2026-08-21T14:32:46Z,580492,Ligue 2,2026-08-21T18:00:00Z,USL Dunkerque,Montpellier,williamhill,h2h,Draw,draw,draw,,3.3,2026-08-21T14:32:31Z
2026-08-21T14:32:46Z,580492,Ligue 2,2026-08-21T18:00:00Z,USL Dunkerque,Montpellier,williamhill,totals,Over,over,over@2.5,2.50,1.75,2026-08-21T14:32:31Z
2026-08-21T14:32:46Z,580492,Ligue 2,2026-08-21T18:00:00Z,USL Dunkerque,Montpellier,williamhill,totals,Under,under,under@2.5,2.50,1.95,2026-08-21T14:32:31Z
2026-08-21T14:32:46Z,580492,Ligue 2,2026-08-21T18:00:00Z,USL Dunkerque,Montpellier,betfair_sb_uk,h2h,Montpellier,away,away,,3.1,2026-08-21T14:32:31Z
2026-08-21T14:32:46Z,580492,Ligue 2,2026-08-21T18:00:00Z,USL Dunkerque,Montpellier,betfair_sb_uk,h2h,USL Dunkerque,home,home,,2.2,2026-08-21T14:32:31Z
2026-08-21T14:32:46Z,580492,Ligue 2,2026-08-21T18:00:00Z,USL Dunkerque,Montpellier,betfair_sb_uk,h2h,Draw,draw,draw,,3.4,2026-08-21T14:32:31Z
2026-08-21T14:32:46Z,580492,Ligue 2,2026-08-21T18:00:00Z,USL Dunkerque,Montpellier,boylesports,h2h,Montpellier,away,away,,2.88,2026-08-21T14:31:41Z
2026-08-21T14:32:46Z,580492,Ligue 2,2026-08-21T18:00:00Z,USL Dunkerque,Montpellier,boylesports,h2h,USL Dunkerque,home,home,,2.0,2026-08-21T14:31:41Z
2026-08-21T14:32:46Z,580492,Ligue 2,2026-08-21T18:00:00Z,USL Dunkerque,Montpellier,boylesports,h2h,Draw,draw,draw,,3.3,2026-08-21T14:31:41Z
2026-08-21T14:32:46Z,580492,Ligue 2,2026-08-21T18:00:00Z,USL Dunkerque,Montpellier,draftkings,h2h,Montpellier,away,away,,3.15,2026-08-21T14:32:31Z
2026-08-21T14:32:46Z,580492,Ligue 2,2026-08-21T18:00:00Z,USL Dunkerque,Montpellier,draftkings,h2h,USL Dunkerque,home,home,,2.2,2026-08-21T14:32:31Z
2026-08-21T14:32:46Z,580492,Ligue 2,2026-08-21T18:00:00Z,USL Dunkerque,Montpellier,draftkings,h2h,Draw,draw,draw,,3.5,2026-08-21T14:32:31Z
2026-08-21T14:32:46Z,580492,Ligue 2,2026-08-21T18:00:00Z,USL Dunkerque,Montpellier,tipico_de,h2h,Montpellier,away,away,,3.2,2026-08-21T14:32:05Z
2026-08-21T14:32:46Z,580492,Ligue 2,2026-08-21T18:00:00Z,USL Dunkerque,Montpellier,tipico_de,h2h,USL Dunkerque,home,home,,2.2,2026-08-21T14:32:05Z
2026-08-21T14:32:46Z,580492,Ligue 2,2026-08-21T18:00:00Z,USL Dunkerque,Montpellier,tipico_de,h2h,Draw,draw,draw,,3.1,2026-08-21T14:32:05Z
2026-08-21T14:32:46Z,580492,Ligue 2,2026-08-21T18:00:00Z,USL Dunkerque,Montpellier,tipico_de,totals,Over,over,over@2.5,2.50,1.67,2026-08-21T14:32:05Z
2026-08-21T14:32:46Z,580492,Ligue 2,2026-08-21T18:00:00Z,USL Dunkerque,Montpellier,tipico_de,totals,Under,under,under@2.5,2.50,2.05,2026-08-21T14:32:05Z
2026-08-21T14:32:46Z,580492,Ligue 2,2026-08-21T18:00:00Z,USL Dunkerque,Montpellier,bovada,h2h,Montpellier,away,away,,2.95,2026-08-21T14:31:42Z
2026-08-21T14:32:46Z,580492,Ligue 2,2026-08-21T18:00:00Z,USL Dunkerque,Montpellier,bovada,h2h,USL Dunkerque,home,home,,2.2,2026-08-21T14:31:42Z
2026-08-21T14:32:46Z,580492,Ligue 2,2026-08-21T18:00:00Z,USL Dunkerque,Montpellier,bovada,h2h,Draw,draw,draw,,3.4,2026-08-21T14:31:42Z
2026-08-21T14:32:46Z,580492,Ligue 2,2026-08-21T18:00:00Z,USL Dunkerque,Montpellier,bovada,spreads,Montpellier,away,away@0.25,0.25,1.87,2026-08-21T14:31:42Z
2026-08-21T14:32:46Z,580492,Ligue 2,2026-08-21T18:00:00Z,USL Dunkerque,Montpellier,bovada,spreads,USL Dunkerque,home,home@-0.25,-0.25,1.95,2026-08-21T14:31:42Z
2026-08-21T14:32:46Z,580492,Ligue 2,2026-08-21T18:00:00Z,USL Dunkerque,Montpellier,bovada,totals,Over,over,over@2.5,2.50,1.78,2026-08-21T14:31:42Z
2026-08-21T14:32:46Z,580492,Ligue 2,2026-08-21T18:00:00Z,USL Dunkerque,Montpellier,bovada,totals,Under,under,under@2.5,2.50,2.08,2026-08-21T14:31:42Z
2026-08-21T14:32:46Z,580492,Ligue 2,2026-08-21T18:00:00Z,USL Dunkerque,Montpellier,ladbrokes_uk,h2h,Montpellier,away,away,,2.87,2026-08-21T14:32:31Z
2026-08-21T14:32:46Z,580492,Ligue 2,2026-08-21T18:00:00Z,USL Dunkerque,Montpellier,ladbrokes_uk,h2h,USL Dunkerque,home,home,,2.15,2026-08-21T14:32:31Z
2026-08-21T14:32:46Z,580492,Ligue 2,2026-08-21T18:00:00Z,USL Dunkerque,Montpellier,ladbrokes_uk,h2h,Draw,draw,draw,,3.25,2026-08-21T14:32:31Z
2026-08-21T14:32:46Z,580492,Ligue 2,2026-08-21T18:00:00Z,USL Dunkerque,Montpellier,coral,h2h,Montpellier,away,away,,2.87,2026-08-21T14:31:38Z
2026-08-21T14:32:46Z,580492,Ligue 2,2026-08-21T18:00:00Z,USL Dunkerque,Montpellier,coral,h2h,USL Dunkerque,home,home,,2.15,2026-08-21T14:31:38Z
2026-08-21T14:32:46Z,580492,Ligue 2,2026-08-21T18:00:00Z,USL Dunkerque,Montpellier,coral,h2h,Draw,draw,draw,,3.25,2026-08-21T14:31:38Z
2026-08-21T14:32:46Z,580492,Ligue 2,2026-08-21T18:00:00Z,USL Dunkerque,Montpellier,betmgm,h2h,Montpellier,away,away,,3.0,2026-08-21T14:32:31Z
2026-08-21T14:32:46Z,580492,Ligue 2,2026-08-21T18:00:00Z,USL Dunkerque,Montpellier,betmgm,h2h,USL Dunkerque,home,home,,2.25,2026-08-21T14:32:31Z
2026-08-21T14:32:46Z,580492,Ligue 2,2026-08-21T18:00:00Z,USL Dunkerque,Montpellier,betmgm,h2h,Draw,draw,draw,,3.4,2026-08-21T14:32:31Z
2026-08-21T14:32:46Z,580492,Ligue 2,2026-08-21T18:00:00Z,USL Dunkerque,Montpellier,betmgm,totals,Over,over,over@2.5,2.50,1.71,2026-08-21T14:32:31Z
2026-08-21T14:32:46Z,580492,Ligue 2,2026-08-21T18:00:00Z,USL Dunkerque,Montpellier,betmgm,totals,Under,under,under@2.5,2.50,1.98,2026-08-21T14:32:31Z
2026-08-21T14:32:46Z,580492,Ligue 2,2026-08-21T18:00:00Z,USL Dunkerque,Montpellier,suprabets,h2h,Montpellier,away,away,,3.0,2026-08-21T14:30:49Z
2026-08-21T14:32:46Z,580492,Ligue 2,2026-08-21T18:00:00Z,USL Dunkerque,Montpellier,suprabets,h2h,USL Dunkerque,home,home,,2.15,2026-08-21T14:30:49Z
2026-08-21T14:32:46Z,580492,Ligue 2,2026-08-21T18:00:00Z,USL Dunkerque,Montpellier,suprabets,h2h,Draw,draw,draw,,3.32,2026-08-21T14:30:49Z
2026-08-21T14:32:46Z,580492,Ligue 2,2026-08-21T18:00:00Z,USL Dunkerque,Montpellier,betonlineag,h2h,Montpellier,away,away,,3.2,2026-08-21T14:32:31Z
2026-08-21T14:32:46Z,580492,Ligue 2,2026-08-21T18:00:00Z,USL Dunkerque,Montpellier,betonlineag,h2h,USL Dunkerque,home,home,,2.2,2026-08-21T14:32:31Z
2026-08-21T14:32:46Z,580492,Ligue 2,2026-08-21T18:00:00Z,USL Dunkerque,Montpellier,betonlineag,h2h,Draw,draw,draw,,3.4,2026-08-21T14:32:31Z
2026-08-21T14:32:46Z,580492,Ligue 2,2026-08-21T18:00:00Z,USL Dunkerque,Montpellier,betonlineag,spreads,Montpellier,away,away@0.25,0.25,1.87,2026-08-21T14:32:31Z
2026-08-21T14:32:46Z,580492,Ligue 2,2026-08-21T18:00:00Z,USL Dunkerque,Montpellier,betonlineag,spreads,USL Dunkerque,home,home@-0.25,-0.25,1.95,2026-08-21T14:32:31Z
2026-08-21T14:32:46Z,580492,Ligue 2,2026-08-21T18:00:00Z,USL Dunkerque,Montpellier,betonlineag,totals,Over,over,over@2.75,2.75,1.96,2026-08-21T14:32:31Z
2026-08-21T14:32:46Z,580492,Ligue 2,2026-08-21T18:00:00Z,USL Dunkerque,Montpellier,betonlineag,totals,Under,under,under@2.75,2.75,1.86,2026-08-21T14:32:31Z
2026-08-21T14:32:46Z,580492,Ligue 2,2026-08-21T18:00:00Z,USL Dunkerque,Montpellier,lowvig,h2h,Montpellier,away,away,,3.2,2026-08-21T14:31:17Z
2026-08-21T14:32:46Z,580492,Ligue 2,2026-08-21T18:00:00Z,USL Dunkerque,Montpellier,lowvig,h2h,USL Dunkerque,home,home,,2.2,2026-08-21T14:31:17Z
2026-08-21T14:32:46Z,580492,Ligue 2,2026-08-21T18:00:00Z,USL Dunkerque,Montpellier,lowvig,h2h,Draw,draw,draw,,3.4,2026-08-21T14:31:17Z
2026-08-21T14:32:46Z,580492,Ligue 2,2026-08-21T18:00:00Z,USL Dunkerque,Montpellier,lowvig,spreads,Montpellier,away,away@0.25,0.25,1.87,2026-08-21T14:31:17Z
2026-08-21T14:32:46Z,580492,Ligue 2,2026-08-21T18:00:00Z,USL Dunkerque,Montpellier,lowvig,spreads,USL Dunkerque,home,home@-0.25,-0.25,1.95,2026-08-21T14:31:17Z
2026-08-21T14:32:46Z,580492,Ligue 2,2026-08-21T18:00:00Z,USL Dunkerque,Montpellier,lowvig,totals,Over,over,over@2.75,2.75,1.96,2026-08-21T14:31:17Z
2026-08-21T14:32:46Z,580492,Ligue 2,2026-08-21T18:00:00Z,USL Dunkerque,Montpellier,lowvig,totals,Under,under,under@2.75,2.75,1.86,2026-08-21T14:31:17Z
2026-08-21T14:32:46Z,580492,Ligue 2,2026-08-21T18:00:00Z,USL Dunkerque,Montpellier,betway,h2h,Montpellier,away,away,,3.0,2026-08-21T14:32:54Z
2026-08-21T14:32:46Z,580492,Ligue 2,2026-08-21T18:00:00Z,USL Dunkerque,Montpellier,betway,h2h,USL Dunkerque,home,home,,2.2,2026-08-21T14:32:54Z
2026-08-21T14:32:46Z,580492,Ligue 2,2026-08-21T18:00:00Z,USL Dunkerque,Montpellier,betway,h2h,Draw,draw,draw,,3.5,2026-08-21T14:32:54Z
2026-08-21T14:32:46Z,580492,Ligue 2,2026-08-21T18:00:00Z,USL Dunkerque,Montpellier,betfair_ex_uk,h2h,Montpellier,away,away,,3.3,2026-08-21T14:32:54Z
2026-08-21T14:32:46Z,580492,Ligue 2,2026-08-21T18:00:00Z,USL Dunkerque,Montpellier,betfair_ex_uk,h2h,USL Dunkerque,home,home,,2.32,2026-08-21T14:32:54Z
2026-08-21T14:32:46Z,580492,Ligue 2,2026-08-21T18:00:00Z,USL Dunkerque,Montpellier,betfair_ex_uk,h2h,Draw,draw,draw,,3.6,2026-08-21T14:32:54Z
2026-08-21T14:32:46Z,580492,Ligue 2,2026-08-21T18:00:00Z,USL Dunkerque,Montpellier,betfair_ex_uk,h2h_lay,Montpellier,h2h_lay,h2h_lay,,3.35,2026-08-21T14:32:54Z
2026-08-21T14:32:46Z,580492,Ligue 2,2026-08-21T18:00:00Z,USL Dunkerque,Montpellier,betfair_ex_uk,h2h_lay,USL Dunkerque,h2h_lay,h2h_lay,,2.34,2026-08-21T14:32:54Z
2026-08-21T14:32:46Z,580492,Ligue 2,2026-08-21T18:00:00Z,USL Dunkerque,Montpellier,betfair_ex_uk,h2h_lay,Draw,h2h_lay,h2h_lay,,3.7,2026-08-21T14:32:54Z
2026-08-21T14:32:46Z,580492,Ligue 2,2026-08-21T18:00:00Z,USL Dunkerque,Montpellier,betfair_ex_eu,h2h,Montpellier,away,away,,3.3,2026-08-21T14:32:31Z
2026-08-21T14:32:46Z,580492,Ligue 2,2026-08-21T18:00:00Z,USL Dunkerque,Montpellier,betfair_ex_eu,h2h,USL Dunkerque,home,home,,2.32,2026-08-21T14:32:31Z
2026-08-21T14:32:46Z,580492,Ligue 2,2026-08-21T18:00:00Z,USL Dunkerque,Montpellier,betfair_ex_eu,h2h,Draw,draw,draw,,3.6,2026-08-21T14:32:31Z
2026-08-21T14:32:46Z,580492,Ligue 2,2026-08-21T18:00:00Z,USL Dunkerque,Montpellier,betfair_ex_eu,h2h_lay,Montpellier,h2h_lay,h2h_lay,,3.35,2026-08-21T14:32:31Z
2026-08-21T14:32:46Z,580492,Ligue 2,2026-08-21T18:00:00Z,USL Dunkerque,Montpellier,betfair_ex_eu,h2h_lay,USL Dunkerque,h2h_lay,h2h_lay,,2.34,2026-08-21T14:32:31Z
2026-08-21T14:32:46Z,580492,Ligue 2,2026-08-21T18:00:00Z,USL Dunkerque,Montpellier,betfair_ex_eu,h2h_lay,Draw,h2h_lay,h2h_lay,,3.7,2026-08-21T14:32:31Z
2026-08-21T14:32:46Z,580492,Ligue 2,2026-08-21T18:00:00Z,USL Dunkerque,Montpellier,coolbet,h2h,Montpellier,away,away,,3.0,2026-08-21T14:31:42Z
2026-08-21T14:32:46Z,580492,Ligue 2,2026-08-21T18:00:00Z,USL Dunkerque,Montpellier,coolbet,h2h,USL Dunkerque,home,home,,2.25,2026-08-21T14:31:42Z
2026-08-21T14:32:46Z,580492,Ligue 2,2026-08-21T18:00:00Z,USL Dunkerque,Montpellier,coolbet,h2h,Draw,draw,draw,,3.6,2026-08-21T14:31:42Z
2026-08-21T14:32:46Z,580492,Ligue 2,2026-08-21T18:00:00Z,USL Dunkerque,Montpellier,coolbet,spreads,Montpellier,away,away@1.0,1,1.3,2026-08-21T14:31:42Z
2026-08-21T14:32:46Z,580492,Ligue 2,2026-08-21T18:00:00Z,USL Dunkerque,Montpellier,coolbet,spreads,USL Dunkerque,home,home@-1.0,-1,3.44,2026-08-21T14:31:42Z
2026-08-21T14:32:46Z,580492,Ligue 2,2026-08-21T18:00:00Z,USL Dunkerque,Montpellier,coolbet,totals,Over,over,over@2.5,2.50,1.76,2026-08-21T14:31:42Z
2026-08-21T14:32:46Z,580492,Ligue 2,2026-08-21T18:00:00Z,USL Dunkerque,Montpellier,coolbet,totals,Under,under,under@2.5,2.50,2.03,2026-08-21T14:31:42Z
2026-08-21T14:32:46Z,580492,Ligue 2,2026-08-21T18:00:00Z,USL Dunkerque,Montpellier,virginbet,h2h,Montpellier,away,away,,2.8,2026-08-21T14:32:02Z
2026-08-21T14:32:46Z,580492,Ligue 2,2026-08-21T18:00:00Z,USL Dunkerque,Montpellier,virginbet,h2h,USL Dunkerque,home,home,,2.2,2026-08-21T14:32:02Z
2026-08-21T14:32:46Z,580492,Ligue 2,2026-08-21T18:00:00Z,USL Dunkerque,Montpellier,virginbet,h2h,Draw,draw,draw,,3.15,2026-08-21T14:32:02Z
2026-08-21T14:32:46Z,580492,Ligue 2,2026-08-21T18:00:00Z,USL Dunkerque,Montpellier,grosvenor,h2h,Montpellier,away,away,,2.85,2026-08-21T14:32:04Z
2026-08-21T14:32:46Z,580492,Ligue 2,2026-08-21T18:00:00Z,USL Dunkerque,Montpellier,grosvenor,h2h,USL Dunkerque,home,home,,2.25,2026-08-21T14:32:04Z
2026-08-21T14:32:46Z,580492,Ligue 2,2026-08-21T18:00:00Z,USL Dunkerque,Montpellier,grosvenor,h2h,Draw,draw,draw,,3.25,2026-08-21T14:32:04Z
2026-08-21T14:32:46Z,580492,Ligue 2,2026-08-21T18:00:00Z,USL Dunkerque,Montpellier,grosvenor,totals,Over,over,over@2.5,2.50,1.85,2026-08-21T14:32:04Z
2026-08-21T14:32:46Z,580492,Ligue 2,2026-08-21T18:00:00Z,USL Dunkerque,Montpellier,grosvenor,totals,Under,under,under@2.5,2.50,1.82,2026-08-21T14:32:04Z
2026-08-21T14:32:46Z,580492,Ligue 2,2026-08-21T18:00:00Z,USL Dunkerque,Montpellier,casumo,h2h,Montpellier,away,away,,2.85,2026-08-21T14:32:32Z
2026-08-21T14:32:46Z,580492,Ligue 2,2026-08-21T18:00:00Z,USL Dunkerque,Montpellier,casumo,h2h,USL Dunkerque,home,home,,2.25,2026-08-21T14:32:32Z
2026-08-21T14:32:46Z,580492,Ligue 2,2026-08-21T18:00:00Z,USL Dunkerque,Montpellier,casumo,h2h,Draw,draw,draw,,3.25,2026-08-21T14:32:32Z
2026-08-21T14:32:46Z,580492,Ligue 2,2026-08-21T18:00:00Z,USL Dunkerque,Montpellier,casumo,totals,Over,over,over@2.5,2.50,1.85,2026-08-21T14:32:32Z
2026-08-21T14:32:46Z,580492,Ligue 2,2026-08-21T18:00:00Z,USL Dunkerque,Montpellier,casumo,totals,Under,under,under@2.5,2.50,1.82,2026-08-21T14:32:32Z
2026-08-21T14:32:46Z,580492,Ligue 2,2026-08-21T18:00:00Z,USL Dunkerque,Montpellier,pmu_fr,h2h,Montpellier,away,away,,2.95,2026-08-21T14:32:03Z
2026-08-21T14:32:46Z,580492,Ligue 2,2026-08-21T18:00:00Z,USL Dunkerque,Montpellier,pmu_fr,h2h,USL Dunkerque,home,home,,2.33,2026-08-21T14:32:03Z
2026-08-21T14:32:46Z,580492,Ligue 2,2026-08-21T18:00:00Z,USL Dunkerque,Montpellier,pmu_fr,h2h,Draw,draw,draw,,3.35,2026-08-21T14:32:03Z
2026-08-21T14:32:46Z,580492,Ligue 2,2026-08-21T18:00:00Z,USL Dunkerque,Montpellier,pmu_fr,totals,Over,over,over@2.5,2.50,1.8,2026-08-21T14:32:03Z
2026-08-21T14:32:46Z,580492,Ligue 2,2026-08-21T18:00:00Z,USL Dunkerque,Montpellier,pmu_fr,totals,Under,under,under@2.5,2.50,1.76,2026-08-21T14:32:03Z
2026-08-21T14:32:46Z,580492,Ligue 2,2026-08-21T18:00:00Z,USL Dunkerque,Montpellier,unibet_nl,h2h,Montpellier,away,away,,2.85,2026-08-21T14:32:31Z
2026-08-21T14:32:46Z,580492,Ligue 2,2026-08-21T18:00:00Z,USL Dunkerque,Montpellier,unibet_nl,h2h,USL Dunkerque,home,home,,2.25,2026-08-21T14:32:31Z
2026-08-21T14:32:46Z,580492,Ligue 2,2026-08-21T18:00:00Z,USL Dunkerque,Montpellier,unibet_nl,h2h,Draw,draw,draw,,3.25,2026-08-21T14:32:31Z
2026-08-21T14:32:46Z,580492,Ligue 2,2026-08-21T18:00:00Z,USL Dunkerque,Montpellier,unibet_nl,totals,Over,over,over@2.5,2.50,1.85,2026-08-21T14:32:31Z
2026-08-21T14:32:46Z,580492,Ligue 2,2026-08-21T18:00:00Z,USL Dunkerque,Montpellier,unibet_nl,totals,Under,under,under@2.5,2.50,1.82,2026-08-21T14:32:31Z
2026-08-21T14:32:46Z,580492,Ligue 2,2026-08-21T18:00:00Z,USL Dunkerque,Montpellier,unibet_se,h2h,Montpellier,away,away,,2.85,2026-08-21T14:32:02Z
2026-08-21T14:32:46Z,580492,Ligue 2,2026-08-21T18:00:00Z,USL Dunkerque,Montpellier,unibet_se,h2h,USL Dunkerque,home,home,,2.25,2026-08-21T14:32:02Z
2026-08-21T14:32:46Z,580492,Ligue 2,2026-08-21T18:00:00Z,USL Dunkerque,Montpellier,unibet_se,h2h,Draw,draw,draw,,3.25,2026-08-21T14:32:02Z
2026-08-21T14:32:46Z,580492,Ligue 2,2026-08-21T18:00:00Z,USL Dunkerque,Montpellier,unibet_se,totals,Over,over,over@2.5,2.50,1.85,2026-08-21T14:32:02Z
2026-08-21T14:32:46Z,580492,Ligue 2,2026-08-21T18:00:00Z,USL Dunkerque,Montpellier,unibet_se,totals,Under,under,under@2.5,2.50,1.82,2026-08-21T14:32:02Z
2026-08-21T14:32:46Z,580492,Ligue 2,2026-08-21T18:00:00Z,USL Dunkerque,Montpellier,leovegas_se,h2h,Montpellier,away,away,,2.8,2026-08-21T14:32:03Z
2026-08-21T14:32:46Z,580492,Ligue 2,2026-08-21T18:00:00Z,USL Dunkerque,Montpellier,leovegas_se,h2h,USL Dunkerque,home,home,,2.2,2026-08-21T14:32:03Z
2026-08-21T14:32:46Z,580492,Ligue 2,2026-08-21T18:00:00Z,USL Dunkerque,Montpellier,leovegas_se,h2h,Draw,draw,draw,,3.15,2026-08-21T14:32:03Z
2026-08-21T14:32:46Z,580492,Ligue 2,2026-08-21T18:00:00Z,USL Dunkerque,Montpellier,leovegas_se,totals,Over,over,over@2.5,2.50,1.85,2026-08-21T14:32:03Z
2026-08-21T14:32:46Z,580492,Ligue 2,2026-08-21T18:00:00Z,USL Dunkerque,Montpellier,leovegas_se,totals,Under,under,under@2.5,2.50,1.82,2026-08-21T14:32:03Z
2026-08-21T14:32:46Z,580492,Ligue 2,2026-08-21T18:00:00Z,USL Dunkerque,Montpellier,livescorebet,h2h,Montpellier,away,away,,2.8,2026-08-21T14:32:33Z
2026-08-21T14:32:46Z,580492,Ligue 2,2026-08-21T18:00:00Z,USL Dunkerque,Montpellier,livescorebet,h2h,USL Dunkerque,home,home,,2.2,2026-08-21T14:32:33Z
2026-08-21T14:32:46Z,580492,Ligue 2,2026-08-21T18:00:00Z,USL Dunkerque,Montpellier,livescorebet,h2h,Draw,draw,draw,,3.15,2026-08-21T14:32:33Z
2026-08-21T14:32:46Z,580492,Ligue 2,2026-08-21T18:00:00Z,USL Dunkerque,Montpellier,betrivers,h2h,Montpellier,away,away,,2.8,2026-08-21T14:32:30Z
2026-08-21T14:32:46Z,580492,Ligue 2,2026-08-21T18:00:00Z,USL Dunkerque,Montpellier,betrivers,h2h,USL Dunkerque,home,home,,2.23,2026-08-21T14:32:30Z
2026-08-21T14:32:46Z,580492,Ligue 2,2026-08-21T18:00:00Z,USL Dunkerque,Montpellier,betrivers,h2h,Draw,draw,draw,,3.15,2026-08-21T14:32:30Z
2026-08-21T14:32:46Z,580492,Ligue 2,2026-08-21T18:00:00Z,USL Dunkerque,Montpellier,betrivers,totals,Over,over,over@2.5,2.50,1.85,2026-08-21T14:32:30Z
2026-08-21T14:32:46Z,580492,Ligue 2,2026-08-21T18:00:00Z,USL Dunkerque,Montpellier,betrivers,totals,Under,under,under@2.5,2.50,1.82,2026-08-21T14:32:30Z
2026-08-21T14:32:46Z,580492,Ligue 2,2026-08-21T18:00:00Z,USL Dunkerque,Montpellier,matchbook,h2h,Montpellier,away,away,,3.3,2026-08-21T14:32:31Z
2026-08-21T14:32:46Z,580492,Ligue 2,2026-08-21T18:00:00Z,USL Dunkerque,Montpellier,matchbook,h2h,USL Dunkerque,home,home,,2.32,2026-08-21T14:32:31Z
2026-08-21T14:32:46Z,580492,Ligue 2,2026-08-21T18:00:00Z,USL Dunkerque,Montpellier,matchbook,h2h,Draw,draw,draw,,3.6,2026-08-21T14:32:31Z
2026-08-21T14:32:46Z,580492,Ligue 2,2026-08-21T18:00:00Z,USL Dunkerque,Montpellier,matchbook,h2h_lay,Montpellier,h2h_lay,h2h_lay,,3.35,2026-08-21T14:32:31Z
2026-08-21T14:32:46Z,580492,Ligue 2,2026-08-21T18:00:00Z,USL Dunkerque,Montpellier,matchbook,h2h_lay,USL Dunkerque,h2h_lay,h2h_lay,,2.34,2026-08-21T14:32:31Z
2026-08-21T14:32:46Z,580492,Ligue 2,2026-08-21T18:00:00Z,USL Dunkerque,Montpellier,matchbook,h2h_lay,Draw,h2h_lay,h2h_lay,,3.7,2026-08-21T14:32:31Z
2026-08-21T14:32:46Z,580492,Ligue 2,2026-08-21T18:00:00Z,USL Dunkerque,Montpellier,matchbook,spreads,Montpellier,away,away@0.25,0.25,1.91,2026-08-21T14:32:31Z
2026-08-21T14:32:46Z,580492,Ligue 2,2026-08-21T18:00:00Z,USL Dunkerque,Montpellier,matchbook,spreads,USL Dunkerque,home,home@-0.25,-0.25,1.96,2026-08-21T14:32:31Z
2026-08-21T14:32:46Z,580492,Ligue 2,2026-08-21T18:00:00Z,USL Dunkerque,Montpellier,matchbook,totals,Over,over,over@2.5,2.50,1.84,2026-08-21T14:32:31Z
2026-08-21T14:32:46Z,580492,Ligue 2,2026-08-21T18:00:00Z,USL Dunkerque,Montpellier,matchbook,totals,Under,under,under@2.5,2.50,2.18,2026-08-21T14:32:31Z
2026-08-21T14:32:46Z,580492,Ligue 2,2026-08-21T18:00:00Z,USL Dunkerque,Montpellier,betus,h2h,Montpellier,away,away,,3.05,2026-08-21T14:32:31Z
2026-08-21T14:32:46Z,580492,Ligue 2,2026-08-21T18:00:00Z,USL Dunkerque,Montpellier,betus,h2h,USL Dunkerque,home,home,,2.2,2026-08-21T14:32:31Z
2026-08-21T14:32:46Z,580492,Ligue 2,2026-08-21T18:00:00Z,USL Dunkerque,Montpellier,betus,h2h,Draw,draw,draw,,3.4,2026-08-21T14:32:31Z
2026-08-21T14:32:46Z,580492,Ligue 2,2026-08-21T18:00:00Z,USL Dunkerque,Montpellier,betus,totals,Over,over,over@2.5,2.50,1.74,2026-08-21T14:32:31Z
2026-08-21T14:32:46Z,580492,Ligue 2,2026-08-21T18:00:00Z,USL Dunkerque,Montpellier,betus,totals,Under,under,under@2.5,2.50,2.05,2026-08-21T14:32:31Z
